ISO-10303-21;
HEADER;
/* Generated by software containing ST-Developer
 * from STEP Tools, Inc. (www.steptools.com) 
 */

FILE_DESCRIPTION(
/* description */ (''),
/* implementation_level */ '2;1');

FILE_NAME(
/* name */ 
'S:\\Future Scope 1\\WIP\\Client Category\\Tom\\02 Progressive Work\\M
ain Piller And Support.stp',
/* time_stamp */ '2025-11-05T12:14:13+06:00',
/* author */ ('SD'),
/* organization */ (''),
/* preprocessor_version */ 'ST-DEVELOPER v18.1',
/* originating_system */ 'Autodesk Inventor 2021',
/* authorisation */ '');

FILE_SCHEMA (('AUTOMOTIVE_DESIGN { 1 0 10303 214 3 1 1 }'));
ENDSEC;

DATA;
#10=MECHANICAL_DESIGN_GEOMETRIC_PRESENTATION_REPRESENTATION('',(#298,#299,
#300,#301,#302,#303,#304,#305,#306,#307,#308,#309,#310,#311,#312,#313,#314,
#315,#316,#317,#318,#319,#320,#321,#322),#12503);
#11=ITEM_DEFINED_TRANSFORMATION($,$,#7251,#8045);
#12=ITEM_DEFINED_TRANSFORMATION($,$,#7295,#8046);
#13=ITEM_DEFINED_TRANSFORMATION($,$,#7321,#8047);
#14=ITEM_DEFINED_TRANSFORMATION($,$,#7321,#8048);
#15=ITEM_DEFINED_TRANSFORMATION($,$,#7346,#8049);
#16=ITEM_DEFINED_TRANSFORMATION($,$,#7346,#8050);
#17=ITEM_DEFINED_TRANSFORMATION($,$,#7374,#8051);
#18=ITEM_DEFINED_TRANSFORMATION($,$,#7401,#8052);
#19=ITEM_DEFINED_TRANSFORMATION($,$,#7422,#8053);
#20=ITEM_DEFINED_TRANSFORMATION($,$,#7477,#8054);
#21=ITEM_DEFINED_TRANSFORMATION($,$,#7506,#8055);
#22=ITEM_DEFINED_TRANSFORMATION($,$,#7539,#8056);
#23=ITEM_DEFINED_TRANSFORMATION($,$,#7558,#8057);
#24=ITEM_DEFINED_TRANSFORMATION($,$,#7374,#8058);
#25=ITEM_DEFINED_TRANSFORMATION($,$,#7401,#8059);
#26=ITEM_DEFINED_TRANSFORMATION($,$,#7422,#8060);
#27=ITEM_DEFINED_TRANSFORMATION($,$,#7477,#8061);
#28=ITEM_DEFINED_TRANSFORMATION($,$,#7506,#8062);
#29=ITEM_DEFINED_TRANSFORMATION($,$,#7539,#8063);
#30=ITEM_DEFINED_TRANSFORMATION($,$,#7558,#8064);
#31=ITEM_DEFINED_TRANSFORMATION($,$,#7586,#8065);
#32=ITEM_DEFINED_TRANSFORMATION($,$,#7653,#8066);
#33=ITEM_DEFINED_TRANSFORMATION($,$,#7713,#8067);
#34=ITEM_DEFINED_TRANSFORMATION($,$,#8024,#8068);
#35=ITEM_DEFINED_TRANSFORMATION($,$,#7741,#8069);
#36=ITEM_DEFINED_TRANSFORMATION($,$,#7741,#8070);
#37=ITEM_DEFINED_TRANSFORMATION($,$,#7804,#8071);
#38=ITEM_DEFINED_TRANSFORMATION($,$,#7845,#8072);
#39=ITEM_DEFINED_TRANSFORMATION($,$,#7845,#8073);
#40=ITEM_DEFINED_TRANSFORMATION($,$,#7870,#8074);
#41=ITEM_DEFINED_TRANSFORMATION($,$,#7898,#8075);
#42=ITEM_DEFINED_TRANSFORMATION($,$,#7907,#8076);
#43=ITEM_DEFINED_TRANSFORMATION($,$,#7932,#8077);
#44=ITEM_DEFINED_TRANSFORMATION($,$,#7951,#8078);
#45=ITEM_DEFINED_TRANSFORMATION($,$,#7951,#8079);
#46=ITEM_DEFINED_TRANSFORMATION($,$,#7960,#8080);
#47=ITEM_DEFINED_TRANSFORMATION($,$,#7988,#8081);
#48=ITEM_DEFINED_TRANSFORMATION($,$,#8024,#8082);
#49=(
REPRESENTATION_RELATIONSHIP($,$,#12599,#12598)
REPRESENTATION_RELATIONSHIP_WITH_TRANSFORMATION(#11)
SHAPE_REPRESENTATION_RELATIONSHIP()
);
#50=(
REPRESENTATION_RELATIONSHIP($,$,#12600,#12598)
REPRESENTATION_RELATIONSHIP_WITH_TRANSFORMATION(#12)
SHAPE_REPRESENTATION_RELATIONSHIP()
);
#51=(
REPRESENTATION_RELATIONSHIP($,$,#12601,#12598)
REPRESENTATION_RELATIONSHIP_WITH_TRANSFORMATION(#13)
SHAPE_REPRESENTATION_RELATIONSHIP()
);
#52=(
REPRESENTATION_RELATIONSHIP($,$,#12601,#12598)
REPRESENTATION_RELATIONSHIP_WITH_TRANSFORMATION(#14)
SHAPE_REPRESENTATION_RELATIONSHIP()
);
#53=(
REPRESENTATION_RELATIONSHIP($,$,#12602,#12598)
REPRESENTATION_RELATIONSHIP_WITH_TRANSFORMATION(#15)
SHAPE_REPRESENTATION_RELATIONSHIP()
);
#54=(
REPRESENTATION_RELATIONSHIP($,$,#12602,#12598)
REPRESENTATION_RELATIONSHIP_WITH_TRANSFORMATION(#16)
SHAPE_REPRESENTATION_RELATIONSHIP()
);
#55=(
REPRESENTATION_RELATIONSHIP($,$,#12603,#12598)
REPRESENTATION_RELATIONSHIP_WITH_TRANSFORMATION(#17)
SHAPE_REPRESENTATION_RELATIONSHIP()
);
#56=(
REPRESENTATION_RELATIONSHIP($,$,#12604,#12598)
REPRESENTATION_RELATIONSHIP_WITH_TRANSFORMATION(#18)
SHAPE_REPRESENTATION_RELATIONSHIP()
);
#57=(
REPRESENTATION_RELATIONSHIP($,$,#12605,#12598)
REPRESENTATION_RELATIONSHIP_WITH_TRANSFORMATION(#19)
SHAPE_REPRESENTATION_RELATIONSHIP()
);
#58=(
REPRESENTATION_RELATIONSHIP($,$,#12606,#12598)
REPRESENTATION_RELATIONSHIP_WITH_TRANSFORMATION(#20)
SHAPE_REPRESENTATION_RELATIONSHIP()
);
#59=(
REPRESENTATION_RELATIONSHIP($,$,#12607,#12598)
REPRESENTATION_RELATIONSHIP_WITH_TRANSFORMATION(#21)
SHAPE_REPRESENTATION_RELATIONSHIP()
);
#60=(
REPRESENTATION_RELATIONSHIP($,$,#12608,#12598)
REPRESENTATION_RELATIONSHIP_WITH_TRANSFORMATION(#22)
SHAPE_REPRESENTATION_RELATIONSHIP()
);
#61=(
REPRESENTATION_RELATIONSHIP($,$,#12609,#12598)
REPRESENTATION_RELATIONSHIP_WITH_TRANSFORMATION(#23)
SHAPE_REPRESENTATION_RELATIONSHIP()
);
#62=(
REPRESENTATION_RELATIONSHIP($,$,#12603,#12598)
REPRESENTATION_RELATIONSHIP_WITH_TRANSFORMATION(#24)
SHAPE_REPRESENTATION_RELATIONSHIP()
);
#63=(
REPRESENTATION_RELATIONSHIP($,$,#12604,#12598)
REPRESENTATION_RELATIONSHIP_WITH_TRANSFORMATION(#25)
SHAPE_REPRESENTATION_RELATIONSHIP()
);
#64=(
REPRESENTATION_RELATIONSHIP($,$,#12605,#12598)
REPRESENTATION_RELATIONSHIP_WITH_TRANSFORMATION(#26)
SHAPE_REPRESENTATION_RELATIONSHIP()
);
#65=(
REPRESENTATION_RELATIONSHIP($,$,#12606,#12598)
REPRESENTATION_RELATIONSHIP_WITH_TRANSFORMATION(#27)
SHAPE_REPRESENTATION_RELATIONSHIP()
);
#66=(
REPRESENTATION_RELATIONSHIP($,$,#12607,#12598)
REPRESENTATION_RELATIONSHIP_WITH_TRANSFORMATION(#28)
SHAPE_REPRESENTATION_RELATIONSHIP()
);
#67=(
REPRESENTATION_RELATIONSHIP($,$,#12608,#12598)
REPRESENTATION_RELATIONSHIP_WITH_TRANSFORMATION(#29)
SHAPE_REPRESENTATION_RELATIONSHIP()
);
#68=(
REPRESENTATION_RELATIONSHIP($,$,#12609,#12598)
REPRESENTATION_RELATIONSHIP_WITH_TRANSFORMATION(#30)
SHAPE_REPRESENTATION_RELATIONSHIP()
);
#69=(
REPRESENTATION_RELATIONSHIP($,$,#12610,#12598)
REPRESENTATION_RELATIONSHIP_WITH_TRANSFORMATION(#31)
SHAPE_REPRESENTATION_RELATIONSHIP()
);
#70=(
REPRESENTATION_RELATIONSHIP($,$,#12611,#12598)
REPRESENTATION_RELATIONSHIP_WITH_TRANSFORMATION(#32)
SHAPE_REPRESENTATION_RELATIONSHIP()
);
#71=(
REPRESENTATION_RELATIONSHIP($,$,#12612,#12598)
REPRESENTATION_RELATIONSHIP_WITH_TRANSFORMATION(#33)
SHAPE_REPRESENTATION_RELATIONSHIP()
);
#72=(
REPRESENTATION_RELATIONSHIP($,$,#12623,#12598)
REPRESENTATION_RELATIONSHIP_WITH_TRANSFORMATION(#34)
SHAPE_REPRESENTATION_RELATIONSHIP()
);
#73=(
REPRESENTATION_RELATIONSHIP($,$,#12613,#12598)
REPRESENTATION_RELATIONSHIP_WITH_TRANSFORMATION(#35)
SHAPE_REPRESENTATION_RELATIONSHIP()
);
#74=(
REPRESENTATION_RELATIONSHIP($,$,#12613,#12598)
REPRESENTATION_RELATIONSHIP_WITH_TRANSFORMATION(#36)
SHAPE_REPRESENTATION_RELATIONSHIP()
);
#75=(
REPRESENTATION_RELATIONSHIP($,$,#12614,#12598)
REPRESENTATION_RELATIONSHIP_WITH_TRANSFORMATION(#37)
SHAPE_REPRESENTATION_RELATIONSHIP()
);
#76=(
REPRESENTATION_RELATIONSHIP($,$,#12615,#12598)
REPRESENTATION_RELATIONSHIP_WITH_TRANSFORMATION(#38)
SHAPE_REPRESENTATION_RELATIONSHIP()
);
#77=(
REPRESENTATION_RELATIONSHIP($,$,#12615,#12598)
REPRESENTATION_RELATIONSHIP_WITH_TRANSFORMATION(#39)
SHAPE_REPRESENTATION_RELATIONSHIP()
);
#78=(
REPRESENTATION_RELATIONSHIP($,$,#12616,#12598)
REPRESENTATION_RELATIONSHIP_WITH_TRANSFORMATION(#40)
SHAPE_REPRESENTATION_RELATIONSHIP()
);
#79=(
REPRESENTATION_RELATIONSHIP($,$,#12617,#12598)
REPRESENTATION_RELATIONSHIP_WITH_TRANSFORMATION(#41)
SHAPE_REPRESENTATION_RELATIONSHIP()
);
#80=(
REPRESENTATION_RELATIONSHIP($,$,#12618,#12598)
REPRESENTATION_RELATIONSHIP_WITH_TRANSFORMATION(#42)
SHAPE_REPRESENTATION_RELATIONSHIP()
);
#81=(
REPRESENTATION_RELATIONSHIP($,$,#12619,#12598)
REPRESENTATION_RELATIONSHIP_WITH_TRANSFORMATION(#43)
SHAPE_REPRESENTATION_RELATIONSHIP()
);
#82=(
REPRESENTATION_RELATIONSHIP($,$,#12620,#12598)
REPRESENTATION_RELATIONSHIP_WITH_TRANSFORMATION(#44)
SHAPE_REPRESENTATION_RELATIONSHIP()
);
#83=(
REPRESENTATION_RELATIONSHIP($,$,#12620,#12598)
REPRESENTATION_RELATIONSHIP_WITH_TRANSFORMATION(#45)
SHAPE_REPRESENTATION_RELATIONSHIP()
);
#84=(
REPRESENTATION_RELATIONSHIP($,$,#12621,#12598)
REPRESENTATION_RELATIONSHIP_WITH_TRANSFORMATION(#46)
SHAPE_REPRESENTATION_RELATIONSHIP()
);
#85=(
REPRESENTATION_RELATIONSHIP($,$,#12622,#12598)
REPRESENTATION_RELATIONSHIP_WITH_TRANSFORMATION(#47)
SHAPE_REPRESENTATION_RELATIONSHIP()
);
#86=(
REPRESENTATION_RELATIONSHIP($,$,#12623,#12598)
REPRESENTATION_RELATIONSHIP_WITH_TRANSFORMATION(#48)
SHAPE_REPRESENTATION_RELATIONSHIP()
);
#87=CONTEXT_DEPENDENT_SHAPE_REPRESENTATION(#49,#12560);
#88=CONTEXT_DEPENDENT_SHAPE_REPRESENTATION(#50,#12561);
#89=CONTEXT_DEPENDENT_SHAPE_REPRESENTATION(#51,#12562);
#90=CONTEXT_DEPENDENT_SHAPE_REPRESENTATION(#52,#12563);
#91=CONTEXT_DEPENDENT_SHAPE_REPRESENTATION(#53,#12564);
#92=CONTEXT_DEPENDENT_SHAPE_REPRESENTATION(#54,#12565);
#93=CONTEXT_DEPENDENT_SHAPE_REPRESENTATION(#55,#12566);
#94=CONTEXT_DEPENDENT_SHAPE_REPRESENTATION(#56,#12567);
#95=CONTEXT_DEPENDENT_SHAPE_REPRESENTATION(#57,#12568);
#96=CONTEXT_DEPENDENT_SHAPE_REPRESENTATION(#58,#12569);
#97=CONTEXT_DEPENDENT_SHAPE_REPRESENTATION(#59,#12570);
#98=CONTEXT_DEPENDENT_SHAPE_REPRESENTATION(#60,#12571);
#99=CONTEXT_DEPENDENT_SHAPE_REPRESENTATION(#61,#12572);
#100=CONTEXT_DEPENDENT_SHAPE_REPRESENTATION(#62,#12573);
#101=CONTEXT_DEPENDENT_SHAPE_REPRESENTATION(#63,#12574);
#102=CONTEXT_DEPENDENT_SHAPE_REPRESENTATION(#64,#12575);
#103=CONTEXT_DEPENDENT_SHAPE_REPRESENTATION(#65,#12576);
#104=CONTEXT_DEPENDENT_SHAPE_REPRESENTATION(#66,#12577);
#105=CONTEXT_DEPENDENT_SHAPE_REPRESENTATION(#67,#12578);
#106=CONTEXT_DEPENDENT_SHAPE_REPRESENTATION(#68,#12579);
#107=CONTEXT_DEPENDENT_SHAPE_REPRESENTATION(#69,#12580);
#108=CONTEXT_DEPENDENT_SHAPE_REPRESENTATION(#70,#12581);
#109=CONTEXT_DEPENDENT_SHAPE_REPRESENTATION(#71,#12582);
#110=CONTEXT_DEPENDENT_SHAPE_REPRESENTATION(#72,#12583);
#111=CONTEXT_DEPENDENT_SHAPE_REPRESENTATION(#73,#12584);
#112=CONTEXT_DEPENDENT_SHAPE_REPRESENTATION(#74,#12585);
#113=CONTEXT_DEPENDENT_SHAPE_REPRESENTATION(#75,#12586);
#114=CONTEXT_DEPENDENT_SHAPE_REPRESENTATION(#76,#12587);
#115=CONTEXT_DEPENDENT_SHAPE_REPRESENTATION(#77,#12588);
#116=CONTEXT_DEPENDENT_SHAPE_REPRESENTATION(#78,#12589);
#117=CONTEXT_DEPENDENT_SHAPE_REPRESENTATION(#79,#12590);
#118=CONTEXT_DEPENDENT_SHAPE_REPRESENTATION(#80,#12591);
#119=CONTEXT_DEPENDENT_SHAPE_REPRESENTATION(#81,#12592);
#120=CONTEXT_DEPENDENT_SHAPE_REPRESENTATION(#82,#12593);
#121=CONTEXT_DEPENDENT_SHAPE_REPRESENTATION(#83,#12594);
#122=CONTEXT_DEPENDENT_SHAPE_REPRESENTATION(#84,#12595);
#123=CONTEXT_DEPENDENT_SHAPE_REPRESENTATION(#85,#12596);
#124=CONTEXT_DEPENDENT_SHAPE_REPRESENTATION(#86,#12597);
#125=NEXT_ASSEMBLY_USAGE_OCCURRENCE('Main Piller:1','Main Piller:1',
'Main Piller:1',#12625,#12626,'Main Piller:1');
#126=NEXT_ASSEMBLY_USAGE_OCCURRENCE('Support Beam:1','Support Beam:1',
'Support Beam:1',#12625,#12627,'Support Beam:1');
#127=NEXT_ASSEMBLY_USAGE_OCCURRENCE('CSK Allen Key 6x25mm:1',
'CSK Allen Key 6x25mm:1','CSK Allen Key 6x25mm:1',#12625,#12628,
'CSK Allen Key 6x25mm:1');
#128=NEXT_ASSEMBLY_USAGE_OCCURRENCE('CSK Allen Key 6x25mm:2',
'CSK Allen Key 6x25mm:2','CSK Allen Key 6x25mm:2',#12625,#12628,
'CSK Allen Key 6x25mm:2');
#129=NEXT_ASSEMBLY_USAGE_OCCURRENCE('Allen Key 8x25mm:1',
'Allen Key 8x25mm:1','Allen Key 8x25mm:1',#12625,#12629,
'Allen Key 8x25mm:1');
#130=NEXT_ASSEMBLY_USAGE_OCCURRENCE('Allen Key 8x25mm:2',
'Allen Key 8x25mm:2','Allen Key 8x25mm:2',#12625,#12629,
'Allen Key 8x25mm:2');
#131=NEXT_ASSEMBLY_USAGE_OCCURRENCE('Pully Shaft:1','Pully Shaft:1',
'Pully Shaft:1',#12625,#12630,'Pully Shaft:1');
#132=NEXT_ASSEMBLY_USAGE_OCCURRENCE('M10 Hex Nut:1','M10 Hex Nut:1',
'M10 Hex Nut:1',#12625,#12631,'M10 Hex Nut:1');
#133=NEXT_ASSEMBLY_USAGE_OCCURRENCE('Pully:1','Pully:1','Pully:1',#12625,
#12632,'Pully:1');
#134=NEXT_ASSEMBLY_USAGE_OCCURRENCE('19mm Circlips:1','19mm Circlips:1',
'19mm Circlips:1',#12625,#12633,'19mm Circlips:1');
#135=NEXT_ASSEMBLY_USAGE_OCCURRENCE('61800 Bearing:1','61800 Bearing:1',
'61800 Bearing:1',#12625,#12634,'61800 Bearing:1');
#136=NEXT_ASSEMBLY_USAGE_OCCURRENCE('6mm Washer:1','6mm Washer:1',
'6mm Washer:1',#12625,#12635,'6mm Washer:1');
#137=NEXT_ASSEMBLY_USAGE_OCCURRENCE('Allen Key M6 x 12:1',
'Allen Key M6 x 12:1','Allen Key M6 x 12:1',#12625,#12636,
'Allen Key M6 x 12:1');
#138=NEXT_ASSEMBLY_USAGE_OCCURRENCE('Pully Shaft:2','Pully Shaft:2',
'Pully Shaft:2',#12625,#12630,'Pully Shaft:2');
#139=NEXT_ASSEMBLY_USAGE_OCCURRENCE('M10 Hex Nut:2','M10 Hex Nut:2',
'M10 Hex Nut:2',#12625,#12631,'M10 Hex Nut:2');
#140=NEXT_ASSEMBLY_USAGE_OCCURRENCE('Pully:2','Pully:2','Pully:2',#12625,
#12632,'Pully:2');
#141=NEXT_ASSEMBLY_USAGE_OCCURRENCE('19mm Circlips:2','19mm Circlips:2',
'19mm Circlips:2',#12625,#12633,'19mm Circlips:2');
#142=NEXT_ASSEMBLY_USAGE_OCCURRENCE('61800 Bearing:2','61800 Bearing:2',
'61800 Bearing:2',#12625,#12634,'61800 Bearing:2');
#143=NEXT_ASSEMBLY_USAGE_OCCURRENCE('6mm Washer:2','6mm Washer:2',
'6mm Washer:2',#12625,#12635,'6mm Washer:2');
#144=NEXT_ASSEMBLY_USAGE_OCCURRENCE('Allen Key M6 x 12:2',
'Allen Key M6 x 12:2','Allen Key M6 x 12:2',#12625,#12636,
'Allen Key M6 x 12:2');
#145=NEXT_ASSEMBLY_USAGE_OCCURRENCE('Ball Track:1','Ball Track:1',
'Ball Track:1',#12625,#12637,'Ball Track:1');
#146=NEXT_ASSEMBLY_USAGE_OCCURRENCE('Ball Track Mounting Plate:1',
'Ball Track Mounting Plate:1','Ball Track Mounting Plate:1',#12625,#12638,
'Ball Track Mounting Plate:1');
#147=NEXT_ASSEMBLY_USAGE_OCCURRENCE('Ball Track Support:1',
'Ball Track Support:1','Ball Track Support:1',#12625,#12639,
'Ball Track Support:1');
#148=NEXT_ASSEMBLY_USAGE_OCCURRENCE('Brass M3 Hex Nut:1',
'Brass M3 Hex Nut:1','Brass M3 Hex Nut:1',#12625,#12650,
'Brass M3 Hex Nut:1');
#149=NEXT_ASSEMBLY_USAGE_OCCURRENCE('3mm E Clip:1','3mm E Clip:1',
'3mm E Clip:1',#12625,#12640,'3mm E Clip:1');
#150=NEXT_ASSEMBLY_USAGE_OCCURRENCE('3mm E Clip:2','3mm E Clip:2',
'3mm E Clip:2',#12625,#12640,'3mm E Clip:2');
#151=NEXT_ASSEMBLY_USAGE_OCCURRENCE('Platform:1','Platform:1',
'Platform:1',#12625,#12641,'Platform:1');
#152=NEXT_ASSEMBLY_USAGE_OCCURRENCE('CSK Allen Key 3x8mm:1',
'CSK Allen Key 3x8mm:1','CSK Allen Key 3x8mm:1',#12625,#12642,
'CSK Allen Key 3x8mm:1');
#153=NEXT_ASSEMBLY_USAGE_OCCURRENCE('CSK Allen Key 3x8mm:2',
'CSK Allen Key 3x8mm:2','CSK Allen Key 3x8mm:2',#12625,#12642,
'CSK Allen Key 3x8mm:2');
#154=NEXT_ASSEMBLY_USAGE_OCCURRENCE('ISO 4762 M3 x 5:1',
'ISO 4762 M3 x 5:1','ISO 4762 M3 x 5:1',#12625,#12643,
'ISO 4762 M3 x 5:1');
#155=NEXT_ASSEMBLY_USAGE_OCCURRENCE('Ball:1','Ball:1','Ball:1',#12625,#12644,
'Ball:1');
#156=NEXT_ASSEMBLY_USAGE_OCCURRENCE('Ball Track Rest Pin:1',
'Ball Track Rest Pin:1','Ball Track Rest Pin:1',#12625,#12645,
'Ball Track Rest Pin:1');
#157=NEXT_ASSEMBLY_USAGE_OCCURRENCE('ISO 4026 M3 x 3:1',
'ISO 4026 M3 x 3:1','ISO 4026 M3 x 3:1',#12625,#12646,
'ISO 4026 M3 x 3:1');
#158=NEXT_ASSEMBLY_USAGE_OCCURRENCE('ISO 7089 8:1','ISO 7089 8:1',
'ISO 7089 8:1',#12625,#12647,'ISO 7089 8:1');
#159=NEXT_ASSEMBLY_USAGE_OCCURRENCE('ISO 7089 8:2','ISO 7089 8:2',
'ISO 7089 8:2',#12625,#12647,'ISO 7089 8:2');
#160=NEXT_ASSEMBLY_USAGE_OCCURRENCE('ISO 4762 M3 x 10:1',
'ISO 4762 M3 x 10:1','ISO 4762 M3 x 10:1',#12625,#12648,
'ISO 4762 M3 x 10:1');
#161=NEXT_ASSEMBLY_USAGE_OCCURRENCE('Tea Lifter Arm:1',
'Tea Lifter Arm:1','Tea Lifter Arm:1',#12625,#12649,'Tea Lifter Arm:1');
#162=NEXT_ASSEMBLY_USAGE_OCCURRENCE('Brass M3 Hex Nut:2',
'Brass M3 Hex Nut:2','Brass M3 Hex Nut:2',#12625,#12650,
'Brass M3 Hex Nut:2');
#163=B_SPLINE_SURFACE_WITH_KNOTS('',3,3,((#12163,#12164,#12165,#12166,#12167,
#12168,#12169,#12170,#12171,#12172,#12173,#12174,#12175,#12176),(#12177,
#12178,#12179,#12180,#12181,#12182,#12183,#12184,#12185,#12186,#12187,#12188,
#12189,#12190),(#12191,#12192,#12193,#12194,#12195,#12196,#12197,#12198,
#12199,#12200,#12201,#12202,#12203,#12204),(#12205,#12206,#12207,#12208,
#12209,#12210,#12211,#12212,#12213,#12214,#12215,#12216,#12217,#12218),
(#12219,#12220,#12221,#12222,#12223,#12224,#12225,#12226,#12227,#12228,
#12229,#12230,#12231,#12232)),.UNSPECIFIED.,.F.,.T.,.F.,(4,1,4),(4,1,1,
1,1,1,1,1,1,1,1,4),(0.,0.571428571428571,1.),(0.,0.448798950512828,0.897597901025655,
1.34639685153848,1.79519580205131,2.69279370307697,3.59039160410262,4.48798950512828,
4.9367884556411,5.38558740615393,5.83438635666676,6.28318530717959),
 .UNSPECIFIED.);
#164=SPHERICAL_SURFACE('',#7650,5.);
#165=SPHERICAL_SURFACE('',#7904,5.);
#166=ORIENTED_CLOSED_SHELL('',*,#6728,.F.);
#167=BREP_WITH_VOIDS('Solid1',#6729,(#166));
#168=(
BOUNDED_CURVE()
B_SPLINE_CURVE(2,(#10553,#10554,#10555),.UNSPECIFIED.,.F.,.F.)
B_SPLINE_CURVE_WITH_KNOTS((3,3),(0.,0.350530841423377),.UNSPECIFIED.)
CURVE()
GEOMETRIC_REPRESENTATION_ITEM()
RATIONAL_B_SPLINE_CURVE((1.,1.15470053837925,1.))
REPRESENTATION_ITEM('')
);
#169=(
BOUNDED_CURVE()
B_SPLINE_CURVE(2,(#10560,#10561,#10562),.UNSPECIFIED.,.F.,.F.)
B_SPLINE_CURVE_WITH_KNOTS((3,3),(0.,0.350530841423377),.UNSPECIFIED.)
CURVE()
GEOMETRIC_REPRESENTATION_ITEM()
RATIONAL_B_SPLINE_CURVE((1.,1.15470053837925,1.))
REPRESENTATION_ITEM('')
);
#170=(
BOUNDED_CURVE()
B_SPLINE_CURVE(2,(#10566,#10567,#10568),.UNSPECIFIED.,.F.,.F.)
B_SPLINE_CURVE_WITH_KNOTS((3,3),(0.,0.350530841423377),.UNSPECIFIED.)
CURVE()
GEOMETRIC_REPRESENTATION_ITEM()
RATIONAL_B_SPLINE_CURVE((1.,1.15470053837925,1.))
REPRESENTATION_ITEM('')
);
#171=(
BOUNDED_CURVE()
B_SPLINE_CURVE(2,(#10572,#10573,#10574),.UNSPECIFIED.,.F.,.F.)
B_SPLINE_CURVE_WITH_KNOTS((3,3),(0.,0.350530841423377),.UNSPECIFIED.)
CURVE()
GEOMETRIC_REPRESENTATION_ITEM()
RATIONAL_B_SPLINE_CURVE((1.,1.15470053837925,1.))
REPRESENTATION_ITEM('')
);
#172=(
BOUNDED_CURVE()
B_SPLINE_CURVE(2,(#10578,#10579,#10580),.UNSPECIFIED.,.F.,.F.)
B_SPLINE_CURVE_WITH_KNOTS((3,3),(0.,0.175265420711689),.UNSPECIFIED.)
CURVE()
GEOMETRIC_REPRESENTATION_ITEM()
RATIONAL_B_SPLINE_CURVE((1.,1.07735026918963,1.07735026918963))
REPRESENTATION_ITEM('')
);
#173=(
BOUNDED_CURVE()
B_SPLINE_CURVE(2,(#10583,#10584,#10585),.UNSPECIFIED.,.F.,.F.)
B_SPLINE_CURVE_WITH_KNOTS((3,3),(0.175265420711689,0.350530841423377),
 .UNSPECIFIED.)
CURVE()
GEOMETRIC_REPRESENTATION_ITEM()
RATIONAL_B_SPLINE_CURVE((1.07735026918963,1.07735026918963,1.))
REPRESENTATION_ITEM('')
);
#174=(
BOUNDED_CURVE()
B_SPLINE_CURVE(2,(#10587,#10588,#10589),.UNSPECIFIED.,.F.,.F.)
B_SPLINE_CURVE_WITH_KNOTS((3,3),(0.,0.350530841423377),.UNSPECIFIED.)
CURVE()
GEOMETRIC_REPRESENTATION_ITEM()
RATIONAL_B_SPLINE_CURVE((1.,1.15470053837925,1.))
REPRESENTATION_ITEM('')
);
#175=(
BOUNDED_CURVE()
B_SPLINE_CURVE(2,(#10669,#10670,#10671),.UNSPECIFIED.,.F.,.F.)
B_SPLINE_CURVE_WITH_KNOTS((3,3),(0.,0.934748910462335),.UNSPECIFIED.)
CURVE()
GEOMETRIC_REPRESENTATION_ITEM()
RATIONAL_B_SPLINE_CURVE((1.,1.15470053837925,1.))
REPRESENTATION_ITEM('')
);
#176=(
BOUNDED_CURVE()
B_SPLINE_CURVE(2,(#10673,#10674,#10675),.UNSPECIFIED.,.F.,.F.)
B_SPLINE_CURVE_WITH_KNOTS((3,3),(0.,0.934748910462335),.UNSPECIFIED.)
CURVE()
GEOMETRIC_REPRESENTATION_ITEM()
RATIONAL_B_SPLINE_CURVE((1.,1.15470053837925,1.))
REPRESENTATION_ITEM('')
);
#177=(
BOUNDED_CURVE()
B_SPLINE_CURVE(2,(#10677,#10678,#10679),.UNSPECIFIED.,.F.,.F.)
B_SPLINE_CURVE_WITH_KNOTS((3,3),(0.,0.934748910462333),.UNSPECIFIED.)
CURVE()
GEOMETRIC_REPRESENTATION_ITEM()
RATIONAL_B_SPLINE_CURVE((1.,1.15470053837925,1.))
REPRESENTATION_ITEM('')
);
#178=(
BOUNDED_CURVE()
B_SPLINE_CURVE(2,(#10681,#10682,#10683),.UNSPECIFIED.,.F.,.F.)
B_SPLINE_CURVE_WITH_KNOTS((3,3),(0.,0.93474891046233),.UNSPECIFIED.)
CURVE()
GEOMETRIC_REPRESENTATION_ITEM()
RATIONAL_B_SPLINE_CURVE((1.,1.15470053837925,1.))
REPRESENTATION_ITEM('')
);
#179=(
BOUNDED_CURVE()
B_SPLINE_CURVE(2,(#10685,#10686,#10687),.UNSPECIFIED.,.F.,.F.)
B_SPLINE_CURVE_WITH_KNOTS((3,3),(0.,0.934748910462335),.UNSPECIFIED.)
CURVE()
GEOMETRIC_REPRESENTATION_ITEM()
RATIONAL_B_SPLINE_CURVE((1.,1.15470053837925,1.))
REPRESENTATION_ITEM('')
);
#180=(
BOUNDED_CURVE()
B_SPLINE_CURVE(2,(#10689,#10690,#10691),.UNSPECIFIED.,.F.,.F.)
B_SPLINE_CURVE_WITH_KNOTS((3,3),(0.,0.934748910462334),.UNSPECIFIED.)
CURVE()
GEOMETRIC_REPRESENTATION_ITEM()
RATIONAL_B_SPLINE_CURVE((1.,1.15470053837925,1.))
REPRESENTATION_ITEM('')
);
#181=(
BOUNDED_CURVE()
B_SPLINE_CURVE(2,(#10696,#10697,#10698),.UNSPECIFIED.,.F.,.F.)
B_SPLINE_CURVE_WITH_KNOTS((3,3),(0.,0.934748910462337),.UNSPECIFIED.)
CURVE()
GEOMETRIC_REPRESENTATION_ITEM()
RATIONAL_B_SPLINE_CURVE((1.,1.15470053837925,1.))
REPRESENTATION_ITEM('')
);
#182=(
BOUNDED_CURVE()
B_SPLINE_CURVE(2,(#10700,#10701,#10702),.UNSPECIFIED.,.F.,.F.)
B_SPLINE_CURVE_WITH_KNOTS((3,3),(0.,0.934748910462331),.UNSPECIFIED.)
CURVE()
GEOMETRIC_REPRESENTATION_ITEM()
RATIONAL_B_SPLINE_CURVE((1.,1.15470053837925,1.))
REPRESENTATION_ITEM('')
);
#183=(
BOUNDED_CURVE()
B_SPLINE_CURVE(2,(#10704,#10705,#10706),.UNSPECIFIED.,.F.,.F.)
B_SPLINE_CURVE_WITH_KNOTS((3,3),(0.,0.934748910462334),.UNSPECIFIED.)
CURVE()
GEOMETRIC_REPRESENTATION_ITEM()
RATIONAL_B_SPLINE_CURVE((1.,1.15470053837925,1.))
REPRESENTATION_ITEM('')
);
#184=(
BOUNDED_CURVE()
B_SPLINE_CURVE(2,(#10708,#10709,#10710),.UNSPECIFIED.,.F.,.F.)
B_SPLINE_CURVE_WITH_KNOTS((3,3),(0.,0.934748910462335),.UNSPECIFIED.)
CURVE()
GEOMETRIC_REPRESENTATION_ITEM()
RATIONAL_B_SPLINE_CURVE((1.,1.15470053837925,1.))
REPRESENTATION_ITEM('')
);
#185=(
BOUNDED_CURVE()
B_SPLINE_CURVE(2,(#10712,#10713,#10714),.UNSPECIFIED.,.F.,.F.)
B_SPLINE_CURVE_WITH_KNOTS((3,3),(0.,0.934748910462336),.UNSPECIFIED.)
CURVE()
GEOMETRIC_REPRESENTATION_ITEM()
RATIONAL_B_SPLINE_CURVE((1.,1.15470053837925,1.))
REPRESENTATION_ITEM('')
);
#186=(
BOUNDED_CURVE()
B_SPLINE_CURVE(2,(#10715,#10716,#10717),.UNSPECIFIED.,.F.,.F.)
B_SPLINE_CURVE_WITH_KNOTS((3,3),(0.,0.934748910462335),.UNSPECIFIED.)
CURVE()
GEOMETRIC_REPRESENTATION_ITEM()
RATIONAL_B_SPLINE_CURVE((1.,1.15470053837925,1.))
REPRESENTATION_ITEM('')
);
#187=(
BOUNDED_CURVE()
B_SPLINE_CURVE(2,(#11030,#11031,#11032),.UNSPECIFIED.,.F.,.F.)
B_SPLINE_CURVE_WITH_KNOTS((3,3),(0.,0.292109034519481),.UNSPECIFIED.)
CURVE()
GEOMETRIC_REPRESENTATION_ITEM()
RATIONAL_B_SPLINE_CURVE((1.,1.15470053837925,1.))
REPRESENTATION_ITEM('')
);
#188=(
BOUNDED_CURVE()
B_SPLINE_CURVE(2,(#11037,#11038,#11039),.UNSPECIFIED.,.F.,.F.)
B_SPLINE_CURVE_WITH_KNOTS((3,3),(0.,0.292109034519481),.UNSPECIFIED.)
CURVE()
GEOMETRIC_REPRESENTATION_ITEM()
RATIONAL_B_SPLINE_CURVE((1.,1.15470053837925,1.))
REPRESENTATION_ITEM('')
);
#189=(
BOUNDED_CURVE()
B_SPLINE_CURVE(2,(#11043,#11044,#11045),.UNSPECIFIED.,.F.,.F.)
B_SPLINE_CURVE_WITH_KNOTS((3,3),(0.,0.292109034519481),.UNSPECIFIED.)
CURVE()
GEOMETRIC_REPRESENTATION_ITEM()
RATIONAL_B_SPLINE_CURVE((1.,1.15470053837925,1.))
REPRESENTATION_ITEM('')
);
#190=(
BOUNDED_CURVE()
B_SPLINE_CURVE(2,(#11049,#11050,#11051),.UNSPECIFIED.,.F.,.F.)
B_SPLINE_CURVE_WITH_KNOTS((3,3),(0.,0.292109034519481),.UNSPECIFIED.)
CURVE()
GEOMETRIC_REPRESENTATION_ITEM()
RATIONAL_B_SPLINE_CURVE((1.,1.15470053837925,1.))
REPRESENTATION_ITEM('')
);
#191=(
BOUNDED_CURVE()
B_SPLINE_CURVE(2,(#11055,#11056,#11057),.UNSPECIFIED.,.F.,.F.)
B_SPLINE_CURVE_WITH_KNOTS((3,3),(0.,0.146054517259741),.UNSPECIFIED.)
CURVE()
GEOMETRIC_REPRESENTATION_ITEM()
RATIONAL_B_SPLINE_CURVE((1.,1.07735026918962,1.07735026918962))
REPRESENTATION_ITEM('')
);
#192=(
BOUNDED_CURVE()
B_SPLINE_CURVE(2,(#11060,#11061,#11062),.UNSPECIFIED.,.F.,.F.)
B_SPLINE_CURVE_WITH_KNOTS((3,3),(0.146054517259741,0.292109034519481),
 .UNSPECIFIED.)
CURVE()
GEOMETRIC_REPRESENTATION_ITEM()
RATIONAL_B_SPLINE_CURVE((1.07735026918962,1.07735026918962,1.))
REPRESENTATION_ITEM('')
);
#193=(
BOUNDED_CURVE()
B_SPLINE_CURVE(2,(#11064,#11065,#11066),.UNSPECIFIED.,.F.,.F.)
B_SPLINE_CURVE_WITH_KNOTS((3,3),(0.,0.292109034519481),.UNSPECIFIED.)
CURVE()
GEOMETRIC_REPRESENTATION_ITEM()
RATIONAL_B_SPLINE_CURVE((1.,1.15470053837925,1.))
REPRESENTATION_ITEM('')
);
#194=(
BOUNDED_CURVE()
B_SPLINE_CURVE(2,(#11113,#11114,#11115),.UNSPECIFIED.,.F.,.F.)
B_SPLINE_CURVE_WITH_KNOTS((3,3),(0.,0.00151722303066691),.UNSPECIFIED.)
CURVE()
GEOMETRIC_REPRESENTATION_ITEM()
RATIONAL_B_SPLINE_CURVE((1.,1.01970572348942,1.03936750746128))
REPRESENTATION_ITEM('')
);
#195=(
BOUNDED_CURVE()
B_SPLINE_CURVE(2,(#11128,#11129,#11130),.UNSPECIFIED.,.F.,.F.)
B_SPLINE_CURVE_WITH_KNOTS((3,3),(1.35935240761352,1.36086963064418),
 .UNSPECIFIED.)
CURVE()
GEOMETRIC_REPRESENTATION_ITEM()
RATIONAL_B_SPLINE_CURVE((1.03936750746128,1.01970572348942,1.))
REPRESENTATION_ITEM('')
);
#196=(
BOUNDED_CURVE()
B_SPLINE_CURVE(2,(#11848,#11849,#11850),.UNSPECIFIED.,.F.,.F.)
B_SPLINE_CURVE_WITH_KNOTS((3,3),(0.,0.146054517259739),.UNSPECIFIED.)
CURVE()
GEOMETRIC_REPRESENTATION_ITEM()
RATIONAL_B_SPLINE_CURVE((1.,1.15470053837925,1.))
REPRESENTATION_ITEM('')
);
#197=(
BOUNDED_CURVE()
B_SPLINE_CURVE(2,(#11855,#11856,#11857),.UNSPECIFIED.,.F.,.F.)
B_SPLINE_CURVE_WITH_KNOTS((3,3),(0.,0.146054517259739),.UNSPECIFIED.)
CURVE()
GEOMETRIC_REPRESENTATION_ITEM()
RATIONAL_B_SPLINE_CURVE((1.,1.15470053837925,1.))
REPRESENTATION_ITEM('')
);
#198=(
BOUNDED_CURVE()
B_SPLINE_CURVE(2,(#11861,#11862,#11863),.UNSPECIFIED.,.F.,.F.)
B_SPLINE_CURVE_WITH_KNOTS((3,3),(0.,0.146054517259739),.UNSPECIFIED.)
CURVE()
GEOMETRIC_REPRESENTATION_ITEM()
RATIONAL_B_SPLINE_CURVE((1.,1.15470053837925,1.))
REPRESENTATION_ITEM('')
);
#199=(
BOUNDED_CURVE()
B_SPLINE_CURVE(2,(#11867,#11868,#11869),.UNSPECIFIED.,.F.,.F.)
B_SPLINE_CURVE_WITH_KNOTS((3,3),(0.,0.146054517259739),.UNSPECIFIED.)
CURVE()
GEOMETRIC_REPRESENTATION_ITEM()
RATIONAL_B_SPLINE_CURVE((1.,1.15470053837925,1.))
REPRESENTATION_ITEM('')
);
#200=(
BOUNDED_CURVE()
B_SPLINE_CURVE(2,(#11873,#11874,#11875),.UNSPECIFIED.,.F.,.F.)
B_SPLINE_CURVE_WITH_KNOTS((3,3),(0.,0.0730272586298695),.UNSPECIFIED.)
CURVE()
GEOMETRIC_REPRESENTATION_ITEM()
RATIONAL_B_SPLINE_CURVE((1.,1.07735026918963,1.07735026918963))
REPRESENTATION_ITEM('')
);
#201=(
BOUNDED_CURVE()
B_SPLINE_CURVE(2,(#11878,#11879,#11880),.UNSPECIFIED.,.F.,.F.)
B_SPLINE_CURVE_WITH_KNOTS((3,3),(0.0730272586298695,0.146054517259739),
 .UNSPECIFIED.)
CURVE()
GEOMETRIC_REPRESENTATION_ITEM()
RATIONAL_B_SPLINE_CURVE((1.07735026918963,1.07735026918963,1.))
REPRESENTATION_ITEM('')
);
#202=(
BOUNDED_CURVE()
B_SPLINE_CURVE(2,(#11882,#11883,#11884),.UNSPECIFIED.,.F.,.F.)
B_SPLINE_CURVE_WITH_KNOTS((3,3),(0.,0.146054517259739),.UNSPECIFIED.)
CURVE()
GEOMETRIC_REPRESENTATION_ITEM()
RATIONAL_B_SPLINE_CURVE((1.,1.15470053837925,1.))
REPRESENTATION_ITEM('')
);
#203=(
BOUNDED_CURVE()
B_SPLINE_CURVE(2,(#12001,#12002,#12003),.UNSPECIFIED.,.F.,.F.)
B_SPLINE_CURVE_WITH_KNOTS((3,3),(0.,0.0876327103558437),.UNSPECIFIED.)
CURVE()
GEOMETRIC_REPRESENTATION_ITEM()
RATIONAL_B_SPLINE_CURVE((1.,1.15470053837926,1.))
REPRESENTATION_ITEM('')
);
#204=(
BOUNDED_CURVE()
B_SPLINE_CURVE(2,(#12011,#12012,#12013),.UNSPECIFIED.,.F.,.F.)
B_SPLINE_CURVE_WITH_KNOTS((3,3),(0.,0.0438163551779217),.UNSPECIFIED.)
CURVE()
GEOMETRIC_REPRESENTATION_ITEM()
RATIONAL_B_SPLINE_CURVE((1.,1.07735026918962,1.07735026918962))
REPRESENTATION_ITEM('')
);
#205=(
BOUNDED_CURVE()
B_SPLINE_CURVE(2,(#12018,#12019,#12020),.UNSPECIFIED.,.F.,.F.)
B_SPLINE_CURVE_WITH_KNOTS((3,3),(0.0438163551779217,0.0876327103558436),
 .UNSPECIFIED.)
CURVE()
GEOMETRIC_REPRESENTATION_ITEM()
RATIONAL_B_SPLINE_CURVE((1.07735026918962,1.07735026918962,1.))
REPRESENTATION_ITEM('')
);
#206=(
BOUNDED_CURVE()
B_SPLINE_CURVE(2,(#12023,#12024,#12025),.UNSPECIFIED.,.F.,.F.)
B_SPLINE_CURVE_WITH_KNOTS((3,3),(0.,0.0876327103558438),.UNSPECIFIED.)
CURVE()
GEOMETRIC_REPRESENTATION_ITEM()
RATIONAL_B_SPLINE_CURVE((1.,1.15470053837925,1.))
REPRESENTATION_ITEM('')
);
#207=(
BOUNDED_CURVE()
B_SPLINE_CURVE(2,(#12031,#12032,#12033),.UNSPECIFIED.,.F.,.F.)
B_SPLINE_CURVE_WITH_KNOTS((3,3),(0.,0.0876327103558437),.UNSPECIFIED.)
CURVE()
GEOMETRIC_REPRESENTATION_ITEM()
RATIONAL_B_SPLINE_CURVE((1.,1.15470053837926,1.))
REPRESENTATION_ITEM('')
);
#208=(
BOUNDED_CURVE()
B_SPLINE_CURVE(2,(#12039,#12040,#12041),.UNSPECIFIED.,.F.,.F.)
B_SPLINE_CURVE_WITH_KNOTS((3,3),(0.,0.0876327103558436),.UNSPECIFIED.)
CURVE()
GEOMETRIC_REPRESENTATION_ITEM()
RATIONAL_B_SPLINE_CURVE((1.,1.15470053837926,1.))
REPRESENTATION_ITEM('')
);
#209=(
BOUNDED_CURVE()
B_SPLINE_CURVE(2,(#12046,#12047,#12048),.UNSPECIFIED.,.F.,.F.)
B_SPLINE_CURVE_WITH_KNOTS((3,3),(0.,0.0876327103558442),.UNSPECIFIED.)
CURVE()
GEOMETRIC_REPRESENTATION_ITEM()
RATIONAL_B_SPLINE_CURVE((1.,1.15470053837925,1.))
REPRESENTATION_ITEM('')
);
#210=(
BOUNDED_CURVE()
B_SPLINE_CURVE(2,(#12122,#12123,#12124),.UNSPECIFIED.,.F.,.F.)
B_SPLINE_CURVE_WITH_KNOTS((3,3),(0.,0.14605451725974),.UNSPECIFIED.)
CURVE()
GEOMETRIC_REPRESENTATION_ITEM()
RATIONAL_B_SPLINE_CURVE((1.,1.15470053837924,1.))
REPRESENTATION_ITEM('')
);
#211=(
BOUNDED_CURVE()
B_SPLINE_CURVE(2,(#12129,#12130,#12131),.UNSPECIFIED.,.F.,.F.)
B_SPLINE_CURVE_WITH_KNOTS((3,3),(0.,0.14605451725974),.UNSPECIFIED.)
CURVE()
GEOMETRIC_REPRESENTATION_ITEM()
RATIONAL_B_SPLINE_CURVE((1.,1.15470053837925,1.))
REPRESENTATION_ITEM('')
);
#212=(
BOUNDED_CURVE()
B_SPLINE_CURVE(2,(#12135,#12136,#12137),.UNSPECIFIED.,.F.,.F.)
B_SPLINE_CURVE_WITH_KNOTS((3,3),(0.,0.14605451725974),.UNSPECIFIED.)
CURVE()
GEOMETRIC_REPRESENTATION_ITEM()
RATIONAL_B_SPLINE_CURVE((1.,1.15470053837926,1.))
REPRESENTATION_ITEM('')
);
#213=(
BOUNDED_CURVE()
B_SPLINE_CURVE(2,(#12141,#12142,#12143),.UNSPECIFIED.,.F.,.F.)
B_SPLINE_CURVE_WITH_KNOTS((3,3),(0.,0.14605451725974),.UNSPECIFIED.)
CURVE()
GEOMETRIC_REPRESENTATION_ITEM()
RATIONAL_B_SPLINE_CURVE((1.,1.15470053837925,1.))
REPRESENTATION_ITEM('')
);
#214=(
BOUNDED_CURVE()
B_SPLINE_CURVE(2,(#12147,#12148,#12149),.UNSPECIFIED.,.F.,.F.)
B_SPLINE_CURVE_WITH_KNOTS((3,3),(0.,0.07302725862987),.UNSPECIFIED.)
CURVE()
GEOMETRIC_REPRESENTATION_ITEM()
RATIONAL_B_SPLINE_CURVE((1.,1.07735026918962,1.07735026918962))
REPRESENTATION_ITEM('')
);
#215=(
BOUNDED_CURVE()
B_SPLINE_CURVE(2,(#12152,#12153,#12154),.UNSPECIFIED.,.F.,.F.)
B_SPLINE_CURVE_WITH_KNOTS((3,3),(0.07302725862987,0.14605451725974),
 .UNSPECIFIED.)
CURVE()
GEOMETRIC_REPRESENTATION_ITEM()
RATIONAL_B_SPLINE_CURVE((1.07735026918962,1.07735026918962,1.))
REPRESENTATION_ITEM('')
);
#216=(
BOUNDED_CURVE()
B_SPLINE_CURVE(2,(#12156,#12157,#12158),.UNSPECIFIED.,.F.,.F.)
B_SPLINE_CURVE_WITH_KNOTS((3,3),(0.,0.14605451725974),.UNSPECIFIED.)
CURVE()
GEOMETRIC_REPRESENTATION_ITEM()
RATIONAL_B_SPLINE_CURVE((1.,1.15470053837925,1.))
REPRESENTATION_ITEM('')
);
#217=(
BOUNDED_CURVE()
B_SPLINE_CURVE(2,(#12351,#12352,#12353),.UNSPECIFIED.,.F.,.F.)
B_SPLINE_CURVE_WITH_KNOTS((3,3),(0.,0.321319937971427),.UNSPECIFIED.)
CURVE()
GEOMETRIC_REPRESENTATION_ITEM()
RATIONAL_B_SPLINE_CURVE((1.,1.15470053837925,1.))
REPRESENTATION_ITEM('')
);
#218=(
BOUNDED_CURVE()
B_SPLINE_CURVE(2,(#12355,#12356,#12357),.UNSPECIFIED.,.F.,.F.)
B_SPLINE_CURVE_WITH_KNOTS((3,3),(0.,0.321319937971428),.UNSPECIFIED.)
CURVE()
GEOMETRIC_REPRESENTATION_ITEM()
RATIONAL_B_SPLINE_CURVE((1.,1.15470053837925,1.))
REPRESENTATION_ITEM('')
);
#219=(
BOUNDED_CURVE()
B_SPLINE_CURVE(2,(#12359,#12360,#12361),.UNSPECIFIED.,.F.,.F.)
B_SPLINE_CURVE_WITH_KNOTS((3,3),(0.,0.321319937971427),.UNSPECIFIED.)
CURVE()
GEOMETRIC_REPRESENTATION_ITEM()
RATIONAL_B_SPLINE_CURVE((1.,1.15470053837925,1.))
REPRESENTATION_ITEM('')
);
#220=(
BOUNDED_CURVE()
B_SPLINE_CURVE(2,(#12363,#12364,#12365),.UNSPECIFIED.,.F.,.F.)
B_SPLINE_CURVE_WITH_KNOTS((3,3),(0.,0.321319937971427),.UNSPECIFIED.)
CURVE()
GEOMETRIC_REPRESENTATION_ITEM()
RATIONAL_B_SPLINE_CURVE((1.,1.15470053837925,1.))
REPRESENTATION_ITEM('')
);
#221=(
BOUNDED_CURVE()
B_SPLINE_CURVE(2,(#12367,#12368,#12369),.UNSPECIFIED.,.F.,.F.)
B_SPLINE_CURVE_WITH_KNOTS((3,3),(0.,0.321319937971428),.UNSPECIFIED.)
CURVE()
GEOMETRIC_REPRESENTATION_ITEM()
RATIONAL_B_SPLINE_CURVE((1.,1.15470053837925,1.))
REPRESENTATION_ITEM('')
);
#222=(
BOUNDED_CURVE()
B_SPLINE_CURVE(2,(#12371,#12372,#12373),.UNSPECIFIED.,.F.,.F.)
B_SPLINE_CURVE_WITH_KNOTS((3,3),(0.,0.321319937971427),.UNSPECIFIED.)
CURVE()
GEOMETRIC_REPRESENTATION_ITEM()
RATIONAL_B_SPLINE_CURVE((1.,1.15470053837925,1.))
REPRESENTATION_ITEM('')
);
#223=(
BOUNDED_CURVE()
B_SPLINE_CURVE(2,(#12378,#12379,#12380),.UNSPECIFIED.,.F.,.F.)
B_SPLINE_CURVE_WITH_KNOTS((3,3),(0.,0.321319937971428),.UNSPECIFIED.)
CURVE()
GEOMETRIC_REPRESENTATION_ITEM()
RATIONAL_B_SPLINE_CURVE((1.,1.15470053837925,1.))
REPRESENTATION_ITEM('')
);
#224=(
BOUNDED_CURVE()
B_SPLINE_CURVE(2,(#12382,#12383,#12384),.UNSPECIFIED.,.F.,.F.)
B_SPLINE_CURVE_WITH_KNOTS((3,3),(0.,0.321319937971427),.UNSPECIFIED.)
CURVE()
GEOMETRIC_REPRESENTATION_ITEM()
RATIONAL_B_SPLINE_CURVE((1.,1.15470053837925,1.))
REPRESENTATION_ITEM('')
);
#225=(
BOUNDED_CURVE()
B_SPLINE_CURVE(2,(#12386,#12387,#12388),.UNSPECIFIED.,.F.,.F.)
B_SPLINE_CURVE_WITH_KNOTS((3,3),(0.,0.321319937971427),.UNSPECIFIED.)
CURVE()
GEOMETRIC_REPRESENTATION_ITEM()
RATIONAL_B_SPLINE_CURVE((1.,1.15470053837925,1.))
REPRESENTATION_ITEM('')
);
#226=(
BOUNDED_CURVE()
B_SPLINE_CURVE(2,(#12390,#12391,#12392),.UNSPECIFIED.,.F.,.F.)
B_SPLINE_CURVE_WITH_KNOTS((3,3),(0.,0.321319937971428),.UNSPECIFIED.)
CURVE()
GEOMETRIC_REPRESENTATION_ITEM()
RATIONAL_B_SPLINE_CURVE((1.,1.15470053837925,1.))
REPRESENTATION_ITEM('')
);
#227=(
BOUNDED_CURVE()
B_SPLINE_CURVE(2,(#12394,#12395,#12396),.UNSPECIFIED.,.F.,.F.)
B_SPLINE_CURVE_WITH_KNOTS((3,3),(0.,0.321319937971427),.UNSPECIFIED.)
CURVE()
GEOMETRIC_REPRESENTATION_ITEM()
RATIONAL_B_SPLINE_CURVE((1.,1.15470053837925,1.))
REPRESENTATION_ITEM('')
);
#228=(
BOUNDED_CURVE()
B_SPLINE_CURVE(2,(#12397,#12398,#12399),.UNSPECIFIED.,.F.,.F.)
B_SPLINE_CURVE_WITH_KNOTS((3,3),(0.,0.321319937971427),.UNSPECIFIED.)
CURVE()
GEOMETRIC_REPRESENTATION_ITEM()
RATIONAL_B_SPLINE_CURVE((1.,1.15470053837925,1.))
REPRESENTATION_ITEM('')
);
#229=TOROIDAL_SURFACE('',#7330,3.3,0.3);
#230=TOROIDAL_SURFACE('',#7347,4.4,0.4);
#231=TOROIDAL_SURFACE('',#7360,5.7,0.8);
#232=TOROIDAL_SURFACE('',#7441,19.5,0.5);
#233=TOROIDAL_SURFACE('',#7448,19.5,0.5);
#234=TOROIDAL_SURFACE('',#7455,15.84414402,0.5);
#235=TOROIDAL_SURFACE('',#7462,15.84414402,0.5);
#236=TOROIDAL_SURFACE('',#7559,3.1,0.1);
#237=TOROIDAL_SURFACE('',#7572,4.4,0.6);
#238=TOROIDAL_SURFACE('',#7854,1.6,0.1);
#239=TOROIDAL_SURFACE('',#7871,1.6,0.1);
#240=TOROIDAL_SURFACE('',#7884,2.45,0.3);
#241=TOROIDAL_SURFACE('',#7961,1.6,0.1);
#242=TOROIDAL_SURFACE('',#7974,2.45,0.3);
#243=TOROIDAL_SURFACE('',#7991,42.,1.5);
#244=TOROIDAL_SURFACE('',#7998,21.,1.5);
#245=TOROIDAL_SURFACE('',#8004,21.,1.5);
#246=TOROIDAL_SURFACE('',#8010,2.99999999999999,1.5);
#247=TOROIDAL_SURFACE('',#8017,3.,1.5);
#248=SHAPE_REPRESENTATION_RELATIONSHIP('SRR','None',#12599,#273);
#249=SHAPE_REPRESENTATION_RELATIONSHIP('SRR','None',#12600,#274);
#250=SHAPE_REPRESENTATION_RELATIONSHIP('SRR','None',#12601,#275);
#251=SHAPE_REPRESENTATION_RELATIONSHIP('SRR','None',#12602,#276);
#252=SHAPE_REPRESENTATION_RELATIONSHIP('SRR','None',#12603,#277);
#253=SHAPE_REPRESENTATION_RELATIONSHIP('SRR','None',#12604,#278);
#254=SHAPE_REPRESENTATION_RELATIONSHIP('SRR','None',#12605,#279);
#255=SHAPE_REPRESENTATION_RELATIONSHIP('SRR','None',#12606,#280);
#256=SHAPE_REPRESENTATION_RELATIONSHIP('SRR','None',#12607,#281);
#257=SHAPE_REPRESENTATION_RELATIONSHIP('SRR','None',#12608,#282);
#258=SHAPE_REPRESENTATION_RELATIONSHIP('SRR','None',#12609,#283);
#259=SHAPE_REPRESENTATION_RELATIONSHIP('SRR','None',#12610,#284);
#260=SHAPE_REPRESENTATION_RELATIONSHIP('SRR','None',#12611,#285);
#261=SHAPE_REPRESENTATION_RELATIONSHIP('SRR','None',#12612,#286);
#262=SHAPE_REPRESENTATION_RELATIONSHIP('SRR','None',#12613,#287);
#263=SHAPE_REPRESENTATION_RELATIONSHIP('SRR','None',#12614,#288);
#264=SHAPE_REPRESENTATION_RELATIONSHIP('SRR','None',#12615,#289);
#265=SHAPE_REPRESENTATION_RELATIONSHIP('SRR','None',#12616,#290);
#266=SHAPE_REPRESENTATION_RELATIONSHIP('SRR','None',#12617,#291);
#267=SHAPE_REPRESENTATION_RELATIONSHIP('SRR','None',#12618,#292);
#268=SHAPE_REPRESENTATION_RELATIONSHIP('SRR','None',#12619,#293);
#269=SHAPE_REPRESENTATION_RELATIONSHIP('SRR','None',#12620,#294);
#270=SHAPE_REPRESENTATION_RELATIONSHIP('SRR','None',#12621,#295);
#271=SHAPE_REPRESENTATION_RELATIONSHIP('SRR','None',#12622,#296);
#272=SHAPE_REPRESENTATION_RELATIONSHIP('SRR','None',#12623,#297);
#273=ADVANCED_BREP_SHAPE_REPRESENTATION('',(#323),#12478);
#274=ADVANCED_BREP_SHAPE_REPRESENTATION('',(#324),#12479);
#275=ADVANCED_BREP_SHAPE_REPRESENTATION('',(#325),#12480);
#276=ADVANCED_BREP_SHAPE_REPRESENTATION('',(#326),#12481);
#277=ADVANCED_BREP_SHAPE_REPRESENTATION('',(#327),#12482);
#278=ADVANCED_BREP_SHAPE_REPRESENTATION('',(#328),#12483);
#279=ADVANCED_BREP_SHAPE_REPRESENTATION('',(#329),#12484);
#280=ADVANCED_BREP_SHAPE_REPRESENTATION('',(#330),#12485);
#281=ADVANCED_BREP_SHAPE_REPRESENTATION('',(#167),#12486);
#282=ADVANCED_BREP_SHAPE_REPRESENTATION('',(#331),#12487);
#283=ADVANCED_BREP_SHAPE_REPRESENTATION('',(#332),#12488);
#284=ADVANCED_BREP_SHAPE_REPRESENTATION('',(#333),#12489);
#285=ADVANCED_BREP_SHAPE_REPRESENTATION('',(#334),#12490);
#286=ADVANCED_BREP_SHAPE_REPRESENTATION('',(#335),#12491);
#287=ADVANCED_BREP_SHAPE_REPRESENTATION('',(#336),#12492);
#288=ADVANCED_BREP_SHAPE_REPRESENTATION('',(#337),#12493);
#289=ADVANCED_BREP_SHAPE_REPRESENTATION('',(#338),#12494);
#290=ADVANCED_BREP_SHAPE_REPRESENTATION('',(#339),#12495);
#291=ADVANCED_BREP_SHAPE_REPRESENTATION('',(#340),#12496);
#292=ADVANCED_BREP_SHAPE_REPRESENTATION('',(#341),#12497);
#293=ADVANCED_BREP_SHAPE_REPRESENTATION('',(#342),#12498);
#294=ADVANCED_BREP_SHAPE_REPRESENTATION('',(#343),#12499);
#295=ADVANCED_BREP_SHAPE_REPRESENTATION('',(#344),#12500);
#296=ADVANCED_BREP_SHAPE_REPRESENTATION('',(#345),#12501);
#297=ADVANCED_BREP_SHAPE_REPRESENTATION('',(#346),#12502);
#298=STYLED_ITEM('',(#7022),#323);
#299=STYLED_ITEM('',(#7022),#324);
#300=STYLED_ITEM('',(#7023),#325);
#301=STYLED_ITEM('',(#7023),#326);
#302=STYLED_ITEM('',(#7023),#327);
#303=STYLED_ITEM('',(#7023),#328);
#304=STYLED_ITEM('',(#7023),#329);
#305=STYLED_ITEM('',(#7024),#330);
#306=STYLED_ITEM('',(#7025),#167);
#307=STYLED_ITEM('',(#7023),#331);
#308=STYLED_ITEM('',(#7023),#332);
#309=STYLED_ITEM('',(#7022),#333);
#310=STYLED_ITEM('',(#7022),#334);
#311=STYLED_ITEM('',(#7026),#335);
#312=STYLED_ITEM('',(#7028),#336);
#313=STYLED_ITEM('',(#7022),#337);
#314=STYLED_ITEM('',(#7023),#338);
#315=STYLED_ITEM('',(#7023),#339);
#316=STYLED_ITEM('',(#7029),#340);
#317=STYLED_ITEM('',(#7026),#341);
#318=STYLED_ITEM('',(#7023),#342);
#319=STYLED_ITEM('',(#7023),#343);
#320=STYLED_ITEM('',(#7023),#344);
#321=STYLED_ITEM('',(#7026),#345);
#322=STYLED_ITEM('',(#7022),#346);
#323=MANIFOLD_SOLID_BREP('Solid1',#6720);
#324=MANIFOLD_SOLID_BREP('Solid1',#6721);
#325=MANIFOLD_SOLID_BREP('Solid1',#6722);
#326=MANIFOLD_SOLID_BREP('Solid1',#6723);
#327=MANIFOLD_SOLID_BREP('Solid1',#6724);
#328=MANIFOLD_SOLID_BREP('Solid1',#6725);
#329=MANIFOLD_SOLID_BREP('Solid1',#6726);
#330=MANIFOLD_SOLID_BREP('Solid1',#6727);
#331=MANIFOLD_SOLID_BREP('Solid1',#6730);
#332=MANIFOLD_SOLID_BREP('Solid1',#6731);
#333=MANIFOLD_SOLID_BREP('Solid1',#6732);
#334=MANIFOLD_SOLID_BREP('Solid1',#6733);
#335=MANIFOLD_SOLID_BREP('Solid2',#6734);
#336=MANIFOLD_SOLID_BREP('Solid1',#6735);
#337=MANIFOLD_SOLID_BREP('Solid1',#6736);
#338=MANIFOLD_SOLID_BREP('Solid1',#6737);
#339=MANIFOLD_SOLID_BREP('Solid1',#6738);
#340=MANIFOLD_SOLID_BREP('Solid2',#6739);
#341=MANIFOLD_SOLID_BREP('Solid2',#6740);
#342=MANIFOLD_SOLID_BREP('Solid1',#6741);
#343=MANIFOLD_SOLID_BREP('Solid1',#6742);
#344=MANIFOLD_SOLID_BREP('Solid1',#6743);
#345=MANIFOLD_SOLID_BREP('Solid1',#6744);
#346=MANIFOLD_SOLID_BREP('Solid1',#6745);
#347=PLANE('',#7258);
#348=PLANE('',#7262);
#349=PLANE('',#7290);
#350=PLANE('',#7291);
#351=PLANE('',#7292);
#352=PLANE('',#7293);
#353=PLANE('',#7294);
#354=PLANE('',#7315);
#355=PLANE('',#7316);
#356=PLANE('',#7317);
#357=PLANE('',#7318);
#358=PLANE('',#7319);
#359=PLANE('',#7320);
#360=PLANE('',#7329);
#361=PLANE('',#7336);
#362=PLANE('',#7337);
#363=PLANE('',#7338);
#364=PLANE('',#7339);
#365=PLANE('',#7340);
#366=PLANE('',#7341);
#367=PLANE('',#7342);
#368=PLANE('',#7343);
#369=PLANE('',#7355);
#370=PLANE('',#7359);
#371=PLANE('',#7365);
#372=PLANE('',#7367);
#373=PLANE('',#7368);
#374=PLANE('',#7369);
#375=PLANE('',#7370);
#376=PLANE('',#7371);
#377=PLANE('',#7372);
#378=PLANE('',#7381);
#379=PLANE('',#7385);
#380=PLANE('',#7391);
#381=PLANE('',#7400);
#382=PLANE('',#7408);
#383=PLANE('',#7412);
#384=PLANE('',#7416);
#385=PLANE('',#7417);
#386=PLANE('',#7418);
#387=PLANE('',#7419);
#388=PLANE('',#7420);
#389=PLANE('',#7421);
#390=PLANE('',#7430);
#391=PLANE('',#7439);
#392=PLANE('',#7466);
#393=PLANE('',#7470);
#394=PLANE('',#7474);
#395=PLANE('',#7493);
#396=PLANE('',#7497);
#397=PLANE('',#7504);
#398=PLANE('',#7505);
#399=PLANE('',#7507);
#400=PLANE('',#7510);
#401=PLANE('',#7515);
#402=PLANE('',#7518);
#403=PLANE('',#7524);
#404=PLANE('',#7527);
#405=PLANE('',#7533);
#406=PLANE('',#7538);
#407=PLANE('',#7543);
#408=PLANE('',#7555);
#409=PLANE('',#7567);
#410=PLANE('',#7571);
#411=PLANE('',#7577);
#412=PLANE('',#7579);
#413=PLANE('',#7580);
#414=PLANE('',#7581);
#415=PLANE('',#7582);
#416=PLANE('',#7583);
#417=PLANE('',#7584);
#418=PLANE('',#7603);
#419=PLANE('',#7604);
#420=PLANE('',#7605);
#421=PLANE('',#7609);
#422=PLANE('',#7610);
#423=PLANE('',#7614);
#424=PLANE('',#7618);
#425=PLANE('',#7619);
#426=PLANE('',#7620);
#427=PLANE('',#7621);
#428=PLANE('',#7625);
#429=PLANE('',#7629);
#430=PLANE('',#7630);
#431=PLANE('',#7631);
#432=PLANE('',#7632);
#433=PLANE('',#7633);
#434=PLANE('',#7634);
#435=PLANE('',#7635);
#436=PLANE('',#7640);
#437=PLANE('',#7643);
#438=PLANE('',#7644);
#439=PLANE('',#7645);
#440=PLANE('',#7646);
#441=PLANE('',#7648);
#442=PLANE('',#7652);
#443=PLANE('',#7663);
#444=PLANE('',#7664);
#445=PLANE('',#7665);
#446=PLANE('',#7666);
#447=PLANE('',#7667);
#448=PLANE('',#7668);
#449=PLANE('',#7669);
#450=PLANE('',#7670);
#451=PLANE('',#7671);
#452=PLANE('',#7672);
#453=PLANE('',#7673);
#454=PLANE('',#7683);
#455=PLANE('',#7699);
#456=PLANE('',#7700);
#457=PLANE('',#7701);
#458=PLANE('',#7702);
#459=PLANE('',#7707);
#460=PLANE('',#7708);
#461=PLANE('',#7709);
#462=PLANE('',#7710);
#463=PLANE('',#7717);
#464=PLANE('',#7719);
#465=PLANE('',#7724);
#466=PLANE('',#7726);
#467=PLANE('',#7737);
#468=PLANE('',#7740);
#469=PLANE('',#7754);
#470=PLANE('',#7769);
#471=PLANE('',#7785);
#472=PLANE('',#7788);
#473=PLANE('',#7792);
#474=PLANE('',#7795);
#475=PLANE('',#7799);
#476=PLANE('',#7802);
#477=PLANE('',#7818);
#478=PLANE('',#7819);
#479=PLANE('',#7823);
#480=PLANE('',#7827);
#481=PLANE('',#7829);
#482=PLANE('',#7832);
#483=PLANE('',#7836);
#484=PLANE('',#7838);
#485=PLANE('',#7839);
#486=PLANE('',#7840);
#487=PLANE('',#7841);
#488=PLANE('',#7844);
#489=PLANE('',#7853);
#490=PLANE('',#7860);
#491=PLANE('',#7861);
#492=PLANE('',#7862);
#493=PLANE('',#7863);
#494=PLANE('',#7864);
#495=PLANE('',#7865);
#496=PLANE('',#7866);
#497=PLANE('',#7867);
#498=PLANE('',#7879);
#499=PLANE('',#7883);
#500=PLANE('',#7889);
#501=PLANE('',#7891);
#502=PLANE('',#7892);
#503=PLANE('',#7893);
#504=PLANE('',#7894);
#505=PLANE('',#7895);
#506=PLANE('',#7896);
#507=PLANE('',#7911);
#508=PLANE('',#7912);
#509=PLANE('',#7913);
#510=PLANE('',#7914);
#511=PLANE('',#7915);
#512=PLANE('',#7916);
#513=PLANE('',#7917);
#514=PLANE('',#7919);
#515=PLANE('',#7920);
#516=PLANE('',#7921);
#517=PLANE('',#7922);
#518=PLANE('',#7923);
#519=PLANE('',#7924);
#520=PLANE('',#7930);
#521=PLANE('',#7931);
#522=PLANE('',#7940);
#523=PLANE('',#7941);
#524=PLANE('',#7942);
#525=PLANE('',#7943);
#526=PLANE('',#7944);
#527=PLANE('',#7945);
#528=PLANE('',#7946);
#529=PLANE('',#7947);
#530=PLANE('',#7958);
#531=PLANE('',#7959);
#532=PLANE('',#7969);
#533=PLANE('',#7973);
#534=PLANE('',#7979);
#535=PLANE('',#7981);
#536=PLANE('',#7982);
#537=PLANE('',#7983);
#538=PLANE('',#7984);
#539=PLANE('',#7985);
#540=PLANE('',#7986);
#541=PLANE('',#7990);
#542=PLANE('',#8021);
#543=PLANE('',#8031);
#544=PLANE('',#8035);
#545=PLANE('',#8039);
#546=PLANE('',#8040);
#547=PLANE('',#8041);
#548=PLANE('',#8042);
#549=PLANE('',#8043);
#550=PLANE('',#8044);
#551=FACE_BOUND('',#1165,.T.);
#552=FACE_BOUND('',#1167,.T.);
#553=FACE_BOUND('',#1168,.T.);
#554=FACE_BOUND('',#1186,.T.);
#555=FACE_BOUND('',#1187,.T.);
#556=FACE_BOUND('',#1190,.T.);
#557=FACE_BOUND('',#1191,.T.);
#558=FACE_BOUND('',#1193,.T.);
#559=FACE_BOUND('',#1195,.T.);
#560=FACE_BOUND('',#1196,.T.);
#561=FACE_BOUND('',#1207,.T.);
#562=FACE_BOUND('',#1208,.T.);
#563=FACE_BOUND('',#1209,.T.);
#564=FACE_BOUND('',#1210,.T.);
#565=FACE_BOUND('',#1211,.T.);
#566=FACE_BOUND('',#1214,.T.);
#567=FACE_BOUND('',#1215,.T.);
#568=FACE_BOUND('',#1216,.T.);
#569=FACE_BOUND('',#1217,.T.);
#570=FACE_BOUND('',#1218,.T.);
#571=FACE_BOUND('',#1233,.T.);
#572=FACE_BOUND('',#1238,.T.);
#573=FACE_BOUND('',#1243,.T.);
#574=FACE_BOUND('',#1255,.T.);
#575=FACE_BOUND('',#1258,.T.);
#576=FACE_BOUND('',#1262,.T.);
#577=FACE_BOUND('',#1271,.T.);
#578=FACE_BOUND('',#1274,.T.);
#579=FACE_BOUND('',#1286,.T.);
#580=FACE_BOUND('',#1290,.T.);
#581=FACE_BOUND('',#1300,.T.);
#582=FACE_BOUND('',#1303,.T.);
#583=FACE_BOUND('',#1306,.T.);
#584=FACE_BOUND('',#1316,.T.);
#585=FACE_BOUND('',#1317,.T.);
#586=FACE_BOUND('',#1322,.T.);
#587=FACE_BOUND('',#1323,.T.);
#588=FACE_BOUND('',#1325,.T.);
#589=FACE_BOUND('',#1327,.T.);
#590=FACE_BOUND('',#1331,.T.);
#591=FACE_BOUND('',#1333,.T.);
#592=FACE_BOUND('',#1337,.T.);
#593=FACE_BOUND('',#1339,.T.);
#594=FACE_BOUND('',#1343,.T.);
#595=FACE_BOUND('',#1347,.T.);
#596=FACE_BOUND('',#1350,.T.);
#597=FACE_BOUND('',#1356,.T.);
#598=FACE_BOUND('',#1361,.T.);
#599=FACE_BOUND('',#1366,.T.);
#600=FACE_BOUND('',#1410,.T.);
#601=FACE_BOUND('',#1411,.T.);
#602=FACE_BOUND('',#1413,.T.);
#603=FACE_BOUND('',#1418,.T.);
#604=FACE_BOUND('',#1448,.T.);
#605=FACE_BOUND('',#1450,.T.);
#606=FACE_BOUND('',#1452,.T.);
#607=FACE_BOUND('',#1456,.T.);
#608=FACE_BOUND('',#1459,.T.);
#609=FACE_BOUND('',#1461,.T.);
#610=FACE_BOUND('',#1465,.T.);
#611=FACE_BOUND('',#1467,.T.);
#612=FACE_BOUND('',#1470,.T.);
#613=FACE_BOUND('',#1472,.T.);
#614=FACE_BOUND('',#1517,.T.);
#615=FACE_BOUND('',#1518,.T.);
#616=FACE_BOUND('',#1530,.T.);
#617=FACE_BOUND('',#1531,.T.);
#618=FACE_BOUND('',#1545,.T.);
#619=FACE_BOUND('',#1550,.T.);
#620=FACE_BOUND('',#1555,.T.);
#621=FACE_BOUND('',#1566,.T.);
#622=FACE_BOUND('',#1574,.T.);
#623=FACE_BOUND('',#1576,.T.);
#624=FACE_BOUND('',#1587,.T.);
#625=FACE_BOUND('',#1598,.T.);
#626=FACE_BOUND('',#1604,.T.);
#627=FACE_BOUND('',#1606,.T.);
#628=FACE_BOUND('',#1610,.T.);
#629=FACE_BOUND('',#1615,.T.);
#630=FACE_BOUND('',#1640,.T.);
#631=FACE_BOUND('',#1643,.T.);
#632=B_SPLINE_CURVE_WITH_KNOTS('',3,(#10235,#10236,#10237,#10238,#10239,
#10240,#10241,#10242,#10243,#10244,#10245,#10246,#10247,#10248,#10249,#10250,
#10251,#10252,#10253,#10254,#10255,#10256,#10257,#10258,#10259,#10260,#10261,
#10262,#10263,#10264,#10265,#10266,#10267,#10268,#10269,#10270,#10271,#10272,
#10273,#10274,#10275,#10276),.UNSPECIFIED.,.T.,.F.,(4,2,2,2,2,2,2,2,2,2,
2,2,2,2,2,2,2,2,2,2,4),(0.,0.0254330140204303,0.0508660280408605,0.101732056081721,
0.150747411638464,0.199762767195206,0.248778122751949,0.297793478308691,
0.348659506349552,0.374092520369982,0.399525534390412,0.424958548410843,
0.450391562431273,0.501257590472133,0.550272946028876,0.599288301585618,
0.648303657142361,0.697319012699103,0.748185040739964,0.773618054760394,
0.799051068780825),.UNSPECIFIED.);
#633=B_SPLINE_CURVE_WITH_KNOTS('',3,(#11307,#11308,#11309,#11310),
 .UNSPECIFIED.,.F.,.F.,(4,4),(0.,0.0500542695670361),.UNSPECIFIED.);
#634=B_SPLINE_CURVE_WITH_KNOTS('',3,(#11329,#11330,#11331,#11332),
 .UNSPECIFIED.,.F.,.F.,(4,4),(0.,0.0500542881577531),.UNSPECIFIED.);
#635=B_SPLINE_CURVE_WITH_KNOTS('',3,(#11338,#11339,#11340,#11341),
 .UNSPECIFIED.,.F.,.F.,(4,4),(0.,0.0500542695670343),.UNSPECIFIED.);
#636=B_SPLINE_CURVE_WITH_KNOTS('',3,(#11365,#11366,#11367,#11368),
 .UNSPECIFIED.,.F.,.F.,(4,4),(0.,0.0500542881577612),.UNSPECIFIED.);
#637=B_SPLINE_CURVE_WITH_KNOTS('',3,(#12237,#12238,#12239,#12240,#12241,
#12242,#12243,#12244,#12245,#12246,#12247),.UNSPECIFIED.,.F.,.F.,(4,1,1,
1,1,1,1,1,4),(0.,0.448798950512828,0.897597901025655,1.34639685153848,1.79519580205131,
2.69279370307697,3.59039160410262,4.48798950512828,4.71239053099),
 .UNSPECIFIED.);
#638=B_SPLINE_CURVE_WITH_KNOTS('',3,(#12248,#12249,#12250,#12251,#12252,
#12253,#12254),.UNSPECIFIED.,.F.,.F.,(4,1,1,1,4),(4.71239053099,4.9367884556411,
5.38558740615393,5.83438635666676,6.28318530717959),.UNSPECIFIED.);
#639=B_SPLINE_CURVE_WITH_KNOTS('',3,(#12255,#12256,#12257,#12258,#12259,
#12260,#12261,#12262,#12263,#12264,#12265,#12266,#12267,#12268),
 .UNSPECIFIED.,.T.,.F.,(4,1,1,1,1,1,1,1,1,1,1,4),(-6.28318530717959,-5.83438635666676,
-5.38558740615393,-4.9367884556411,-4.48798950512828,-3.59039160410262,
-2.69279370307697,-1.79519580205131,-1.34639685153848,-0.897597901025655,
-0.448798950512828,0.),.UNSPECIFIED.);
#640=CYLINDRICAL_SURFACE('',#7256,1.5);
#641=CYLINDRICAL_SURFACE('',#7260,1.2295);
#642=CYLINDRICAL_SURFACE('',#7265,1.2295);
#643=CYLINDRICAL_SURFACE('',#7268,3.3235);
#644=CYLINDRICAL_SURFACE('',#7272,3.3235);
#645=CYLINDRICAL_SURFACE('',#7276,4.188);
#646=CYLINDRICAL_SURFACE('',#7280,4.188);
#647=CYLINDRICAL_SURFACE('',#7284,2.4585);
#648=CYLINDRICAL_SURFACE('',#7288,2.4585);
#649=CYLINDRICAL_SURFACE('',#7296,2.4585);
#650=CYLINDRICAL_SURFACE('',#7299,2.4585);
#651=CYLINDRICAL_SURFACE('',#7302,1.5);
#652=CYLINDRICAL_SURFACE('',#7308,3.);
#653=CYLINDRICAL_SURFACE('',#7313,3.);
#654=CYLINDRICAL_SURFACE('',#7326,3.);
#655=CYLINDRICAL_SURFACE('',#7345,6.);
#656=CYLINDRICAL_SURFACE('',#7352,4.);
#657=CYLINDRICAL_SURFACE('',#7366,6.5);
#658=CYLINDRICAL_SURFACE('',#7379,7.5);
#659=CYLINDRICAL_SURFACE('',#7390,5.);
#660=CYLINDRICAL_SURFACE('',#7395,2.4585);
#661=CYLINDRICAL_SURFACE('',#7399,5.);
#662=CYLINDRICAL_SURFACE('',#7405,4.188);
#663=CYLINDRICAL_SURFACE('',#7427,20.);
#664=CYLINDRICAL_SURFACE('',#7436,20.);
#665=CYLINDRICAL_SURFACE('',#7459,15.34414402);
#666=CYLINDRICAL_SURFACE('',#7464,8.25);
#667=CYLINDRICAL_SURFACE('',#7468,9.5);
#668=CYLINDRICAL_SURFACE('',#7472,9.8);
#669=CYLINDRICAL_SURFACE('',#7476,9.5);
#670=CYLINDRICAL_SURFACE('',#7478,0.805);
#671=CYLINDRICAL_SURFACE('',#7481,1.);
#672=CYLINDRICAL_SURFACE('',#7484,0.1);
#673=CYLINDRICAL_SURFACE('',#7487,0.1);
#674=CYLINDRICAL_SURFACE('',#7490,0.205);
#675=CYLINDRICAL_SURFACE('',#7494,0.805);
#676=CYLINDRICAL_SURFACE('',#7500,0.205);
#677=CYLINDRICAL_SURFACE('',#7502,0.805);
#678=CYLINDRICAL_SURFACE('',#7513,0.55);
#679=CYLINDRICAL_SURFACE('',#7514,0.9);
#680=CYLINDRICAL_SURFACE('',#7521,0.95);
#681=CYLINDRICAL_SURFACE('',#7522,0.9125);
#682=CYLINDRICAL_SURFACE('',#7530,0.5);
#683=CYLINDRICAL_SURFACE('',#7531,0.5375);
#684=CYLINDRICAL_SURFACE('',#7534,0.9125);
#685=CYLINDRICAL_SURFACE('',#7536,0.5375);
#686=CYLINDRICAL_SURFACE('',#7545,3.);
#687=CYLINDRICAL_SURFACE('',#7550,6.);
#688=CYLINDRICAL_SURFACE('',#7564,3.);
#689=CYLINDRICAL_SURFACE('',#7578,5.);
#690=CYLINDRICAL_SURFACE('',#7589,1.2295);
#691=CYLINDRICAL_SURFACE('',#7593,1.2295);
#692=CYLINDRICAL_SURFACE('',#7597,1.2295);
#693=CYLINDRICAL_SURFACE('',#7601,1.2295);
#694=CYLINDRICAL_SURFACE('',#7641,5.);
#695=CYLINDRICAL_SURFACE('',#7647,8.);
#696=CYLINDRICAL_SURFACE('',#7649,8.);
#697=CYLINDRICAL_SURFACE('',#7654,1.75);
#698=CYLINDRICAL_SURFACE('',#7657,1.5);
#699=CYLINDRICAL_SURFACE('',#7660,1.5);
#700=CYLINDRICAL_SURFACE('',#7693,6.);
#701=CYLINDRICAL_SURFACE('',#7695,5.);
#702=CYLINDRICAL_SURFACE('',#7697,6.);
#703=CYLINDRICAL_SURFACE('',#7703,6.);
#704=CYLINDRICAL_SURFACE('',#7705,6.);
#705=CYLINDRICAL_SURFACE('',#7712,5.);
#706=CYLINDRICAL_SURFACE('',#7714,1.15);
#707=CYLINDRICAL_SURFACE('',#7721,1.15);
#708=CYLINDRICAL_SURFACE('',#7728,1.5);
#709=CYLINDRICAL_SURFACE('',#7731,1.5);
#710=CYLINDRICAL_SURFACE('',#7734,1.5);
#711=CYLINDRICAL_SURFACE('',#7742,0.115);
#712=CYLINDRICAL_SURFACE('',#7745,0.115);
#713=CYLINDRICAL_SURFACE('',#7748,0.115);
#714=CYLINDRICAL_SURFACE('',#7751,0.315);
#715=CYLINDRICAL_SURFACE('',#7784,0.03);
#716=CYLINDRICAL_SURFACE('',#7786,0.015);
#717=CYLINDRICAL_SURFACE('',#7787,0.015);
#718=CYLINDRICAL_SURFACE('',#7789,0.03);
#719=CYLINDRICAL_SURFACE('',#7790,0.215);
#720=CYLINDRICAL_SURFACE('',#7791,0.03);
#721=CYLINDRICAL_SURFACE('',#7793,0.03);
#722=CYLINDRICAL_SURFACE('',#7794,0.03);
#723=CYLINDRICAL_SURFACE('',#7796,0.03);
#724=CYLINDRICAL_SURFACE('',#7797,0.215);
#725=CYLINDRICAL_SURFACE('',#7798,0.03);
#726=CYLINDRICAL_SURFACE('',#7800,0.015);
#727=CYLINDRICAL_SURFACE('',#7801,0.03);
#728=CYLINDRICAL_SURFACE('',#7803,0.015);
#729=CYLINDRICAL_SURFACE('',#7808,1.75);
#730=CYLINDRICAL_SURFACE('',#7813,1.75);
#731=CYLINDRICAL_SURFACE('',#7815,1.);
#732=CYLINDRICAL_SURFACE('',#7821,1.);
#733=CYLINDRICAL_SURFACE('',#7824,1.);
#734=CYLINDRICAL_SURFACE('',#7830,1.);
#735=CYLINDRICAL_SURFACE('',#7833,5.50000000000002);
#736=CYLINDRICAL_SURFACE('',#7843,2.50000000000002);
#737=CYLINDRICAL_SURFACE('',#7850,1.5);
#738=CYLINDRICAL_SURFACE('',#7869,3.);
#739=CYLINDRICAL_SURFACE('',#7876,1.5);
#740=CYLINDRICAL_SURFACE('',#7890,2.75);
#741=CYLINDRICAL_SURFACE('',#7899,0.500000000000001);
#742=CYLINDRICAL_SURFACE('',#7908,1.2295);
#743=CYLINDRICAL_SURFACE('',#7929,1.5);
#744=CYLINDRICAL_SURFACE('',#7937,1.5);
#745=CYLINDRICAL_SURFACE('',#7952,4.2);
#746=CYLINDRICAL_SURFACE('',#7955,8.);
#747=CYLINDRICAL_SURFACE('',#7966,1.5);
#748=CYLINDRICAL_SURFACE('',#7980,2.75);
#749=CYLINDRICAL_SURFACE('',#7995,1.5);
#750=CYLINDRICAL_SURFACE('',#8002,1.5);
#751=CYLINDRICAL_SURFACE('',#8007,1.5);
#752=CYLINDRICAL_SURFACE('',#8014,1.5);
#753=CYLINDRICAL_SURFACE('',#8023,1.5);
#754=CYLINDRICAL_SURFACE('',#8028,1.2295);
#755=FACE_OUTER_BOUND('',#1163,.T.);
#756=FACE_OUTER_BOUND('',#1164,.T.);
#757=FACE_OUTER_BOUND('',#1166,.T.);
#758=FACE_OUTER_BOUND('',#1169,.T.);
#759=FACE_OUTER_BOUND('',#1170,.T.);
#760=FACE_OUTER_BOUND('',#1171,.T.);
#761=FACE_OUTER_BOUND('',#1172,.T.);
#762=FACE_OUTER_BOUND('',#1173,.T.);
#763=FACE_OUTER_BOUND('',#1174,.T.);
#764=FACE_OUTER_BOUND('',#1175,.T.);
#765=FACE_OUTER_BOUND('',#1176,.T.);
#766=FACE_OUTER_BOUND('',#1177,.T.);
#767=FACE_OUTER_BOUND('',#1178,.T.);
#768=FACE_OUTER_BOUND('',#1179,.T.);
#769=FACE_OUTER_BOUND('',#1180,.T.);
#770=FACE_OUTER_BOUND('',#1181,.T.);
#771=FACE_OUTER_BOUND('',#1182,.T.);
#772=FACE_OUTER_BOUND('',#1183,.T.);
#773=FACE_OUTER_BOUND('',#1184,.T.);
#774=FACE_OUTER_BOUND('',#1185,.T.);
#775=FACE_OUTER_BOUND('',#1188,.T.);
#776=FACE_OUTER_BOUND('',#1189,.T.);
#777=FACE_OUTER_BOUND('',#1192,.T.);
#778=FACE_OUTER_BOUND('',#1194,.T.);
#779=FACE_OUTER_BOUND('',#1197,.T.);
#780=FACE_OUTER_BOUND('',#1198,.T.);
#781=FACE_OUTER_BOUND('',#1199,.T.);
#782=FACE_OUTER_BOUND('',#1200,.T.);
#783=FACE_OUTER_BOUND('',#1201,.T.);
#784=FACE_OUTER_BOUND('',#1202,.T.);
#785=FACE_OUTER_BOUND('',#1203,.T.);
#786=FACE_OUTER_BOUND('',#1204,.T.);
#787=FACE_OUTER_BOUND('',#1205,.T.);
#788=FACE_OUTER_BOUND('',#1206,.T.);
#789=FACE_OUTER_BOUND('',#1212,.T.);
#790=FACE_OUTER_BOUND('',#1213,.T.);
#791=FACE_OUTER_BOUND('',#1219,.T.);
#792=FACE_OUTER_BOUND('',#1220,.T.);
#793=FACE_OUTER_BOUND('',#1221,.T.);
#794=FACE_OUTER_BOUND('',#1222,.T.);
#795=FACE_OUTER_BOUND('',#1223,.T.);
#796=FACE_OUTER_BOUND('',#1224,.T.);
#797=FACE_OUTER_BOUND('',#1225,.T.);
#798=FACE_OUTER_BOUND('',#1226,.T.);
#799=FACE_OUTER_BOUND('',#1227,.T.);
#800=FACE_OUTER_BOUND('',#1228,.T.);
#801=FACE_OUTER_BOUND('',#1229,.T.);
#802=FACE_OUTER_BOUND('',#1230,.T.);
#803=FACE_OUTER_BOUND('',#1231,.T.);
#804=FACE_OUTER_BOUND('',#1232,.T.);
#805=FACE_OUTER_BOUND('',#1234,.T.);
#806=FACE_OUTER_BOUND('',#1235,.T.);
#807=FACE_OUTER_BOUND('',#1236,.T.);
#808=FACE_OUTER_BOUND('',#1237,.T.);
#809=FACE_OUTER_BOUND('',#1239,.T.);
#810=FACE_OUTER_BOUND('',#1240,.T.);
#811=FACE_OUTER_BOUND('',#1241,.T.);
#812=FACE_OUTER_BOUND('',#1242,.T.);
#813=FACE_OUTER_BOUND('',#1244,.T.);
#814=FACE_OUTER_BOUND('',#1245,.T.);
#815=FACE_OUTER_BOUND('',#1246,.T.);
#816=FACE_OUTER_BOUND('',#1247,.T.);
#817=FACE_OUTER_BOUND('',#1248,.T.);
#818=FACE_OUTER_BOUND('',#1249,.T.);
#819=FACE_OUTER_BOUND('',#1250,.T.);
#820=FACE_OUTER_BOUND('',#1251,.T.);
#821=FACE_OUTER_BOUND('',#1252,.T.);
#822=FACE_OUTER_BOUND('',#1253,.T.);
#823=FACE_OUTER_BOUND('',#1254,.T.);
#824=FACE_OUTER_BOUND('',#1256,.T.);
#825=FACE_OUTER_BOUND('',#1257,.T.);
#826=FACE_OUTER_BOUND('',#1259,.T.);
#827=FACE_OUTER_BOUND('',#1260,.T.);
#828=FACE_OUTER_BOUND('',#1261,.T.);
#829=FACE_OUTER_BOUND('',#1263,.T.);
#830=FACE_OUTER_BOUND('',#1264,.T.);
#831=FACE_OUTER_BOUND('',#1265,.T.);
#832=FACE_OUTER_BOUND('',#1266,.T.);
#833=FACE_OUTER_BOUND('',#1267,.T.);
#834=FACE_OUTER_BOUND('',#1268,.T.);
#835=FACE_OUTER_BOUND('',#1269,.T.);
#836=FACE_OUTER_BOUND('',#1270,.T.);
#837=FACE_OUTER_BOUND('',#1272,.T.);
#838=FACE_OUTER_BOUND('',#1273,.T.);
#839=FACE_OUTER_BOUND('',#1275,.T.);
#840=FACE_OUTER_BOUND('',#1276,.T.);
#841=FACE_OUTER_BOUND('',#1277,.T.);
#842=FACE_OUTER_BOUND('',#1278,.T.);
#843=FACE_OUTER_BOUND('',#1279,.T.);
#844=FACE_OUTER_BOUND('',#1280,.T.);
#845=FACE_OUTER_BOUND('',#1281,.T.);
#846=FACE_OUTER_BOUND('',#1282,.T.);
#847=FACE_OUTER_BOUND('',#1283,.T.);
#848=FACE_OUTER_BOUND('',#1284,.T.);
#849=FACE_OUTER_BOUND('',#1285,.T.);
#850=FACE_OUTER_BOUND('',#1287,.T.);
#851=FACE_OUTER_BOUND('',#1288,.T.);
#852=FACE_OUTER_BOUND('',#1289,.T.);
#853=FACE_OUTER_BOUND('',#1291,.T.);
#854=FACE_OUTER_BOUND('',#1292,.T.);
#855=FACE_OUTER_BOUND('',#1293,.T.);
#856=FACE_OUTER_BOUND('',#1294,.T.);
#857=FACE_OUTER_BOUND('',#1295,.T.);
#858=FACE_OUTER_BOUND('',#1296,.T.);
#859=FACE_OUTER_BOUND('',#1297,.T.);
#860=FACE_OUTER_BOUND('',#1298,.T.);
#861=FACE_OUTER_BOUND('',#1299,.T.);
#862=FACE_OUTER_BOUND('',#1301,.T.);
#863=FACE_OUTER_BOUND('',#1302,.T.);
#864=FACE_OUTER_BOUND('',#1304,.T.);
#865=FACE_OUTER_BOUND('',#1305,.T.);
#866=FACE_OUTER_BOUND('',#1307,.T.);
#867=FACE_OUTER_BOUND('',#1308,.T.);
#868=FACE_OUTER_BOUND('',#1309,.T.);
#869=FACE_OUTER_BOUND('',#1310,.T.);
#870=FACE_OUTER_BOUND('',#1311,.T.);
#871=FACE_OUTER_BOUND('',#1312,.T.);
#872=FACE_OUTER_BOUND('',#1313,.T.);
#873=FACE_OUTER_BOUND('',#1314,.T.);
#874=FACE_OUTER_BOUND('',#1315,.T.);
#875=FACE_OUTER_BOUND('',#1318,.T.);
#876=FACE_OUTER_BOUND('',#1319,.T.);
#877=FACE_OUTER_BOUND('',#1320,.T.);
#878=FACE_OUTER_BOUND('',#1321,.T.);
#879=FACE_OUTER_BOUND('',#1324,.T.);
#880=FACE_OUTER_BOUND('',#1326,.T.);
#881=FACE_OUTER_BOUND('',#1328,.T.);
#882=FACE_OUTER_BOUND('',#1329,.T.);
#883=FACE_OUTER_BOUND('',#1330,.T.);
#884=FACE_OUTER_BOUND('',#1332,.T.);
#885=FACE_OUTER_BOUND('',#1334,.T.);
#886=FACE_OUTER_BOUND('',#1335,.T.);
#887=FACE_OUTER_BOUND('',#1336,.T.);
#888=FACE_OUTER_BOUND('',#1338,.T.);
#889=FACE_OUTER_BOUND('',#1340,.T.);
#890=FACE_OUTER_BOUND('',#1341,.T.);
#891=FACE_OUTER_BOUND('',#1342,.T.);
#892=FACE_OUTER_BOUND('',#1344,.T.);
#893=FACE_OUTER_BOUND('',#1345,.T.);
#894=FACE_OUTER_BOUND('',#1346,.T.);
#895=FACE_OUTER_BOUND('',#1348,.T.);
#896=FACE_OUTER_BOUND('',#1349,.T.);
#897=FACE_OUTER_BOUND('',#1351,.T.);
#898=FACE_OUTER_BOUND('',#1352,.T.);
#899=FACE_OUTER_BOUND('',#1353,.T.);
#900=FACE_OUTER_BOUND('',#1354,.T.);
#901=FACE_OUTER_BOUND('',#1355,.T.);
#902=FACE_OUTER_BOUND('',#1357,.T.);
#903=FACE_OUTER_BOUND('',#1358,.T.);
#904=FACE_OUTER_BOUND('',#1359,.T.);
#905=FACE_OUTER_BOUND('',#1360,.T.);
#906=FACE_OUTER_BOUND('',#1362,.T.);
#907=FACE_OUTER_BOUND('',#1363,.T.);
#908=FACE_OUTER_BOUND('',#1364,.T.);
#909=FACE_OUTER_BOUND('',#1365,.T.);
#910=FACE_OUTER_BOUND('',#1367,.T.);
#911=FACE_OUTER_BOUND('',#1368,.T.);
#912=FACE_OUTER_BOUND('',#1369,.T.);
#913=FACE_OUTER_BOUND('',#1370,.T.);
#914=FACE_OUTER_BOUND('',#1371,.T.);
#915=FACE_OUTER_BOUND('',#1372,.T.);
#916=FACE_OUTER_BOUND('',#1373,.T.);
#917=FACE_OUTER_BOUND('',#1374,.T.);
#918=FACE_OUTER_BOUND('',#1375,.T.);
#919=FACE_OUTER_BOUND('',#1376,.T.);
#920=FACE_OUTER_BOUND('',#1377,.T.);
#921=FACE_OUTER_BOUND('',#1378,.T.);
#922=FACE_OUTER_BOUND('',#1379,.T.);
#923=FACE_OUTER_BOUND('',#1380,.T.);
#924=FACE_OUTER_BOUND('',#1381,.T.);
#925=FACE_OUTER_BOUND('',#1382,.T.);
#926=FACE_OUTER_BOUND('',#1383,.T.);
#927=FACE_OUTER_BOUND('',#1384,.T.);
#928=FACE_OUTER_BOUND('',#1385,.T.);
#929=FACE_OUTER_BOUND('',#1386,.T.);
#930=FACE_OUTER_BOUND('',#1387,.T.);
#931=FACE_OUTER_BOUND('',#1388,.T.);
#932=FACE_OUTER_BOUND('',#1389,.T.);
#933=FACE_OUTER_BOUND('',#1390,.T.);
#934=FACE_OUTER_BOUND('',#1391,.T.);
#935=FACE_OUTER_BOUND('',#1392,.T.);
#936=FACE_OUTER_BOUND('',#1393,.T.);
#937=FACE_OUTER_BOUND('',#1394,.T.);
#938=FACE_OUTER_BOUND('',#1395,.T.);
#939=FACE_OUTER_BOUND('',#1396,.T.);
#940=FACE_OUTER_BOUND('',#1397,.T.);
#941=FACE_OUTER_BOUND('',#1398,.T.);
#942=FACE_OUTER_BOUND('',#1399,.T.);
#943=FACE_OUTER_BOUND('',#1400,.T.);
#944=FACE_OUTER_BOUND('',#1401,.T.);
#945=FACE_OUTER_BOUND('',#1402,.T.);
#946=FACE_OUTER_BOUND('',#1403,.T.);
#947=FACE_OUTER_BOUND('',#1404,.T.);
#948=FACE_OUTER_BOUND('',#1405,.T.);
#949=FACE_OUTER_BOUND('',#1406,.T.);
#950=FACE_OUTER_BOUND('',#1407,.T.);
#951=FACE_OUTER_BOUND('',#1408,.T.);
#952=FACE_OUTER_BOUND('',#1409,.T.);
#953=FACE_OUTER_BOUND('',#1412,.T.);
#954=FACE_OUTER_BOUND('',#1414,.T.);
#955=FACE_OUTER_BOUND('',#1415,.T.);
#956=FACE_OUTER_BOUND('',#1416,.T.);
#957=FACE_OUTER_BOUND('',#1417,.T.);
#958=FACE_OUTER_BOUND('',#1419,.T.);
#959=FACE_OUTER_BOUND('',#1420,.T.);
#960=FACE_OUTER_BOUND('',#1421,.T.);
#961=FACE_OUTER_BOUND('',#1422,.T.);
#962=FACE_OUTER_BOUND('',#1423,.T.);
#963=FACE_OUTER_BOUND('',#1424,.T.);
#964=FACE_OUTER_BOUND('',#1425,.T.);
#965=FACE_OUTER_BOUND('',#1426,.T.);
#966=FACE_OUTER_BOUND('',#1427,.T.);
#967=FACE_OUTER_BOUND('',#1428,.T.);
#968=FACE_OUTER_BOUND('',#1429,.T.);
#969=FACE_OUTER_BOUND('',#1430,.T.);
#970=FACE_OUTER_BOUND('',#1431,.T.);
#971=FACE_OUTER_BOUND('',#1432,.T.);
#972=FACE_OUTER_BOUND('',#1433,.T.);
#973=FACE_OUTER_BOUND('',#1434,.T.);
#974=FACE_OUTER_BOUND('',#1435,.T.);
#975=FACE_OUTER_BOUND('',#1436,.T.);
#976=FACE_OUTER_BOUND('',#1437,.T.);
#977=FACE_OUTER_BOUND('',#1438,.T.);
#978=FACE_OUTER_BOUND('',#1439,.T.);
#979=FACE_OUTER_BOUND('',#1440,.T.);
#980=FACE_OUTER_BOUND('',#1441,.T.);
#981=FACE_OUTER_BOUND('',#1442,.T.);
#982=FACE_OUTER_BOUND('',#1443,.T.);
#983=FACE_OUTER_BOUND('',#1444,.T.);
#984=FACE_OUTER_BOUND('',#1445,.T.);
#985=FACE_OUTER_BOUND('',#1446,.T.);
#986=FACE_OUTER_BOUND('',#1447,.T.);
#987=FACE_OUTER_BOUND('',#1449,.T.);
#988=FACE_OUTER_BOUND('',#1451,.T.);
#989=FACE_OUTER_BOUND('',#1453,.T.);
#990=FACE_OUTER_BOUND('',#1454,.T.);
#991=FACE_OUTER_BOUND('',#1455,.T.);
#992=FACE_OUTER_BOUND('',#1457,.T.);
#993=FACE_OUTER_BOUND('',#1458,.T.);
#994=FACE_OUTER_BOUND('',#1460,.T.);
#995=FACE_OUTER_BOUND('',#1462,.T.);
#996=FACE_OUTER_BOUND('',#1463,.T.);
#997=FACE_OUTER_BOUND('',#1464,.T.);
#998=FACE_OUTER_BOUND('',#1466,.T.);
#999=FACE_OUTER_BOUND('',#1468,.T.);
#1000=FACE_OUTER_BOUND('',#1469,.T.);
#1001=FACE_OUTER_BOUND('',#1471,.T.);
#1002=FACE_OUTER_BOUND('',#1473,.T.);
#1003=FACE_OUTER_BOUND('',#1474,.T.);
#1004=FACE_OUTER_BOUND('',#1475,.T.);
#1005=FACE_OUTER_BOUND('',#1476,.T.);
#1006=FACE_OUTER_BOUND('',#1477,.T.);
#1007=FACE_OUTER_BOUND('',#1478,.T.);
#1008=FACE_OUTER_BOUND('',#1479,.T.);
#1009=FACE_OUTER_BOUND('',#1480,.T.);
#1010=FACE_OUTER_BOUND('',#1481,.T.);
#1011=FACE_OUTER_BOUND('',#1482,.T.);
#1012=FACE_OUTER_BOUND('',#1483,.T.);
#1013=FACE_OUTER_BOUND('',#1484,.T.);
#1014=FACE_OUTER_BOUND('',#1485,.T.);
#1015=FACE_OUTER_BOUND('',#1486,.T.);
#1016=FACE_OUTER_BOUND('',#1487,.T.);
#1017=FACE_OUTER_BOUND('',#1488,.T.);
#1018=FACE_OUTER_BOUND('',#1489,.T.);
#1019=FACE_OUTER_BOUND('',#1490,.T.);
#1020=FACE_OUTER_BOUND('',#1491,.T.);
#1021=FACE_OUTER_BOUND('',#1492,.T.);
#1022=FACE_OUTER_BOUND('',#1493,.T.);
#1023=FACE_OUTER_BOUND('',#1494,.T.);
#1024=FACE_OUTER_BOUND('',#1495,.T.);
#1025=FACE_OUTER_BOUND('',#1496,.T.);
#1026=FACE_OUTER_BOUND('',#1497,.T.);
#1027=FACE_OUTER_BOUND('',#1498,.T.);
#1028=FACE_OUTER_BOUND('',#1499,.T.);
#1029=FACE_OUTER_BOUND('',#1500,.T.);
#1030=FACE_OUTER_BOUND('',#1501,.T.);
#1031=FACE_OUTER_BOUND('',#1502,.T.);
#1032=FACE_OUTER_BOUND('',#1503,.T.);
#1033=FACE_OUTER_BOUND('',#1504,.T.);
#1034=FACE_OUTER_BOUND('',#1505,.T.);
#1035=FACE_OUTER_BOUND('',#1506,.T.);
#1036=FACE_OUTER_BOUND('',#1507,.T.);
#1037=FACE_OUTER_BOUND('',#1508,.T.);
#1038=FACE_OUTER_BOUND('',#1509,.T.);
#1039=FACE_OUTER_BOUND('',#1510,.T.);
#1040=FACE_OUTER_BOUND('',#1511,.T.);
#1041=FACE_OUTER_BOUND('',#1512,.T.);
#1042=FACE_OUTER_BOUND('',#1513,.T.);
#1043=FACE_OUTER_BOUND('',#1514,.T.);
#1044=FACE_OUTER_BOUND('',#1515,.T.);
#1045=FACE_OUTER_BOUND('',#1516,.T.);
#1046=FACE_OUTER_BOUND('',#1519,.T.);
#1047=FACE_OUTER_BOUND('',#1520,.T.);
#1048=FACE_OUTER_BOUND('',#1521,.T.);
#1049=FACE_OUTER_BOUND('',#1522,.T.);
#1050=FACE_OUTER_BOUND('',#1523,.T.);
#1051=FACE_OUTER_BOUND('',#1524,.T.);
#1052=FACE_OUTER_BOUND('',#1525,.T.);
#1053=FACE_OUTER_BOUND('',#1526,.T.);
#1054=FACE_OUTER_BOUND('',#1527,.T.);
#1055=FACE_OUTER_BOUND('',#1528,.T.);
#1056=FACE_OUTER_BOUND('',#1529,.T.);
#1057=FACE_OUTER_BOUND('',#1532,.T.);
#1058=FACE_OUTER_BOUND('',#1533,.T.);
#1059=FACE_OUTER_BOUND('',#1534,.T.);
#1060=FACE_OUTER_BOUND('',#1535,.T.);
#1061=FACE_OUTER_BOUND('',#1536,.T.);
#1062=FACE_OUTER_BOUND('',#1537,.T.);
#1063=FACE_OUTER_BOUND('',#1538,.T.);
#1064=FACE_OUTER_BOUND('',#1539,.T.);
#1065=FACE_OUTER_BOUND('',#1540,.T.);
#1066=FACE_OUTER_BOUND('',#1541,.T.);
#1067=FACE_OUTER_BOUND('',#1542,.T.);
#1068=FACE_OUTER_BOUND('',#1543,.T.);
#1069=FACE_OUTER_BOUND('',#1544,.T.);
#1070=FACE_OUTER_BOUND('',#1546,.T.);
#1071=FACE_OUTER_BOUND('',#1547,.T.);
#1072=FACE_OUTER_BOUND('',#1548,.T.);
#1073=FACE_OUTER_BOUND('',#1549,.T.);
#1074=FACE_OUTER_BOUND('',#1551,.T.);
#1075=FACE_OUTER_BOUND('',#1552,.T.);
#1076=FACE_OUTER_BOUND('',#1553,.T.);
#1077=FACE_OUTER_BOUND('',#1554,.T.);
#1078=FACE_OUTER_BOUND('',#1556,.T.);
#1079=FACE_OUTER_BOUND('',#1557,.T.);
#1080=FACE_OUTER_BOUND('',#1558,.T.);
#1081=FACE_OUTER_BOUND('',#1559,.T.);
#1082=FACE_OUTER_BOUND('',#1560,.T.);
#1083=FACE_OUTER_BOUND('',#1561,.T.);
#1084=FACE_OUTER_BOUND('',#1562,.T.);
#1085=FACE_OUTER_BOUND('',#1563,.T.);
#1086=FACE_OUTER_BOUND('',#1564,.T.);
#1087=FACE_OUTER_BOUND('',#1565,.T.);
#1088=FACE_OUTER_BOUND('',#1567,.T.);
#1089=FACE_OUTER_BOUND('',#1568,.T.);
#1090=FACE_OUTER_BOUND('',#1569,.T.);
#1091=FACE_OUTER_BOUND('',#1570,.T.);
#1092=FACE_OUTER_BOUND('',#1571,.T.);
#1093=FACE_OUTER_BOUND('',#1572,.T.);
#1094=FACE_OUTER_BOUND('',#1573,.T.);
#1095=FACE_OUTER_BOUND('',#1575,.T.);
#1096=FACE_OUTER_BOUND('',#1577,.T.);
#1097=FACE_OUTER_BOUND('',#1578,.T.);
#1098=FACE_OUTER_BOUND('',#1579,.T.);
#1099=FACE_OUTER_BOUND('',#1580,.T.);
#1100=FACE_OUTER_BOUND('',#1581,.T.);
#1101=FACE_OUTER_BOUND('',#1582,.T.);
#1102=FACE_OUTER_BOUND('',#1583,.T.);
#1103=FACE_OUTER_BOUND('',#1584,.T.);
#1104=FACE_OUTER_BOUND('',#1585,.T.);
#1105=FACE_OUTER_BOUND('',#1586,.T.);
#1106=FACE_OUTER_BOUND('',#1588,.T.);
#1107=FACE_OUTER_BOUND('',#1589,.T.);
#1108=FACE_OUTER_BOUND('',#1590,.T.);
#1109=FACE_OUTER_BOUND('',#1591,.T.);
#1110=FACE_OUTER_BOUND('',#1592,.T.);
#1111=FACE_OUTER_BOUND('',#1593,.T.);
#1112=FACE_OUTER_BOUND('',#1594,.T.);
#1113=FACE_OUTER_BOUND('',#1595,.T.);
#1114=FACE_OUTER_BOUND('',#1596,.T.);
#1115=FACE_OUTER_BOUND('',#1597,.T.);
#1116=FACE_OUTER_BOUND('',#1599,.T.);
#1117=FACE_OUTER_BOUND('',#1600,.T.);
#1118=FACE_OUTER_BOUND('',#1601,.T.);
#1119=FACE_OUTER_BOUND('',#1602,.T.);
#1120=FACE_OUTER_BOUND('',#1603,.T.);
#1121=FACE_OUTER_BOUND('',#1605,.T.);
#1122=FACE_OUTER_BOUND('',#1607,.T.);
#1123=FACE_OUTER_BOUND('',#1608,.T.);
#1124=FACE_OUTER_BOUND('',#1609,.T.);
#1125=FACE_OUTER_BOUND('',#1611,.T.);
#1126=FACE_OUTER_BOUND('',#1612,.T.);
#1127=FACE_OUTER_BOUND('',#1613,.T.);
#1128=FACE_OUTER_BOUND('',#1614,.T.);
#1129=FACE_OUTER_BOUND('',#1616,.T.);
#1130=FACE_OUTER_BOUND('',#1617,.T.);
#1131=FACE_OUTER_BOUND('',#1618,.T.);
#1132=FACE_OUTER_BOUND('',#1619,.T.);
#1133=FACE_OUTER_BOUND('',#1620,.T.);
#1134=FACE_OUTER_BOUND('',#1621,.T.);
#1135=FACE_OUTER_BOUND('',#1622,.T.);
#1136=FACE_OUTER_BOUND('',#1623,.T.);
#1137=FACE_OUTER_BOUND('',#1624,.T.);
#1138=FACE_OUTER_BOUND('',#1625,.T.);
#1139=FACE_OUTER_BOUND('',#1626,.T.);
#1140=FACE_OUTER_BOUND('',#1627,.T.);
#1141=FACE_OUTER_BOUND('',#1628,.T.);
#1142=FACE_OUTER_BOUND('',#1629,.T.);
#1143=FACE_OUTER_BOUND('',#1630,.T.);
#1144=FACE_OUTER_BOUND('',#1631,.T.);
#1145=FACE_OUTER_BOUND('',#1632,.T.);
#1146=FACE_OUTER_BOUND('',#1633,.T.);
#1147=FACE_OUTER_BOUND('',#1634,.T.);
#1148=FACE_OUTER_BOUND('',#1635,.T.);
#1149=FACE_OUTER_BOUND('',#1636,.T.);
#1150=FACE_OUTER_BOUND('',#1637,.T.);
#1151=FACE_OUTER_BOUND('',#1638,.T.);
#1152=FACE_OUTER_BOUND('',#1639,.T.);
#1153=FACE_OUTER_BOUND('',#1641,.T.);
#1154=FACE_OUTER_BOUND('',#1642,.T.);
#1155=FACE_OUTER_BOUND('',#1644,.T.);
#1156=FACE_OUTER_BOUND('',#1645,.T.);
#1157=FACE_OUTER_BOUND('',#1646,.T.);
#1158=FACE_OUTER_BOUND('',#1647,.T.);
#1159=FACE_OUTER_BOUND('',#1648,.T.);
#1160=FACE_OUTER_BOUND('',#1649,.T.);
#1161=FACE_OUTER_BOUND('',#1650,.T.);
#1162=FACE_OUTER_BOUND('',#1651,.T.);
#1163=EDGE_LOOP('',(#4441,#4442,#4443,#4444,#4445));
#1164=EDGE_LOOP('',(#4446,#4447,#4448,#4449,#4450));
#1165=EDGE_LOOP('',(#4451));
#1166=EDGE_LOOP('',(#4452,#4453,#4454,#4455));
#1167=EDGE_LOOP('',(#4456));
#1168=EDGE_LOOP('',(#4457));
#1169=EDGE_LOOP('',(#4458,#4459,#4460,#4461));
#1170=EDGE_LOOP('',(#4462));
#1171=EDGE_LOOP('',(#4463,#4464,#4465));
#1172=EDGE_LOOP('',(#4466,#4467,#4468,#4469));
#1173=EDGE_LOOP('',(#4470,#4471,#4472));
#1174=EDGE_LOOP('',(#4473,#4474,#4475,#4476));
#1175=EDGE_LOOP('',(#4477,#4478,#4479));
#1176=EDGE_LOOP('',(#4480,#4481,#4482,#4483));
#1177=EDGE_LOOP('',(#4484,#4485,#4486));
#1178=EDGE_LOOP('',(#4487,#4488,#4489,#4490));
#1179=EDGE_LOOP('',(#4491,#4492,#4493));
#1180=EDGE_LOOP('',(#4494,#4495,#4496,#4497));
#1181=EDGE_LOOP('',(#4498,#4499,#4500));
#1182=EDGE_LOOP('',(#4501,#4502,#4503,#4504));
#1183=EDGE_LOOP('',(#4505,#4506,#4507));
#1184=EDGE_LOOP('',(#4508,#4509,#4510,#4511));
#1185=EDGE_LOOP('',(#4512,#4513,#4514,#4515));
#1186=EDGE_LOOP('',(#4516));
#1187=EDGE_LOOP('',(#4517));
#1188=EDGE_LOOP('',(#4518,#4519,#4520,#4521));
#1189=EDGE_LOOP('',(#4522,#4523,#4524,#4525));
#1190=EDGE_LOOP('',(#4526));
#1191=EDGE_LOOP('',(#4527));
#1192=EDGE_LOOP('',(#4528,#4529,#4530,#4531));
#1193=EDGE_LOOP('',(#4532));
#1194=EDGE_LOOP('',(#4533,#4534,#4535,#4536));
#1195=EDGE_LOOP('',(#4537));
#1196=EDGE_LOOP('',(#4538));
#1197=EDGE_LOOP('',(#4539,#4540,#4541,#4542));
#1198=EDGE_LOOP('',(#4543,#4544,#4545,#4546));
#1199=EDGE_LOOP('',(#4547,#4548,#4549,#4550));
#1200=EDGE_LOOP('',(#4551,#4552,#4553,#4554));
#1201=EDGE_LOOP('',(#4555,#4556,#4557,#4558));
#1202=EDGE_LOOP('',(#4559,#4560,#4561,#4562));
#1203=EDGE_LOOP('',(#4563,#4564,#4565,#4566));
#1204=EDGE_LOOP('',(#4567,#4568,#4569,#4570));
#1205=EDGE_LOOP('',(#4571,#4572,#4573,#4574));
#1206=EDGE_LOOP('',(#4575,#4576,#4577,#4578));
#1207=EDGE_LOOP('',(#4579));
#1208=EDGE_LOOP('',(#4580));
#1209=EDGE_LOOP('',(#4581));
#1210=EDGE_LOOP('',(#4582));
#1211=EDGE_LOOP('',(#4583));
#1212=EDGE_LOOP('',(#4584,#4585,#4586,#4587));
#1213=EDGE_LOOP('',(#4588,#4589,#4590,#4591));
#1214=EDGE_LOOP('',(#4592));
#1215=EDGE_LOOP('',(#4593));
#1216=EDGE_LOOP('',(#4594));
#1217=EDGE_LOOP('',(#4595));
#1218=EDGE_LOOP('',(#4596));
#1219=EDGE_LOOP('',(#4597,#4598,#4599,#4600));
#1220=EDGE_LOOP('',(#4601,#4602,#4603,#4604,#4605));
#1221=EDGE_LOOP('',(#4606,#4607,#4608,#4609,#4610,#4611));
#1222=EDGE_LOOP('',(#4612));
#1223=EDGE_LOOP('',(#4613,#4614,#4615,#4616,#4617,#4618));
#1224=EDGE_LOOP('',(#4619,#4620,#4621,#4622,#4623));
#1225=EDGE_LOOP('',(#4624,#4625,#4626,#4627));
#1226=EDGE_LOOP('',(#4628,#4629,#4630,#4631));
#1227=EDGE_LOOP('',(#4632,#4633,#4634,#4635));
#1228=EDGE_LOOP('',(#4636,#4637,#4638,#4639));
#1229=EDGE_LOOP('',(#4640,#4641,#4642,#4643));
#1230=EDGE_LOOP('',(#4644,#4645,#4646,#4647));
#1231=EDGE_LOOP('',(#4648,#4649,#4650,#4651,#4652,#4653));
#1232=EDGE_LOOP('',(#4654));
#1233=EDGE_LOOP('',(#4655,#4656,#4657,#4658,#4659,#4660));
#1234=EDGE_LOOP('',(#4661,#4662,#4663,#4664));
#1235=EDGE_LOOP('',(#4665,#4666,#4667,#4668,#4669));
#1236=EDGE_LOOP('',(#4670,#4671,#4672,#4673,#4674,#4675));
#1237=EDGE_LOOP('',(#4676));
#1238=EDGE_LOOP('',(#4677));
#1239=EDGE_LOOP('',(#4678,#4679,#4680,#4681,#4682));
#1240=EDGE_LOOP('',(#4683));
#1241=EDGE_LOOP('',(#4684,#4685,#4686,#4687,#4688));
#1242=EDGE_LOOP('',(#4689));
#1243=EDGE_LOOP('',(#4690,#4691,#4692,#4693,#4694,#4695));
#1244=EDGE_LOOP('',(#4696,#4697,#4698,#4699,#4700));
#1245=EDGE_LOOP('',(#4701,#4702,#4703,#4704));
#1246=EDGE_LOOP('',(#4705,#4706,#4707,#4708));
#1247=EDGE_LOOP('',(#4709,#4710,#4711,#4712));
#1248=EDGE_LOOP('',(#4713,#4714,#4715,#4716));
#1249=EDGE_LOOP('',(#4717,#4718,#4719,#4720,#4721));
#1250=EDGE_LOOP('',(#4722,#4723,#4724,#4725));
#1251=EDGE_LOOP('',(#4726,#4727,#4728,#4729,#4730,#4731,#4732,#4733,#4734));
#1252=EDGE_LOOP('',(#4735,#4736,#4737,#4738,#4739));
#1253=EDGE_LOOP('',(#4740,#4741,#4742,#4743,#4744));
#1254=EDGE_LOOP('',(#4745));
#1255=EDGE_LOOP('',(#4746));
#1256=EDGE_LOOP('',(#4747,#4748,#4749,#4750));
#1257=EDGE_LOOP('',(#4751));
#1258=EDGE_LOOP('',(#4752));
#1259=EDGE_LOOP('',(#4753,#4754,#4755,#4756));
#1260=EDGE_LOOP('',(#4757,#4758,#4759,#4760));
#1261=EDGE_LOOP('',(#4761));
#1262=EDGE_LOOP('',(#4762));
#1263=EDGE_LOOP('',(#4763,#4764,#4765));
#1264=EDGE_LOOP('',(#4766,#4767,#4768,#4769));
#1265=EDGE_LOOP('',(#4770,#4771,#4772,#4773));
#1266=EDGE_LOOP('',(#4774,#4775,#4776,#4777));
#1267=EDGE_LOOP('',(#4778));
#1268=EDGE_LOOP('',(#4779,#4780,#4781,#4782));
#1269=EDGE_LOOP('',(#4783,#4784,#4785,#4786,#4787));
#1270=EDGE_LOOP('',(#4788));
#1271=EDGE_LOOP('',(#4789));
#1272=EDGE_LOOP('',(#4790,#4791,#4792,#4793,#4794));
#1273=EDGE_LOOP('',(#4795));
#1274=EDGE_LOOP('',(#4796));
#1275=EDGE_LOOP('',(#4797,#4798,#4799,#4800,#4801,#4802,#4803,#4804,#4805));
#1276=EDGE_LOOP('',(#4806,#4807,#4808,#4809,#4810,#4811,#4812,#4813,#4814));
#1277=EDGE_LOOP('',(#4815,#4816,#4817,#4818));
#1278=EDGE_LOOP('',(#4819,#4820,#4821,#4822));
#1279=EDGE_LOOP('',(#4823,#4824,#4825,#4826));
#1280=EDGE_LOOP('',(#4827,#4828,#4829,#4830));
#1281=EDGE_LOOP('',(#4831,#4832,#4833,#4834));
#1282=EDGE_LOOP('',(#4835,#4836,#4837,#4838));
#1283=EDGE_LOOP('',(#4839,#4840,#4841,#4842,#4843));
#1284=EDGE_LOOP('',(#4844,#4845,#4846,#4847,#4848,#4849));
#1285=EDGE_LOOP('',(#4850));
#1286=EDGE_LOOP('',(#4851));
#1287=EDGE_LOOP('',(#4852,#4853,#4854,#4855,#4856));
#1288=EDGE_LOOP('',(#4857,#4858,#4859,#4860,#4861,#4862));
#1289=EDGE_LOOP('',(#4863));
#1290=EDGE_LOOP('',(#4864));
#1291=EDGE_LOOP('',(#4865,#4866,#4867,#4868,#4869,#4870));
#1292=EDGE_LOOP('',(#4871,#4872,#4873,#4874,#4875,#4876));
#1293=EDGE_LOOP('',(#4877,#4878,#4879,#4880,#4881,#4882));
#1294=EDGE_LOOP('',(#4883,#4884,#4885,#4886,#4887,#4888));
#1295=EDGE_LOOP('',(#4889,#4890,#4891,#4892,#4893,#4894));
#1296=EDGE_LOOP('',(#4895,#4896,#4897,#4898,#4899,#4900));
#1297=EDGE_LOOP('',(#4901,#4902,#4903,#4904,#4905,#4906));
#1298=EDGE_LOOP('',(#4907,#4908,#4909,#4910));
#1299=EDGE_LOOP('',(#4911));
#1300=EDGE_LOOP('',(#4912));
#1301=EDGE_LOOP('',(#4913,#4914,#4915,#4916));
#1302=EDGE_LOOP('',(#4917));
#1303=EDGE_LOOP('',(#4918));
#1304=EDGE_LOOP('',(#4919,#4920,#4921,#4922));
#1305=EDGE_LOOP('',(#4923));
#1306=EDGE_LOOP('',(#4924));
#1307=EDGE_LOOP('',(#4925,#4926,#4927,#4928));
#1308=EDGE_LOOP('',(#4929,#4930,#4931,#4932));
#1309=EDGE_LOOP('',(#4933,#4934,#4935,#4936));
#1310=EDGE_LOOP('',(#4937,#4938,#4939,#4940));
#1311=EDGE_LOOP('',(#4941,#4942,#4943,#4944));
#1312=EDGE_LOOP('',(#4945,#4946,#4947,#4948));
#1313=EDGE_LOOP('',(#4949,#4950,#4951,#4952));
#1314=EDGE_LOOP('',(#4953,#4954,#4955,#4956));
#1315=EDGE_LOOP('',(#4957,#4958,#4959,#4960,#4961,#4962,#4963,#4964));
#1316=EDGE_LOOP('',(#4965));
#1317=EDGE_LOOP('',(#4966));
#1318=EDGE_LOOP('',(#4967,#4968,#4969,#4970));
#1319=EDGE_LOOP('',(#4971,#4972,#4973,#4974));
#1320=EDGE_LOOP('',(#4975,#4976,#4977,#4978));
#1321=EDGE_LOOP('',(#4979,#4980,#4981,#4982,#4983,#4984,#4985,#4986));
#1322=EDGE_LOOP('',(#4987));
#1323=EDGE_LOOP('',(#4988));
#1324=EDGE_LOOP('',(#4989));
#1325=EDGE_LOOP('',(#4990));
#1326=EDGE_LOOP('',(#4991));
#1327=EDGE_LOOP('',(#4992));
#1328=EDGE_LOOP('',(#4993,#4994,#4995,#4996));
#1329=EDGE_LOOP('',(#4997,#4998,#4999,#5000));
#1330=EDGE_LOOP('',(#5001));
#1331=EDGE_LOOP('',(#5002));
#1332=EDGE_LOOP('',(#5003));
#1333=EDGE_LOOP('',(#5004));
#1334=EDGE_LOOP('',(#5005,#5006,#5007,#5008));
#1335=EDGE_LOOP('',(#5009,#5010,#5011,#5012));
#1336=EDGE_LOOP('',(#5013));
#1337=EDGE_LOOP('',(#5014));
#1338=EDGE_LOOP('',(#5015));
#1339=EDGE_LOOP('',(#5016));
#1340=EDGE_LOOP('',(#5017,#5018,#5019,#5020));
#1341=EDGE_LOOP('',(#5021,#5022,#5023,#5024));
#1342=EDGE_LOOP('',(#5025));
#1343=EDGE_LOOP('',(#5026));
#1344=EDGE_LOOP('',(#5027,#5028,#5029,#5030));
#1345=EDGE_LOOP('',(#5031,#5032,#5033,#5034));
#1346=EDGE_LOOP('',(#5035));
#1347=EDGE_LOOP('',(#5036));
#1348=EDGE_LOOP('',(#5037,#5038,#5039,#5040));
#1349=EDGE_LOOP('',(#5041));
#1350=EDGE_LOOP('',(#5042));
#1351=EDGE_LOOP('',(#5043,#5044,#5045,#5046));
#1352=EDGE_LOOP('',(#5047,#5048,#5049,#5050,#5051));
#1353=EDGE_LOOP('',(#5052,#5053,#5054,#5055,#5056,#5057));
#1354=EDGE_LOOP('',(#5058,#5059,#5060,#5061));
#1355=EDGE_LOOP('',(#5062));
#1356=EDGE_LOOP('',(#5063));
#1357=EDGE_LOOP('',(#5064,#5065,#5066,#5067,#5068));
#1358=EDGE_LOOP('',(#5069,#5070,#5071,#5072,#5073));
#1359=EDGE_LOOP('',(#5074,#5075,#5076,#5077,#5078,#5079));
#1360=EDGE_LOOP('',(#5080));
#1361=EDGE_LOOP('',(#5081));
#1362=EDGE_LOOP('',(#5082,#5083,#5084,#5085,#5086));
#1363=EDGE_LOOP('',(#5087));
#1364=EDGE_LOOP('',(#5088,#5089,#5090,#5091,#5092));
#1365=EDGE_LOOP('',(#5093));
#1366=EDGE_LOOP('',(#5094,#5095,#5096,#5097,#5098,#5099));
#1367=EDGE_LOOP('',(#5100,#5101,#5102,#5103,#5104));
#1368=EDGE_LOOP('',(#5105,#5106,#5107,#5108));
#1369=EDGE_LOOP('',(#5109,#5110,#5111,#5112));
#1370=EDGE_LOOP('',(#5113,#5114,#5115,#5116));
#1371=EDGE_LOOP('',(#5117,#5118,#5119,#5120));
#1372=EDGE_LOOP('',(#5121,#5122,#5123,#5124,#5125));
#1373=EDGE_LOOP('',(#5126,#5127,#5128,#5129));
#1374=EDGE_LOOP('',(#5130,#5131,#5132,#5133,#5134,#5135,#5136,#5137,#5138));
#1375=EDGE_LOOP('',(#5139,#5140,#5141));
#1376=EDGE_LOOP('',(#5142,#5143,#5144,#5145));
#1377=EDGE_LOOP('',(#5146,#5147,#5148));
#1378=EDGE_LOOP('',(#5149,#5150,#5151,#5152));
#1379=EDGE_LOOP('',(#5153,#5154,#5155));
#1380=EDGE_LOOP('',(#5156,#5157,#5158,#5159));
#1381=EDGE_LOOP('',(#5160,#5161,#5162));
#1382=EDGE_LOOP('',(#5163,#5164,#5165,#5166));
#1383=EDGE_LOOP('',(#5167,#5168,#5169));
#1384=EDGE_LOOP('',(#5170,#5171,#5172));
#1385=EDGE_LOOP('',(#5173,#5174,#5175));
#1386=EDGE_LOOP('',(#5176,#5177,#5178,#5179));
#1387=EDGE_LOOP('',(#5180,#5181,#5182));
#1388=EDGE_LOOP('',(#5183,#5184,#5185,#5186));
#1389=EDGE_LOOP('',(#5187,#5188,#5189,#5190));
#1390=EDGE_LOOP('',(#5191,#5192,#5193,#5194));
#1391=EDGE_LOOP('',(#5195,#5196,#5197,#5198));
#1392=EDGE_LOOP('',(#5199,#5200,#5201,#5202));
#1393=EDGE_LOOP('',(#5203,#5204,#5205));
#1394=EDGE_LOOP('',(#5206,#5207,#5208));
#1395=EDGE_LOOP('',(#5209,#5210,#5211,#5212));
#1396=EDGE_LOOP('',(#5213,#5214,#5215,#5216));
#1397=EDGE_LOOP('',(#5217,#5218,#5219,#5220));
#1398=EDGE_LOOP('',(#5221,#5222,#5223,#5224));
#1399=EDGE_LOOP('',(#5225,#5226,#5227,#5228));
#1400=EDGE_LOOP('',(#5229,#5230,#5231,#5232));
#1401=EDGE_LOOP('',(#5233,#5234,#5235,#5236));
#1402=EDGE_LOOP('',(#5237,#5238,#5239,#5240));
#1403=EDGE_LOOP('',(#5241,#5242,#5243,#5244));
#1404=EDGE_LOOP('',(#5245,#5246,#5247,#5248));
#1405=EDGE_LOOP('',(#5249,#5250,#5251,#5252));
#1406=EDGE_LOOP('',(#5253,#5254,#5255,#5256,#5257));
#1407=EDGE_LOOP('',(#5258,#5259,#5260,#5261));
#1408=EDGE_LOOP('',(#5262,#5263,#5264,#5265));
#1409=EDGE_LOOP('',(#5266,#5267,#5268,#5269));
#1410=EDGE_LOOP('',(#5270));
#1411=EDGE_LOOP('',(#5271));
#1412=EDGE_LOOP('',(#5272,#5273,#5274,#5275,#5276,#5277));
#1413=EDGE_LOOP('',(#5278));
#1414=EDGE_LOOP('',(#5279,#5280,#5281,#5282,#5283,#5284,#5285,#5286,#5287,
#5288));
#1415=EDGE_LOOP('',(#5289,#5290,#5291,#5292,#5293,#5294));
#1416=EDGE_LOOP('',(#5295,#5296,#5297,#5298));
#1417=EDGE_LOOP('',(#5299,#5300,#5301,#5302));
#1418=EDGE_LOOP('',(#5303));
#1419=EDGE_LOOP('',(#5304,#5305,#5306,#5307));
#1420=EDGE_LOOP('',(#5308,#5309,#5310,#5311,#5312));
#1421=EDGE_LOOP('',(#5313,#5314,#5315,#5316));
#1422=EDGE_LOOP('',(#5317,#5318,#5319,#5320));
#1423=EDGE_LOOP('',(#5321,#5322,#5323,#5324));
#1424=EDGE_LOOP('',(#5325,#5326,#5327,#5328));
#1425=EDGE_LOOP('',(#5329,#5330,#5331));
#1426=EDGE_LOOP('',(#5332,#5333,#5334));
#1427=EDGE_LOOP('',(#5335,#5336,#5337));
#1428=EDGE_LOOP('',(#5338,#5339,#5340,#5341));
#1429=EDGE_LOOP('',(#5342,#5343,#5344,#5345));
#1430=EDGE_LOOP('',(#5346,#5347,#5348));
#1431=EDGE_LOOP('',(#5349,#5350,#5351,#5352));
#1432=EDGE_LOOP('',(#5353,#5354,#5355,#5356));
#1433=EDGE_LOOP('',(#5357,#5358,#5359,#5360));
#1434=EDGE_LOOP('',(#5361,#5362,#5363,#5364));
#1435=EDGE_LOOP('',(#5365,#5366,#5367,#5368));
#1436=EDGE_LOOP('',(#5369,#5370,#5371,#5372));
#1437=EDGE_LOOP('',(#5373,#5374,#5375,#5376));
#1438=EDGE_LOOP('',(#5377,#5378,#5379,#5380));
#1439=EDGE_LOOP('',(#5381,#5382,#5383,#5384));
#1440=EDGE_LOOP('',(#5385,#5386,#5387,#5388));
#1441=EDGE_LOOP('',(#5389,#5390,#5391,#5392));
#1442=EDGE_LOOP('',(#5393,#5394,#5395,#5396));
#1443=EDGE_LOOP('',(#5397,#5398,#5399,#5400));
#1444=EDGE_LOOP('',(#5401,#5402,#5403,#5404));
#1445=EDGE_LOOP('',(#5405,#5406,#5407,#5408));
#1446=EDGE_LOOP('',(#5409,#5410,#5411,#5412,#5413,#5414,#5415,#5416));
#1447=EDGE_LOOP('',(#5417,#5418,#5419,#5420,#5421,#5422));
#1448=EDGE_LOOP('',(#5423));
#1449=EDGE_LOOP('',(#5424,#5425,#5426,#5427,#5428,#5429));
#1450=EDGE_LOOP('',(#5430));
#1451=EDGE_LOOP('',(#5431,#5432,#5433,#5434));
#1452=EDGE_LOOP('',(#5435));
#1453=EDGE_LOOP('',(#5436,#5437,#5438,#5439));
#1454=EDGE_LOOP('',(#5440,#5441,#5442,#5443));
#1455=EDGE_LOOP('',(#5444,#5445,#5446,#5447,#5448,#5449));
#1456=EDGE_LOOP('',(#5450));
#1457=EDGE_LOOP('',(#5451,#5452,#5453,#5454,#5455,#5456,#5457,#5458));
#1458=EDGE_LOOP('',(#5459,#5460,#5461,#5462));
#1459=EDGE_LOOP('',(#5463));
#1460=EDGE_LOOP('',(#5464,#5465,#5466,#5467,#5468,#5469));
#1461=EDGE_LOOP('',(#5470));
#1462=EDGE_LOOP('',(#5471,#5472,#5473,#5474));
#1463=EDGE_LOOP('',(#5475,#5476,#5477,#5478));
#1464=EDGE_LOOP('',(#5479));
#1465=EDGE_LOOP('',(#5480));
#1466=EDGE_LOOP('',(#5481));
#1467=EDGE_LOOP('',(#5482));
#1468=EDGE_LOOP('',(#5483,#5484,#5485,#5486));
#1469=EDGE_LOOP('',(#5487));
#1470=EDGE_LOOP('',(#5488));
#1471=EDGE_LOOP('',(#5489));
#1472=EDGE_LOOP('',(#5490));
#1473=EDGE_LOOP('',(#5491,#5492,#5493,#5494,#5495));
#1474=EDGE_LOOP('',(#5496,#5497,#5498,#5499));
#1475=EDGE_LOOP('',(#5500,#5501,#5502,#5503,#5504));
#1476=EDGE_LOOP('',(#5505,#5506,#5507,#5508,#5509));
#1477=EDGE_LOOP('',(#5510));
#1478=EDGE_LOOP('',(#5511,#5512,#5513,#5514,#5515));
#1479=EDGE_LOOP('',(#5516));
#1480=EDGE_LOOP('',(#5517,#5518,#5519,#5520));
#1481=EDGE_LOOP('',(#5521,#5522,#5523,#5524));
#1482=EDGE_LOOP('',(#5525,#5526,#5527,#5528));
#1483=EDGE_LOOP('',(#5529,#5530,#5531,#5532));
#1484=EDGE_LOOP('',(#5533,#5534,#5535,#5536,#5537,#5538,#5539,#5540,#5541,
#5542,#5543,#5544,#5545,#5546,#5547,#5548,#5549,#5550,#5551,#5552,#5553,
#5554,#5555,#5556));
#1485=EDGE_LOOP('',(#5557,#5558,#5559,#5560,#5561,#5562,#5563,#5564,#5565,
#5566,#5567,#5568,#5569,#5570,#5571,#5572,#5573,#5574,#5575,#5576,#5577,
#5578,#5579,#5580));
#1486=EDGE_LOOP('',(#5581,#5582,#5583,#5584));
#1487=EDGE_LOOP('',(#5585,#5586,#5587,#5588));
#1488=EDGE_LOOP('',(#5589,#5590,#5591,#5592));
#1489=EDGE_LOOP('',(#5593,#5594,#5595,#5596));
#1490=EDGE_LOOP('',(#5597,#5598,#5599,#5600));
#1491=EDGE_LOOP('',(#5601,#5602,#5603,#5604));
#1492=EDGE_LOOP('',(#5605,#5606,#5607,#5608));
#1493=EDGE_LOOP('',(#5609,#5610,#5611,#5612));
#1494=EDGE_LOOP('',(#5613,#5614,#5615,#5616));
#1495=EDGE_LOOP('',(#5617,#5618,#5619,#5620));
#1496=EDGE_LOOP('',(#5621,#5622,#5623,#5624));
#1497=EDGE_LOOP('',(#5625,#5626,#5627,#5628));
#1498=EDGE_LOOP('',(#5629,#5630,#5631,#5632));
#1499=EDGE_LOOP('',(#5633,#5634,#5635,#5636));
#1500=EDGE_LOOP('',(#5637,#5638,#5639,#5640));
#1501=EDGE_LOOP('',(#5641,#5642,#5643,#5644));
#1502=EDGE_LOOP('',(#5645,#5646,#5647,#5648));
#1503=EDGE_LOOP('',(#5649,#5650,#5651,#5652));
#1504=EDGE_LOOP('',(#5653,#5654,#5655,#5656));
#1505=EDGE_LOOP('',(#5657,#5658,#5659,#5660));
#1506=EDGE_LOOP('',(#5661,#5662,#5663,#5664));
#1507=EDGE_LOOP('',(#5665,#5666,#5667,#5668));
#1508=EDGE_LOOP('',(#5669,#5670,#5671,#5672));
#1509=EDGE_LOOP('',(#5673,#5674,#5675,#5676));
#1510=EDGE_LOOP('',(#5677,#5678,#5679,#5680));
#1511=EDGE_LOOP('',(#5681,#5682,#5683,#5684));
#1512=EDGE_LOOP('',(#5685,#5686,#5687,#5688,#5689,#5690));
#1513=EDGE_LOOP('',(#5691,#5692,#5693,#5694));
#1514=EDGE_LOOP('',(#5695,#5696,#5697,#5698));
#1515=EDGE_LOOP('',(#5699,#5700,#5701,#5702));
#1516=EDGE_LOOP('',(#5703,#5704,#5705,#5706,#5707,#5708));
#1517=EDGE_LOOP('',(#5709));
#1518=EDGE_LOOP('',(#5710));
#1519=EDGE_LOOP('',(#5711,#5712,#5713,#5714));
#1520=EDGE_LOOP('',(#5715,#5716,#5717,#5718));
#1521=EDGE_LOOP('',(#5719,#5720,#5721,#5722));
#1522=EDGE_LOOP('',(#5723,#5724,#5725,#5726));
#1523=EDGE_LOOP('',(#5727,#5728,#5729,#5730));
#1524=EDGE_LOOP('',(#5731,#5732,#5733,#5734,#5735,#5736));
#1525=EDGE_LOOP('',(#5737,#5738,#5739,#5740));
#1526=EDGE_LOOP('',(#5741,#5742,#5743,#5744));
#1527=EDGE_LOOP('',(#5745,#5746,#5747,#5748));
#1528=EDGE_LOOP('',(#5749,#5750,#5751,#5752));
#1529=EDGE_LOOP('',(#5753,#5754,#5755,#5756,#5757,#5758));
#1530=EDGE_LOOP('',(#5759));
#1531=EDGE_LOOP('',(#5760));
#1532=EDGE_LOOP('',(#5761,#5762,#5763,#5764,#5765));
#1533=EDGE_LOOP('',(#5766,#5767,#5768,#5769,#5770,#5771));
#1534=EDGE_LOOP('',(#5772));
#1535=EDGE_LOOP('',(#5773,#5774,#5775,#5776,#5777,#5778));
#1536=EDGE_LOOP('',(#5779,#5780,#5781,#5782,#5783));
#1537=EDGE_LOOP('',(#5784,#5785,#5786,#5787));
#1538=EDGE_LOOP('',(#5788,#5789,#5790,#5791));
#1539=EDGE_LOOP('',(#5792,#5793,#5794,#5795));
#1540=EDGE_LOOP('',(#5796,#5797,#5798,#5799));
#1541=EDGE_LOOP('',(#5800,#5801,#5802,#5803));
#1542=EDGE_LOOP('',(#5804,#5805,#5806,#5807));
#1543=EDGE_LOOP('',(#5808,#5809,#5810,#5811,#5812,#5813));
#1544=EDGE_LOOP('',(#5814));
#1545=EDGE_LOOP('',(#5815,#5816,#5817,#5818,#5819,#5820));
#1546=EDGE_LOOP('',(#5821,#5822,#5823,#5824));
#1547=EDGE_LOOP('',(#5825,#5826,#5827,#5828,#5829));
#1548=EDGE_LOOP('',(#5830,#5831,#5832,#5833,#5834,#5835));
#1549=EDGE_LOOP('',(#5836));
#1550=EDGE_LOOP('',(#5837));
#1551=EDGE_LOOP('',(#5838,#5839,#5840,#5841,#5842));
#1552=EDGE_LOOP('',(#5843));
#1553=EDGE_LOOP('',(#5844,#5845,#5846,#5847,#5848));
#1554=EDGE_LOOP('',(#5849));
#1555=EDGE_LOOP('',(#5850,#5851,#5852,#5853,#5854,#5855));
#1556=EDGE_LOOP('',(#5856,#5857,#5858,#5859,#5860));
#1557=EDGE_LOOP('',(#5861,#5862,#5863,#5864));
#1558=EDGE_LOOP('',(#5865,#5866,#5867,#5868));
#1559=EDGE_LOOP('',(#5869,#5870,#5871,#5872));
#1560=EDGE_LOOP('',(#5873,#5874,#5875,#5876));
#1561=EDGE_LOOP('',(#5877,#5878,#5879,#5880,#5881));
#1562=EDGE_LOOP('',(#5882,#5883,#5884,#5885));
#1563=EDGE_LOOP('',(#5886,#5887,#5888,#5889,#5890,#5891,#5892,#5893,#5894));
#1564=EDGE_LOOP('',(#5895,#5896,#5897,#5898,#5899,#5900));
#1565=EDGE_LOOP('',(#5901,#5902,#5903,#5904,#5905,#5906,#5907));
#1566=EDGE_LOOP('',(#5908));
#1567=EDGE_LOOP('',(#5909,#5910,#5911,#5912));
#1568=EDGE_LOOP('',(#5913,#5914,#5915,#5916));
#1569=EDGE_LOOP('',(#5917,#5918,#5919,#5920));
#1570=EDGE_LOOP('',(#5921,#5922,#5923,#5924));
#1571=EDGE_LOOP('',(#5925,#5926,#5927,#5928));
#1572=EDGE_LOOP('',(#5929,#5930,#5931,#5932));
#1573=EDGE_LOOP('',(#5933,#5934,#5935,#5936));
#1574=EDGE_LOOP('',(#5937));
#1575=EDGE_LOOP('',(#5938,#5939,#5940,#5941));
#1576=EDGE_LOOP('',(#5942));
#1577=EDGE_LOOP('',(#5943,#5944,#5945,#5946));
#1578=EDGE_LOOP('',(#5947,#5948,#5949,#5950));
#1579=EDGE_LOOP('',(#5951,#5952,#5953,#5954));
#1580=EDGE_LOOP('',(#5955,#5956,#5957,#5958));
#1581=EDGE_LOOP('',(#5959,#5960,#5961,#5962));
#1582=EDGE_LOOP('',(#5963,#5964,#5965,#5966));
#1583=EDGE_LOOP('',(#5967,#5968,#5969,#5970,#5971));
#1584=EDGE_LOOP('',(#5972,#5973,#5974,#5975,#5976));
#1585=EDGE_LOOP('',(#5977));
#1586=EDGE_LOOP('',(#5978,#5979,#5980,#5981));
#1587=EDGE_LOOP('',(#5982));
#1588=EDGE_LOOP('',(#5983,#5984,#5985,#5986,#5987));
#1589=EDGE_LOOP('',(#5988,#5989,#5990,#5991,#5992,#5993));
#1590=EDGE_LOOP('',(#5994));
#1591=EDGE_LOOP('',(#5995,#5996,#5997,#5998));
#1592=EDGE_LOOP('',(#5999,#6000,#6001,#6002,#6003));
#1593=EDGE_LOOP('',(#6004,#6005,#6006,#6007));
#1594=EDGE_LOOP('',(#6008,#6009,#6010,#6011));
#1595=EDGE_LOOP('',(#6012,#6013,#6014,#6015));
#1596=EDGE_LOOP('',(#6016,#6017,#6018,#6019));
#1597=EDGE_LOOP('',(#6020));
#1598=EDGE_LOOP('',(#6021,#6022,#6023,#6024,#6025,#6026));
#1599=EDGE_LOOP('',(#6027,#6028,#6029,#6030,#6031));
#1600=EDGE_LOOP('',(#6032,#6033,#6034,#6035,#6036,#6037,#6038,#6039,#6040));
#1601=EDGE_LOOP('',(#6041,#6042,#6043,#6044));
#1602=EDGE_LOOP('',(#6045,#6046,#6047,#6048));
#1603=EDGE_LOOP('',(#6049));
#1604=EDGE_LOOP('',(#6050));
#1605=EDGE_LOOP('',(#6051));
#1606=EDGE_LOOP('',(#6052));
#1607=EDGE_LOOP('',(#6053,#6054,#6055,#6056,#6057));
#1608=EDGE_LOOP('',(#6058,#6059,#6060,#6061,#6062,#6063));
#1609=EDGE_LOOP('',(#6064));
#1610=EDGE_LOOP('',(#6065));
#1611=EDGE_LOOP('',(#6066,#6067,#6068,#6069,#6070));
#1612=EDGE_LOOP('',(#6071));
#1613=EDGE_LOOP('',(#6072,#6073,#6074,#6075,#6076));
#1614=EDGE_LOOP('',(#6077));
#1615=EDGE_LOOP('',(#6078,#6079,#6080,#6081,#6082,#6083));
#1616=EDGE_LOOP('',(#6084,#6085,#6086,#6087,#6088));
#1617=EDGE_LOOP('',(#6089,#6090,#6091,#6092));
#1618=EDGE_LOOP('',(#6093,#6094,#6095,#6096));
#1619=EDGE_LOOP('',(#6097,#6098,#6099,#6100));
#1620=EDGE_LOOP('',(#6101,#6102,#6103,#6104));
#1621=EDGE_LOOP('',(#6105,#6106,#6107,#6108,#6109));
#1622=EDGE_LOOP('',(#6110,#6111,#6112,#6113));
#1623=EDGE_LOOP('',(#6114,#6115,#6116,#6117,#6118,#6119,#6120,#6121,#6122));
#1624=EDGE_LOOP('',(#6123,#6124,#6125,#6126,#6127));
#1625=EDGE_LOOP('',(#6128));
#1626=EDGE_LOOP('',(#6129,#6130,#6131,#6132,#6133,#6134));
#1627=EDGE_LOOP('',(#6135,#6136,#6137,#6138,#6139,#6140));
#1628=EDGE_LOOP('',(#6141,#6142,#6143,#6144,#6145,#6146));
#1629=EDGE_LOOP('',(#6147,#6148,#6149,#6150,#6151));
#1630=EDGE_LOOP('',(#6152,#6153,#6154,#6155));
#1631=EDGE_LOOP('',(#6156,#6157,#6158,#6159,#6160));
#1632=EDGE_LOOP('',(#6161,#6162,#6163,#6164,#6165,#6166));
#1633=EDGE_LOOP('',(#6167,#6168,#6169,#6170,#6171,#6172));
#1634=EDGE_LOOP('',(#6173,#6174,#6175,#6176,#6177,#6178));
#1635=EDGE_LOOP('',(#6179));
#1636=EDGE_LOOP('',(#6180,#6181,#6182,#6183,#6184));
#1637=EDGE_LOOP('',(#6185,#6186,#6187,#6188));
#1638=EDGE_LOOP('',(#6189,#6190,#6191,#6192,#6193));
#1639=EDGE_LOOP('',(#6194));
#1640=EDGE_LOOP('',(#6195));
#1641=EDGE_LOOP('',(#6196,#6197,#6198,#6199,#6200));
#1642=EDGE_LOOP('',(#6201));
#1643=EDGE_LOOP('',(#6202));
#1644=EDGE_LOOP('',(#6203,#6204,#6205,#6206,#6207,#6208,#6209,#6210,#6211));
#1645=EDGE_LOOP('',(#6212,#6213,#6214,#6215,#6216,#6217,#6218,#6219,#6220));
#1646=EDGE_LOOP('',(#6221,#6222,#6223,#6224));
#1647=EDGE_LOOP('',(#6225,#6226,#6227,#6228));
#1648=EDGE_LOOP('',(#6229,#6230,#6231,#6232));
#1649=EDGE_LOOP('',(#6233,#6234,#6235,#6236));
#1650=EDGE_LOOP('',(#6237,#6238,#6239,#6240));
#1651=EDGE_LOOP('',(#6241,#6242,#6243,#6244));
#1652=LINE('',#10226,#2123);
#1653=LINE('',#10232,#2124);
#1654=LINE('',#10280,#2125);
#1655=LINE('',#10282,#2126);
#1656=LINE('',#10284,#2127);
#1657=LINE('',#10285,#2128);
#1658=LINE('',#10291,#2129);
#1659=LINE('',#10297,#2130);
#1660=LINE('',#10299,#2131);
#1661=LINE('',#10304,#2132);
#1662=LINE('',#10308,#2133);
#1663=LINE('',#10313,#2134);
#1664=LINE('',#10317,#2135);
#1665=LINE('',#10322,#2136);
#1666=LINE('',#10326,#2137);
#1667=LINE('',#10331,#2138);
#1668=LINE('',#10335,#2139);
#1669=LINE('',#10340,#2140);
#1670=LINE('',#10344,#2141);
#1671=LINE('',#10349,#2142);
#1672=LINE('',#10353,#2143);
#1673=LINE('',#10357,#2144);
#1674=LINE('',#10358,#2145);
#1675=LINE('',#10359,#2146);
#1676=LINE('',#10362,#2147);
#1677=LINE('',#10363,#2148);
#1678=LINE('',#10366,#2149);
#1679=LINE('',#10367,#2150);
#1680=LINE('',#10369,#2151);
#1681=LINE('',#10376,#2152);
#1682=LINE('',#10382,#2153);
#1683=LINE('',#10388,#2154);
#1684=LINE('',#10394,#2155);
#1685=LINE('',#10398,#2156);
#1686=LINE('',#10404,#2157);
#1687=LINE('',#10408,#2158);
#1688=LINE('',#10413,#2159);
#1689=LINE('',#10415,#2160);
#1690=LINE('',#10417,#2161);
#1691=LINE('',#10418,#2162);
#1692=LINE('',#10421,#2163);
#1693=LINE('',#10423,#2164);
#1694=LINE('',#10424,#2165);
#1695=LINE('',#10427,#2166);
#1696=LINE('',#10428,#2167);
#1697=LINE('',#10431,#2168);
#1698=LINE('',#10432,#2169);
#1699=LINE('',#10434,#2170);
#1700=LINE('',#10441,#2171);
#1701=LINE('',#10447,#2172);
#1702=LINE('',#10460,#2173);
#1703=LINE('',#10465,#2174);
#1704=LINE('',#10467,#2175);
#1705=LINE('',#10469,#2176);
#1706=LINE('',#10470,#2177);
#1707=LINE('',#10473,#2178);
#1708=LINE('',#10475,#2179);
#1709=LINE('',#10476,#2180);
#1710=LINE('',#10479,#2181);
#1711=LINE('',#10481,#2182);
#1712=LINE('',#10482,#2183);
#1713=LINE('',#10485,#2184);
#1714=LINE('',#10487,#2185);
#1715=LINE('',#10488,#2186);
#1716=LINE('',#10491,#2187);
#1717=LINE('',#10493,#2188);
#1718=LINE('',#10494,#2189);
#1719=LINE('',#10496,#2190);
#1720=LINE('',#10497,#2191);
#1721=LINE('',#10503,#2192);
#1722=LINE('',#10518,#2193);
#1723=LINE('',#10525,#2194);
#1724=LINE('',#10538,#2195);
#1725=LINE('',#10540,#2196);
#1726=LINE('',#10542,#2197);
#1727=LINE('',#10544,#2198);
#1728=LINE('',#10546,#2199);
#1729=LINE('',#10547,#2200);
#1730=LINE('',#10549,#2201);
#1731=LINE('',#10556,#2202);
#1732=LINE('',#10557,#2203);
#1733=LINE('',#10563,#2204);
#1734=LINE('',#10569,#2205);
#1735=LINE('',#10575,#2206);
#1736=LINE('',#10582,#2207);
#1737=LINE('',#10592,#2208);
#1738=LINE('',#10600,#2209);
#1739=LINE('',#10604,#2210);
#1740=LINE('',#10611,#2211);
#1741=LINE('',#10620,#2212);
#1742=LINE('',#10623,#2213);
#1743=LINE('',#10631,#2214);
#1744=LINE('',#10633,#2215);
#1745=LINE('',#10638,#2216);
#1746=LINE('',#10641,#2217);
#1747=LINE('',#10648,#2218);
#1748=LINE('',#10655,#2219);
#1749=LINE('',#10662,#2220);
#1750=LINE('',#10688,#2221);
#1751=LINE('',#10694,#2222);
#1752=LINE('',#10719,#2223);
#1753=LINE('',#10720,#2224);
#1754=LINE('',#10722,#2225);
#1755=LINE('',#10724,#2226);
#1756=LINE('',#10726,#2227);
#1757=LINE('',#10728,#2228);
#1758=LINE('',#10735,#2229);
#1759=LINE('',#10741,#2230);
#1760=LINE('',#10754,#2231);
#1761=LINE('',#10760,#2232);
#1762=LINE('',#10775,#2233);
#1763=LINE('',#10785,#2234);
#1764=LINE('',#10799,#2235);
#1765=LINE('',#10805,#2236);
#1766=LINE('',#10812,#2237);
#1767=LINE('',#10819,#2238);
#1768=LINE('',#10825,#2239);
#1769=LINE('',#10832,#2240);
#1770=LINE('',#10835,#2241);
#1771=LINE('',#10841,#2242);
#1772=LINE('',#10844,#2243);
#1773=LINE('',#10849,#2244);
#1774=LINE('',#10855,#2245);
#1775=LINE('',#10861,#2246);
#1776=LINE('',#10865,#2247);
#1777=LINE('',#10867,#2248);
#1778=LINE('',#10868,#2249);
#1779=LINE('',#10877,#2250);
#1780=LINE('',#10881,#2251);
#1781=LINE('',#10885,#2252);
#1782=LINE('',#10887,#2253);
#1783=LINE('',#10901,#2254);
#1784=LINE('',#10903,#2255);
#1785=LINE('',#10915,#2256);
#1786=LINE('',#10918,#2257);
#1787=LINE('',#10931,#2258);
#1788=LINE('',#10935,#2259);
#1789=LINE('',#10940,#2260);
#1790=LINE('',#10943,#2261);
#1791=LINE('',#10951,#2262);
#1792=LINE('',#10959,#2263);
#1793=LINE('',#10965,#2264);
#1794=LINE('',#10971,#2265);
#1795=LINE('',#10975,#2266);
#1796=LINE('',#10980,#2267);
#1797=LINE('',#10995,#2268);
#1798=LINE('',#11002,#2269);
#1799=LINE('',#11015,#2270);
#1800=LINE('',#11017,#2271);
#1801=LINE('',#11019,#2272);
#1802=LINE('',#11021,#2273);
#1803=LINE('',#11023,#2274);
#1804=LINE('',#11024,#2275);
#1805=LINE('',#11026,#2276);
#1806=LINE('',#11033,#2277);
#1807=LINE('',#11034,#2278);
#1808=LINE('',#11040,#2279);
#1809=LINE('',#11046,#2280);
#1810=LINE('',#11052,#2281);
#1811=LINE('',#11059,#2282);
#1812=LINE('',#11069,#2283);
#1813=LINE('',#11075,#2284);
#1814=LINE('',#11079,#2285);
#1815=LINE('',#11084,#2286);
#1816=LINE('',#11088,#2287);
#1817=LINE('',#11093,#2288);
#1818=LINE('',#11097,#2289);
#1819=LINE('',#11102,#2290);
#1820=LINE('',#11106,#2291);
#1821=LINE('',#11110,#2292);
#1822=LINE('',#11112,#2293);
#1823=LINE('',#11119,#2294);
#1824=LINE('',#11121,#2295);
#1825=LINE('',#11122,#2296);
#1826=LINE('',#11126,#2297);
#1827=LINE('',#11131,#2298);
#1828=LINE('',#11138,#2299);
#1829=LINE('',#11140,#2300);
#1830=LINE('',#11141,#2301);
#1831=LINE('',#11145,#2302);
#1832=LINE('',#11146,#2303);
#1833=LINE('',#11147,#2304);
#1834=LINE('',#11152,#2305);
#1835=LINE('',#11156,#2306);
#1836=LINE('',#11158,#2307);
#1837=LINE('',#11159,#2308);
#1838=LINE('',#11164,#2309);
#1839=LINE('',#11167,#2310);
#1840=LINE('',#11168,#2311);
#1841=LINE('',#11172,#2312);
#1842=LINE('',#11174,#2313);
#1843=LINE('',#11175,#2314);
#1844=LINE('',#11179,#2315);
#1845=LINE('',#11181,#2316);
#1846=LINE('',#11182,#2317);
#1847=LINE('',#11186,#2318);
#1848=LINE('',#11187,#2319);
#1849=LINE('',#11188,#2320);
#1850=LINE('',#11193,#2321);
#1851=LINE('',#11197,#2322);
#1852=LINE('',#11199,#2323);
#1853=LINE('',#11200,#2324);
#1854=LINE('',#11205,#2325);
#1855=LINE('',#11208,#2326);
#1856=LINE('',#11209,#2327);
#1857=LINE('',#11211,#2328);
#1858=LINE('',#11212,#2329);
#1859=LINE('',#11214,#2330);
#1860=LINE('',#11215,#2331);
#1861=LINE('',#11217,#2332);
#1862=LINE('',#11218,#2333);
#1863=LINE('',#11220,#2334);
#1864=LINE('',#11221,#2335);
#1865=LINE('',#11223,#2336);
#1866=LINE('',#11224,#2337);
#1867=LINE('',#11228,#2338);
#1868=LINE('',#11229,#2339);
#1869=LINE('',#11230,#2340);
#1870=LINE('',#11234,#2341);
#1871=LINE('',#11240,#2342);
#1872=LINE('',#11241,#2343);
#1873=LINE('',#11245,#2344);
#1874=LINE('',#11250,#2345);
#1875=LINE('',#11252,#2346);
#1876=LINE('',#11254,#2347);
#1877=LINE('',#11264,#2348);
#1878=LINE('',#11270,#2349);
#1879=LINE('',#11276,#2350);
#1880=LINE('',#11281,#2351);
#1881=LINE('',#11283,#2352);
#1882=LINE('',#11284,#2353);
#1883=LINE('',#11288,#2354);
#1884=LINE('',#11290,#2355);
#1885=LINE('',#11291,#2356);
#1886=LINE('',#11295,#2357);
#1887=LINE('',#11297,#2358);
#1888=LINE('',#11298,#2359);
#1889=LINE('',#11300,#2360);
#1890=LINE('',#11301,#2361);
#1891=LINE('',#11304,#2362);
#1892=LINE('',#11306,#2363);
#1893=LINE('',#11314,#2364);
#1894=LINE('',#11316,#2365);
#1895=LINE('',#11317,#2366);
#1896=LINE('',#11319,#2367);
#1897=LINE('',#11320,#2368);
#1898=LINE('',#11322,#2369);
#1899=LINE('',#11323,#2370);
#1900=LINE('',#11326,#2371);
#1901=LINE('',#11328,#2372);
#1902=LINE('',#11335,#2373);
#1903=LINE('',#11337,#2374);
#1904=LINE('',#11343,#2375);
#1905=LINE('',#11344,#2376);
#1906=LINE('',#11349,#2377);
#1907=LINE('',#11354,#2378);
#1908=LINE('',#11362,#2379);
#1909=LINE('',#11364,#2380);
#1910=LINE('',#11373,#2381);
#1911=LINE('',#11378,#2382);
#1912=LINE('',#11386,#2383);
#1913=LINE('',#11389,#2384);
#1914=LINE('',#11392,#2385);
#1915=LINE('',#11396,#2386);
#1916=LINE('',#11400,#2387);
#1917=LINE('',#11402,#2388);
#1918=LINE('',#11404,#2389);
#1919=LINE('',#11405,#2390);
#1920=LINE('',#11411,#2391);
#1921=LINE('',#11415,#2392);
#1922=LINE('',#11418,#2393);
#1923=LINE('',#11421,#2394);
#1924=LINE('',#11422,#2395);
#1925=LINE('',#11425,#2396);
#1926=LINE('',#11426,#2397);
#1927=LINE('',#11428,#2398);
#1928=LINE('',#11437,#2399);
#1929=LINE('',#11449,#2400);
#1930=LINE('',#11459,#2401);
#1931=LINE('',#11464,#2402);
#1932=LINE('',#11468,#2403);
#1933=LINE('',#11474,#2404);
#1934=LINE('',#11479,#2405);
#1935=LINE('',#11485,#2406);
#1936=LINE('',#11489,#2407);
#1937=LINE('',#11494,#2408);
#1938=LINE('',#11498,#2409);
#1939=LINE('',#11503,#2410);
#1940=LINE('',#11507,#2411);
#1941=LINE('',#11514,#2412);
#1942=LINE('',#11517,#2413);
#1943=LINE('',#11524,#2414);
#1944=LINE('',#11529,#2415);
#1945=LINE('',#11537,#2416);
#1946=LINE('',#11542,#2417);
#1947=LINE('',#11550,#2418);
#1948=LINE('',#11554,#2419);
#1949=LINE('',#11559,#2420);
#1950=LINE('',#11564,#2421);
#1951=LINE('',#11572,#2422);
#1952=LINE('',#11577,#2423);
#1953=LINE('',#11585,#2424);
#1954=LINE('',#11590,#2425);
#1955=LINE('',#11593,#2426);
#1956=LINE('',#11595,#2427);
#1957=LINE('',#11598,#2428);
#1958=LINE('',#11600,#2429);
#1959=LINE('',#11602,#2430);
#1960=LINE('',#11604,#2431);
#1961=LINE('',#11606,#2432);
#1962=LINE('',#11608,#2433);
#1963=LINE('',#11611,#2434);
#1964=LINE('',#11613,#2435);
#1965=LINE('',#11615,#2436);
#1966=LINE('',#11617,#2437);
#1967=LINE('',#11619,#2438);
#1968=LINE('',#11621,#2439);
#1969=LINE('',#11624,#2440);
#1970=LINE('',#11626,#2441);
#1971=LINE('',#11633,#2442);
#1972=LINE('',#11637,#2443);
#1973=LINE('',#11643,#2444);
#1974=LINE('',#11647,#2445);
#1975=LINE('',#11654,#2446);
#1976=LINE('',#11657,#2447);
#1977=LINE('',#11660,#2448);
#1978=LINE('',#11662,#2449);
#1979=LINE('',#11663,#2450);
#1980=LINE('',#11666,#2451);
#1981=LINE('',#11668,#2452);
#1982=LINE('',#11670,#2453);
#1983=LINE('',#11674,#2454);
#1984=LINE('',#11678,#2455);
#1985=LINE('',#11679,#2456);
#1986=LINE('',#11685,#2457);
#1987=LINE('',#11688,#2458);
#1988=LINE('',#11691,#2459);
#1989=LINE('',#11695,#2460);
#1990=LINE('',#11697,#2461);
#1991=LINE('',#11698,#2462);
#1992=LINE('',#11701,#2463);
#1993=LINE('',#11702,#2464);
#1994=LINE('',#11706,#2465);
#1995=LINE('',#11709,#2466);
#1996=LINE('',#11710,#2467);
#1997=LINE('',#11712,#2468);
#1998=LINE('',#11716,#2469);
#1999=LINE('',#11720,#2470);
#2000=LINE('',#11723,#2471);
#2001=LINE('',#11724,#2472);
#2002=LINE('',#11726,#2473);
#2003=LINE('',#11736,#2474);
#2004=LINE('',#11742,#2475);
#2005=LINE('',#11755,#2476);
#2006=LINE('',#11760,#2477);
#2007=LINE('',#11762,#2478);
#2008=LINE('',#11764,#2479);
#2009=LINE('',#11765,#2480);
#2010=LINE('',#11768,#2481);
#2011=LINE('',#11770,#2482);
#2012=LINE('',#11771,#2483);
#2013=LINE('',#11774,#2484);
#2014=LINE('',#11776,#2485);
#2015=LINE('',#11777,#2486);
#2016=LINE('',#11780,#2487);
#2017=LINE('',#11782,#2488);
#2018=LINE('',#11783,#2489);
#2019=LINE('',#11786,#2490);
#2020=LINE('',#11788,#2491);
#2021=LINE('',#11789,#2492);
#2022=LINE('',#11791,#2493);
#2023=LINE('',#11792,#2494);
#2024=LINE('',#11798,#2495);
#2025=LINE('',#11813,#2496);
#2026=LINE('',#11820,#2497);
#2027=LINE('',#11833,#2498);
#2028=LINE('',#11835,#2499);
#2029=LINE('',#11837,#2500);
#2030=LINE('',#11839,#2501);
#2031=LINE('',#11841,#2502);
#2032=LINE('',#11842,#2503);
#2033=LINE('',#11844,#2504);
#2034=LINE('',#11851,#2505);
#2035=LINE('',#11852,#2506);
#2036=LINE('',#11858,#2507);
#2037=LINE('',#11864,#2508);
#2038=LINE('',#11870,#2509);
#2039=LINE('',#11877,#2510);
#2040=LINE('',#11887,#2511);
#2041=LINE('',#11894,#2512);
#2042=LINE('',#11909,#2513);
#2043=LINE('',#11914,#2514);
#2044=LINE('',#11916,#2515);
#2045=LINE('',#11918,#2516);
#2046=LINE('',#11919,#2517);
#2047=LINE('',#11923,#2518);
#2048=LINE('',#11925,#2519);
#2049=LINE('',#11927,#2520);
#2050=LINE('',#11928,#2521);
#2051=LINE('',#11930,#2522);
#2052=LINE('',#11931,#2523);
#2053=LINE('',#11933,#2524);
#2054=LINE('',#11934,#2525);
#2055=LINE('',#11937,#2526);
#2056=LINE('',#11939,#2527);
#2057=LINE('',#11940,#2528);
#2058=LINE('',#11943,#2529);
#2059=LINE('',#11944,#2530);
#2060=LINE('',#11951,#2531);
#2061=LINE('',#11952,#2532);
#2062=LINE('',#11953,#2533);
#2063=LINE('',#11956,#2534);
#2064=LINE('',#11957,#2535);
#2065=LINE('',#11960,#2536);
#2066=LINE('',#11962,#2537);
#2067=LINE('',#11963,#2538);
#2068=LINE('',#11965,#2539);
#2069=LINE('',#11966,#2540);
#2070=LINE('',#11968,#2541);
#2071=LINE('',#11974,#2542);
#2072=LINE('',#11979,#2543);
#2073=LINE('',#11989,#2544);
#2074=LINE('',#11996,#2545);
#2075=LINE('',#12005,#2546);
#2076=LINE('',#12007,#2547);
#2077=LINE('',#12008,#2548);
#2078=LINE('',#12015,#2549);
#2079=LINE('',#12017,#2550);
#2080=LINE('',#12027,#2551);
#2081=LINE('',#12028,#2552);
#2082=LINE('',#12035,#2553);
#2083=LINE('',#12036,#2554);
#2084=LINE('',#12043,#2555);
#2085=LINE('',#12044,#2556);
#2086=LINE('',#12049,#2557);
#2087=LINE('',#12054,#2558);
#2088=LINE('',#12057,#2559);
#2089=LINE('',#12063,#2560);
#2090=LINE('',#12069,#2561);
#2091=LINE('',#12087,#2562);
#2092=LINE('',#12094,#2563);
#2093=LINE('',#12107,#2564);
#2094=LINE('',#12109,#2565);
#2095=LINE('',#12111,#2566);
#2096=LINE('',#12113,#2567);
#2097=LINE('',#12115,#2568);
#2098=LINE('',#12116,#2569);
#2099=LINE('',#12118,#2570);
#2100=LINE('',#12125,#2571);
#2101=LINE('',#12126,#2572);
#2102=LINE('',#12132,#2573);
#2103=LINE('',#12138,#2574);
#2104=LINE('',#12144,#2575);
#2105=LINE('',#12151,#2576);
#2106=LINE('',#12161,#2577);
#2107=LINE('',#12278,#2578);
#2108=LINE('',#12290,#2579);
#2109=LINE('',#12298,#2580);
#2110=LINE('',#12310,#2581);
#2111=LINE('',#12324,#2582);
#2112=LINE('',#12330,#2583);
#2113=LINE('',#12337,#2584);
#2114=LINE('',#12344,#2585);
#2115=LINE('',#12370,#2586);
#2116=LINE('',#12376,#2587);
#2117=LINE('',#12401,#2588);
#2118=LINE('',#12402,#2589);
#2119=LINE('',#12404,#2590);
#2120=LINE('',#12406,#2591);
#2121=LINE('',#12408,#2592);
#2122=LINE('',#12410,#2593);
#2123=VECTOR('',#8091,1.6);
#2124=VECTOR('',#8098,1.5);
#2125=VECTOR('',#8103,10.);
#2126=VECTOR('',#8104,10.);
#2127=VECTOR('',#8105,10.);
#2128=VECTOR('',#8106,10.);
#2129=VECTOR('',#8113,1.2295);
#2130=VECTOR('',#8120,0.61475);
#2131=VECTOR('',#8123,1.2295);
#2132=VECTOR('',#8128,1.66175);
#2133=VECTOR('',#8133,3.3235);
#2134=VECTOR('',#8138,1.66175);
#2135=VECTOR('',#8143,3.3235);
#2136=VECTOR('',#8148,2.094);
#2137=VECTOR('',#8153,4.188);
#2138=VECTOR('',#8158,2.094);
#2139=VECTOR('',#8163,4.188);
#2140=VECTOR('',#8168,1.22925);
#2141=VECTOR('',#8173,2.4585);
#2142=VECTOR('',#8178,1.22925);
#2143=VECTOR('',#8183,2.4585);
#2144=VECTOR('',#8186,10.);
#2145=VECTOR('',#8187,10.);
#2146=VECTOR('',#8188,10.);
#2147=VECTOR('',#8191,10.);
#2148=VECTOR('',#8192,10.);
#2149=VECTOR('',#8195,10.);
#2150=VECTOR('',#8196,10.);
#2151=VECTOR('',#8199,10.);
#2152=VECTOR('',#8208,2.4585);
#2153=VECTOR('',#8215,2.4585);
#2154=VECTOR('',#8222,1.5);
#2155=VECTOR('',#8229,4.65);
#2156=VECTOR('',#8234,3.);
#2157=VECTOR('',#8241,4.65);
#2158=VECTOR('',#8246,3.);
#2159=VECTOR('',#8251,10.);
#2160=VECTOR('',#8252,10.);
#2161=VECTOR('',#8253,10.);
#2162=VECTOR('',#8254,10.);
#2163=VECTOR('',#8257,10.);
#2164=VECTOR('',#8258,10.);
#2165=VECTOR('',#8259,10.);
#2166=VECTOR('',#8262,10.);
#2167=VECTOR('',#8263,10.);
#2168=VECTOR('',#8266,10.);
#2169=VECTOR('',#8267,10.);
#2170=VECTOR('',#8270,10.);
#2171=VECTOR('',#8279,2.75);
#2172=VECTOR('',#8286,3.);
#2173=VECTOR('',#8303,4.5);
#2174=VECTOR('',#8308,10.);
#2175=VECTOR('',#8309,10.);
#2176=VECTOR('',#8310,10.);
#2177=VECTOR('',#8311,10.);
#2178=VECTOR('',#8314,10.);
#2179=VECTOR('',#8315,10.);
#2180=VECTOR('',#8316,10.);
#2181=VECTOR('',#8319,10.);
#2182=VECTOR('',#8320,10.);
#2183=VECTOR('',#8321,10.);
#2184=VECTOR('',#8324,10.);
#2185=VECTOR('',#8325,10.);
#2186=VECTOR('',#8326,10.);
#2187=VECTOR('',#8329,10.);
#2188=VECTOR('',#8330,10.);
#2189=VECTOR('',#8331,10.);
#2190=VECTOR('',#8334,10.);
#2191=VECTOR('',#8335,10.);
#2192=VECTOR('',#8344,6.);
#2193=VECTOR('',#8363,4.);
#2194=VECTOR('',#8372,3.61659375);
#2195=VECTOR('',#8387,10.);
#2196=VECTOR('',#8388,10.);
#2197=VECTOR('',#8389,10.);
#2198=VECTOR('',#8390,10.);
#2199=VECTOR('',#8391,10.);
#2200=VECTOR('',#8392,10.);
#2201=VECTOR('',#8395,6.5);
#2202=VECTOR('',#8398,10.);
#2203=VECTOR('',#8399,10.);
#2204=VECTOR('',#8402,10.);
#2205=VECTOR('',#8405,10.);
#2206=VECTOR('',#8408,10.);
#2207=VECTOR('',#8411,10.);
#2208=VECTOR('',#8416,1.73205080756888);
#2209=VECTOR('',#8425,7.4);
#2210=VECTOR('',#8430,7.5);
#2211=VECTOR('',#8439,7.4);
#2212=VECTOR('',#8450,4.9);
#2213=VECTOR('',#8455,5.);
#2214=VECTOR('',#8464,1.22925);
#2215=VECTOR('',#8467,2.4585);
#2216=VECTOR('',#8472,4.95);
#2217=VECTOR('',#8477,5.);
#2218=VECTOR('',#8486,4.59394940802396);
#2219=VECTOR('',#8495,4.188);
#2220=VECTOR('',#8504,4.59394940802396);
#2221=VECTOR('',#8511,8.26880215351701);
#2222=VECTOR('',#8514,8.26880215351701);
#2223=VECTOR('',#8517,10.);
#2224=VECTOR('',#8518,10.);
#2225=VECTOR('',#8521,10.);
#2226=VECTOR('',#8524,10.);
#2227=VECTOR('',#8527,10.);
#2228=VECTOR('',#8530,10.);
#2229=VECTOR('',#8539,19.9);
#2230=VECTOR('',#8546,20.);
#2231=VECTOR('',#8561,19.9);
#2232=VECTOR('',#8568,20.);
#2233=VECTOR('',#8587,17.67207201);
#2234=VECTOR('',#8600,17.67207201);
#2235=VECTOR('',#8617,15.34414402);
#2236=VECTOR('',#8626,8.25);
#2237=VECTOR('',#8635,9.5);
#2238=VECTOR('',#8644,9.8);
#2239=VECTOR('',#8653,9.5);
#2240=VECTOR('',#8660,0.1);
#2241=VECTOR('',#8663,0.1);
#2242=VECTOR('',#8668,0.1);
#2243=VECTOR('',#8671,0.1);
#2244=VECTOR('',#8676,0.1);
#2245=VECTOR('',#8683,0.1);
#2246=VECTOR('',#8690,0.1);
#2247=VECTOR('',#8695,0.1);
#2248=VECTOR('',#8696,0.1);
#2249=VECTOR('',#8697,0.1);
#2250=VECTOR('',#8710,0.1);
#2251=VECTOR('',#8715,0.1);
#2252=VECTOR('',#8720,0.1);
#2253=VECTOR('',#8723,0.1);
#2254=VECTOR('',#8742,0.55);
#2255=VECTOR('',#8745,0.9);
#2256=VECTOR('',#8760,0.95);
#2257=VECTOR('',#8763,0.9125);
#2258=VECTOR('',#8780,0.5);
#2259=VECTOR('',#8785,0.5375);
#2260=VECTOR('',#8792,0.9125);
#2261=VECTOR('',#8795,0.5375);
#2262=VECTOR('',#8806,3.1);
#2263=VECTOR('',#8817,3.);
#2264=VECTOR('',#8824,5.9);
#2265=VECTOR('',#8831,6.);
#2266=VECTOR('',#8836,3.1);
#2267=VECTOR('',#8843,5.9);
#2268=VECTOR('',#8862,3.);
#2269=VECTOR('',#8871,2.693275);
#2270=VECTOR('',#8886,10.);
#2271=VECTOR('',#8887,10.);
#2272=VECTOR('',#8888,10.);
#2273=VECTOR('',#8889,10.);
#2274=VECTOR('',#8890,10.);
#2275=VECTOR('',#8891,10.);
#2276=VECTOR('',#8894,5.);
#2277=VECTOR('',#8897,10.);
#2278=VECTOR('',#8898,10.);
#2279=VECTOR('',#8901,10.);
#2280=VECTOR('',#8904,10.);
#2281=VECTOR('',#8907,10.);
#2282=VECTOR('',#8910,10.);
#2283=VECTOR('',#8915,1.44337567297406);
#2284=VECTOR('',#8922,0.61475);
#2285=VECTOR('',#8927,1.2295);
#2286=VECTOR('',#8932,0.61475);
#2287=VECTOR('',#8937,1.2295);
#2288=VECTOR('',#8942,0.61475);
#2289=VECTOR('',#8947,1.2295);
#2290=VECTOR('',#8952,0.61475);
#2291=VECTOR('',#8957,1.2295);
#2292=VECTOR('',#8960,10.);
#2293=VECTOR('',#8961,10.);
#2294=VECTOR('',#8964,10.);
#2295=VECTOR('',#8965,10.);
#2296=VECTOR('',#8966,10.);
#2297=VECTOR('',#8969,10.);
#2298=VECTOR('',#8970,10.);
#2299=VECTOR('',#8979,10.);
#2300=VECTOR('',#8980,10.);
#2301=VECTOR('',#8981,10.);
#2302=VECTOR('',#8984,10.);
#2303=VECTOR('',#8985,10.);
#2304=VECTOR('',#8986,10.);
#2305=VECTOR('',#8991,10.);
#2306=VECTOR('',#8996,10.);
#2307=VECTOR('',#8997,10.);
#2308=VECTOR('',#8998,10.);
#2309=VECTOR('',#9003,10.);
#2310=VECTOR('',#9008,10.);
#2311=VECTOR('',#9009,10.);
#2312=VECTOR('',#9012,10.);
#2313=VECTOR('',#9013,10.);
#2314=VECTOR('',#9014,10.);
#2315=VECTOR('',#9017,10.);
#2316=VECTOR('',#9018,10.);
#2317=VECTOR('',#9019,10.);
#2318=VECTOR('',#9022,10.);
#2319=VECTOR('',#9023,10.);
#2320=VECTOR('',#9024,10.);
#2321=VECTOR('',#9029,10.);
#2322=VECTOR('',#9034,10.);
#2323=VECTOR('',#9035,10.);
#2324=VECTOR('',#9036,10.);
#2325=VECTOR('',#9041,10.);
#2326=VECTOR('',#9046,10.);
#2327=VECTOR('',#9047,10.);
#2328=VECTOR('',#9050,10.);
#2329=VECTOR('',#9051,10.);
#2330=VECTOR('',#9054,10.);
#2331=VECTOR('',#9055,10.);
#2332=VECTOR('',#9058,10.);
#2333=VECTOR('',#9059,10.);
#2334=VECTOR('',#9062,10.);
#2335=VECTOR('',#9063,10.);
#2336=VECTOR('',#9066,10.);
#2337=VECTOR('',#9067,10.);
#2338=VECTOR('',#9070,10.);
#2339=VECTOR('',#9071,10.);
#2340=VECTOR('',#9072,10.);
#2341=VECTOR('',#9075,10.);
#2342=VECTOR('',#9084,10.);
#2343=VECTOR('',#9085,10.);
#2344=VECTOR('',#9092,10.);
#2345=VECTOR('',#9101,10.);
#2346=VECTOR('',#9104,10.);
#2347=VECTOR('',#9107,10.);
#2348=VECTOR('',#9120,1.75);
#2349=VECTOR('',#9127,1.5);
#2350=VECTOR('',#9134,1.5);
#2351=VECTOR('',#9139,10.);
#2352=VECTOR('',#9140,10.);
#2353=VECTOR('',#9141,10.);
#2354=VECTOR('',#9144,10.);
#2355=VECTOR('',#9145,10.);
#2356=VECTOR('',#9146,10.);
#2357=VECTOR('',#9149,10.);
#2358=VECTOR('',#9150,10.);
#2359=VECTOR('',#9151,10.);
#2360=VECTOR('',#9154,10.);
#2361=VECTOR('',#9155,10.);
#2362=VECTOR('',#9158,10.);
#2363=VECTOR('',#9159,10.);
#2364=VECTOR('',#9162,10.);
#2365=VECTOR('',#9163,10.);
#2366=VECTOR('',#9164,10.);
#2367=VECTOR('',#9167,10.);
#2368=VECTOR('',#9168,10.);
#2369=VECTOR('',#9171,10.);
#2370=VECTOR('',#9172,10.);
#2371=VECTOR('',#9175,10.);
#2372=VECTOR('',#9176,10.);
#2373=VECTOR('',#9179,10.);
#2374=VECTOR('',#9180,10.);
#2375=VECTOR('',#9183,10.);
#2376=VECTOR('',#9184,10.);
#2377=VECTOR('',#9189,10.);
#2378=VECTOR('',#9194,10.);
#2379=VECTOR('',#9207,10.);
#2380=VECTOR('',#9208,10.);
#2381=VECTOR('',#9213,10.);
#2382=VECTOR('',#9218,10.);
#2383=VECTOR('',#9231,6.);
#2384=VECTOR('',#9234,10.);
#2385=VECTOR('',#9237,6.);
#2386=VECTOR('',#9242,10.);
#2387=VECTOR('',#9247,10.);
#2388=VECTOR('',#9248,10.);
#2389=VECTOR('',#9249,10.);
#2390=VECTOR('',#9250,10.);
#2391=VECTOR('',#9259,6.);
#2392=VECTOR('',#9264,10.);
#2393=VECTOR('',#9267,6.);
#2394=VECTOR('',#9270,10.);
#2395=VECTOR('',#9271,10.);
#2396=VECTOR('',#9274,10.);
#2397=VECTOR('',#9275,10.);
#2398=VECTOR('',#9278,10.);
#2399=VECTOR('',#9291,1.15);
#2400=VECTOR('',#9306,1.15);
#2401=VECTOR('',#9319,1.5);
#2402=VECTOR('',#9326,1.5);
#2403=VECTOR('',#9331,1.4);
#2404=VECTOR('',#9338,1.5);
#2405=VECTOR('',#9345,1.4);
#2406=VECTOR('',#9352,100.);
#2407=VECTOR('',#9355,100.);
#2408=VECTOR('',#9360,100.);
#2409=VECTOR('',#9363,100.);
#2410=VECTOR('',#9368,100.);
#2411=VECTOR('',#9371,100.);
#2412=VECTOR('',#9378,100.);
#2413=VECTOR('',#9381,100.);
#2414=VECTOR('',#9388,100.);
#2415=VECTOR('',#9393,100.);
#2416=VECTOR('',#9400,100.);
#2417=VECTOR('',#9405,100.);
#2418=VECTOR('',#9412,100.);
#2419=VECTOR('',#9417,100.);
#2420=VECTOR('',#9422,100.);
#2421=VECTOR('',#9427,100.);
#2422=VECTOR('',#9434,100.);
#2423=VECTOR('',#9439,100.);
#2424=VECTOR('',#9446,100.);
#2425=VECTOR('',#9451,100.);
#2426=VECTOR('',#9456,100.);
#2427=VECTOR('',#9459,100.);
#2428=VECTOR('',#9464,100.);
#2429=VECTOR('',#9467,100.);
#2430=VECTOR('',#9470,100.);
#2431=VECTOR('',#9473,100.);
#2432=VECTOR('',#9476,100.);
#2433=VECTOR('',#9479,100.);
#2434=VECTOR('',#9484,100.);
#2435=VECTOR('',#9487,100.);
#2436=VECTOR('',#9490,100.);
#2437=VECTOR('',#9493,100.);
#2438=VECTOR('',#9496,100.);
#2439=VECTOR('',#9499,100.);
#2440=VECTOR('',#9504,100.);
#2441=VECTOR('',#9507,100.);
#2442=VECTOR('',#9516,2.5);
#2443=VECTOR('',#9521,1.75);
#2444=VECTOR('',#9528,2.5);
#2445=VECTOR('',#9533,1.75);
#2446=VECTOR('',#9540,10.);
#2447=VECTOR('',#9543,10.);
#2448=VECTOR('',#9546,10.);
#2449=VECTOR('',#9547,10.);
#2450=VECTOR('',#9548,10.);
#2451=VECTOR('',#9551,10.);
#2452=VECTOR('',#9552,10.);
#2453=VECTOR('',#9553,10.);
#2454=VECTOR('',#9558,10.);
#2455=VECTOR('',#9563,10.);
#2456=VECTOR('',#9564,10.);
#2457=VECTOR('',#9569,10.);
#2458=VECTOR('',#9572,10.);
#2459=VECTOR('',#9575,10.);
#2460=VECTOR('',#9578,10.);
#2461=VECTOR('',#9579,10.);
#2462=VECTOR('',#9580,10.);
#2463=VECTOR('',#9583,10.);
#2464=VECTOR('',#9584,10.);
#2465=VECTOR('',#9589,10.);
#2466=VECTOR('',#9592,10.);
#2467=VECTOR('',#9593,10.);
#2468=VECTOR('',#9596,10.);
#2469=VECTOR('',#9599,10.);
#2470=VECTOR('',#9606,10.);
#2471=VECTOR('',#9611,10.);
#2472=VECTOR('',#9612,10.);
#2473=VECTOR('',#9615,10.);
#2474=VECTOR('',#9630,1.375);
#2475=VECTOR('',#9637,1.5);
#2476=VECTOR('',#9654,2.25);
#2477=VECTOR('',#9659,10.);
#2478=VECTOR('',#9660,10.);
#2479=VECTOR('',#9661,10.);
#2480=VECTOR('',#9662,10.);
#2481=VECTOR('',#9665,10.);
#2482=VECTOR('',#9666,10.);
#2483=VECTOR('',#9667,10.);
#2484=VECTOR('',#9670,10.);
#2485=VECTOR('',#9671,10.);
#2486=VECTOR('',#9672,10.);
#2487=VECTOR('',#9675,10.);
#2488=VECTOR('',#9676,10.);
#2489=VECTOR('',#9677,10.);
#2490=VECTOR('',#9680,10.);
#2491=VECTOR('',#9681,10.);
#2492=VECTOR('',#9682,10.);
#2493=VECTOR('',#9685,10.);
#2494=VECTOR('',#9686,10.);
#2495=VECTOR('',#9695,3.);
#2496=VECTOR('',#9714,1.5);
#2497=VECTOR('',#9723,1.3466375);
#2498=VECTOR('',#9738,10.);
#2499=VECTOR('',#9739,10.);
#2500=VECTOR('',#9740,10.);
#2501=VECTOR('',#9741,10.);
#2502=VECTOR('',#9742,10.);
#2503=VECTOR('',#9743,10.);
#2504=VECTOR('',#9746,2.75);
#2505=VECTOR('',#9749,10.);
#2506=VECTOR('',#9750,10.);
#2507=VECTOR('',#9753,10.);
#2508=VECTOR('',#9756,10.);
#2509=VECTOR('',#9759,10.);
#2510=VECTOR('',#9762,10.);
#2511=VECTOR('',#9767,0.721687836487032);
#2512=VECTOR('',#9774,0.500000000000001);
#2513=VECTOR('',#9793,1.2295);
#2514=VECTOR('',#9798,10.);
#2515=VECTOR('',#9799,10.);
#2516=VECTOR('',#9800,10.);
#2517=VECTOR('',#9801,10.);
#2518=VECTOR('',#9804,10.);
#2519=VECTOR('',#9805,10.);
#2520=VECTOR('',#9806,10.);
#2521=VECTOR('',#9807,10.);
#2522=VECTOR('',#9810,10.);
#2523=VECTOR('',#9811,10.);
#2524=VECTOR('',#9814,10.);
#2525=VECTOR('',#9815,10.);
#2526=VECTOR('',#9818,10.);
#2527=VECTOR('',#9819,10.);
#2528=VECTOR('',#9820,10.);
#2529=VECTOR('',#9823,10.);
#2530=VECTOR('',#9824,10.);
#2531=VECTOR('',#9831,10.);
#2532=VECTOR('',#9832,10.);
#2533=VECTOR('',#9833,10.);
#2534=VECTOR('',#9836,10.);
#2535=VECTOR('',#9837,10.);
#2536=VECTOR('',#9840,10.);
#2537=VECTOR('',#9841,10.);
#2538=VECTOR('',#9842,10.);
#2539=VECTOR('',#9845,10.);
#2540=VECTOR('',#9846,10.);
#2541=VECTOR('',#9849,10.);
#2542=VECTOR('',#9856,1.4);
#2543=VECTOR('',#9863,1.5);
#2544=VECTOR('',#9876,1.23436835802422);
#2545=VECTOR('',#9885,1.5);
#2546=VECTOR('',#9890,10.);
#2547=VECTOR('',#9891,10.);
#2548=VECTOR('',#9892,10.);
#2549=VECTOR('',#9895,10.);
#2550=VECTOR('',#9896,10.);
#2551=VECTOR('',#9899,10.);
#2552=VECTOR('',#9900,10.);
#2553=VECTOR('',#9903,10.);
#2554=VECTOR('',#9904,10.);
#2555=VECTOR('',#9907,10.);
#2556=VECTOR('',#9908,10.);
#2557=VECTOR('',#9911,10.);
#2558=VECTOR('',#9918,1.3466375);
#2559=VECTOR('',#9921,0.433012701892216);
#2560=VECTOR('',#9928,4.2);
#2561=VECTOR('',#9935,8.);
#2562=VECTOR('',#9960,1.5);
#2563=VECTOR('',#9969,1.3466375);
#2564=VECTOR('',#9984,10.);
#2565=VECTOR('',#9985,10.);
#2566=VECTOR('',#9986,10.);
#2567=VECTOR('',#9987,10.);
#2568=VECTOR('',#9988,10.);
#2569=VECTOR('',#9989,10.);
#2570=VECTOR('',#9992,2.75);
#2571=VECTOR('',#9995,10.);
#2572=VECTOR('',#9996,10.);
#2573=VECTOR('',#9999,10.);
#2574=VECTOR('',#10002,10.);
#2575=VECTOR('',#10005,10.);
#2576=VECTOR('',#10008,10.);
#2577=VECTOR('',#10013,0.721687836487032);
#2578=VECTOR('',#10030,1.5);
#2579=VECTOR('',#10045,1.5);
#2580=VECTOR('',#10056,1.5);
#2581=VECTOR('',#10071,1.5);
#2582=VECTOR('',#10090,1.5);
#2583=VECTOR('',#10097,1.36481646934132);
#2584=VECTOR('',#10106,1.2295);
#2585=VECTOR('',#10115,1.36481646934132);
#2586=VECTOR('',#10122,2.73771324027147);
#2587=VECTOR('',#10125,2.73771324027147);
#2588=VECTOR('',#10128,10.);
#2589=VECTOR('',#10129,10.);
#2590=VECTOR('',#10132,10.);
#2591=VECTOR('',#10135,10.);
#2592=VECTOR('',#10138,10.);
#2593=VECTOR('',#10141,10.);
#2594=CIRCLE('',#7253,1.7);
#2595=CIRCLE('',#7254,1.5);
#2596=CIRCLE('',#7255,1.5);
#2597=CIRCLE('',#7257,1.5);
#2598=CIRCLE('',#7259,1.2295);
#2599=CIRCLE('',#7261,1.2295);
#2600=CIRCLE('',#7264,1.2295);
#2601=CIRCLE('',#7267,3.3235);
#2602=CIRCLE('',#7269,3.3235);
#2603=CIRCLE('',#7271,3.3235);
#2604=CIRCLE('',#7273,3.3235);
#2605=CIRCLE('',#7275,4.188);
#2606=CIRCLE('',#7277,4.188);
#2607=CIRCLE('',#7279,4.188);
#2608=CIRCLE('',#7281,4.188);
#2609=CIRCLE('',#7283,2.4585);
#2610=CIRCLE('',#7285,2.4585);
#2611=CIRCLE('',#7287,2.4585);
#2612=CIRCLE('',#7289,2.4585);
#2613=CIRCLE('',#7297,2.4585);
#2614=CIRCLE('',#7298,2.4585);
#2615=CIRCLE('',#7300,2.4585);
#2616=CIRCLE('',#7301,2.4585);
#2617=CIRCLE('',#7303,1.5);
#2618=CIRCLE('',#7304,1.5);
#2619=CIRCLE('',#7306,6.3);
#2620=CIRCLE('',#7307,3.);
#2621=CIRCLE('',#7309,3.);
#2622=CIRCLE('',#7311,6.3);
#2623=CIRCLE('',#7312,3.);
#2624=CIRCLE('',#7314,3.);
#2625=CIRCLE('',#7323,2.5);
#2626=CIRCLE('',#7324,3.);
#2627=CIRCLE('',#7325,3.);
#2628=CIRCLE('',#7327,3.);
#2629=CIRCLE('',#7328,3.);
#2630=CIRCLE('',#7331,3.08786796564404);
#2631=CIRCLE('',#7332,3.08786796564404);
#2632=CIRCLE('',#7333,0.3);
#2633=CIRCLE('',#7335,6.);
#2634=CIRCLE('',#7344,6.);
#2635=CIRCLE('',#7348,4.4);
#2636=CIRCLE('',#7349,0.4);
#2637=CIRCLE('',#7350,4.);
#2638=CIRCLE('',#7351,4.);
#2639=CIRCLE('',#7353,4.);
#2640=CIRCLE('',#7354,4.);
#2641=CIRCLE('',#7356,6.5);
#2642=CIRCLE('',#7358,3.2331875);
#2643=CIRCLE('',#7361,6.5);
#2644=CIRCLE('',#7362,6.5);
#2645=CIRCLE('',#7363,0.8);
#2646=CIRCLE('',#7364,5.7);
#2647=CIRCLE('',#7376,7.5);
#2648=CIRCLE('',#7377,7.5);
#2649=CIRCLE('',#7378,7.3);
#2650=CIRCLE('',#7380,7.5);
#2651=CIRCLE('',#7382,5.);
#2652=CIRCLE('',#7384,7.3);
#2653=CIRCLE('',#7386,5.);
#2654=CIRCLE('',#7388,4.8);
#2655=CIRCLE('',#7389,5.);
#2656=CIRCLE('',#7392,2.4585);
#2657=CIRCLE('',#7394,2.4585);
#2658=CIRCLE('',#7397,4.9);
#2659=CIRCLE('',#7398,5.);
#2660=CIRCLE('',#7403,4.99989881604791);
#2661=CIRCLE('',#7404,4.188);
#2662=CIRCLE('',#7406,4.188);
#2663=CIRCLE('',#7407,4.188);
#2664=CIRCLE('',#7409,7.3);
#2665=CIRCLE('',#7411,4.99989881604791);
#2666=CIRCLE('',#7413,7.3);
#2667=CIRCLE('',#7424,19.8);
#2668=CIRCLE('',#7425,20.);
#2669=CIRCLE('',#7426,20.);
#2670=CIRCLE('',#7428,20.);
#2671=CIRCLE('',#7429,20.);
#2672=CIRCLE('',#7431,8.25);
#2673=CIRCLE('',#7433,20.);
#2674=CIRCLE('',#7434,20.);
#2675=CIRCLE('',#7435,19.8);
#2676=CIRCLE('',#7437,20.);
#2677=CIRCLE('',#7438,20.);
#2678=CIRCLE('',#7440,9.5);
#2679=CIRCLE('',#7442,19.6759189558768);
#2680=CIRCLE('',#7443,19.6759189558768);
#2681=CIRCLE('',#7444,0.5);
#2682=CIRCLE('',#7446,15.6682250641232);
#2683=CIRCLE('',#7447,15.6682250641232);
#2684=CIRCLE('',#7449,0.5);
#2685=CIRCLE('',#7450,19.6759189558768);
#2686=CIRCLE('',#7451,19.6759189558768);
#2687=CIRCLE('',#7453,15.6682250641232);
#2688=CIRCLE('',#7454,15.6682250641232);
#2689=CIRCLE('',#7456,0.5);
#2690=CIRCLE('',#7457,15.34414402);
#2691=CIRCLE('',#7458,15.34414402);
#2692=CIRCLE('',#7460,15.34414402);
#2693=CIRCLE('',#7461,15.34414402);
#2694=CIRCLE('',#7463,0.5);
#2695=CIRCLE('',#7465,8.25);
#2696=CIRCLE('',#7467,9.5);
#2697=CIRCLE('',#7469,9.5);
#2698=CIRCLE('',#7471,9.79999999999999);
#2699=CIRCLE('',#7473,9.8);
#2700=CIRCLE('',#7475,9.49999999999999);
#2701=CIRCLE('',#7479,0.805);
#2702=CIRCLE('',#7480,0.805);
#2703=CIRCLE('',#7482,1.);
#2704=CIRCLE('',#7483,1.);
#2705=CIRCLE('',#7485,0.1);
#2706=CIRCLE('',#7486,0.1);
#2707=CIRCLE('',#7488,0.1);
#2708=CIRCLE('',#7489,0.1);
#2709=CIRCLE('',#7491,0.205);
#2710=CIRCLE('',#7492,0.205);
#2711=CIRCLE('',#7495,0.805);
#2712=CIRCLE('',#7496,0.805);
#2713=CIRCLE('',#7498,0.205);
#2714=CIRCLE('',#7499,0.805);
#2715=CIRCLE('',#7501,0.205);
#2716=CIRCLE('',#7503,0.805);
#2717=CIRCLE('',#7508,0.9);
#2718=CIRCLE('',#7509,0.55);
#2719=CIRCLE('',#7511,0.9);
#2720=CIRCLE('',#7512,0.55);
#2721=CIRCLE('',#7516,0.95);
#2722=CIRCLE('',#7517,0.9125);
#2723=CIRCLE('',#7519,0.95);
#2724=CIRCLE('',#7520,0.9125);
#2725=CIRCLE('',#7523,0.9125);
#2726=CIRCLE('',#7525,0.5375);
#2727=CIRCLE('',#7526,0.5);
#2728=CIRCLE('',#7528,0.5375);
#2729=CIRCLE('',#7529,0.5);
#2730=CIRCLE('',#7532,0.5375);
#2731=CIRCLE('',#7535,0.9125);
#2732=CIRCLE('',#7537,0.5375);
#2733=CIRCLE('',#7541,3.);
#2734=CIRCLE('',#7542,3.2);
#2735=CIRCLE('',#7544,5.8);
#2736=CIRCLE('',#7546,3.);
#2737=CIRCLE('',#7548,6.);
#2738=CIRCLE('',#7549,6.);
#2739=CIRCLE('',#7551,6.);
#2740=CIRCLE('',#7552,6.);
#2741=CIRCLE('',#7554,3.2);
#2742=CIRCLE('',#7556,5.8);
#2743=CIRCLE('',#7560,3.1);
#2744=CIRCLE('',#7561,0.1);
#2745=CIRCLE('',#7562,3.);
#2746=CIRCLE('',#7563,3.);
#2747=CIRCLE('',#7565,3.);
#2748=CIRCLE('',#7566,3.);
#2749=CIRCLE('',#7568,5.);
#2750=CIRCLE('',#7570,2.38655);
#2751=CIRCLE('',#7573,5.);
#2752=CIRCLE('',#7574,5.);
#2753=CIRCLE('',#7575,0.6);
#2754=CIRCLE('',#7576,4.4);
#2755=CIRCLE('',#7588,1.2295);
#2756=CIRCLE('',#7590,1.2295);
#2757=CIRCLE('',#7592,1.2295);
#2758=CIRCLE('',#7594,1.2295);
#2759=CIRCLE('',#7596,1.2295);
#2760=CIRCLE('',#7598,1.2295);
#2761=CIRCLE('',#7600,1.2295);
#2762=CIRCLE('',#7602,1.2295);
#2763=CIRCLE('',#7607,5.);
#2764=CIRCLE('',#7608,5.2);
#2765=CIRCLE('',#7612,8.);
#2766=CIRCLE('',#7613,7.80000000000001);
#2767=CIRCLE('',#7616,8.);
#2768=CIRCLE('',#7617,7.80000000000001);
#2769=CIRCLE('',#7623,8.);
#2770=CIRCLE('',#7624,7.8);
#2771=CIRCLE('',#7627,8.);
#2772=CIRCLE('',#7628,7.80000000000001);
#2773=CIRCLE('',#7637,5.2);
#2774=CIRCLE('',#7638,4.996);
#2775=CIRCLE('',#7639,4.996);
#2776=CIRCLE('',#7642,5.);
#2777=CIRCLE('',#7651,5.);
#2778=CIRCLE('',#7655,1.75);
#2779=CIRCLE('',#7656,1.75);
#2780=CIRCLE('',#7658,1.5);
#2781=CIRCLE('',#7659,1.5);
#2782=CIRCLE('',#7661,1.5);
#2783=CIRCLE('',#7662,1.5);
#2784=CIRCLE('',#7675,6.);
#2785=CIRCLE('',#7676,6.30000000000001);
#2786=CIRCLE('',#7678,4.7);
#2787=CIRCLE('',#7679,5.);
#2788=CIRCLE('',#7681,6.3);
#2789=CIRCLE('',#7682,6.);
#2790=CIRCLE('',#7685,6.3);
#2791=CIRCLE('',#7686,6.);
#2792=CIRCLE('',#7688,5.);
#2793=CIRCLE('',#7689,4.7);
#2794=CIRCLE('',#7691,6.);
#2795=CIRCLE('',#7692,6.3);
#2796=CIRCLE('',#7694,6.);
#2797=CIRCLE('',#7696,5.);
#2798=CIRCLE('',#7698,6.);
#2799=CIRCLE('',#7704,6.);
#2800=CIRCLE('',#7706,6.);
#2801=CIRCLE('',#7711,5.);
#2802=CIRCLE('',#7715,1.15);
#2803=CIRCLE('',#7716,1.15);
#2804=CIRCLE('',#7718,1.5);
#2805=CIRCLE('',#7720,1.5);
#2806=CIRCLE('',#7722,1.15);
#2807=CIRCLE('',#7723,1.15);
#2808=CIRCLE('',#7725,1.5);
#2809=CIRCLE('',#7727,1.5);
#2810=CIRCLE('',#7729,1.5);
#2811=CIRCLE('',#7730,1.5);
#2812=CIRCLE('',#7733,1.3);
#2813=CIRCLE('',#7735,1.5);
#2814=CIRCLE('',#7736,1.5);
#2815=CIRCLE('',#7739,1.3);
#2816=CIRCLE('',#7743,0.115);
#2817=CIRCLE('',#7744,0.115);
#2818=CIRCLE('',#7746,0.115);
#2819=CIRCLE('',#7747,0.115);
#2820=CIRCLE('',#7749,0.115);
#2821=CIRCLE('',#7750,0.115);
#2822=CIRCLE('',#7752,0.315);
#2823=CIRCLE('',#7753,0.315);
#2824=CIRCLE('',#7755,0.03);
#2825=CIRCLE('',#7756,0.03);
#2826=CIRCLE('',#7757,0.015);
#2827=CIRCLE('',#7758,0.015);
#2828=CIRCLE('',#7759,0.03);
#2829=CIRCLE('',#7760,0.215);
#2830=CIRCLE('',#7761,0.03);
#2831=CIRCLE('',#7762,0.03);
#2832=CIRCLE('',#7763,0.03);
#2833=CIRCLE('',#7764,0.03);
#2834=CIRCLE('',#7765,0.215);
#2835=CIRCLE('',#7766,0.03);
#2836=CIRCLE('',#7767,0.015);
#2837=CIRCLE('',#7768,0.015);
#2838=CIRCLE('',#7770,0.03);
#2839=CIRCLE('',#7771,0.015);
#2840=CIRCLE('',#7772,0.015);
#2841=CIRCLE('',#7773,0.03);
#2842=CIRCLE('',#7774,0.215);
#2843=CIRCLE('',#7775,0.03);
#2844=CIRCLE('',#7776,0.03);
#2845=CIRCLE('',#7777,0.03);
#2846=CIRCLE('',#7778,0.03);
#2847=CIRCLE('',#7779,0.215);
#2848=CIRCLE('',#7780,0.03);
#2849=CIRCLE('',#7781,0.015);
#2850=CIRCLE('',#7782,0.015);
#2851=CIRCLE('',#7783,0.03);
#2852=CIRCLE('',#7806,3.25);
#2853=CIRCLE('',#7807,1.75);
#2854=CIRCLE('',#7809,1.75);
#2855=CIRCLE('',#7811,3.25);
#2856=CIRCLE('',#7812,1.75);
#2857=CIRCLE('',#7814,1.75);
#2858=CIRCLE('',#7816,1.);
#2859=CIRCLE('',#7817,1.);
#2860=CIRCLE('',#7820,1.);
#2861=CIRCLE('',#7822,1.);
#2862=CIRCLE('',#7825,1.);
#2863=CIRCLE('',#7826,1.);
#2864=CIRCLE('',#7828,1.);
#2865=CIRCLE('',#7831,1.);
#2866=CIRCLE('',#7834,5.50000000000002);
#2867=CIRCLE('',#7835,5.50000000000002);
#2868=CIRCLE('',#7837,2.50000000000002);
#2869=CIRCLE('',#7842,2.50000000000002);
#2870=CIRCLE('',#7847,1.25);
#2871=CIRCLE('',#7848,1.5);
#2872=CIRCLE('',#7849,1.5);
#2873=CIRCLE('',#7851,1.5);
#2874=CIRCLE('',#7852,1.5);
#2875=CIRCLE('',#7855,1.52928932188135);
#2876=CIRCLE('',#7856,1.52928932188135);
#2877=CIRCLE('',#7857,0.1);
#2878=CIRCLE('',#7859,3.);
#2879=CIRCLE('',#7868,3.);
#2880=CIRCLE('',#7872,1.6);
#2881=CIRCLE('',#7873,0.1);
#2882=CIRCLE('',#7874,1.5);
#2883=CIRCLE('',#7875,1.5);
#2884=CIRCLE('',#7877,1.5);
#2885=CIRCLE('',#7878,1.5);
#2886=CIRCLE('',#7880,2.75);
#2887=CIRCLE('',#7882,1.193275);
#2888=CIRCLE('',#7885,2.75);
#2889=CIRCLE('',#7886,2.75);
#2890=CIRCLE('',#7887,0.3);
#2891=CIRCLE('',#7888,2.45);
#2892=CIRCLE('',#7900,0.500000000000001);
#2893=CIRCLE('',#7901,0.500000000000001);
#2894=CIRCLE('',#7902,0.500000000000001);
#2895=CIRCLE('',#7903,0.500000000000001);
#2896=CIRCLE('',#7905,5.);
#2897=CIRCLE('',#7906,5.);
#2898=CIRCLE('',#7909,1.2295);
#2899=CIRCLE('',#7910,1.2295);
#2900=CIRCLE('',#7918,1.5);
#2901=CIRCLE('',#7926,1.3);
#2902=CIRCLE('',#7927,1.5);
#2903=CIRCLE('',#7928,1.5);
#2904=CIRCLE('',#7934,1.5);
#2905=CIRCLE('',#7935,1.5);
#2906=CIRCLE('',#7936,0.968736716048436);
#2907=CIRCLE('',#7938,1.5);
#2908=CIRCLE('',#7939,1.5);
#2909=CIRCLE('',#7948,1.193275);
#2910=CIRCLE('',#7953,4.2);
#2911=CIRCLE('',#7954,4.2);
#2912=CIRCLE('',#7956,8.);
#2913=CIRCLE('',#7957,8.);
#2914=CIRCLE('',#7962,1.6);
#2915=CIRCLE('',#7963,0.1);
#2916=CIRCLE('',#7964,1.5);
#2917=CIRCLE('',#7965,1.5);
#2918=CIRCLE('',#7967,1.5);
#2919=CIRCLE('',#7968,1.5);
#2920=CIRCLE('',#7970,2.75);
#2921=CIRCLE('',#7972,1.193275);
#2922=CIRCLE('',#7975,2.75);
#2923=CIRCLE('',#7976,2.75);
#2924=CIRCLE('',#7977,0.3);
#2925=CIRCLE('',#7978,2.45);
#2926=CIRCLE('',#7989,0.999999999999996);
#2927=CIRCLE('',#7992,40.5);
#2928=CIRCLE('',#7993,1.5);
#2929=CIRCLE('',#7994,1.5);
#2930=CIRCLE('',#7996,1.5);
#2931=CIRCLE('',#7997,1.5);
#2932=CIRCLE('',#7999,19.5);
#2933=CIRCLE('',#8000,1.5);
#2934=CIRCLE('',#8001,1.5);
#2935=CIRCLE('',#8003,1.5);
#2936=CIRCLE('',#8005,19.5);
#2937=CIRCLE('',#8006,1.5);
#2938=CIRCLE('',#8008,1.5);
#2939=CIRCLE('',#8009,1.5);
#2940=CIRCLE('',#8011,1.49999999999999);
#2941=CIRCLE('',#8012,1.5);
#2942=CIRCLE('',#8013,1.5);
#2943=CIRCLE('',#8015,1.5);
#2944=CIRCLE('',#8016,1.5);
#2945=CIRCLE('',#8018,1.5);
#2946=CIRCLE('',#8019,1.5);
#2947=CIRCLE('',#8020,1.5);
#2948=CIRCLE('',#8022,1.5);
#2949=CIRCLE('',#8026,1.50013293868264);
#2950=CIRCLE('',#8027,1.2295);
#2951=CIRCLE('',#8029,1.2295);
#2952=CIRCLE('',#8030,1.2295);
#2953=CIRCLE('',#8032,2.3);
#2954=CIRCLE('',#8034,1.50013293868264);
#2955=CIRCLE('',#8036,2.3);
#2956=VERTEX_POINT('',#10223);
#2957=VERTEX_POINT('',#10225);
#2958=VERTEX_POINT('',#10227);
#2959=VERTEX_POINT('',#10231);
#2960=VERTEX_POINT('',#10234);
#2961=VERTEX_POINT('',#10278);
#2962=VERTEX_POINT('',#10279);
#2963=VERTEX_POINT('',#10281);
#2964=VERTEX_POINT('',#10283);
#2965=VERTEX_POINT('',#10286);
#2966=VERTEX_POINT('',#10289);
#2967=VERTEX_POINT('',#10294);
#2968=VERTEX_POINT('',#10296);
#2969=VERTEX_POINT('',#10301);
#2970=VERTEX_POINT('',#10303);
#2971=VERTEX_POINT('',#10306);
#2972=VERTEX_POINT('',#10310);
#2973=VERTEX_POINT('',#10312);
#2974=VERTEX_POINT('',#10315);
#2975=VERTEX_POINT('',#10319);
#2976=VERTEX_POINT('',#10321);
#2977=VERTEX_POINT('',#10324);
#2978=VERTEX_POINT('',#10328);
#2979=VERTEX_POINT('',#10330);
#2980=VERTEX_POINT('',#10333);
#2981=VERTEX_POINT('',#10337);
#2982=VERTEX_POINT('',#10339);
#2983=VERTEX_POINT('',#10342);
#2984=VERTEX_POINT('',#10346);
#2985=VERTEX_POINT('',#10348);
#2986=VERTEX_POINT('',#10351);
#2987=VERTEX_POINT('',#10355);
#2988=VERTEX_POINT('',#10356);
#2989=VERTEX_POINT('',#10361);
#2990=VERTEX_POINT('',#10365);
#2991=VERTEX_POINT('',#10373);
#2992=VERTEX_POINT('',#10375);
#2993=VERTEX_POINT('',#10379);
#2994=VERTEX_POINT('',#10381);
#2995=VERTEX_POINT('',#10385);
#2996=VERTEX_POINT('',#10387);
#2997=VERTEX_POINT('',#10391);
#2998=VERTEX_POINT('',#10393);
#2999=VERTEX_POINT('',#10397);
#3000=VERTEX_POINT('',#10401);
#3001=VERTEX_POINT('',#10403);
#3002=VERTEX_POINT('',#10407);
#3003=VERTEX_POINT('',#10411);
#3004=VERTEX_POINT('',#10412);
#3005=VERTEX_POINT('',#10414);
#3006=VERTEX_POINT('',#10416);
#3007=VERTEX_POINT('',#10420);
#3008=VERTEX_POINT('',#10422);
#3009=VERTEX_POINT('',#10426);
#3010=VERTEX_POINT('',#10430);
#3011=VERTEX_POINT('',#10438);
#3012=VERTEX_POINT('',#10440);
#3013=VERTEX_POINT('',#10442);
#3014=VERTEX_POINT('',#10446);
#3015=VERTEX_POINT('',#10448);
#3016=VERTEX_POINT('',#10453);
#3017=VERTEX_POINT('',#10454);
#3018=VERTEX_POINT('',#10459);
#3019=VERTEX_POINT('',#10463);
#3020=VERTEX_POINT('',#10464);
#3021=VERTEX_POINT('',#10466);
#3022=VERTEX_POINT('',#10468);
#3023=VERTEX_POINT('',#10472);
#3024=VERTEX_POINT('',#10474);
#3025=VERTEX_POINT('',#10478);
#3026=VERTEX_POINT('',#10480);
#3027=VERTEX_POINT('',#10484);
#3028=VERTEX_POINT('',#10486);
#3029=VERTEX_POINT('',#10490);
#3030=VERTEX_POINT('',#10492);
#3031=VERTEX_POINT('',#10500);
#3032=VERTEX_POINT('',#10506);
#3033=VERTEX_POINT('',#10508);
#3034=VERTEX_POINT('',#10510);
#3035=VERTEX_POINT('',#10514);
#3036=VERTEX_POINT('',#10515);
#3037=VERTEX_POINT('',#10520);
#3038=VERTEX_POINT('',#10523);
#3039=VERTEX_POINT('',#10528);
#3040=VERTEX_POINT('',#10529);
#3041=VERTEX_POINT('',#10532);
#3042=VERTEX_POINT('',#10536);
#3043=VERTEX_POINT('',#10537);
#3044=VERTEX_POINT('',#10539);
#3045=VERTEX_POINT('',#10541);
#3046=VERTEX_POINT('',#10543);
#3047=VERTEX_POINT('',#10545);
#3048=VERTEX_POINT('',#10551);
#3049=VERTEX_POINT('',#10552);
#3050=VERTEX_POINT('',#10559);
#3051=VERTEX_POINT('',#10565);
#3052=VERTEX_POINT('',#10571);
#3053=VERTEX_POINT('',#10577);
#3054=VERTEX_POINT('',#10581);
#3055=VERTEX_POINT('',#10591);
#3056=VERTEX_POINT('',#10595);
#3057=VERTEX_POINT('',#10596);
#3058=VERTEX_POINT('',#10599);
#3059=VERTEX_POINT('',#10603);
#3060=VERTEX_POINT('',#10607);
#3061=VERTEX_POINT('',#10610);
#3062=VERTEX_POINT('',#10614);
#3063=VERTEX_POINT('',#10617);
#3064=VERTEX_POINT('',#10619);
#3065=VERTEX_POINT('',#10625);
#3066=VERTEX_POINT('',#10628);
#3067=VERTEX_POINT('',#10630);
#3068=VERTEX_POINT('',#10635);
#3069=VERTEX_POINT('',#10637);
#3070=VERTEX_POINT('',#10645);
#3071=VERTEX_POINT('',#10647);
#3072=VERTEX_POINT('',#10651);
#3073=VERTEX_POINT('',#10652);
#3074=VERTEX_POINT('',#10657);
#3075=VERTEX_POINT('',#10660);
#3076=VERTEX_POINT('',#10664);
#3077=VERTEX_POINT('',#10667);
#3078=VERTEX_POINT('',#10668);
#3079=VERTEX_POINT('',#10672);
#3080=VERTEX_POINT('',#10676);
#3081=VERTEX_POINT('',#10680);
#3082=VERTEX_POINT('',#10684);
#3083=VERTEX_POINT('',#10693);
#3084=VERTEX_POINT('',#10695);
#3085=VERTEX_POINT('',#10699);
#3086=VERTEX_POINT('',#10703);
#3087=VERTEX_POINT('',#10707);
#3088=VERTEX_POINT('',#10711);
#3089=VERTEX_POINT('',#10732);
#3090=VERTEX_POINT('',#10734);
#3091=VERTEX_POINT('',#10736);
#3092=VERTEX_POINT('',#10740);
#3093=VERTEX_POINT('',#10742);
#3094=VERTEX_POINT('',#10746);
#3095=VERTEX_POINT('',#10749);
#3096=VERTEX_POINT('',#10750);
#3097=VERTEX_POINT('',#10753);
#3098=VERTEX_POINT('',#10757);
#3099=VERTEX_POINT('',#10758);
#3100=VERTEX_POINT('',#10763);
#3101=VERTEX_POINT('',#10766);
#3102=VERTEX_POINT('',#10767);
#3103=VERTEX_POINT('',#10772);
#3104=VERTEX_POINT('',#10773);
#3105=VERTEX_POINT('',#10778);
#3106=VERTEX_POINT('',#10780);
#3107=VERTEX_POINT('',#10784);
#3108=VERTEX_POINT('',#10786);
#3109=VERTEX_POINT('',#10790);
#3110=VERTEX_POINT('',#10792);
#3111=VERTEX_POINT('',#10796);
#3112=VERTEX_POINT('',#10797);
#3113=VERTEX_POINT('',#10804);
#3114=VERTEX_POINT('',#10808);
#3115=VERTEX_POINT('',#10811);
#3116=VERTEX_POINT('',#10815);
#3117=VERTEX_POINT('',#10818);
#3118=VERTEX_POINT('',#10822);
#3119=VERTEX_POINT('',#10828);
#3120=VERTEX_POINT('',#10829);
#3121=VERTEX_POINT('',#10831);
#3122=VERTEX_POINT('',#10833);
#3123=VERTEX_POINT('',#10837);
#3124=VERTEX_POINT('',#10838);
#3125=VERTEX_POINT('',#10840);
#3126=VERTEX_POINT('',#10842);
#3127=VERTEX_POINT('',#10846);
#3128=VERTEX_POINT('',#10848);
#3129=VERTEX_POINT('',#10852);
#3130=VERTEX_POINT('',#10854);
#3131=VERTEX_POINT('',#10858);
#3132=VERTEX_POINT('',#10860);
#3133=VERTEX_POINT('',#10864);
#3134=VERTEX_POINT('',#10866);
#3135=VERTEX_POINT('',#10873);
#3136=VERTEX_POINT('',#10875);
#3137=VERTEX_POINT('',#10879);
#3138=VERTEX_POINT('',#10883);
#3139=VERTEX_POINT('',#10891);
#3140=VERTEX_POINT('',#10893);
#3141=VERTEX_POINT('',#10896);
#3142=VERTEX_POINT('',#10898);
#3143=VERTEX_POINT('',#10905);
#3144=VERTEX_POINT('',#10907);
#3145=VERTEX_POINT('',#10910);
#3146=VERTEX_POINT('',#10912);
#3147=VERTEX_POINT('',#10917);
#3148=VERTEX_POINT('',#10921);
#3149=VERTEX_POINT('',#10923);
#3150=VERTEX_POINT('',#10926);
#3151=VERTEX_POINT('',#10928);
#3152=VERTEX_POINT('',#10933);
#3153=VERTEX_POINT('',#10938);
#3154=VERTEX_POINT('',#10942);
#3155=VERTEX_POINT('',#10948);
#3156=VERTEX_POINT('',#10950);
#3157=VERTEX_POINT('',#10954);
#3158=VERTEX_POINT('',#10957);
#3159=VERTEX_POINT('',#10961);
#3160=VERTEX_POINT('',#10962);
#3161=VERTEX_POINT('',#10967);
#3162=VERTEX_POINT('',#10968);
#3163=VERTEX_POINT('',#10973);
#3164=VERTEX_POINT('',#10977);
#3165=VERTEX_POINT('',#10983);
#3166=VERTEX_POINT('',#10985);
#3167=VERTEX_POINT('',#10987);
#3168=VERTEX_POINT('',#10991);
#3169=VERTEX_POINT('',#10992);
#3170=VERTEX_POINT('',#10997);
#3171=VERTEX_POINT('',#11000);
#3172=VERTEX_POINT('',#11005);
#3173=VERTEX_POINT('',#11006);
#3174=VERTEX_POINT('',#11009);
#3175=VERTEX_POINT('',#11013);
#3176=VERTEX_POINT('',#11014);
#3177=VERTEX_POINT('',#11016);
#3178=VERTEX_POINT('',#11018);
#3179=VERTEX_POINT('',#11020);
#3180=VERTEX_POINT('',#11022);
#3181=VERTEX_POINT('',#11028);
#3182=VERTEX_POINT('',#11029);
#3183=VERTEX_POINT('',#11036);
#3184=VERTEX_POINT('',#11042);
#3185=VERTEX_POINT('',#11048);
#3186=VERTEX_POINT('',#11054);
#3187=VERTEX_POINT('',#11058);
#3188=VERTEX_POINT('',#11068);
#3189=VERTEX_POINT('',#11072);
#3190=VERTEX_POINT('',#11074);
#3191=VERTEX_POINT('',#11077);
#3192=VERTEX_POINT('',#11081);
#3193=VERTEX_POINT('',#11083);
#3194=VERTEX_POINT('',#11086);
#3195=VERTEX_POINT('',#11090);
#3196=VERTEX_POINT('',#11092);
#3197=VERTEX_POINT('',#11095);
#3198=VERTEX_POINT('',#11099);
#3199=VERTEX_POINT('',#11101);
#3200=VERTEX_POINT('',#11104);
#3201=VERTEX_POINT('',#11108);
#3202=VERTEX_POINT('',#11109);
#3203=VERTEX_POINT('',#11111);
#3204=VERTEX_POINT('',#11117);
#3205=VERTEX_POINT('',#11118);
#3206=VERTEX_POINT('',#11120);
#3207=VERTEX_POINT('',#11124);
#3208=VERTEX_POINT('',#11125);
#3209=VERTEX_POINT('',#11127);
#3210=VERTEX_POINT('',#11136);
#3211=VERTEX_POINT('',#11137);
#3212=VERTEX_POINT('',#11139);
#3213=VERTEX_POINT('',#11143);
#3214=VERTEX_POINT('',#11144);
#3215=VERTEX_POINT('',#11149);
#3216=VERTEX_POINT('',#11151);
#3217=VERTEX_POINT('',#11155);
#3218=VERTEX_POINT('',#11157);
#3219=VERTEX_POINT('',#11161);
#3220=VERTEX_POINT('',#11163);
#3221=VERTEX_POINT('',#11170);
#3222=VERTEX_POINT('',#11171);
#3223=VERTEX_POINT('',#11173);
#3224=VERTEX_POINT('',#11177);
#3225=VERTEX_POINT('',#11178);
#3226=VERTEX_POINT('',#11180);
#3227=VERTEX_POINT('',#11184);
#3228=VERTEX_POINT('',#11185);
#3229=VERTEX_POINT('',#11190);
#3230=VERTEX_POINT('',#11192);
#3231=VERTEX_POINT('',#11196);
#3232=VERTEX_POINT('',#11198);
#3233=VERTEX_POINT('',#11202);
#3234=VERTEX_POINT('',#11204);
#3235=VERTEX_POINT('',#11226);
#3236=VERTEX_POINT('',#11227);
#3237=VERTEX_POINT('',#11232);
#3238=VERTEX_POINT('',#11233);
#3239=VERTEX_POINT('',#11236);
#3240=VERTEX_POINT('',#11256);
#3241=VERTEX_POINT('',#11261);
#3242=VERTEX_POINT('',#11263);
#3243=VERTEX_POINT('',#11267);
#3244=VERTEX_POINT('',#11269);
#3245=VERTEX_POINT('',#11273);
#3246=VERTEX_POINT('',#11275);
#3247=VERTEX_POINT('',#11279);
#3248=VERTEX_POINT('',#11280);
#3249=VERTEX_POINT('',#11282);
#3250=VERTEX_POINT('',#11286);
#3251=VERTEX_POINT('',#11287);
#3252=VERTEX_POINT('',#11289);
#3253=VERTEX_POINT('',#11293);
#3254=VERTEX_POINT('',#11294);
#3255=VERTEX_POINT('',#11296);
#3256=VERTEX_POINT('',#11303);
#3257=VERTEX_POINT('',#11305);
#3258=VERTEX_POINT('',#11312);
#3259=VERTEX_POINT('',#11313);
#3260=VERTEX_POINT('',#11315);
#3261=VERTEX_POINT('',#11325);
#3262=VERTEX_POINT('',#11327);
#3263=VERTEX_POINT('',#11334);
#3264=VERTEX_POINT('',#11336);
#3265=VERTEX_POINT('',#11346);
#3266=VERTEX_POINT('',#11348);
#3267=VERTEX_POINT('',#11352);
#3268=VERTEX_POINT('',#11353);
#3269=VERTEX_POINT('',#11361);
#3270=VERTEX_POINT('',#11363);
#3271=VERTEX_POINT('',#11370);
#3272=VERTEX_POINT('',#11372);
#3273=VERTEX_POINT('',#11376);
#3274=VERTEX_POINT('',#11377);
#3275=VERTEX_POINT('',#11385);
#3276=VERTEX_POINT('',#11387);
#3277=VERTEX_POINT('',#11391);
#3278=VERTEX_POINT('',#11395);
#3279=VERTEX_POINT('',#11399);
#3280=VERTEX_POINT('',#11401);
#3281=VERTEX_POINT('',#11403);
#3282=VERTEX_POINT('',#11410);
#3283=VERTEX_POINT('',#11414);
#3284=VERTEX_POINT('',#11416);
#3285=VERTEX_POINT('',#11420);
#3286=VERTEX_POINT('',#11424);
#3287=VERTEX_POINT('',#11434);
#3288=VERTEX_POINT('',#11436);
#3289=VERTEX_POINT('',#11440);
#3290=VERTEX_POINT('',#11443);
#3291=VERTEX_POINT('',#11446);
#3292=VERTEX_POINT('',#11448);
#3293=VERTEX_POINT('',#11452);
#3294=VERTEX_POINT('',#11455);
#3295=VERTEX_POINT('',#11458);
#3296=VERTEX_POINT('',#11460);
#3297=VERTEX_POINT('',#11466);
#3298=VERTEX_POINT('',#11470);
#3299=VERTEX_POINT('',#11471);
#3300=VERTEX_POINT('',#11477);
#3301=VERTEX_POINT('',#11483);
#3302=VERTEX_POINT('',#11484);
#3303=VERTEX_POINT('',#11486);
#3304=VERTEX_POINT('',#11488);
#3305=VERTEX_POINT('',#11492);
#3306=VERTEX_POINT('',#11493);
#3307=VERTEX_POINT('',#11495);
#3308=VERTEX_POINT('',#11497);
#3309=VERTEX_POINT('',#11501);
#3310=VERTEX_POINT('',#11502);
#3311=VERTEX_POINT('',#11504);
#3312=VERTEX_POINT('',#11506);
#3313=VERTEX_POINT('',#11510);
#3314=VERTEX_POINT('',#11511);
#3315=VERTEX_POINT('',#11513);
#3316=VERTEX_POINT('',#11515);
#3317=VERTEX_POINT('',#11519);
#3318=VERTEX_POINT('',#11521);
#3319=VERTEX_POINT('',#11523);
#3320=VERTEX_POINT('',#11526);
#3321=VERTEX_POINT('',#11528);
#3322=VERTEX_POINT('',#11530);
#3323=VERTEX_POINT('',#11532);
#3324=VERTEX_POINT('',#11534);
#3325=VERTEX_POINT('',#11536);
#3326=VERTEX_POINT('',#11539);
#3327=VERTEX_POINT('',#11541);
#3328=VERTEX_POINT('',#11543);
#3329=VERTEX_POINT('',#11545);
#3330=VERTEX_POINT('',#11547);
#3331=VERTEX_POINT('',#11549);
#3332=VERTEX_POINT('',#11552);
#3333=VERTEX_POINT('',#11556);
#3334=VERTEX_POINT('',#11558);
#3335=VERTEX_POINT('',#11561);
#3336=VERTEX_POINT('',#11563);
#3337=VERTEX_POINT('',#11565);
#3338=VERTEX_POINT('',#11567);
#3339=VERTEX_POINT('',#11569);
#3340=VERTEX_POINT('',#11571);
#3341=VERTEX_POINT('',#11574);
#3342=VERTEX_POINT('',#11576);
#3343=VERTEX_POINT('',#11578);
#3344=VERTEX_POINT('',#11580);
#3345=VERTEX_POINT('',#11582);
#3346=VERTEX_POINT('',#11584);
#3347=VERTEX_POINT('',#11587);
#3348=VERTEX_POINT('',#11589);
#3349=VERTEX_POINT('',#11630);
#3350=VERTEX_POINT('',#11632);
#3351=VERTEX_POINT('',#11636);
#3352=VERTEX_POINT('',#11640);
#3353=VERTEX_POINT('',#11642);
#3354=VERTEX_POINT('',#11646);
#3355=VERTEX_POINT('',#11650);
#3356=VERTEX_POINT('',#11651);
#3357=VERTEX_POINT('',#11653);
#3358=VERTEX_POINT('',#11655);
#3359=VERTEX_POINT('',#11659);
#3360=VERTEX_POINT('',#11661);
#3361=VERTEX_POINT('',#11665);
#3362=VERTEX_POINT('',#11667);
#3363=VERTEX_POINT('',#11669);
#3364=VERTEX_POINT('',#11673);
#3365=VERTEX_POINT('',#11677);
#3366=VERTEX_POINT('',#11681);
#3367=VERTEX_POINT('',#11682);
#3368=VERTEX_POINT('',#11684);
#3369=VERTEX_POINT('',#11686);
#3370=VERTEX_POINT('',#11690);
#3371=VERTEX_POINT('',#11692);
#3372=VERTEX_POINT('',#11694);
#3373=VERTEX_POINT('',#11696);
#3374=VERTEX_POINT('',#11700);
#3375=VERTEX_POINT('',#11704);
#3376=VERTEX_POINT('',#11708);
#3377=VERTEX_POINT('',#11713);
#3378=VERTEX_POINT('',#11715);
#3379=VERTEX_POINT('',#11733);
#3380=VERTEX_POINT('',#11735);
#3381=VERTEX_POINT('',#11737);
#3382=VERTEX_POINT('',#11741);
#3383=VERTEX_POINT('',#11743);
#3384=VERTEX_POINT('',#11748);
#3385=VERTEX_POINT('',#11749);
#3386=VERTEX_POINT('',#11754);
#3387=VERTEX_POINT('',#11758);
#3388=VERTEX_POINT('',#11759);
#3389=VERTEX_POINT('',#11761);
#3390=VERTEX_POINT('',#11763);
#3391=VERTEX_POINT('',#11767);
#3392=VERTEX_POINT('',#11769);
#3393=VERTEX_POINT('',#11773);
#3394=VERTEX_POINT('',#11775);
#3395=VERTEX_POINT('',#11779);
#3396=VERTEX_POINT('',#11781);
#3397=VERTEX_POINT('',#11785);
#3398=VERTEX_POINT('',#11787);
#3399=VERTEX_POINT('',#11795);
#3400=VERTEX_POINT('',#11801);
#3401=VERTEX_POINT('',#11803);
#3402=VERTEX_POINT('',#11805);
#3403=VERTEX_POINT('',#11809);
#3404=VERTEX_POINT('',#11810);
#3405=VERTEX_POINT('',#11815);
#3406=VERTEX_POINT('',#11818);
#3407=VERTEX_POINT('',#11823);
#3408=VERTEX_POINT('',#11824);
#3409=VERTEX_POINT('',#11827);
#3410=VERTEX_POINT('',#11831);
#3411=VERTEX_POINT('',#11832);
#3412=VERTEX_POINT('',#11834);
#3413=VERTEX_POINT('',#11836);
#3414=VERTEX_POINT('',#11838);
#3415=VERTEX_POINT('',#11840);
#3416=VERTEX_POINT('',#11846);
#3417=VERTEX_POINT('',#11847);
#3418=VERTEX_POINT('',#11854);
#3419=VERTEX_POINT('',#11860);
#3420=VERTEX_POINT('',#11866);
#3421=VERTEX_POINT('',#11872);
#3422=VERTEX_POINT('',#11876);
#3423=VERTEX_POINT('',#11886);
#3424=VERTEX_POINT('',#11890);
#3425=VERTEX_POINT('',#11891);
#3426=VERTEX_POINT('',#11893);
#3427=VERTEX_POINT('',#11896);
#3428=VERTEX_POINT('',#11900);
#3429=VERTEX_POINT('',#11902);
#3430=VERTEX_POINT('',#11906);
#3431=VERTEX_POINT('',#11908);
#3432=VERTEX_POINT('',#11912);
#3433=VERTEX_POINT('',#11913);
#3434=VERTEX_POINT('',#11915);
#3435=VERTEX_POINT('',#11917);
#3436=VERTEX_POINT('',#11921);
#3437=VERTEX_POINT('',#11922);
#3438=VERTEX_POINT('',#11924);
#3439=VERTEX_POINT('',#11926);
#3440=VERTEX_POINT('',#11936);
#3441=VERTEX_POINT('',#11938);
#3442=VERTEX_POINT('',#11942);
#3443=VERTEX_POINT('',#11946);
#3444=VERTEX_POINT('',#11949);
#3445=VERTEX_POINT('',#11950);
#3446=VERTEX_POINT('',#11955);
#3447=VERTEX_POINT('',#11959);
#3448=VERTEX_POINT('',#11961);
#3449=VERTEX_POINT('',#11971);
#3450=VERTEX_POINT('',#11973);
#3451=VERTEX_POINT('',#11975);
#3452=VERTEX_POINT('',#11984);
#3453=VERTEX_POINT('',#11985);
#3454=VERTEX_POINT('',#11988);
#3455=VERTEX_POINT('',#11992);
#3456=VERTEX_POINT('',#11993);
#3457=VERTEX_POINT('',#11999);
#3458=VERTEX_POINT('',#12000);
#3459=VERTEX_POINT('',#12004);
#3460=VERTEX_POINT('',#12006);
#3461=VERTEX_POINT('',#12010);
#3462=VERTEX_POINT('',#12014);
#3463=VERTEX_POINT('',#12016);
#3464=VERTEX_POINT('',#12022);
#3465=VERTEX_POINT('',#12026);
#3466=VERTEX_POINT('',#12030);
#3467=VERTEX_POINT('',#12034);
#3468=VERTEX_POINT('',#12038);
#3469=VERTEX_POINT('',#12042);
#3470=VERTEX_POINT('',#12051);
#3471=VERTEX_POINT('',#12056);
#3472=VERTEX_POINT('',#12060);
#3473=VERTEX_POINT('',#12062);
#3474=VERTEX_POINT('',#12066);
#3475=VERTEX_POINT('',#12068);
#3476=VERTEX_POINT('',#12075);
#3477=VERTEX_POINT('',#12077);
#3478=VERTEX_POINT('',#12079);
#3479=VERTEX_POINT('',#12083);
#3480=VERTEX_POINT('',#12084);
#3481=VERTEX_POINT('',#12089);
#3482=VERTEX_POINT('',#12092);
#3483=VERTEX_POINT('',#12097);
#3484=VERTEX_POINT('',#12098);
#3485=VERTEX_POINT('',#12101);
#3486=VERTEX_POINT('',#12105);
#3487=VERTEX_POINT('',#12106);
#3488=VERTEX_POINT('',#12108);
#3489=VERTEX_POINT('',#12110);
#3490=VERTEX_POINT('',#12112);
#3491=VERTEX_POINT('',#12114);
#3492=VERTEX_POINT('',#12120);
#3493=VERTEX_POINT('',#12121);
#3494=VERTEX_POINT('',#12128);
#3495=VERTEX_POINT('',#12134);
#3496=VERTEX_POINT('',#12140);
#3497=VERTEX_POINT('',#12146);
#3498=VERTEX_POINT('',#12150);
#3499=VERTEX_POINT('',#12160);
#3500=VERTEX_POINT('',#12233);
#3501=VERTEX_POINT('',#12234);
#3502=VERTEX_POINT('',#12236);
#3503=VERTEX_POINT('',#12271);
#3504=VERTEX_POINT('',#12273);
#3505=VERTEX_POINT('',#12277);
#3506=VERTEX_POINT('',#12279);
#3507=VERTEX_POINT('',#12283);
#3508=VERTEX_POINT('',#12285);
#3509=VERTEX_POINT('',#12289);
#3510=VERTEX_POINT('',#12293);
#3511=VERTEX_POINT('',#12297);
#3512=VERTEX_POINT('',#12299);
#3513=VERTEX_POINT('',#12303);
#3514=VERTEX_POINT('',#12305);
#3515=VERTEX_POINT('',#12309);
#3516=VERTEX_POINT('',#12311);
#3517=VERTEX_POINT('',#12315);
#3518=VERTEX_POINT('',#12317);
#3519=VERTEX_POINT('',#12321);
#3520=VERTEX_POINT('',#12327);
#3521=VERTEX_POINT('',#12329);
#3522=VERTEX_POINT('',#12333);
#3523=VERTEX_POINT('',#12334);
#3524=VERTEX_POINT('',#12339);
#3525=VERTEX_POINT('',#12342);
#3526=VERTEX_POINT('',#12346);
#3527=VERTEX_POINT('',#12349);
#3528=VERTEX_POINT('',#12350);
#3529=VERTEX_POINT('',#12354);
#3530=VERTEX_POINT('',#12358);
#3531=VERTEX_POINT('',#12362);
#3532=VERTEX_POINT('',#12366);
#3533=VERTEX_POINT('',#12375);
#3534=VERTEX_POINT('',#12377);
#3535=VERTEX_POINT('',#12381);
#3536=VERTEX_POINT('',#12385);
#3537=VERTEX_POINT('',#12389);
#3538=VERTEX_POINT('',#12393);
#3539=EDGE_CURVE('',#2956,#2956,#2594,.T.);
#3540=EDGE_CURVE('',#2956,#2957,#1652,.T.);
#3541=EDGE_CURVE('',#2957,#2958,#2595,.T.);
#3542=EDGE_CURVE('',#2958,#2957,#2596,.T.);
#3543=EDGE_CURVE('',#2958,#2959,#1653,.T.);
#3544=EDGE_CURVE('',#2959,#2959,#2597,.T.);
#3545=EDGE_CURVE('',#2960,#2960,#632,.T.);
#3546=EDGE_CURVE('',#2961,#2962,#1654,.T.);
#3547=EDGE_CURVE('',#2963,#2962,#1655,.T.);
#3548=EDGE_CURVE('',#2964,#2963,#1656,.T.);
#3549=EDGE_CURVE('',#2961,#2964,#1657,.T.);
#3550=EDGE_CURVE('',#2965,#2965,#2598,.T.);
#3551=EDGE_CURVE('',#2966,#2966,#2599,.T.);
#3552=EDGE_CURVE('',#2966,#2960,#1658,.T.);
#3553=EDGE_CURVE('',#2967,#2967,#2600,.T.);
#3554=EDGE_CURVE('',#2967,#2968,#1659,.T.);
#3555=EDGE_CURVE('',#2965,#2967,#1660,.T.);
#3556=EDGE_CURVE('',#2969,#2969,#2601,.T.);
#3557=EDGE_CURVE('',#2969,#2970,#1661,.T.);
#3558=EDGE_CURVE('',#2971,#2971,#2602,.T.);
#3559=EDGE_CURVE('',#2971,#2969,#1662,.T.);
#3560=EDGE_CURVE('',#2972,#2972,#2603,.T.);
#3561=EDGE_CURVE('',#2972,#2973,#1663,.T.);
#3562=EDGE_CURVE('',#2974,#2974,#2604,.T.);
#3563=EDGE_CURVE('',#2974,#2972,#1664,.T.);
#3564=EDGE_CURVE('',#2975,#2975,#2605,.T.);
#3565=EDGE_CURVE('',#2975,#2976,#1665,.T.);
#3566=EDGE_CURVE('',#2977,#2977,#2606,.T.);
#3567=EDGE_CURVE('',#2977,#2975,#1666,.T.);
#3568=EDGE_CURVE('',#2978,#2978,#2607,.T.);
#3569=EDGE_CURVE('',#2978,#2979,#1667,.T.);
#3570=EDGE_CURVE('',#2980,#2980,#2608,.T.);
#3571=EDGE_CURVE('',#2980,#2978,#1668,.T.);
#3572=EDGE_CURVE('',#2981,#2981,#2609,.T.);
#3573=EDGE_CURVE('',#2981,#2982,#1669,.T.);
#3574=EDGE_CURVE('',#2983,#2983,#2610,.T.);
#3575=EDGE_CURVE('',#2983,#2981,#1670,.T.);
#3576=EDGE_CURVE('',#2984,#2984,#2611,.T.);
#3577=EDGE_CURVE('',#2984,#2985,#1671,.T.);
#3578=EDGE_CURVE('',#2986,#2986,#2612,.T.);
#3579=EDGE_CURVE('',#2986,#2984,#1672,.T.);
#3580=EDGE_CURVE('',#2987,#2988,#1673,.T.);
#3581=EDGE_CURVE('',#2988,#2961,#1674,.T.);
#3582=EDGE_CURVE('',#2964,#2987,#1675,.T.);
#3583=EDGE_CURVE('',#2989,#2988,#1676,.T.);
#3584=EDGE_CURVE('',#2962,#2989,#1677,.T.);
#3585=EDGE_CURVE('',#2990,#2963,#1678,.T.);
#3586=EDGE_CURVE('',#2987,#2990,#1679,.T.);
#3587=EDGE_CURVE('',#2989,#2990,#1680,.T.);
#3588=EDGE_CURVE('',#2991,#2991,#2613,.T.);
#3589=EDGE_CURVE('',#2991,#2992,#1681,.T.);
#3590=EDGE_CURVE('',#2992,#2992,#2614,.T.);
#3591=EDGE_CURVE('',#2993,#2993,#2615,.T.);
#3592=EDGE_CURVE('',#2993,#2994,#1682,.T.);
#3593=EDGE_CURVE('',#2994,#2994,#2616,.T.);
#3594=EDGE_CURVE('',#2995,#2995,#2617,.T.);
#3595=EDGE_CURVE('',#2995,#2996,#1683,.T.);
#3596=EDGE_CURVE('',#2996,#2996,#2618,.T.);
#3597=EDGE_CURVE('',#2997,#2997,#2619,.T.);
#3598=EDGE_CURVE('',#2997,#2998,#1684,.T.);
#3599=EDGE_CURVE('',#2998,#2998,#2620,.T.);
#3600=EDGE_CURVE('',#2998,#2999,#1685,.T.);
#3601=EDGE_CURVE('',#2999,#2999,#2621,.T.);
#3602=EDGE_CURVE('',#3000,#3000,#2622,.T.);
#3603=EDGE_CURVE('',#3000,#3001,#1686,.T.);
#3604=EDGE_CURVE('',#3001,#3001,#2623,.T.);
#3605=EDGE_CURVE('',#3001,#3002,#1687,.T.);
#3606=EDGE_CURVE('',#3002,#3002,#2624,.T.);
#3607=EDGE_CURVE('',#3003,#3004,#1688,.T.);
#3608=EDGE_CURVE('',#3004,#3005,#1689,.T.);
#3609=EDGE_CURVE('',#3005,#3006,#1690,.T.);
#3610=EDGE_CURVE('',#3006,#3003,#1691,.T.);
#3611=EDGE_CURVE('',#3007,#3004,#1692,.T.);
#3612=EDGE_CURVE('',#3008,#3007,#1693,.T.);
#3613=EDGE_CURVE('',#3005,#3008,#1694,.T.);
#3614=EDGE_CURVE('',#3009,#3008,#1695,.T.);
#3615=EDGE_CURVE('',#3006,#3009,#1696,.T.);
#3616=EDGE_CURVE('',#3010,#3009,#1697,.T.);
#3617=EDGE_CURVE('',#3003,#3010,#1698,.T.);
#3618=EDGE_CURVE('',#3007,#3010,#1699,.T.);
#3619=EDGE_CURVE('',#3011,#3011,#2625,.T.);
#3620=EDGE_CURVE('',#3011,#3012,#1700,.T.);
#3621=EDGE_CURVE('',#3012,#3013,#2626,.T.);
#3622=EDGE_CURVE('',#3013,#3012,#2627,.T.);
#3623=EDGE_CURVE('',#3013,#3014,#1701,.T.);
#3624=EDGE_CURVE('',#3015,#3014,#2628,.T.);
#3625=EDGE_CURVE('',#3014,#3015,#2629,.T.);
#3626=EDGE_CURVE('',#3016,#3017,#2630,.T.);
#3627=EDGE_CURVE('',#3017,#3016,#2631,.T.);
#3628=EDGE_CURVE('',#3016,#3015,#2632,.T.);
#3629=EDGE_CURVE('',#3017,#3018,#1702,.T.);
#3630=EDGE_CURVE('',#3018,#3018,#2633,.T.);
#3631=EDGE_CURVE('',#3019,#3020,#1703,.T.);
#3632=EDGE_CURVE('',#3021,#3019,#1704,.T.);
#3633=EDGE_CURVE('',#3022,#3021,#1705,.T.);
#3634=EDGE_CURVE('',#3022,#3020,#1706,.T.);
#3635=EDGE_CURVE('',#3020,#3023,#1707,.T.);
#3636=EDGE_CURVE('',#3024,#3022,#1708,.T.);
#3637=EDGE_CURVE('',#3024,#3023,#1709,.T.);
#3638=EDGE_CURVE('',#3023,#3025,#1710,.T.);
#3639=EDGE_CURVE('',#3026,#3024,#1711,.T.);
#3640=EDGE_CURVE('',#3026,#3025,#1712,.T.);
#3641=EDGE_CURVE('',#3025,#3027,#1713,.T.);
#3642=EDGE_CURVE('',#3028,#3026,#1714,.T.);
#3643=EDGE_CURVE('',#3028,#3027,#1715,.T.);
#3644=EDGE_CURVE('',#3027,#3029,#1716,.T.);
#3645=EDGE_CURVE('',#3030,#3028,#1717,.T.);
#3646=EDGE_CURVE('',#3030,#3029,#1718,.T.);
#3647=EDGE_CURVE('',#3029,#3019,#1719,.T.);
#3648=EDGE_CURVE('',#3021,#3030,#1720,.T.);
#3649=EDGE_CURVE('',#3031,#3031,#2634,.T.);
#3650=EDGE_CURVE('',#3018,#3031,#1721,.T.);
#3651=EDGE_CURVE('',#3032,#3032,#2635,.T.);
#3652=EDGE_CURVE('',#3032,#3033,#2636,.T.);
#3653=EDGE_CURVE('',#3033,#3034,#2637,.T.);
#3654=EDGE_CURVE('',#3034,#3033,#2638,.T.);
#3655=EDGE_CURVE('',#3035,#3036,#2639,.T.);
#3656=EDGE_CURVE('',#3036,#3035,#2640,.T.);
#3657=EDGE_CURVE('',#3036,#3034,#1722,.T.);
#3658=EDGE_CURVE('',#3037,#3037,#2641,.T.);
#3659=EDGE_CURVE('',#3038,#3038,#2642,.T.);
#3660=EDGE_CURVE('',#3038,#3035,#1723,.T.);
#3661=EDGE_CURVE('',#3039,#3040,#2643,.T.);
#3662=EDGE_CURVE('',#3040,#3039,#2644,.T.);
#3663=EDGE_CURVE('',#3039,#3041,#2645,.T.);
#3664=EDGE_CURVE('',#3041,#3041,#2646,.T.);
#3665=EDGE_CURVE('',#3042,#3043,#1724,.T.);
#3666=EDGE_CURVE('',#3043,#3044,#1725,.T.);
#3667=EDGE_CURVE('',#3044,#3045,#1726,.T.);
#3668=EDGE_CURVE('',#3045,#3046,#1727,.T.);
#3669=EDGE_CURVE('',#3046,#3047,#1728,.T.);
#3670=EDGE_CURVE('',#3047,#3042,#1729,.T.);
#3671=EDGE_CURVE('',#3037,#3040,#1730,.T.);
#3672=EDGE_CURVE('',#3048,#3049,#168,.T.);
#3673=EDGE_CURVE('',#3048,#3047,#1731,.T.);
#3674=EDGE_CURVE('',#3049,#3046,#1732,.T.);
#3675=EDGE_CURVE('',#3050,#3048,#169,.T.);
#3676=EDGE_CURVE('',#3050,#3042,#1733,.T.);
#3677=EDGE_CURVE('',#3051,#3050,#170,.T.);
#3678=EDGE_CURVE('',#3051,#3043,#1734,.T.);
#3679=EDGE_CURVE('',#3052,#3051,#171,.T.);
#3680=EDGE_CURVE('',#3044,#3052,#1735,.T.);
#3681=EDGE_CURVE('',#3049,#3053,#172,.T.);
#3682=EDGE_CURVE('',#3054,#3045,#1736,.T.);
#3683=EDGE_CURVE('',#3053,#3054,#173,.T.);
#3684=EDGE_CURVE('',#3054,#3052,#174,.T.);
#3685=EDGE_CURVE('',#3055,#3053,#1737,.T.);
#3686=EDGE_CURVE('',#3056,#3057,#2647,.T.);
#3687=EDGE_CURVE('',#3057,#3056,#2648,.T.);
#3688=EDGE_CURVE('',#3056,#3058,#1738,.T.);
#3689=EDGE_CURVE('',#3058,#3058,#2649,.T.);
#3690=EDGE_CURVE('',#3057,#3059,#1739,.T.);
#3691=EDGE_CURVE('',#3059,#3059,#2650,.T.);
#3692=EDGE_CURVE('',#3060,#3060,#2651,.T.);
#3693=EDGE_CURVE('',#3059,#3061,#1740,.T.);
#3694=EDGE_CURVE('',#3061,#3061,#2652,.T.);
#3695=EDGE_CURVE('',#3062,#3062,#2653,.T.);
#3696=EDGE_CURVE('',#3063,#3063,#2654,.T.);
#3697=EDGE_CURVE('',#3063,#3064,#1741,.T.);
#3698=EDGE_CURVE('',#3064,#3064,#2655,.T.);
#3699=EDGE_CURVE('',#3064,#3062,#1742,.T.);
#3700=EDGE_CURVE('',#3065,#3065,#2656,.T.);
#3701=EDGE_CURVE('',#3066,#3066,#2657,.T.);
#3702=EDGE_CURVE('',#3066,#3067,#1743,.T.);
#3703=EDGE_CURVE('',#3065,#3066,#1744,.T.);
#3704=EDGE_CURVE('',#3068,#3068,#2658,.T.);
#3705=EDGE_CURVE('',#3068,#3069,#1745,.T.);
#3706=EDGE_CURVE('',#3069,#3069,#2659,.T.);
#3707=EDGE_CURVE('',#3069,#3060,#1746,.T.);
#3708=EDGE_CURVE('',#3070,#3070,#2660,.T.);
#3709=EDGE_CURVE('',#3070,#3071,#1747,.T.);
#3710=EDGE_CURVE('',#3071,#3071,#2661,.T.);
#3711=EDGE_CURVE('',#3072,#3073,#2662,.T.);
#3712=EDGE_CURVE('',#3073,#3072,#2663,.T.);
#3713=EDGE_CURVE('',#3073,#3071,#1748,.T.);
#3714=EDGE_CURVE('',#3074,#3074,#2664,.T.);
#3715=EDGE_CURVE('',#3075,#3075,#2665,.T.);
#3716=EDGE_CURVE('',#3075,#3072,#1749,.T.);
#3717=EDGE_CURVE('',#3076,#3076,#2666,.T.);
#3718=EDGE_CURVE('',#3077,#3078,#175,.T.);
#3719=EDGE_CURVE('',#3079,#3077,#176,.T.);
#3720=EDGE_CURVE('',#3080,#3079,#177,.T.);
#3721=EDGE_CURVE('',#3081,#3080,#178,.T.);
#3722=EDGE_CURVE('',#3082,#3081,#179,.T.);
#3723=EDGE_CURVE('',#3082,#3074,#1750,.T.);
#3724=EDGE_CURVE('',#3078,#3082,#180,.T.);
#3725=EDGE_CURVE('',#3076,#3083,#1751,.T.);
#3726=EDGE_CURVE('',#3084,#3083,#181,.T.);
#3727=EDGE_CURVE('',#3085,#3084,#182,.T.);
#3728=EDGE_CURVE('',#3086,#3085,#183,.T.);
#3729=EDGE_CURVE('',#3087,#3086,#184,.T.);
#3730=EDGE_CURVE('',#3088,#3087,#185,.T.);
#3731=EDGE_CURVE('',#3083,#3088,#186,.T.);
#3732=EDGE_CURVE('',#3079,#3086,#1752,.T.);
#3733=EDGE_CURVE('',#3080,#3085,#1753,.T.);
#3734=EDGE_CURVE('',#3081,#3084,#1754,.T.);
#3735=EDGE_CURVE('',#3077,#3087,#1755,.T.);
#3736=EDGE_CURVE('',#3078,#3088,#1756,.T.);
#3737=EDGE_CURVE('',#3082,#3083,#1757,.T.);
#3738=EDGE_CURVE('',#3089,#3089,#2667,.T.);
#3739=EDGE_CURVE('',#3089,#3090,#1758,.T.);
#3740=EDGE_CURVE('',#3090,#3091,#2668,.T.);
#3741=EDGE_CURVE('',#3091,#3090,#2669,.T.);
#3742=EDGE_CURVE('',#3091,#3092,#1759,.T.);
#3743=EDGE_CURVE('',#3093,#3092,#2670,.T.);
#3744=EDGE_CURVE('',#3092,#3093,#2671,.T.);
#3745=EDGE_CURVE('',#3094,#3094,#2672,.T.);
#3746=EDGE_CURVE('',#3095,#3096,#2673,.T.);
#3747=EDGE_CURVE('',#3096,#3095,#2674,.T.);
#3748=EDGE_CURVE('',#3095,#3097,#1760,.T.);
#3749=EDGE_CURVE('',#3097,#3097,#2675,.T.);
#3750=EDGE_CURVE('',#3098,#3099,#2676,.T.);
#3751=EDGE_CURVE('',#3098,#3096,#1761,.T.);
#3752=EDGE_CURVE('',#3099,#3098,#2677,.T.);
#3753=EDGE_CURVE('',#3100,#3100,#2678,.T.);
#3754=EDGE_CURVE('',#3101,#3102,#2679,.T.);
#3755=EDGE_CURVE('',#3102,#3101,#2680,.T.);
#3756=EDGE_CURVE('',#3101,#3099,#2681,.T.);
#3757=EDGE_CURVE('',#3103,#3104,#2682,.T.);
#3758=EDGE_CURVE('',#3103,#3102,#1762,.T.);
#3759=EDGE_CURVE('',#3104,#3103,#2683,.T.);
#3760=EDGE_CURVE('',#3093,#3105,#2684,.T.);
#3761=EDGE_CURVE('',#3105,#3106,#2685,.T.);
#3762=EDGE_CURVE('',#3106,#3105,#2686,.T.);
#3763=EDGE_CURVE('',#3106,#3107,#1763,.T.);
#3764=EDGE_CURVE('',#3108,#3107,#2687,.T.);
#3765=EDGE_CURVE('',#3107,#3108,#2688,.T.);
#3766=EDGE_CURVE('',#3104,#3109,#2689,.T.);
#3767=EDGE_CURVE('',#3109,#3110,#2690,.T.);
#3768=EDGE_CURVE('',#3110,#3109,#2691,.T.);
#3769=EDGE_CURVE('',#3111,#3112,#2692,.T.);
#3770=EDGE_CURVE('',#3111,#3110,#1764,.T.);
#3771=EDGE_CURVE('',#3112,#3111,#2693,.T.);
#3772=EDGE_CURVE('',#3112,#3108,#2694,.T.);
#3773=EDGE_CURVE('',#3094,#3113,#1765,.T.);
#3774=EDGE_CURVE('',#3113,#3113,#2695,.T.);
#3775=EDGE_CURVE('',#3114,#3114,#2696,.T.);
#3776=EDGE_CURVE('',#3114,#3115,#1766,.T.);
#3777=EDGE_CURVE('',#3115,#3115,#2697,.T.);
#3778=EDGE_CURVE('',#3116,#3116,#2698,.T.);
#3779=EDGE_CURVE('',#3116,#3117,#1767,.T.);
#3780=EDGE_CURVE('',#3117,#3117,#2699,.T.);
#3781=EDGE_CURVE('',#3118,#3118,#2700,.T.);
#3782=EDGE_CURVE('',#3118,#3100,#1768,.T.);
#3783=EDGE_CURVE('',#3119,#3120,#2701,.T.);
#3784=EDGE_CURVE('',#3119,#3121,#1769,.T.);
#3785=EDGE_CURVE('',#3122,#3121,#2702,.T.);
#3786=EDGE_CURVE('',#3122,#3120,#1770,.T.);
#3787=EDGE_CURVE('',#3123,#3124,#2703,.T.);
#3788=EDGE_CURVE('',#3123,#3125,#1771,.T.);
#3789=EDGE_CURVE('',#3126,#3125,#2704,.T.);
#3790=EDGE_CURVE('',#3126,#3124,#1772,.T.);
#3791=EDGE_CURVE('',#3127,#3127,#2705,.T.);
#3792=EDGE_CURVE('',#3127,#3128,#1773,.T.);
#3793=EDGE_CURVE('',#3128,#3128,#2706,.T.);
#3794=EDGE_CURVE('',#3129,#3129,#2707,.T.);
#3795=EDGE_CURVE('',#3129,#3130,#1774,.T.);
#3796=EDGE_CURVE('',#3130,#3130,#2708,.T.);
#3797=EDGE_CURVE('',#3131,#3122,#2709,.T.);
#3798=EDGE_CURVE('',#3132,#3131,#1775,.T.);
#3799=EDGE_CURVE('',#3120,#3132,#2710,.T.);
#3800=EDGE_CURVE('',#3133,#3126,#1776,.T.);
#3801=EDGE_CURVE('',#3134,#3133,#1777,.T.);
#3802=EDGE_CURVE('',#3124,#3134,#1778,.T.);
#3803=EDGE_CURVE('',#3134,#3131,#2711,.T.);
#3804=EDGE_CURVE('',#3132,#3133,#2712,.T.);
#3805=EDGE_CURVE('',#3121,#3135,#2713,.T.);
#3806=EDGE_CURVE('',#3135,#3136,#2714,.T.);
#3807=EDGE_CURVE('',#3136,#3123,#1779,.T.);
#3808=EDGE_CURVE('',#3137,#3119,#2715,.T.);
#3809=EDGE_CURVE('',#3135,#3137,#1780,.T.);
#3810=EDGE_CURVE('',#3138,#3137,#2716,.T.);
#3811=EDGE_CURVE('',#3136,#3138,#1781,.T.);
#3812=EDGE_CURVE('',#3125,#3138,#1782,.T.);
#3813=EDGE_CURVE('',#3139,#3139,#2717,.T.);
#3814=EDGE_CURVE('',#3140,#3140,#2718,.T.);
#3815=EDGE_CURVE('',#3141,#3141,#2719,.T.);
#3816=EDGE_CURVE('',#3142,#3142,#2720,.T.);
#3817=EDGE_CURVE('',#3142,#3140,#1783,.T.);
#3818=EDGE_CURVE('',#3139,#3141,#1784,.T.);
#3819=EDGE_CURVE('',#3143,#3143,#2721,.T.);
#3820=EDGE_CURVE('',#3144,#3144,#2722,.T.);
#3821=EDGE_CURVE('',#3145,#3145,#2723,.T.);
#3822=EDGE_CURVE('',#3146,#3146,#2724,.T.);
#3823=EDGE_CURVE('',#3145,#3143,#1785,.T.);
#3824=EDGE_CURVE('',#3146,#3147,#1786,.T.);
#3825=EDGE_CURVE('',#3147,#3147,#2725,.T.);
#3826=EDGE_CURVE('',#3148,#3148,#2726,.T.);
#3827=EDGE_CURVE('',#3149,#3149,#2727,.T.);
#3828=EDGE_CURVE('',#3150,#3150,#2728,.T.);
#3829=EDGE_CURVE('',#3151,#3151,#2729,.T.);
#3830=EDGE_CURVE('',#3149,#3151,#1787,.T.);
#3831=EDGE_CURVE('',#3152,#3152,#2730,.T.);
#3832=EDGE_CURVE('',#3152,#3150,#1788,.T.);
#3833=EDGE_CURVE('',#3153,#3153,#2731,.T.);
#3834=EDGE_CURVE('',#3153,#3144,#1789,.T.);
#3835=EDGE_CURVE('',#3148,#3154,#1790,.T.);
#3836=EDGE_CURVE('',#3154,#3154,#2732,.T.);
#3837=EDGE_CURVE('',#3155,#3155,#2733,.T.);
#3838=EDGE_CURVE('',#3155,#3156,#1791,.T.);
#3839=EDGE_CURVE('',#3156,#3156,#2734,.T.);
#3840=EDGE_CURVE('',#3157,#3157,#2735,.T.);
#3841=EDGE_CURVE('',#3158,#3158,#2736,.T.);
#3842=EDGE_CURVE('',#3158,#3155,#1792,.T.);
#3843=EDGE_CURVE('',#3159,#3160,#2737,.T.);
#3844=EDGE_CURVE('',#3160,#3159,#2738,.T.);
#3845=EDGE_CURVE('',#3159,#3157,#1793,.T.);
#3846=EDGE_CURVE('',#3161,#3162,#2739,.T.);
#3847=EDGE_CURVE('',#3162,#3161,#2740,.T.);
#3848=EDGE_CURVE('',#3162,#3160,#1794,.T.);
#3849=EDGE_CURVE('',#3163,#3163,#2741,.T.);
#3850=EDGE_CURVE('',#3163,#3158,#1795,.T.);
#3851=EDGE_CURVE('',#3164,#3164,#2742,.T.);
#3852=EDGE_CURVE('',#3164,#3161,#1796,.T.);
#3853=EDGE_CURVE('',#3165,#3165,#2743,.T.);
#3854=EDGE_CURVE('',#3165,#3166,#2744,.T.);
#3855=EDGE_CURVE('',#3166,#3167,#2745,.T.);
#3856=EDGE_CURVE('',#3167,#3166,#2746,.T.);
#3857=EDGE_CURVE('',#3168,#3169,#2747,.T.);
#3858=EDGE_CURVE('',#3169,#3168,#2748,.T.);
#3859=EDGE_CURVE('',#3169,#3167,#1797,.T.);
#3860=EDGE_CURVE('',#3170,#3170,#2749,.T.);
#3861=EDGE_CURVE('',#3171,#3171,#2750,.T.);
#3862=EDGE_CURVE('',#3171,#3168,#1798,.T.);
#3863=EDGE_CURVE('',#3172,#3173,#2751,.T.);
#3864=EDGE_CURVE('',#3173,#3172,#2752,.T.);
#3865=EDGE_CURVE('',#3172,#3174,#2753,.T.);
#3866=EDGE_CURVE('',#3174,#3174,#2754,.T.);
#3867=EDGE_CURVE('',#3175,#3176,#1799,.T.);
#3868=EDGE_CURVE('',#3176,#3177,#1800,.T.);
#3869=EDGE_CURVE('',#3177,#3178,#1801,.T.);
#3870=EDGE_CURVE('',#3178,#3179,#1802,.T.);
#3871=EDGE_CURVE('',#3179,#3180,#1803,.T.);
#3872=EDGE_CURVE('',#3180,#3175,#1804,.T.);
#3873=EDGE_CURVE('',#3170,#3173,#1805,.T.);
#3874=EDGE_CURVE('',#3181,#3182,#187,.T.);
#3875=EDGE_CURVE('',#3181,#3180,#1806,.T.);
#3876=EDGE_CURVE('',#3182,#3179,#1807,.T.);
#3877=EDGE_CURVE('',#3183,#3181,#188,.T.);
#3878=EDGE_CURVE('',#3183,#3175,#1808,.T.);
#3879=EDGE_CURVE('',#3184,#3183,#189,.T.);
#3880=EDGE_CURVE('',#3184,#3176,#1809,.T.);
#3881=EDGE_CURVE('',#3185,#3184,#190,.T.);
#3882=EDGE_CURVE('',#3177,#3185,#1810,.T.);
#3883=EDGE_CURVE('',#3182,#3186,#191,.T.);
#3884=EDGE_CURVE('',#3187,#3178,#1811,.T.);
#3885=EDGE_CURVE('',#3186,#3187,#192,.T.);
#3886=EDGE_CURVE('',#3187,#3185,#193,.T.);
#3887=EDGE_CURVE('',#3188,#3186,#1812,.T.);
#3888=EDGE_CURVE('',#3189,#3189,#2755,.T.);
#3889=EDGE_CURVE('',#3189,#3190,#1813,.T.);
#3890=EDGE_CURVE('',#3191,#3191,#2756,.T.);
#3891=EDGE_CURVE('',#3191,#3189,#1814,.T.);
#3892=EDGE_CURVE('',#3192,#3192,#2757,.T.);
#3893=EDGE_CURVE('',#3192,#3193,#1815,.T.);
#3894=EDGE_CURVE('',#3194,#3194,#2758,.T.);
#3895=EDGE_CURVE('',#3194,#3192,#1816,.T.);
#3896=EDGE_CURVE('',#3195,#3195,#2759,.T.);
#3897=EDGE_CURVE('',#3195,#3196,#1817,.T.);
#3898=EDGE_CURVE('',#3197,#3197,#2760,.T.);
#3899=EDGE_CURVE('',#3197,#3195,#1818,.T.);
#3900=EDGE_CURVE('',#3198,#3198,#2761,.T.);
#3901=EDGE_CURVE('',#3198,#3199,#1819,.T.);
#3902=EDGE_CURVE('',#3200,#3200,#2762,.T.);
#3903=EDGE_CURVE('',#3200,#3198,#1820,.T.);
#3904=EDGE_CURVE('',#3201,#3202,#1821,.T.);
#3905=EDGE_CURVE('',#3203,#3201,#1822,.T.);
#3906=EDGE_CURVE('',#3202,#3203,#194,.F.);
#3907=EDGE_CURVE('',#3204,#3205,#1823,.T.);
#3908=EDGE_CURVE('',#3206,#3204,#1824,.T.);
#3909=EDGE_CURVE('',#3205,#3206,#1825,.T.);
#3910=EDGE_CURVE('',#3207,#3208,#1826,.T.);
#3911=EDGE_CURVE('',#3209,#3207,#195,.F.);
#3912=EDGE_CURVE('',#3208,#3209,#1827,.T.);
#3913=EDGE_CURVE('',#3207,#3202,#2763,.T.);
#3914=EDGE_CURVE('',#3203,#3209,#2764,.T.);
#3915=EDGE_CURVE('',#3210,#3211,#1828,.T.);
#3916=EDGE_CURVE('',#3212,#3210,#1829,.T.);
#3917=EDGE_CURVE('',#3211,#3212,#1830,.T.);
#3918=EDGE_CURVE('',#3213,#3214,#1831,.T.);
#3919=EDGE_CURVE('',#3214,#3206,#1832,.T.);
#3920=EDGE_CURVE('',#3204,#3213,#1833,.T.);
#3921=EDGE_CURVE('',#3213,#3215,#2765,.T.);
#3922=EDGE_CURVE('',#3215,#3216,#1834,.T.);
#3923=EDGE_CURVE('',#3216,#3214,#2766,.T.);
#3924=EDGE_CURVE('',#3215,#3217,#1835,.T.);
#3925=EDGE_CURVE('',#3217,#3218,#1836,.T.);
#3926=EDGE_CURVE('',#3218,#3216,#1837,.T.);
#3927=EDGE_CURVE('',#3217,#3219,#2767,.T.);
#3928=EDGE_CURVE('',#3219,#3220,#1838,.T.);
#3929=EDGE_CURVE('',#3220,#3218,#2768,.T.);
#3930=EDGE_CURVE('',#3219,#3212,#1839,.T.);
#3931=EDGE_CURVE('',#3210,#3220,#1840,.T.);
#3932=EDGE_CURVE('',#3221,#3222,#1841,.T.);
#3933=EDGE_CURVE('',#3223,#3221,#1842,.T.);
#3934=EDGE_CURVE('',#3222,#3223,#1843,.T.);
#3935=EDGE_CURVE('',#3224,#3225,#1844,.T.);
#3936=EDGE_CURVE('',#3226,#3224,#1845,.T.);
#3937=EDGE_CURVE('',#3225,#3226,#1846,.T.);
#3938=EDGE_CURVE('',#3227,#3228,#1847,.T.);
#3939=EDGE_CURVE('',#3228,#3226,#1848,.T.);
#3940=EDGE_CURVE('',#3224,#3227,#1849,.T.);
#3941=EDGE_CURVE('',#3227,#3229,#2769,.T.);
#3942=EDGE_CURVE('',#3229,#3230,#1850,.T.);
#3943=EDGE_CURVE('',#3230,#3228,#2770,.T.);
#3944=EDGE_CURVE('',#3229,#3231,#1851,.T.);
#3945=EDGE_CURVE('',#3231,#3232,#1852,.T.);
#3946=EDGE_CURVE('',#3232,#3230,#1853,.T.);
#3947=EDGE_CURVE('',#3231,#3233,#2771,.T.);
#3948=EDGE_CURVE('',#3233,#3234,#1854,.T.);
#3949=EDGE_CURVE('',#3234,#3232,#2772,.T.);
#3950=EDGE_CURVE('',#3233,#3223,#1855,.T.);
#3951=EDGE_CURVE('',#3221,#3234,#1856,.T.);
#3952=EDGE_CURVE('',#3209,#3225,#1857,.T.);
#3953=EDGE_CURVE('',#3226,#3208,#1858,.T.);
#3954=EDGE_CURVE('',#3225,#3211,#1859,.T.);
#3955=EDGE_CURVE('',#3212,#3224,#1860,.T.);
#3956=EDGE_CURVE('',#3205,#3222,#1861,.T.);
#3957=EDGE_CURVE('',#3223,#3204,#1862,.T.);
#3958=EDGE_CURVE('',#3222,#3203,#1863,.T.);
#3959=EDGE_CURVE('',#3201,#3221,#1864,.T.);
#3960=EDGE_CURVE('',#3211,#3205,#1865,.T.);
#3961=EDGE_CURVE('',#3206,#3210,#1866,.T.);
#3962=EDGE_CURVE('',#3235,#3236,#1867,.T.);
#3963=EDGE_CURVE('',#3236,#3201,#1868,.T.);
#3964=EDGE_CURVE('',#3202,#3235,#1869,.T.);
#3965=EDGE_CURVE('',#3237,#3238,#1870,.T.);
#3966=EDGE_CURVE('',#3238,#3236,#2773,.T.);
#3967=EDGE_CURVE('',#3235,#3239,#2774,.T.);
#3968=EDGE_CURVE('',#3239,#3237,#2775,.T.);
#3969=EDGE_CURVE('',#3237,#3207,#1871,.T.);
#3970=EDGE_CURVE('',#3208,#3238,#1872,.T.);
#3971=EDGE_CURVE('',#3237,#3235,#2776,.T.);
#3972=EDGE_CURVE('',#3213,#3233,#1873,.T.);
#3973=EDGE_CURVE('',#3231,#3215,#1874,.T.);
#3974=EDGE_CURVE('',#3217,#3229,#1875,.T.);
#3975=EDGE_CURVE('',#3227,#3219,#1876,.T.);
#3976=EDGE_CURVE('',#3239,#3240,#2777,.T.);
#3977=EDGE_CURVE('',#3241,#3241,#2778,.T.);
#3978=EDGE_CURVE('',#3241,#3242,#1877,.T.);
#3979=EDGE_CURVE('',#3242,#3242,#2779,.T.);
#3980=EDGE_CURVE('',#3243,#3243,#2780,.T.);
#3981=EDGE_CURVE('',#3243,#3244,#1878,.T.);
#3982=EDGE_CURVE('',#3244,#3244,#2781,.T.);
#3983=EDGE_CURVE('',#3245,#3245,#2782,.T.);
#3984=EDGE_CURVE('',#3245,#3246,#1879,.T.);
#3985=EDGE_CURVE('',#3246,#3246,#2783,.T.);
#3986=EDGE_CURVE('',#3247,#3248,#1880,.T.);
#3987=EDGE_CURVE('',#3249,#3247,#1881,.T.);
#3988=EDGE_CURVE('',#3248,#3249,#1882,.T.);
#3989=EDGE_CURVE('',#3250,#3251,#1883,.T.);
#3990=EDGE_CURVE('',#3252,#3250,#1884,.T.);
#3991=EDGE_CURVE('',#3251,#3252,#1885,.T.);
#3992=EDGE_CURVE('',#3253,#3254,#1886,.T.);
#3993=EDGE_CURVE('',#3255,#3253,#1887,.T.);
#3994=EDGE_CURVE('',#3254,#3255,#1888,.T.);
#3995=EDGE_CURVE('',#3253,#3249,#1889,.T.);
#3996=EDGE_CURVE('',#3247,#3255,#1890,.T.);
#3997=EDGE_CURVE('',#3256,#3254,#1891,.T.);
#3998=EDGE_CURVE('',#3255,#3257,#1892,.T.);
#3999=EDGE_CURVE('',#3257,#3256,#633,.T.);
#4000=EDGE_CURVE('',#3258,#3259,#1893,.T.);
#4001=EDGE_CURVE('',#3260,#3258,#1894,.T.);
#4002=EDGE_CURVE('',#3259,#3260,#1895,.T.);
#4003=EDGE_CURVE('',#3258,#3252,#1896,.T.);
#4004=EDGE_CURVE('',#3250,#3260,#1897,.T.);
#4005=EDGE_CURVE('',#3254,#3259,#1898,.T.);
#4006=EDGE_CURVE('',#3260,#3253,#1899,.T.);
#4007=EDGE_CURVE('',#3261,#3258,#1900,.T.);
#4008=EDGE_CURVE('',#3259,#3262,#1901,.T.);
#4009=EDGE_CURVE('',#3262,#3261,#634,.T.);
#4010=EDGE_CURVE('',#3263,#3251,#1902,.T.);
#4011=EDGE_CURVE('',#3252,#3264,#1903,.T.);
#4012=EDGE_CURVE('',#3264,#3263,#635,.T.);
#4013=EDGE_CURVE('',#3251,#3248,#1904,.T.);
#4014=EDGE_CURVE('',#3249,#3250,#1905,.T.);
#4015=EDGE_CURVE('',#3262,#3265,#2784,.T.);
#4016=EDGE_CURVE('',#3265,#3266,#1906,.T.);
#4017=EDGE_CURVE('',#3266,#3261,#2785,.T.);
#4018=EDGE_CURVE('',#3267,#3268,#1907,.T.);
#4019=EDGE_CURVE('',#3268,#3266,#2786,.T.);
#4020=EDGE_CURVE('',#3265,#3267,#2787,.T.);
#4021=EDGE_CURVE('',#3264,#3268,#2788,.T.);
#4022=EDGE_CURVE('',#3267,#3263,#2789,.T.);
#4023=EDGE_CURVE('',#3269,#3247,#1908,.T.);
#4024=EDGE_CURVE('',#3248,#3270,#1909,.T.);
#4025=EDGE_CURVE('',#3270,#3269,#636,.T.);
#4026=EDGE_CURVE('',#3257,#3271,#2790,.T.);
#4027=EDGE_CURVE('',#3271,#3272,#1910,.T.);
#4028=EDGE_CURVE('',#3272,#3256,#2791,.T.);
#4029=EDGE_CURVE('',#3273,#3274,#1911,.T.);
#4030=EDGE_CURVE('',#3274,#3272,#2792,.T.);
#4031=EDGE_CURVE('',#3271,#3273,#2793,.T.);
#4032=EDGE_CURVE('',#3270,#3274,#2794,.T.);
#4033=EDGE_CURVE('',#3273,#3269,#2795,.T.);
#4034=EDGE_CURVE('',#3272,#3275,#1912,.T.);
#4035=EDGE_CURVE('',#3276,#3275,#2796,.F.);
#4036=EDGE_CURVE('',#3256,#3276,#1913,.T.);
#4037=EDGE_CURVE('',#3277,#3274,#1914,.T.);
#4038=EDGE_CURVE('',#3277,#3275,#2797,.T.);
#4039=EDGE_CURVE('',#3278,#3270,#1915,.T.);
#4040=EDGE_CURVE('',#3277,#3278,#2798,.F.);
#4041=EDGE_CURVE('',#3263,#3279,#1916,.T.);
#4042=EDGE_CURVE('',#3279,#3280,#1917,.T.);
#4043=EDGE_CURVE('',#3280,#3281,#1918,.T.);
#4044=EDGE_CURVE('',#3281,#3278,#1919,.T.);
#4045=EDGE_CURVE('',#3267,#3282,#1920,.T.);
#4046=EDGE_CURVE('',#3282,#3279,#2799,.T.);
#4047=EDGE_CURVE('',#3283,#3262,#1921,.T.);
#4048=EDGE_CURVE('',#3283,#3284,#2800,.T.);
#4049=EDGE_CURVE('',#3284,#3265,#1922,.T.);
#4050=EDGE_CURVE('',#3285,#3281,#1923,.T.);
#4051=EDGE_CURVE('',#3276,#3285,#1924,.T.);
#4052=EDGE_CURVE('',#3285,#3286,#1925,.T.);
#4053=EDGE_CURVE('',#3286,#3283,#1926,.T.);
#4054=EDGE_CURVE('',#3286,#3280,#1927,.T.);
#4055=EDGE_CURVE('',#3284,#3282,#2801,.T.);
#4056=EDGE_CURVE('',#3287,#3287,#2802,.T.);
#4057=EDGE_CURVE('',#3287,#3288,#1928,.T.);
#4058=EDGE_CURVE('',#3288,#3288,#2803,.T.);
#4059=EDGE_CURVE('',#3289,#3289,#2804,.T.);
#4060=EDGE_CURVE('',#3290,#3290,#2805,.T.);
#4061=EDGE_CURVE('',#3291,#3291,#2806,.T.);
#4062=EDGE_CURVE('',#3291,#3292,#1929,.T.);
#4063=EDGE_CURVE('',#3292,#3292,#2807,.T.);
#4064=EDGE_CURVE('',#3293,#3293,#2808,.T.);
#4065=EDGE_CURVE('',#3294,#3294,#2809,.T.);
#4066=EDGE_CURVE('',#3294,#3295,#1930,.T.);
#4067=EDGE_CURVE('',#3296,#3295,#2810,.T.);
#4068=EDGE_CURVE('',#3295,#3296,#2811,.T.);
#4069=EDGE_CURVE('',#3290,#3293,#1931,.T.);
#4070=EDGE_CURVE('',#3297,#3297,#2812,.T.);
#4071=EDGE_CURVE('',#3297,#3296,#1932,.T.);
#4072=EDGE_CURVE('',#3298,#3299,#2813,.T.);
#4073=EDGE_CURVE('',#3299,#3298,#2814,.T.);
#4074=EDGE_CURVE('',#3299,#3289,#1933,.T.);
#4075=EDGE_CURVE('',#3300,#3300,#2815,.T.);
#4076=EDGE_CURVE('',#3300,#3298,#1934,.T.);
#4077=EDGE_CURVE('',#3301,#3302,#1935,.T.);
#4078=EDGE_CURVE('',#3301,#3303,#2816,.T.);
#4079=EDGE_CURVE('',#3303,#3304,#1936,.T.);
#4080=EDGE_CURVE('',#3302,#3304,#2817,.T.);
#4081=EDGE_CURVE('',#3305,#3306,#1937,.T.);
#4082=EDGE_CURVE('',#3305,#3307,#2818,.T.);
#4083=EDGE_CURVE('',#3307,#3308,#1938,.T.);
#4084=EDGE_CURVE('',#3306,#3308,#2819,.T.);
#4085=EDGE_CURVE('',#3309,#3310,#1939,.T.);
#4086=EDGE_CURVE('',#3309,#3311,#2820,.T.);
#4087=EDGE_CURVE('',#3311,#3312,#1940,.T.);
#4088=EDGE_CURVE('',#3310,#3312,#2821,.T.);
#4089=EDGE_CURVE('',#3313,#3314,#2822,.T.);
#4090=EDGE_CURVE('',#3313,#3315,#1941,.T.);
#4091=EDGE_CURVE('',#3315,#3316,#2823,.T.);
#4092=EDGE_CURVE('',#3314,#3316,#1942,.T.);
#4093=EDGE_CURVE('',#3317,#3313,#2824,.T.);
#4094=EDGE_CURVE('',#3314,#3318,#2825,.T.);
#4095=EDGE_CURVE('',#3318,#3319,#1943,.T.);
#4096=EDGE_CURVE('',#3319,#3311,#2826,.T.);
#4097=EDGE_CURVE('',#3309,#3320,#2827,.T.);
#4098=EDGE_CURVE('',#3320,#3321,#1944,.T.);
#4099=EDGE_CURVE('',#3322,#3321,#2828,.T.);
#4100=EDGE_CURVE('',#3323,#3322,#2829,.T.);
#4101=EDGE_CURVE('',#3324,#3323,#2830,.T.);
#4102=EDGE_CURVE('',#3324,#3325,#1945,.T.);
#4103=EDGE_CURVE('',#3325,#3307,#2831,.T.);
#4104=EDGE_CURVE('',#3305,#3326,#2832,.T.);
#4105=EDGE_CURVE('',#3326,#3327,#1946,.T.);
#4106=EDGE_CURVE('',#3328,#3327,#2833,.T.);
#4107=EDGE_CURVE('',#3329,#3328,#2834,.T.);
#4108=EDGE_CURVE('',#3330,#3329,#2835,.T.);
#4109=EDGE_CURVE('',#3330,#3331,#1947,.T.);
#4110=EDGE_CURVE('',#3331,#3303,#2836,.T.);
#4111=EDGE_CURVE('',#3301,#3332,#2837,.T.);
#4112=EDGE_CURVE('',#3332,#3317,#1948,.T.);
#4113=EDGE_CURVE('',#3333,#3315,#2838,.T.);
#4114=EDGE_CURVE('',#3334,#3333,#1949,.T.);
#4115=EDGE_CURVE('',#3302,#3334,#2839,.T.);
#4116=EDGE_CURVE('',#3335,#3304,#2840,.T.);
#4117=EDGE_CURVE('',#3336,#3335,#1950,.T.);
#4118=EDGE_CURVE('',#3336,#3337,#2841,.T.);
#4119=EDGE_CURVE('',#3337,#3338,#2842,.T.);
#4120=EDGE_CURVE('',#3338,#3339,#2843,.T.);
#4121=EDGE_CURVE('',#3340,#3339,#1951,.T.);
#4122=EDGE_CURVE('',#3306,#3340,#2844,.T.);
#4123=EDGE_CURVE('',#3341,#3308,#2845,.T.);
#4124=EDGE_CURVE('',#3342,#3341,#1952,.T.);
#4125=EDGE_CURVE('',#3342,#3343,#2846,.T.);
#4126=EDGE_CURVE('',#3343,#3344,#2847,.T.);
#4127=EDGE_CURVE('',#3344,#3345,#2848,.T.);
#4128=EDGE_CURVE('',#3346,#3345,#1953,.T.);
#4129=EDGE_CURVE('',#3310,#3346,#2849,.T.);
#4130=EDGE_CURVE('',#3347,#3312,#2850,.T.);
#4131=EDGE_CURVE('',#3348,#3347,#1954,.T.);
#4132=EDGE_CURVE('',#3316,#3348,#2851,.T.);
#4133=EDGE_CURVE('',#3318,#3348,#1955,.T.);
#4134=EDGE_CURVE('',#3319,#3347,#1956,.T.);
#4135=EDGE_CURVE('',#3320,#3346,#1957,.T.);
#4136=EDGE_CURVE('',#3321,#3345,#1958,.T.);
#4137=EDGE_CURVE('',#3322,#3344,#1959,.T.);
#4138=EDGE_CURVE('',#3323,#3343,#1960,.T.);
#4139=EDGE_CURVE('',#3324,#3342,#1961,.T.);
#4140=EDGE_CURVE('',#3325,#3341,#1962,.T.);
#4141=EDGE_CURVE('',#3326,#3340,#1963,.T.);
#4142=EDGE_CURVE('',#3327,#3339,#1964,.T.);
#4143=EDGE_CURVE('',#3328,#3338,#1965,.T.);
#4144=EDGE_CURVE('',#3329,#3337,#1966,.T.);
#4145=EDGE_CURVE('',#3330,#3336,#1967,.T.);
#4146=EDGE_CURVE('',#3331,#3335,#1968,.T.);
#4147=EDGE_CURVE('',#3317,#3333,#1969,.T.);
#4148=EDGE_CURVE('',#3332,#3334,#1970,.T.);
#4149=EDGE_CURVE('',#3349,#3349,#2852,.T.);
#4150=EDGE_CURVE('',#3349,#3350,#1971,.T.);
#4151=EDGE_CURVE('',#3350,#3350,#2853,.T.);
#4152=EDGE_CURVE('',#3350,#3351,#1972,.T.);
#4153=EDGE_CURVE('',#3351,#3351,#2854,.T.);
#4154=EDGE_CURVE('',#3352,#3352,#2855,.T.);
#4155=EDGE_CURVE('',#3352,#3353,#1973,.T.);
#4156=EDGE_CURVE('',#3353,#3353,#2856,.T.);
#4157=EDGE_CURVE('',#3353,#3354,#1974,.T.);
#4158=EDGE_CURVE('',#3354,#3354,#2857,.T.);
#4159=EDGE_CURVE('',#3355,#3356,#2858,.T.);
#4160=EDGE_CURVE('',#3356,#3357,#1975,.T.);
#4161=EDGE_CURVE('',#3357,#3358,#2859,.T.);
#4162=EDGE_CURVE('',#3358,#3355,#1976,.T.);
#4163=EDGE_CURVE('',#3356,#3359,#1977,.T.);
#4164=EDGE_CURVE('',#3360,#3359,#1978,.T.);
#4165=EDGE_CURVE('',#3357,#3360,#1979,.T.);
#4166=EDGE_CURVE('',#3361,#3355,#1980,.T.);
#4167=EDGE_CURVE('',#3361,#3362,#1981,.T.);
#4168=EDGE_CURVE('',#3363,#3362,#1982,.T.);
#4169=EDGE_CURVE('',#3359,#3363,#2860,.T.);
#4170=EDGE_CURVE('',#3363,#3364,#1983,.T.);
#4171=EDGE_CURVE('',#3364,#3360,#2861,.T.);
#4172=EDGE_CURVE('',#3362,#3365,#1984,.T.);
#4173=EDGE_CURVE('',#3365,#3364,#1985,.T.);
#4174=EDGE_CURVE('',#3366,#3367,#2862,.T.);
#4175=EDGE_CURVE('',#3367,#3368,#1986,.T.);
#4176=EDGE_CURVE('',#3368,#3369,#2863,.T.);
#4177=EDGE_CURVE('',#3369,#3366,#1987,.T.);
#4178=EDGE_CURVE('',#3370,#3366,#1988,.T.);
#4179=EDGE_CURVE('',#3371,#3370,#2864,.T.);
#4180=EDGE_CURVE('',#3372,#3371,#1989,.T.);
#4181=EDGE_CURVE('',#3373,#3372,#1990,.T.);
#4182=EDGE_CURVE('',#3367,#3373,#1991,.T.);
#4183=EDGE_CURVE('',#3369,#3374,#1992,.T.);
#4184=EDGE_CURVE('',#3370,#3374,#1993,.T.);
#4185=EDGE_CURVE('',#3374,#3375,#2865,.T.);
#4186=EDGE_CURVE('',#3375,#3371,#1994,.T.);
#4187=EDGE_CURVE('',#3376,#3358,#1995,.T.);
#4188=EDGE_CURVE('',#3376,#3361,#1996,.T.);
#4189=EDGE_CURVE('',#3365,#3376,#1997,.T.);
#4190=EDGE_CURVE('',#3377,#3365,#2866,.T.);
#4191=EDGE_CURVE('',#3377,#3378,#1998,.T.);
#4192=EDGE_CURVE('',#3378,#3376,#2867,.T.);
#4193=EDGE_CURVE('',#3362,#3372,#2868,.T.);
#4194=EDGE_CURVE('',#3372,#3377,#1999,.T.);
#4195=EDGE_CURVE('',#3378,#3373,#2000,.T.);
#4196=EDGE_CURVE('',#3368,#3378,#2001,.T.);
#4197=EDGE_CURVE('',#3375,#3377,#2002,.T.);
#4198=EDGE_CURVE('',#3373,#3361,#2869,.T.);
#4199=EDGE_CURVE('',#3379,#3379,#2870,.T.);
#4200=EDGE_CURVE('',#3379,#3380,#2003,.T.);
#4201=EDGE_CURVE('',#3380,#3381,#2871,.T.);
#4202=EDGE_CURVE('',#3381,#3380,#2872,.T.);
#4203=EDGE_CURVE('',#3381,#3382,#2004,.T.);
#4204=EDGE_CURVE('',#3383,#3382,#2873,.T.);
#4205=EDGE_CURVE('',#3382,#3383,#2874,.T.);
#4206=EDGE_CURVE('',#3384,#3385,#2875,.T.);
#4207=EDGE_CURVE('',#3385,#3384,#2876,.T.);
#4208=EDGE_CURVE('',#3384,#3383,#2877,.T.);
#4209=EDGE_CURVE('',#3385,#3386,#2005,.T.);
#4210=EDGE_CURVE('',#3386,#3386,#2878,.T.);
#4211=EDGE_CURVE('',#3387,#3388,#2006,.T.);
#4212=EDGE_CURVE('',#3389,#3387,#2007,.T.);
#4213=EDGE_CURVE('',#3390,#3389,#2008,.T.);
#4214=EDGE_CURVE('',#3390,#3388,#2009,.T.);
#4215=EDGE_CURVE('',#3388,#3391,#2010,.T.);
#4216=EDGE_CURVE('',#3392,#3390,#2011,.T.);
#4217=EDGE_CURVE('',#3392,#3391,#2012,.T.);
#4218=EDGE_CURVE('',#3391,#3393,#2013,.T.);
#4219=EDGE_CURVE('',#3394,#3392,#2014,.T.);
#4220=EDGE_CURVE('',#3394,#3393,#2015,.T.);
#4221=EDGE_CURVE('',#3393,#3395,#2016,.T.);
#4222=EDGE_CURVE('',#3396,#3394,#2017,.T.);
#4223=EDGE_CURVE('',#3396,#3395,#2018,.T.);
#4224=EDGE_CURVE('',#3395,#3397,#2019,.T.);
#4225=EDGE_CURVE('',#3398,#3396,#2020,.T.);
#4226=EDGE_CURVE('',#3398,#3397,#2021,.T.);
#4227=EDGE_CURVE('',#3397,#3387,#2022,.T.);
#4228=EDGE_CURVE('',#3389,#3398,#2023,.T.);
#4229=EDGE_CURVE('',#3399,#3399,#2879,.T.);
#4230=EDGE_CURVE('',#3386,#3399,#2024,.T.);
#4231=EDGE_CURVE('',#3400,#3400,#2880,.T.);
#4232=EDGE_CURVE('',#3400,#3401,#2881,.T.);
#4233=EDGE_CURVE('',#3401,#3402,#2882,.T.);
#4234=EDGE_CURVE('',#3402,#3401,#2883,.T.);
#4235=EDGE_CURVE('',#3403,#3404,#2884,.T.);
#4236=EDGE_CURVE('',#3404,#3403,#2885,.T.);
#4237=EDGE_CURVE('',#3404,#3402,#2025,.T.);
#4238=EDGE_CURVE('',#3405,#3405,#2886,.T.);
#4239=EDGE_CURVE('',#3406,#3406,#2887,.T.);
#4240=EDGE_CURVE('',#3406,#3403,#2026,.T.);
#4241=EDGE_CURVE('',#3407,#3408,#2888,.T.);
#4242=EDGE_CURVE('',#3408,#3407,#2889,.T.);
#4243=EDGE_CURVE('',#3407,#3409,#2890,.T.);
#4244=EDGE_CURVE('',#3409,#3409,#2891,.T.);
#4245=EDGE_CURVE('',#3410,#3411,#2027,.T.);
#4246=EDGE_CURVE('',#3411,#3412,#2028,.T.);
#4247=EDGE_CURVE('',#3412,#3413,#2029,.T.);
#4248=EDGE_CURVE('',#3413,#3414,#2030,.T.);
#4249=EDGE_CURVE('',#3414,#3415,#2031,.T.);
#4250=EDGE_CURVE('',#3415,#3410,#2032,.T.);
#4251=EDGE_CURVE('',#3405,#3408,#2033,.T.);
#4252=EDGE_CURVE('',#3416,#3417,#196,.T.);
#4253=EDGE_CURVE('',#3416,#3415,#2034,.T.);
#4254=EDGE_CURVE('',#3417,#3414,#2035,.T.);
#4255=EDGE_CURVE('',#3418,#3416,#197,.T.);
#4256=EDGE_CURVE('',#3418,#3410,#2036,.T.);
#4257=EDGE_CURVE('',#3419,#3418,#198,.T.);
#4258=EDGE_CURVE('',#3419,#3411,#2037,.T.);
#4259=EDGE_CURVE('',#3420,#3419,#199,.T.);
#4260=EDGE_CURVE('',#3412,#3420,#2038,.T.);
#4261=EDGE_CURVE('',#3417,#3421,#200,.T.);
#4262=EDGE_CURVE('',#3422,#3413,#2039,.T.);
#4263=EDGE_CURVE('',#3421,#3422,#201,.T.);
#4264=EDGE_CURVE('',#3422,#3420,#202,.T.);
#4265=EDGE_CURVE('',#3423,#3421,#2040,.T.);
#4266=EDGE_CURVE('',#3424,#3425,#2892,.T.);
#4267=EDGE_CURVE('',#3424,#3426,#2041,.T.);
#4268=EDGE_CURVE('',#3426,#3426,#2893,.T.);
#4269=EDGE_CURVE('',#3427,#3424,#2894,.T.);
#4270=EDGE_CURVE('',#3425,#3427,#2895,.T.);
#4271=EDGE_CURVE('',#3425,#3428,#2896,.T.);
#4272=EDGE_CURVE('',#3429,#3427,#2897,.T.);
#4273=EDGE_CURVE('',#3430,#3430,#2898,.T.);
#4274=EDGE_CURVE('',#3430,#3431,#2042,.T.);
#4275=EDGE_CURVE('',#3431,#3431,#2899,.T.);
#4276=EDGE_CURVE('',#3432,#3433,#2043,.T.);
#4277=EDGE_CURVE('',#3433,#3434,#2044,.T.);
#4278=EDGE_CURVE('',#3434,#3435,#2045,.T.);
#4279=EDGE_CURVE('',#3435,#3432,#2046,.T.);
#4280=EDGE_CURVE('',#3436,#3437,#2047,.T.);
#4281=EDGE_CURVE('',#3437,#3438,#2048,.T.);
#4282=EDGE_CURVE('',#3438,#3439,#2049,.T.);
#4283=EDGE_CURVE('',#3436,#3439,#2050,.T.);
#4284=EDGE_CURVE('',#3433,#3438,#2051,.T.);
#4285=EDGE_CURVE('',#3437,#3434,#2052,.T.);
#4286=EDGE_CURVE('',#3439,#3432,#2053,.T.);
#4287=EDGE_CURVE('',#3435,#3436,#2054,.T.);
#4288=EDGE_CURVE('',#3437,#3440,#2055,.T.);
#4289=EDGE_CURVE('',#3441,#3440,#2056,.T.);
#4290=EDGE_CURVE('',#3434,#3441,#2057,.T.);
#4291=EDGE_CURVE('',#3436,#3442,#2058,.T.);
#4292=EDGE_CURVE('',#3440,#3442,#2059,.T.);
#4293=EDGE_CURVE('',#3443,#3443,#2900,.T.);
#4294=EDGE_CURVE('',#3444,#3445,#2060,.T.);
#4295=EDGE_CURVE('',#3445,#3440,#2061,.T.);
#4296=EDGE_CURVE('',#3444,#3442,#2062,.T.);
#4297=EDGE_CURVE('',#3445,#3446,#2063,.T.);
#4298=EDGE_CURVE('',#3446,#3441,#2064,.T.);
#4299=EDGE_CURVE('',#3442,#3447,#2065,.T.);
#4300=EDGE_CURVE('',#3447,#3448,#2066,.T.);
#4301=EDGE_CURVE('',#3448,#3444,#2067,.T.);
#4302=EDGE_CURVE('',#3446,#3448,#2068,.T.);
#4303=EDGE_CURVE('',#3447,#3441,#2069,.T.);
#4304=EDGE_CURVE('',#3435,#3447,#2070,.T.);
#4305=EDGE_CURVE('',#3449,#3449,#2901,.T.);
#4306=EDGE_CURVE('',#3449,#3450,#2071,.T.);
#4307=EDGE_CURVE('',#3450,#3451,#2902,.T.);
#4308=EDGE_CURVE('',#3451,#3450,#2903,.T.);
#4309=EDGE_CURVE('',#3451,#3443,#2072,.T.);
#4310=EDGE_CURVE('',#3452,#3453,#2904,.T.);
#4311=EDGE_CURVE('',#3453,#3452,#2905,.T.);
#4312=EDGE_CURVE('',#3452,#3454,#2073,.T.);
#4313=EDGE_CURVE('',#3454,#3454,#2906,.T.);
#4314=EDGE_CURVE('',#3455,#3456,#2907,.T.);
#4315=EDGE_CURVE('',#3456,#3455,#2908,.T.);
#4316=EDGE_CURVE('',#3456,#3453,#2074,.T.);
#4317=EDGE_CURVE('',#3457,#3458,#203,.T.);
#4318=EDGE_CURVE('',#3457,#3459,#2075,.T.);
#4319=EDGE_CURVE('',#3460,#3459,#2076,.T.);
#4320=EDGE_CURVE('',#3458,#3460,#2077,.T.);
#4321=EDGE_CURVE('',#3458,#3461,#204,.T.);
#4322=EDGE_CURVE('',#3462,#3460,#2078,.T.);
#4323=EDGE_CURVE('',#3463,#3462,#2079,.T.);
#4324=EDGE_CURVE('',#3461,#3463,#205,.T.);
#4325=EDGE_CURVE('',#3464,#3457,#206,.T.);
#4326=EDGE_CURVE('',#3465,#3464,#2080,.T.);
#4327=EDGE_CURVE('',#3459,#3465,#2081,.T.);
#4328=EDGE_CURVE('',#3463,#3466,#207,.T.);
#4329=EDGE_CURVE('',#3467,#3462,#2082,.T.);
#4330=EDGE_CURVE('',#3466,#3467,#2083,.T.);
#4331=EDGE_CURVE('',#3468,#3464,#208,.T.);
#4332=EDGE_CURVE('',#3468,#3469,#2084,.T.);
#4333=EDGE_CURVE('',#3465,#3469,#2085,.T.);
#4334=EDGE_CURVE('',#3466,#3468,#209,.T.);
#4335=EDGE_CURVE('',#3469,#3467,#2086,.T.);
#4336=EDGE_CURVE('',#3470,#3470,#2909,.T.);
#4337=EDGE_CURVE('',#3470,#3455,#2087,.T.);
#4338=EDGE_CURVE('',#3461,#3471,#2088,.T.);
#4339=EDGE_CURVE('',#3472,#3472,#2910,.T.);
#4340=EDGE_CURVE('',#3472,#3473,#2089,.T.);
#4341=EDGE_CURVE('',#3473,#3473,#2911,.T.);
#4342=EDGE_CURVE('',#3474,#3474,#2912,.T.);
#4343=EDGE_CURVE('',#3474,#3475,#2090,.T.);
#4344=EDGE_CURVE('',#3475,#3475,#2913,.T.);
#4345=EDGE_CURVE('',#3476,#3476,#2914,.T.);
#4346=EDGE_CURVE('',#3476,#3477,#2915,.T.);
#4347=EDGE_CURVE('',#3477,#3478,#2916,.T.);
#4348=EDGE_CURVE('',#3478,#3477,#2917,.T.);
#4349=EDGE_CURVE('',#3479,#3480,#2918,.T.);
#4350=EDGE_CURVE('',#3480,#3479,#2919,.T.);
#4351=EDGE_CURVE('',#3480,#3478,#2091,.T.);
#4352=EDGE_CURVE('',#3481,#3481,#2920,.T.);
#4353=EDGE_CURVE('',#3482,#3482,#2921,.T.);
#4354=EDGE_CURVE('',#3482,#3479,#2092,.T.);
#4355=EDGE_CURVE('',#3483,#3484,#2922,.T.);
#4356=EDGE_CURVE('',#3484,#3483,#2923,.T.);
#4357=EDGE_CURVE('',#3483,#3485,#2924,.T.);
#4358=EDGE_CURVE('',#3485,#3485,#2925,.T.);
#4359=EDGE_CURVE('',#3486,#3487,#2093,.T.);
#4360=EDGE_CURVE('',#3487,#3488,#2094,.T.);
#4361=EDGE_CURVE('',#3488,#3489,#2095,.T.);
#4362=EDGE_CURVE('',#3489,#3490,#2096,.T.);
#4363=EDGE_CURVE('',#3490,#3491,#2097,.T.);
#4364=EDGE_CURVE('',#3491,#3486,#2098,.T.);
#4365=EDGE_CURVE('',#3481,#3484,#2099,.T.);
#4366=EDGE_CURVE('',#3492,#3493,#210,.T.);
#4367=EDGE_CURVE('',#3492,#3491,#2100,.T.);
#4368=EDGE_CURVE('',#3493,#3490,#2101,.T.);
#4369=EDGE_CURVE('',#3494,#3492,#211,.T.);
#4370=EDGE_CURVE('',#3494,#3486,#2102,.T.);
#4371=EDGE_CURVE('',#3495,#3494,#212,.T.);
#4372=EDGE_CURVE('',#3495,#3487,#2103,.T.);
#4373=EDGE_CURVE('',#3496,#3495,#213,.T.);
#4374=EDGE_CURVE('',#3488,#3496,#2104,.T.);
#4375=EDGE_CURVE('',#3493,#3497,#214,.T.);
#4376=EDGE_CURVE('',#3498,#3489,#2105,.T.);
#4377=EDGE_CURVE('',#3497,#3498,#215,.T.);
#4378=EDGE_CURVE('',#3498,#3496,#216,.T.);
#4379=EDGE_CURVE('',#3499,#3497,#2106,.T.);
#4380=EDGE_CURVE('',#3500,#3501,#2926,.T.);
#4381=EDGE_CURVE('',#3501,#3502,#637,.T.);
#4382=EDGE_CURVE('',#3502,#3501,#638,.T.);
#4383=EDGE_CURVE('',#3500,#3500,#639,.T.);
#4384=EDGE_CURVE('',#3502,#3503,#2927,.T.);
#4385=EDGE_CURVE('',#3503,#3504,#2928,.T.);
#4386=EDGE_CURVE('',#3504,#3503,#2929,.T.);
#4387=EDGE_CURVE('',#3504,#3505,#2107,.T.);
#4388=EDGE_CURVE('',#3505,#3506,#2930,.T.);
#4389=EDGE_CURVE('',#3506,#3505,#2931,.T.);
#4390=EDGE_CURVE('',#3506,#3507,#2932,.T.);
#4391=EDGE_CURVE('',#3507,#3508,#2933,.T.);
#4392=EDGE_CURVE('',#3508,#3507,#2934,.T.);
#4393=EDGE_CURVE('',#3508,#3509,#2108,.T.);
#4394=EDGE_CURVE('',#3509,#3509,#2935,.T.);
#4395=EDGE_CURVE('',#3509,#3510,#2936,.T.);
#4396=EDGE_CURVE('',#3510,#3510,#2937,.T.);
#4397=EDGE_CURVE('',#3510,#3511,#2109,.T.);
#4398=EDGE_CURVE('',#3511,#3512,#2938,.T.);
#4399=EDGE_CURVE('',#3512,#3511,#2939,.T.);
#4400=EDGE_CURVE('',#3512,#3513,#2940,.T.);
#4401=EDGE_CURVE('',#3513,#3514,#2941,.T.);
#4402=EDGE_CURVE('',#3514,#3513,#2942,.T.);
#4403=EDGE_CURVE('',#3514,#3515,#2110,.T.);
#4404=EDGE_CURVE('',#3515,#3516,#2943,.T.);
#4405=EDGE_CURVE('',#3516,#3515,#2944,.T.);
#4406=EDGE_CURVE('',#3516,#3517,#2945,.T.);
#4407=EDGE_CURVE('',#3517,#3518,#2946,.T.);
#4408=EDGE_CURVE('',#3518,#3517,#2947,.T.);
#4409=EDGE_CURVE('',#3519,#3519,#2948,.T.);
#4410=EDGE_CURVE('',#3518,#3519,#2111,.T.);
#4411=EDGE_CURVE('',#3520,#3520,#2949,.T.);
#4412=EDGE_CURVE('',#3520,#3521,#2112,.T.);
#4413=EDGE_CURVE('',#3521,#3521,#2950,.T.);
#4414=EDGE_CURVE('',#3522,#3523,#2951,.T.);
#4415=EDGE_CURVE('',#3523,#3522,#2952,.T.);
#4416=EDGE_CURVE('',#3523,#3521,#2113,.T.);
#4417=EDGE_CURVE('',#3524,#3524,#2953,.T.);
#4418=EDGE_CURVE('',#3525,#3525,#2954,.T.);
#4419=EDGE_CURVE('',#3525,#3522,#2114,.T.);
#4420=EDGE_CURVE('',#3526,#3526,#2955,.T.);
#4421=EDGE_CURVE('',#3527,#3528,#217,.T.);
#4422=EDGE_CURVE('',#3529,#3527,#218,.T.);
#4423=EDGE_CURVE('',#3530,#3529,#219,.T.);
#4424=EDGE_CURVE('',#3531,#3530,#220,.T.);
#4425=EDGE_CURVE('',#3532,#3531,#221,.T.);
#4426=EDGE_CURVE('',#3532,#3524,#2115,.T.);
#4427=EDGE_CURVE('',#3528,#3532,#222,.T.);
#4428=EDGE_CURVE('',#3526,#3533,#2116,.T.);
#4429=EDGE_CURVE('',#3534,#3533,#223,.T.);
#4430=EDGE_CURVE('',#3535,#3534,#224,.T.);
#4431=EDGE_CURVE('',#3536,#3535,#225,.T.);
#4432=EDGE_CURVE('',#3537,#3536,#226,.T.);
#4433=EDGE_CURVE('',#3538,#3537,#227,.T.);
#4434=EDGE_CURVE('',#3533,#3538,#228,.T.);
#4435=EDGE_CURVE('',#3529,#3536,#2117,.T.);
#4436=EDGE_CURVE('',#3530,#3535,#2118,.T.);
#4437=EDGE_CURVE('',#3531,#3534,#2119,.T.);
#4438=EDGE_CURVE('',#3527,#3537,#2120,.T.);
#4439=EDGE_CURVE('',#3528,#3538,#2121,.T.);
#4440=EDGE_CURVE('',#3532,#3533,#2122,.T.);
#4441=ORIENTED_EDGE('',*,*,#3539,.T.);
#4442=ORIENTED_EDGE('',*,*,#3540,.T.);
#4443=ORIENTED_EDGE('',*,*,#3541,.T.);
#4444=ORIENTED_EDGE('',*,*,#3542,.T.);
#4445=ORIENTED_EDGE('',*,*,#3540,.F.);
#4446=ORIENTED_EDGE('',*,*,#3541,.F.);
#4447=ORIENTED_EDGE('',*,*,#3542,.F.);
#4448=ORIENTED_EDGE('',*,*,#3543,.T.);
#4449=ORIENTED_EDGE('',*,*,#3544,.F.);
#4450=ORIENTED_EDGE('',*,*,#3543,.F.);
#4451=ORIENTED_EDGE('',*,*,#3545,.T.);
#4452=ORIENTED_EDGE('',*,*,#3546,.T.);
#4453=ORIENTED_EDGE('',*,*,#3547,.F.);
#4454=ORIENTED_EDGE('',*,*,#3548,.F.);
#4455=ORIENTED_EDGE('',*,*,#3549,.F.);
#4456=ORIENTED_EDGE('',*,*,#3550,.T.);
#4457=ORIENTED_EDGE('',*,*,#3539,.F.);
#4458=ORIENTED_EDGE('',*,*,#3551,.F.);
#4459=ORIENTED_EDGE('',*,*,#3552,.T.);
#4460=ORIENTED_EDGE('',*,*,#3545,.F.);
#4461=ORIENTED_EDGE('',*,*,#3552,.F.);
#4462=ORIENTED_EDGE('',*,*,#3544,.T.);
#4463=ORIENTED_EDGE('',*,*,#3553,.T.);
#4464=ORIENTED_EDGE('',*,*,#3554,.T.);
#4465=ORIENTED_EDGE('',*,*,#3554,.F.);
#4466=ORIENTED_EDGE('',*,*,#3550,.F.);
#4467=ORIENTED_EDGE('',*,*,#3555,.T.);
#4468=ORIENTED_EDGE('',*,*,#3553,.F.);
#4469=ORIENTED_EDGE('',*,*,#3555,.F.);
#4470=ORIENTED_EDGE('',*,*,#3556,.T.);
#4471=ORIENTED_EDGE('',*,*,#3557,.T.);
#4472=ORIENTED_EDGE('',*,*,#3557,.F.);
#4473=ORIENTED_EDGE('',*,*,#3558,.F.);
#4474=ORIENTED_EDGE('',*,*,#3559,.T.);
#4475=ORIENTED_EDGE('',*,*,#3556,.F.);
#4476=ORIENTED_EDGE('',*,*,#3559,.F.);
#4477=ORIENTED_EDGE('',*,*,#3560,.T.);
#4478=ORIENTED_EDGE('',*,*,#3561,.T.);
#4479=ORIENTED_EDGE('',*,*,#3561,.F.);
#4480=ORIENTED_EDGE('',*,*,#3562,.F.);
#4481=ORIENTED_EDGE('',*,*,#3563,.T.);
#4482=ORIENTED_EDGE('',*,*,#3560,.F.);
#4483=ORIENTED_EDGE('',*,*,#3563,.F.);
#4484=ORIENTED_EDGE('',*,*,#3564,.T.);
#4485=ORIENTED_EDGE('',*,*,#3565,.T.);
#4486=ORIENTED_EDGE('',*,*,#3565,.F.);
#4487=ORIENTED_EDGE('',*,*,#3566,.F.);
#4488=ORIENTED_EDGE('',*,*,#3567,.T.);
#4489=ORIENTED_EDGE('',*,*,#3564,.F.);
#4490=ORIENTED_EDGE('',*,*,#3567,.F.);
#4491=ORIENTED_EDGE('',*,*,#3568,.T.);
#4492=ORIENTED_EDGE('',*,*,#3569,.T.);
#4493=ORIENTED_EDGE('',*,*,#3569,.F.);
#4494=ORIENTED_EDGE('',*,*,#3570,.F.);
#4495=ORIENTED_EDGE('',*,*,#3571,.T.);
#4496=ORIENTED_EDGE('',*,*,#3568,.F.);
#4497=ORIENTED_EDGE('',*,*,#3571,.F.);
#4498=ORIENTED_EDGE('',*,*,#3572,.T.);
#4499=ORIENTED_EDGE('',*,*,#3573,.T.);
#4500=ORIENTED_EDGE('',*,*,#3573,.F.);
#4501=ORIENTED_EDGE('',*,*,#3574,.F.);
#4502=ORIENTED_EDGE('',*,*,#3575,.T.);
#4503=ORIENTED_EDGE('',*,*,#3572,.F.);
#4504=ORIENTED_EDGE('',*,*,#3575,.F.);
#4505=ORIENTED_EDGE('',*,*,#3576,.T.);
#4506=ORIENTED_EDGE('',*,*,#3577,.T.);
#4507=ORIENTED_EDGE('',*,*,#3577,.F.);
#4508=ORIENTED_EDGE('',*,*,#3578,.F.);
#4509=ORIENTED_EDGE('',*,*,#3579,.T.);
#4510=ORIENTED_EDGE('',*,*,#3576,.F.);
#4511=ORIENTED_EDGE('',*,*,#3579,.F.);
#4512=ORIENTED_EDGE('',*,*,#3580,.T.);
#4513=ORIENTED_EDGE('',*,*,#3581,.T.);
#4514=ORIENTED_EDGE('',*,*,#3549,.T.);
#4515=ORIENTED_EDGE('',*,*,#3582,.T.);
#4516=ORIENTED_EDGE('',*,*,#3574,.T.);
#4517=ORIENTED_EDGE('',*,*,#3578,.T.);
#4518=ORIENTED_EDGE('',*,*,#3583,.F.);
#4519=ORIENTED_EDGE('',*,*,#3584,.F.);
#4520=ORIENTED_EDGE('',*,*,#3546,.F.);
#4521=ORIENTED_EDGE('',*,*,#3581,.F.);
#4522=ORIENTED_EDGE('',*,*,#3548,.T.);
#4523=ORIENTED_EDGE('',*,*,#3585,.F.);
#4524=ORIENTED_EDGE('',*,*,#3586,.F.);
#4525=ORIENTED_EDGE('',*,*,#3582,.F.);
#4526=ORIENTED_EDGE('',*,*,#3551,.T.);
#4527=ORIENTED_EDGE('',*,*,#3570,.T.);
#4528=ORIENTED_EDGE('',*,*,#3586,.T.);
#4529=ORIENTED_EDGE('',*,*,#3587,.F.);
#4530=ORIENTED_EDGE('',*,*,#3583,.T.);
#4531=ORIENTED_EDGE('',*,*,#3580,.F.);
#4532=ORIENTED_EDGE('',*,*,#3566,.T.);
#4533=ORIENTED_EDGE('',*,*,#3587,.T.);
#4534=ORIENTED_EDGE('',*,*,#3585,.T.);
#4535=ORIENTED_EDGE('',*,*,#3547,.T.);
#4536=ORIENTED_EDGE('',*,*,#3584,.T.);
#4537=ORIENTED_EDGE('',*,*,#3558,.T.);
#4538=ORIENTED_EDGE('',*,*,#3562,.T.);
#4539=ORIENTED_EDGE('',*,*,#3588,.F.);
#4540=ORIENTED_EDGE('',*,*,#3589,.T.);
#4541=ORIENTED_EDGE('',*,*,#3590,.F.);
#4542=ORIENTED_EDGE('',*,*,#3589,.F.);
#4543=ORIENTED_EDGE('',*,*,#3591,.F.);
#4544=ORIENTED_EDGE('',*,*,#3592,.T.);
#4545=ORIENTED_EDGE('',*,*,#3593,.F.);
#4546=ORIENTED_EDGE('',*,*,#3592,.F.);
#4547=ORIENTED_EDGE('',*,*,#3594,.F.);
#4548=ORIENTED_EDGE('',*,*,#3595,.T.);
#4549=ORIENTED_EDGE('',*,*,#3596,.F.);
#4550=ORIENTED_EDGE('',*,*,#3595,.F.);
#4551=ORIENTED_EDGE('',*,*,#3597,.F.);
#4552=ORIENTED_EDGE('',*,*,#3598,.T.);
#4553=ORIENTED_EDGE('',*,*,#3599,.F.);
#4554=ORIENTED_EDGE('',*,*,#3598,.F.);
#4555=ORIENTED_EDGE('',*,*,#3599,.T.);
#4556=ORIENTED_EDGE('',*,*,#3600,.T.);
#4557=ORIENTED_EDGE('',*,*,#3601,.F.);
#4558=ORIENTED_EDGE('',*,*,#3600,.F.);
#4559=ORIENTED_EDGE('',*,*,#3602,.F.);
#4560=ORIENTED_EDGE('',*,*,#3603,.T.);
#4561=ORIENTED_EDGE('',*,*,#3604,.F.);
#4562=ORIENTED_EDGE('',*,*,#3603,.F.);
#4563=ORIENTED_EDGE('',*,*,#3604,.T.);
#4564=ORIENTED_EDGE('',*,*,#3605,.T.);
#4565=ORIENTED_EDGE('',*,*,#3606,.F.);
#4566=ORIENTED_EDGE('',*,*,#3605,.F.);
#4567=ORIENTED_EDGE('',*,*,#3607,.T.);
#4568=ORIENTED_EDGE('',*,*,#3608,.T.);
#4569=ORIENTED_EDGE('',*,*,#3609,.T.);
#4570=ORIENTED_EDGE('',*,*,#3610,.T.);
#4571=ORIENTED_EDGE('',*,*,#3611,.F.);
#4572=ORIENTED_EDGE('',*,*,#3612,.F.);
#4573=ORIENTED_EDGE('',*,*,#3613,.F.);
#4574=ORIENTED_EDGE('',*,*,#3608,.F.);
#4575=ORIENTED_EDGE('',*,*,#3613,.T.);
#4576=ORIENTED_EDGE('',*,*,#3614,.F.);
#4577=ORIENTED_EDGE('',*,*,#3615,.F.);
#4578=ORIENTED_EDGE('',*,*,#3609,.F.);
#4579=ORIENTED_EDGE('',*,*,#3588,.T.);
#4580=ORIENTED_EDGE('',*,*,#3591,.T.);
#4581=ORIENTED_EDGE('',*,*,#3594,.T.);
#4582=ORIENTED_EDGE('',*,*,#3597,.T.);
#4583=ORIENTED_EDGE('',*,*,#3602,.T.);
#4584=ORIENTED_EDGE('',*,*,#3615,.T.);
#4585=ORIENTED_EDGE('',*,*,#3616,.F.);
#4586=ORIENTED_EDGE('',*,*,#3617,.F.);
#4587=ORIENTED_EDGE('',*,*,#3610,.F.);
#4588=ORIENTED_EDGE('',*,*,#3617,.T.);
#4589=ORIENTED_EDGE('',*,*,#3618,.F.);
#4590=ORIENTED_EDGE('',*,*,#3611,.T.);
#4591=ORIENTED_EDGE('',*,*,#3607,.F.);
#4592=ORIENTED_EDGE('',*,*,#3590,.T.);
#4593=ORIENTED_EDGE('',*,*,#3593,.T.);
#4594=ORIENTED_EDGE('',*,*,#3596,.T.);
#4595=ORIENTED_EDGE('',*,*,#3601,.T.);
#4596=ORIENTED_EDGE('',*,*,#3606,.T.);
#4597=ORIENTED_EDGE('',*,*,#3618,.T.);
#4598=ORIENTED_EDGE('',*,*,#3616,.T.);
#4599=ORIENTED_EDGE('',*,*,#3614,.T.);
#4600=ORIENTED_EDGE('',*,*,#3612,.T.);
#4601=ORIENTED_EDGE('',*,*,#3619,.T.);
#4602=ORIENTED_EDGE('',*,*,#3620,.T.);
#4603=ORIENTED_EDGE('',*,*,#3621,.T.);
#4604=ORIENTED_EDGE('',*,*,#3622,.T.);
#4605=ORIENTED_EDGE('',*,*,#3620,.F.);
#4606=ORIENTED_EDGE('',*,*,#3621,.F.);
#4607=ORIENTED_EDGE('',*,*,#3622,.F.);
#4608=ORIENTED_EDGE('',*,*,#3623,.T.);
#4609=ORIENTED_EDGE('',*,*,#3624,.F.);
#4610=ORIENTED_EDGE('',*,*,#3625,.F.);
#4611=ORIENTED_EDGE('',*,*,#3623,.F.);
#4612=ORIENTED_EDGE('',*,*,#3619,.F.);
#4613=ORIENTED_EDGE('',*,*,#3626,.T.);
#4614=ORIENTED_EDGE('',*,*,#3627,.T.);
#4615=ORIENTED_EDGE('',*,*,#3628,.T.);
#4616=ORIENTED_EDGE('',*,*,#3624,.T.);
#4617=ORIENTED_EDGE('',*,*,#3625,.T.);
#4618=ORIENTED_EDGE('',*,*,#3628,.F.);
#4619=ORIENTED_EDGE('',*,*,#3626,.F.);
#4620=ORIENTED_EDGE('',*,*,#3627,.F.);
#4621=ORIENTED_EDGE('',*,*,#3629,.T.);
#4622=ORIENTED_EDGE('',*,*,#3630,.T.);
#4623=ORIENTED_EDGE('',*,*,#3629,.F.);
#4624=ORIENTED_EDGE('',*,*,#3631,.F.);
#4625=ORIENTED_EDGE('',*,*,#3632,.F.);
#4626=ORIENTED_EDGE('',*,*,#3633,.F.);
#4627=ORIENTED_EDGE('',*,*,#3634,.T.);
#4628=ORIENTED_EDGE('',*,*,#3635,.F.);
#4629=ORIENTED_EDGE('',*,*,#3634,.F.);
#4630=ORIENTED_EDGE('',*,*,#3636,.F.);
#4631=ORIENTED_EDGE('',*,*,#3637,.T.);
#4632=ORIENTED_EDGE('',*,*,#3638,.F.);
#4633=ORIENTED_EDGE('',*,*,#3637,.F.);
#4634=ORIENTED_EDGE('',*,*,#3639,.F.);
#4635=ORIENTED_EDGE('',*,*,#3640,.T.);
#4636=ORIENTED_EDGE('',*,*,#3641,.F.);
#4637=ORIENTED_EDGE('',*,*,#3640,.F.);
#4638=ORIENTED_EDGE('',*,*,#3642,.F.);
#4639=ORIENTED_EDGE('',*,*,#3643,.T.);
#4640=ORIENTED_EDGE('',*,*,#3644,.F.);
#4641=ORIENTED_EDGE('',*,*,#3643,.F.);
#4642=ORIENTED_EDGE('',*,*,#3645,.F.);
#4643=ORIENTED_EDGE('',*,*,#3646,.T.);
#4644=ORIENTED_EDGE('',*,*,#3647,.F.);
#4645=ORIENTED_EDGE('',*,*,#3646,.F.);
#4646=ORIENTED_EDGE('',*,*,#3648,.F.);
#4647=ORIENTED_EDGE('',*,*,#3632,.T.);
#4648=ORIENTED_EDGE('',*,*,#3631,.T.);
#4649=ORIENTED_EDGE('',*,*,#3635,.T.);
#4650=ORIENTED_EDGE('',*,*,#3638,.T.);
#4651=ORIENTED_EDGE('',*,*,#3641,.T.);
#4652=ORIENTED_EDGE('',*,*,#3644,.T.);
#4653=ORIENTED_EDGE('',*,*,#3647,.T.);
#4654=ORIENTED_EDGE('',*,*,#3649,.F.);
#4655=ORIENTED_EDGE('',*,*,#3633,.T.);
#4656=ORIENTED_EDGE('',*,*,#3648,.T.);
#4657=ORIENTED_EDGE('',*,*,#3645,.T.);
#4658=ORIENTED_EDGE('',*,*,#3642,.T.);
#4659=ORIENTED_EDGE('',*,*,#3639,.T.);
#4660=ORIENTED_EDGE('',*,*,#3636,.T.);
#4661=ORIENTED_EDGE('',*,*,#3630,.F.);
#4662=ORIENTED_EDGE('',*,*,#3650,.T.);
#4663=ORIENTED_EDGE('',*,*,#3649,.T.);
#4664=ORIENTED_EDGE('',*,*,#3650,.F.);
#4665=ORIENTED_EDGE('',*,*,#3651,.T.);
#4666=ORIENTED_EDGE('',*,*,#3652,.T.);
#4667=ORIENTED_EDGE('',*,*,#3653,.T.);
#4668=ORIENTED_EDGE('',*,*,#3654,.T.);
#4669=ORIENTED_EDGE('',*,*,#3652,.F.);
#4670=ORIENTED_EDGE('',*,*,#3655,.F.);
#4671=ORIENTED_EDGE('',*,*,#3656,.F.);
#4672=ORIENTED_EDGE('',*,*,#3657,.T.);
#4673=ORIENTED_EDGE('',*,*,#3653,.F.);
#4674=ORIENTED_EDGE('',*,*,#3654,.F.);
#4675=ORIENTED_EDGE('',*,*,#3657,.F.);
#4676=ORIENTED_EDGE('',*,*,#3658,.T.);
#4677=ORIENTED_EDGE('',*,*,#3651,.F.);
#4678=ORIENTED_EDGE('',*,*,#3659,.T.);
#4679=ORIENTED_EDGE('',*,*,#3660,.T.);
#4680=ORIENTED_EDGE('',*,*,#3655,.T.);
#4681=ORIENTED_EDGE('',*,*,#3656,.T.);
#4682=ORIENTED_EDGE('',*,*,#3660,.F.);
#4683=ORIENTED_EDGE('',*,*,#3659,.F.);
#4684=ORIENTED_EDGE('',*,*,#3661,.T.);
#4685=ORIENTED_EDGE('',*,*,#3662,.T.);
#4686=ORIENTED_EDGE('',*,*,#3663,.T.);
#4687=ORIENTED_EDGE('',*,*,#3664,.T.);
#4688=ORIENTED_EDGE('',*,*,#3663,.F.);
#4689=ORIENTED_EDGE('',*,*,#3664,.F.);
#4690=ORIENTED_EDGE('',*,*,#3665,.T.);
#4691=ORIENTED_EDGE('',*,*,#3666,.T.);
#4692=ORIENTED_EDGE('',*,*,#3667,.T.);
#4693=ORIENTED_EDGE('',*,*,#3668,.T.);
#4694=ORIENTED_EDGE('',*,*,#3669,.T.);
#4695=ORIENTED_EDGE('',*,*,#3670,.T.);
#4696=ORIENTED_EDGE('',*,*,#3658,.F.);
#4697=ORIENTED_EDGE('',*,*,#3671,.T.);
#4698=ORIENTED_EDGE('',*,*,#3661,.F.);
#4699=ORIENTED_EDGE('',*,*,#3662,.F.);
#4700=ORIENTED_EDGE('',*,*,#3671,.F.);
#4701=ORIENTED_EDGE('',*,*,#3672,.F.);
#4702=ORIENTED_EDGE('',*,*,#3673,.T.);
#4703=ORIENTED_EDGE('',*,*,#3669,.F.);
#4704=ORIENTED_EDGE('',*,*,#3674,.F.);
#4705=ORIENTED_EDGE('',*,*,#3675,.F.);
#4706=ORIENTED_EDGE('',*,*,#3676,.T.);
#4707=ORIENTED_EDGE('',*,*,#3670,.F.);
#4708=ORIENTED_EDGE('',*,*,#3673,.F.);
#4709=ORIENTED_EDGE('',*,*,#3677,.F.);
#4710=ORIENTED_EDGE('',*,*,#3678,.T.);
#4711=ORIENTED_EDGE('',*,*,#3665,.F.);
#4712=ORIENTED_EDGE('',*,*,#3676,.F.);
#4713=ORIENTED_EDGE('',*,*,#3679,.F.);
#4714=ORIENTED_EDGE('',*,*,#3680,.F.);
#4715=ORIENTED_EDGE('',*,*,#3666,.F.);
#4716=ORIENTED_EDGE('',*,*,#3678,.F.);
#4717=ORIENTED_EDGE('',*,*,#3681,.F.);
#4718=ORIENTED_EDGE('',*,*,#3674,.T.);
#4719=ORIENTED_EDGE('',*,*,#3668,.F.);
#4720=ORIENTED_EDGE('',*,*,#3682,.F.);
#4721=ORIENTED_EDGE('',*,*,#3683,.F.);
#4722=ORIENTED_EDGE('',*,*,#3684,.F.);
#4723=ORIENTED_EDGE('',*,*,#3682,.T.);
#4724=ORIENTED_EDGE('',*,*,#3667,.F.);
#4725=ORIENTED_EDGE('',*,*,#3680,.T.);
#4726=ORIENTED_EDGE('',*,*,#3685,.T.);
#4727=ORIENTED_EDGE('',*,*,#3683,.T.);
#4728=ORIENTED_EDGE('',*,*,#3684,.T.);
#4729=ORIENTED_EDGE('',*,*,#3679,.T.);
#4730=ORIENTED_EDGE('',*,*,#3677,.T.);
#4731=ORIENTED_EDGE('',*,*,#3675,.T.);
#4732=ORIENTED_EDGE('',*,*,#3672,.T.);
#4733=ORIENTED_EDGE('',*,*,#3681,.T.);
#4734=ORIENTED_EDGE('',*,*,#3685,.F.);
#4735=ORIENTED_EDGE('',*,*,#3686,.T.);
#4736=ORIENTED_EDGE('',*,*,#3687,.T.);
#4737=ORIENTED_EDGE('',*,*,#3688,.T.);
#4738=ORIENTED_EDGE('',*,*,#3689,.T.);
#4739=ORIENTED_EDGE('',*,*,#3688,.F.);
#4740=ORIENTED_EDGE('',*,*,#3686,.F.);
#4741=ORIENTED_EDGE('',*,*,#3687,.F.);
#4742=ORIENTED_EDGE('',*,*,#3690,.T.);
#4743=ORIENTED_EDGE('',*,*,#3691,.F.);
#4744=ORIENTED_EDGE('',*,*,#3690,.F.);
#4745=ORIENTED_EDGE('',*,*,#3689,.F.);
#4746=ORIENTED_EDGE('',*,*,#3692,.F.);
#4747=ORIENTED_EDGE('',*,*,#3691,.T.);
#4748=ORIENTED_EDGE('',*,*,#3693,.T.);
#4749=ORIENTED_EDGE('',*,*,#3694,.T.);
#4750=ORIENTED_EDGE('',*,*,#3693,.F.);
#4751=ORIENTED_EDGE('',*,*,#3694,.F.);
#4752=ORIENTED_EDGE('',*,*,#3695,.F.);
#4753=ORIENTED_EDGE('',*,*,#3696,.T.);
#4754=ORIENTED_EDGE('',*,*,#3697,.T.);
#4755=ORIENTED_EDGE('',*,*,#3698,.T.);
#4756=ORIENTED_EDGE('',*,*,#3697,.F.);
#4757=ORIENTED_EDGE('',*,*,#3698,.F.);
#4758=ORIENTED_EDGE('',*,*,#3699,.T.);
#4759=ORIENTED_EDGE('',*,*,#3695,.T.);
#4760=ORIENTED_EDGE('',*,*,#3699,.F.);
#4761=ORIENTED_EDGE('',*,*,#3696,.F.);
#4762=ORIENTED_EDGE('',*,*,#3700,.T.);
#4763=ORIENTED_EDGE('',*,*,#3701,.T.);
#4764=ORIENTED_EDGE('',*,*,#3702,.T.);
#4765=ORIENTED_EDGE('',*,*,#3702,.F.);
#4766=ORIENTED_EDGE('',*,*,#3700,.F.);
#4767=ORIENTED_EDGE('',*,*,#3703,.T.);
#4768=ORIENTED_EDGE('',*,*,#3701,.F.);
#4769=ORIENTED_EDGE('',*,*,#3703,.F.);
#4770=ORIENTED_EDGE('',*,*,#3704,.T.);
#4771=ORIENTED_EDGE('',*,*,#3705,.T.);
#4772=ORIENTED_EDGE('',*,*,#3706,.T.);
#4773=ORIENTED_EDGE('',*,*,#3705,.F.);
#4774=ORIENTED_EDGE('',*,*,#3706,.F.);
#4775=ORIENTED_EDGE('',*,*,#3707,.T.);
#4776=ORIENTED_EDGE('',*,*,#3692,.T.);
#4777=ORIENTED_EDGE('',*,*,#3707,.F.);
#4778=ORIENTED_EDGE('',*,*,#3704,.F.);
#4779=ORIENTED_EDGE('',*,*,#3708,.T.);
#4780=ORIENTED_EDGE('',*,*,#3709,.T.);
#4781=ORIENTED_EDGE('',*,*,#3710,.T.);
#4782=ORIENTED_EDGE('',*,*,#3709,.F.);
#4783=ORIENTED_EDGE('',*,*,#3711,.F.);
#4784=ORIENTED_EDGE('',*,*,#3712,.F.);
#4785=ORIENTED_EDGE('',*,*,#3713,.T.);
#4786=ORIENTED_EDGE('',*,*,#3710,.F.);
#4787=ORIENTED_EDGE('',*,*,#3713,.F.);
#4788=ORIENTED_EDGE('',*,*,#3714,.T.);
#4789=ORIENTED_EDGE('',*,*,#3708,.F.);
#4790=ORIENTED_EDGE('',*,*,#3715,.T.);
#4791=ORIENTED_EDGE('',*,*,#3716,.T.);
#4792=ORIENTED_EDGE('',*,*,#3711,.T.);
#4793=ORIENTED_EDGE('',*,*,#3712,.T.);
#4794=ORIENTED_EDGE('',*,*,#3716,.F.);
#4795=ORIENTED_EDGE('',*,*,#3717,.T.);
#4796=ORIENTED_EDGE('',*,*,#3715,.F.);
#4797=ORIENTED_EDGE('',*,*,#3718,.F.);
#4798=ORIENTED_EDGE('',*,*,#3719,.F.);
#4799=ORIENTED_EDGE('',*,*,#3720,.F.);
#4800=ORIENTED_EDGE('',*,*,#3721,.F.);
#4801=ORIENTED_EDGE('',*,*,#3722,.F.);
#4802=ORIENTED_EDGE('',*,*,#3723,.T.);
#4803=ORIENTED_EDGE('',*,*,#3714,.F.);
#4804=ORIENTED_EDGE('',*,*,#3723,.F.);
#4805=ORIENTED_EDGE('',*,*,#3724,.F.);
#4806=ORIENTED_EDGE('',*,*,#3717,.F.);
#4807=ORIENTED_EDGE('',*,*,#3725,.T.);
#4808=ORIENTED_EDGE('',*,*,#3726,.F.);
#4809=ORIENTED_EDGE('',*,*,#3727,.F.);
#4810=ORIENTED_EDGE('',*,*,#3728,.F.);
#4811=ORIENTED_EDGE('',*,*,#3729,.F.);
#4812=ORIENTED_EDGE('',*,*,#3730,.F.);
#4813=ORIENTED_EDGE('',*,*,#3731,.F.);
#4814=ORIENTED_EDGE('',*,*,#3725,.F.);
#4815=ORIENTED_EDGE('',*,*,#3720,.T.);
#4816=ORIENTED_EDGE('',*,*,#3732,.T.);
#4817=ORIENTED_EDGE('',*,*,#3728,.T.);
#4818=ORIENTED_EDGE('',*,*,#3733,.F.);
#4819=ORIENTED_EDGE('',*,*,#3721,.T.);
#4820=ORIENTED_EDGE('',*,*,#3733,.T.);
#4821=ORIENTED_EDGE('',*,*,#3727,.T.);
#4822=ORIENTED_EDGE('',*,*,#3734,.F.);
#4823=ORIENTED_EDGE('',*,*,#3719,.T.);
#4824=ORIENTED_EDGE('',*,*,#3735,.T.);
#4825=ORIENTED_EDGE('',*,*,#3729,.T.);
#4826=ORIENTED_EDGE('',*,*,#3732,.F.);
#4827=ORIENTED_EDGE('',*,*,#3718,.T.);
#4828=ORIENTED_EDGE('',*,*,#3736,.T.);
#4829=ORIENTED_EDGE('',*,*,#3730,.T.);
#4830=ORIENTED_EDGE('',*,*,#3735,.F.);
#4831=ORIENTED_EDGE('',*,*,#3722,.T.);
#4832=ORIENTED_EDGE('',*,*,#3734,.T.);
#4833=ORIENTED_EDGE('',*,*,#3726,.T.);
#4834=ORIENTED_EDGE('',*,*,#3737,.F.);
#4835=ORIENTED_EDGE('',*,*,#3724,.T.);
#4836=ORIENTED_EDGE('',*,*,#3737,.T.);
#4837=ORIENTED_EDGE('',*,*,#3731,.T.);
#4838=ORIENTED_EDGE('',*,*,#3736,.F.);
#4839=ORIENTED_EDGE('',*,*,#3738,.T.);
#4840=ORIENTED_EDGE('',*,*,#3739,.T.);
#4841=ORIENTED_EDGE('',*,*,#3740,.T.);
#4842=ORIENTED_EDGE('',*,*,#3741,.T.);
#4843=ORIENTED_EDGE('',*,*,#3739,.F.);
#4844=ORIENTED_EDGE('',*,*,#3740,.F.);
#4845=ORIENTED_EDGE('',*,*,#3741,.F.);
#4846=ORIENTED_EDGE('',*,*,#3742,.T.);
#4847=ORIENTED_EDGE('',*,*,#3743,.F.);
#4848=ORIENTED_EDGE('',*,*,#3744,.F.);
#4849=ORIENTED_EDGE('',*,*,#3742,.F.);
#4850=ORIENTED_EDGE('',*,*,#3738,.F.);
#4851=ORIENTED_EDGE('',*,*,#3745,.F.);
#4852=ORIENTED_EDGE('',*,*,#3746,.T.);
#4853=ORIENTED_EDGE('',*,*,#3747,.T.);
#4854=ORIENTED_EDGE('',*,*,#3748,.T.);
#4855=ORIENTED_EDGE('',*,*,#3749,.T.);
#4856=ORIENTED_EDGE('',*,*,#3748,.F.);
#4857=ORIENTED_EDGE('',*,*,#3750,.F.);
#4858=ORIENTED_EDGE('',*,*,#3751,.T.);
#4859=ORIENTED_EDGE('',*,*,#3746,.F.);
#4860=ORIENTED_EDGE('',*,*,#3747,.F.);
#4861=ORIENTED_EDGE('',*,*,#3751,.F.);
#4862=ORIENTED_EDGE('',*,*,#3752,.F.);
#4863=ORIENTED_EDGE('',*,*,#3749,.F.);
#4864=ORIENTED_EDGE('',*,*,#3753,.T.);
#4865=ORIENTED_EDGE('',*,*,#3754,.T.);
#4866=ORIENTED_EDGE('',*,*,#3755,.T.);
#4867=ORIENTED_EDGE('',*,*,#3756,.T.);
#4868=ORIENTED_EDGE('',*,*,#3752,.T.);
#4869=ORIENTED_EDGE('',*,*,#3750,.T.);
#4870=ORIENTED_EDGE('',*,*,#3756,.F.);
#4871=ORIENTED_EDGE('',*,*,#3757,.F.);
#4872=ORIENTED_EDGE('',*,*,#3758,.T.);
#4873=ORIENTED_EDGE('',*,*,#3754,.F.);
#4874=ORIENTED_EDGE('',*,*,#3755,.F.);
#4875=ORIENTED_EDGE('',*,*,#3758,.F.);
#4876=ORIENTED_EDGE('',*,*,#3759,.F.);
#4877=ORIENTED_EDGE('',*,*,#3743,.T.);
#4878=ORIENTED_EDGE('',*,*,#3744,.T.);
#4879=ORIENTED_EDGE('',*,*,#3760,.T.);
#4880=ORIENTED_EDGE('',*,*,#3761,.T.);
#4881=ORIENTED_EDGE('',*,*,#3762,.T.);
#4882=ORIENTED_EDGE('',*,*,#3760,.F.);
#4883=ORIENTED_EDGE('',*,*,#3762,.F.);
#4884=ORIENTED_EDGE('',*,*,#3763,.T.);
#4885=ORIENTED_EDGE('',*,*,#3764,.F.);
#4886=ORIENTED_EDGE('',*,*,#3765,.F.);
#4887=ORIENTED_EDGE('',*,*,#3763,.F.);
#4888=ORIENTED_EDGE('',*,*,#3761,.F.);
#4889=ORIENTED_EDGE('',*,*,#3757,.T.);
#4890=ORIENTED_EDGE('',*,*,#3766,.T.);
#4891=ORIENTED_EDGE('',*,*,#3767,.T.);
#4892=ORIENTED_EDGE('',*,*,#3768,.T.);
#4893=ORIENTED_EDGE('',*,*,#3766,.F.);
#4894=ORIENTED_EDGE('',*,*,#3759,.T.);
#4895=ORIENTED_EDGE('',*,*,#3769,.F.);
#4896=ORIENTED_EDGE('',*,*,#3770,.T.);
#4897=ORIENTED_EDGE('',*,*,#3767,.F.);
#4898=ORIENTED_EDGE('',*,*,#3768,.F.);
#4899=ORIENTED_EDGE('',*,*,#3770,.F.);
#4900=ORIENTED_EDGE('',*,*,#3771,.F.);
#4901=ORIENTED_EDGE('',*,*,#3769,.T.);
#4902=ORIENTED_EDGE('',*,*,#3772,.T.);
#4903=ORIENTED_EDGE('',*,*,#3764,.T.);
#4904=ORIENTED_EDGE('',*,*,#3765,.T.);
#4905=ORIENTED_EDGE('',*,*,#3772,.F.);
#4906=ORIENTED_EDGE('',*,*,#3771,.T.);
#4907=ORIENTED_EDGE('',*,*,#3745,.T.);
#4908=ORIENTED_EDGE('',*,*,#3773,.T.);
#4909=ORIENTED_EDGE('',*,*,#3774,.F.);
#4910=ORIENTED_EDGE('',*,*,#3773,.F.);
#4911=ORIENTED_EDGE('',*,*,#3775,.F.);
#4912=ORIENTED_EDGE('',*,*,#3774,.T.);
#4913=ORIENTED_EDGE('',*,*,#3775,.T.);
#4914=ORIENTED_EDGE('',*,*,#3776,.T.);
#4915=ORIENTED_EDGE('',*,*,#3777,.F.);
#4916=ORIENTED_EDGE('',*,*,#3776,.F.);
#4917=ORIENTED_EDGE('',*,*,#3778,.F.);
#4918=ORIENTED_EDGE('',*,*,#3777,.T.);
#4919=ORIENTED_EDGE('',*,*,#3778,.T.);
#4920=ORIENTED_EDGE('',*,*,#3779,.T.);
#4921=ORIENTED_EDGE('',*,*,#3780,.F.);
#4922=ORIENTED_EDGE('',*,*,#3779,.F.);
#4923=ORIENTED_EDGE('',*,*,#3780,.T.);
#4924=ORIENTED_EDGE('',*,*,#3781,.F.);
#4925=ORIENTED_EDGE('',*,*,#3781,.T.);
#4926=ORIENTED_EDGE('',*,*,#3782,.T.);
#4927=ORIENTED_EDGE('',*,*,#3753,.F.);
#4928=ORIENTED_EDGE('',*,*,#3782,.F.);
#4929=ORIENTED_EDGE('',*,*,#3783,.F.);
#4930=ORIENTED_EDGE('',*,*,#3784,.T.);
#4931=ORIENTED_EDGE('',*,*,#3785,.F.);
#4932=ORIENTED_EDGE('',*,*,#3786,.T.);
#4933=ORIENTED_EDGE('',*,*,#3787,.F.);
#4934=ORIENTED_EDGE('',*,*,#3788,.T.);
#4935=ORIENTED_EDGE('',*,*,#3789,.F.);
#4936=ORIENTED_EDGE('',*,*,#3790,.T.);
#4937=ORIENTED_EDGE('',*,*,#3791,.F.);
#4938=ORIENTED_EDGE('',*,*,#3792,.T.);
#4939=ORIENTED_EDGE('',*,*,#3793,.F.);
#4940=ORIENTED_EDGE('',*,*,#3792,.F.);
#4941=ORIENTED_EDGE('',*,*,#3794,.F.);
#4942=ORIENTED_EDGE('',*,*,#3795,.T.);
#4943=ORIENTED_EDGE('',*,*,#3796,.F.);
#4944=ORIENTED_EDGE('',*,*,#3795,.F.);
#4945=ORIENTED_EDGE('',*,*,#3786,.F.);
#4946=ORIENTED_EDGE('',*,*,#3797,.F.);
#4947=ORIENTED_EDGE('',*,*,#3798,.F.);
#4948=ORIENTED_EDGE('',*,*,#3799,.F.);
#4949=ORIENTED_EDGE('',*,*,#3800,.F.);
#4950=ORIENTED_EDGE('',*,*,#3801,.F.);
#4951=ORIENTED_EDGE('',*,*,#3802,.F.);
#4952=ORIENTED_EDGE('',*,*,#3790,.F.);
#4953=ORIENTED_EDGE('',*,*,#3798,.T.);
#4954=ORIENTED_EDGE('',*,*,#3803,.F.);
#4955=ORIENTED_EDGE('',*,*,#3801,.T.);
#4956=ORIENTED_EDGE('',*,*,#3804,.F.);
#4957=ORIENTED_EDGE('',*,*,#3787,.T.);
#4958=ORIENTED_EDGE('',*,*,#3802,.T.);
#4959=ORIENTED_EDGE('',*,*,#3803,.T.);
#4960=ORIENTED_EDGE('',*,*,#3797,.T.);
#4961=ORIENTED_EDGE('',*,*,#3785,.T.);
#4962=ORIENTED_EDGE('',*,*,#3805,.T.);
#4963=ORIENTED_EDGE('',*,*,#3806,.T.);
#4964=ORIENTED_EDGE('',*,*,#3807,.T.);
#4965=ORIENTED_EDGE('',*,*,#3794,.T.);
#4966=ORIENTED_EDGE('',*,*,#3791,.T.);
#4967=ORIENTED_EDGE('',*,*,#3784,.F.);
#4968=ORIENTED_EDGE('',*,*,#3808,.F.);
#4969=ORIENTED_EDGE('',*,*,#3809,.F.);
#4970=ORIENTED_EDGE('',*,*,#3805,.F.);
#4971=ORIENTED_EDGE('',*,*,#3809,.T.);
#4972=ORIENTED_EDGE('',*,*,#3810,.F.);
#4973=ORIENTED_EDGE('',*,*,#3811,.F.);
#4974=ORIENTED_EDGE('',*,*,#3806,.F.);
#4975=ORIENTED_EDGE('',*,*,#3807,.F.);
#4976=ORIENTED_EDGE('',*,*,#3811,.T.);
#4977=ORIENTED_EDGE('',*,*,#3812,.F.);
#4978=ORIENTED_EDGE('',*,*,#3788,.F.);
#4979=ORIENTED_EDGE('',*,*,#3783,.T.);
#4980=ORIENTED_EDGE('',*,*,#3799,.T.);
#4981=ORIENTED_EDGE('',*,*,#3804,.T.);
#4982=ORIENTED_EDGE('',*,*,#3800,.T.);
#4983=ORIENTED_EDGE('',*,*,#3789,.T.);
#4984=ORIENTED_EDGE('',*,*,#3812,.T.);
#4985=ORIENTED_EDGE('',*,*,#3810,.T.);
#4986=ORIENTED_EDGE('',*,*,#3808,.T.);
#4987=ORIENTED_EDGE('',*,*,#3796,.T.);
#4988=ORIENTED_EDGE('',*,*,#3793,.T.);
#4989=ORIENTED_EDGE('',*,*,#3813,.F.);
#4990=ORIENTED_EDGE('',*,*,#3814,.F.);
#4991=ORIENTED_EDGE('',*,*,#3815,.F.);
#4992=ORIENTED_EDGE('',*,*,#3816,.F.);
#4993=ORIENTED_EDGE('',*,*,#3816,.T.);
#4994=ORIENTED_EDGE('',*,*,#3817,.T.);
#4995=ORIENTED_EDGE('',*,*,#3814,.T.);
#4996=ORIENTED_EDGE('',*,*,#3817,.F.);
#4997=ORIENTED_EDGE('',*,*,#3813,.T.);
#4998=ORIENTED_EDGE('',*,*,#3818,.T.);
#4999=ORIENTED_EDGE('',*,*,#3815,.T.);
#5000=ORIENTED_EDGE('',*,*,#3818,.F.);
#5001=ORIENTED_EDGE('',*,*,#3819,.F.);
#5002=ORIENTED_EDGE('',*,*,#3820,.T.);
#5003=ORIENTED_EDGE('',*,*,#3821,.T.);
#5004=ORIENTED_EDGE('',*,*,#3822,.T.);
#5005=ORIENTED_EDGE('',*,*,#3821,.F.);
#5006=ORIENTED_EDGE('',*,*,#3823,.T.);
#5007=ORIENTED_EDGE('',*,*,#3819,.T.);
#5008=ORIENTED_EDGE('',*,*,#3823,.F.);
#5009=ORIENTED_EDGE('',*,*,#3822,.F.);
#5010=ORIENTED_EDGE('',*,*,#3824,.T.);
#5011=ORIENTED_EDGE('',*,*,#3825,.T.);
#5012=ORIENTED_EDGE('',*,*,#3824,.F.);
#5013=ORIENTED_EDGE('',*,*,#3826,.T.);
#5014=ORIENTED_EDGE('',*,*,#3827,.F.);
#5015=ORIENTED_EDGE('',*,*,#3828,.T.);
#5016=ORIENTED_EDGE('',*,*,#3829,.T.);
#5017=ORIENTED_EDGE('',*,*,#3827,.T.);
#5018=ORIENTED_EDGE('',*,*,#3830,.T.);
#5019=ORIENTED_EDGE('',*,*,#3829,.F.);
#5020=ORIENTED_EDGE('',*,*,#3830,.F.);
#5021=ORIENTED_EDGE('',*,*,#3831,.T.);
#5022=ORIENTED_EDGE('',*,*,#3832,.T.);
#5023=ORIENTED_EDGE('',*,*,#3828,.F.);
#5024=ORIENTED_EDGE('',*,*,#3832,.F.);
#5025=ORIENTED_EDGE('',*,*,#3825,.F.);
#5026=ORIENTED_EDGE('',*,*,#3831,.F.);
#5027=ORIENTED_EDGE('',*,*,#3833,.T.);
#5028=ORIENTED_EDGE('',*,*,#3834,.T.);
#5029=ORIENTED_EDGE('',*,*,#3820,.F.);
#5030=ORIENTED_EDGE('',*,*,#3834,.F.);
#5031=ORIENTED_EDGE('',*,*,#3826,.F.);
#5032=ORIENTED_EDGE('',*,*,#3835,.T.);
#5033=ORIENTED_EDGE('',*,*,#3836,.T.);
#5034=ORIENTED_EDGE('',*,*,#3835,.F.);
#5035=ORIENTED_EDGE('',*,*,#3833,.F.);
#5036=ORIENTED_EDGE('',*,*,#3836,.F.);
#5037=ORIENTED_EDGE('',*,*,#3837,.T.);
#5038=ORIENTED_EDGE('',*,*,#3838,.T.);
#5039=ORIENTED_EDGE('',*,*,#3839,.T.);
#5040=ORIENTED_EDGE('',*,*,#3838,.F.);
#5041=ORIENTED_EDGE('',*,*,#3840,.F.);
#5042=ORIENTED_EDGE('',*,*,#3839,.F.);
#5043=ORIENTED_EDGE('',*,*,#3841,.F.);
#5044=ORIENTED_EDGE('',*,*,#3842,.T.);
#5045=ORIENTED_EDGE('',*,*,#3837,.F.);
#5046=ORIENTED_EDGE('',*,*,#3842,.F.);
#5047=ORIENTED_EDGE('',*,*,#3843,.T.);
#5048=ORIENTED_EDGE('',*,*,#3844,.T.);
#5049=ORIENTED_EDGE('',*,*,#3845,.T.);
#5050=ORIENTED_EDGE('',*,*,#3840,.T.);
#5051=ORIENTED_EDGE('',*,*,#3845,.F.);
#5052=ORIENTED_EDGE('',*,*,#3846,.F.);
#5053=ORIENTED_EDGE('',*,*,#3847,.F.);
#5054=ORIENTED_EDGE('',*,*,#3848,.T.);
#5055=ORIENTED_EDGE('',*,*,#3843,.F.);
#5056=ORIENTED_EDGE('',*,*,#3844,.F.);
#5057=ORIENTED_EDGE('',*,*,#3848,.F.);
#5058=ORIENTED_EDGE('',*,*,#3849,.T.);
#5059=ORIENTED_EDGE('',*,*,#3850,.T.);
#5060=ORIENTED_EDGE('',*,*,#3841,.T.);
#5061=ORIENTED_EDGE('',*,*,#3850,.F.);
#5062=ORIENTED_EDGE('',*,*,#3851,.F.);
#5063=ORIENTED_EDGE('',*,*,#3849,.F.);
#5064=ORIENTED_EDGE('',*,*,#3851,.T.);
#5065=ORIENTED_EDGE('',*,*,#3852,.T.);
#5066=ORIENTED_EDGE('',*,*,#3846,.T.);
#5067=ORIENTED_EDGE('',*,*,#3847,.T.);
#5068=ORIENTED_EDGE('',*,*,#3852,.F.);
#5069=ORIENTED_EDGE('',*,*,#3853,.T.);
#5070=ORIENTED_EDGE('',*,*,#3854,.T.);
#5071=ORIENTED_EDGE('',*,*,#3855,.T.);
#5072=ORIENTED_EDGE('',*,*,#3856,.T.);
#5073=ORIENTED_EDGE('',*,*,#3854,.F.);
#5074=ORIENTED_EDGE('',*,*,#3857,.F.);
#5075=ORIENTED_EDGE('',*,*,#3858,.F.);
#5076=ORIENTED_EDGE('',*,*,#3859,.T.);
#5077=ORIENTED_EDGE('',*,*,#3855,.F.);
#5078=ORIENTED_EDGE('',*,*,#3856,.F.);
#5079=ORIENTED_EDGE('',*,*,#3859,.F.);
#5080=ORIENTED_EDGE('',*,*,#3860,.T.);
#5081=ORIENTED_EDGE('',*,*,#3853,.F.);
#5082=ORIENTED_EDGE('',*,*,#3861,.T.);
#5083=ORIENTED_EDGE('',*,*,#3862,.T.);
#5084=ORIENTED_EDGE('',*,*,#3857,.T.);
#5085=ORIENTED_EDGE('',*,*,#3858,.T.);
#5086=ORIENTED_EDGE('',*,*,#3862,.F.);
#5087=ORIENTED_EDGE('',*,*,#3861,.F.);
#5088=ORIENTED_EDGE('',*,*,#3863,.T.);
#5089=ORIENTED_EDGE('',*,*,#3864,.T.);
#5090=ORIENTED_EDGE('',*,*,#3865,.T.);
#5091=ORIENTED_EDGE('',*,*,#3866,.T.);
#5092=ORIENTED_EDGE('',*,*,#3865,.F.);
#5093=ORIENTED_EDGE('',*,*,#3866,.F.);
#5094=ORIENTED_EDGE('',*,*,#3867,.T.);
#5095=ORIENTED_EDGE('',*,*,#3868,.T.);
#5096=ORIENTED_EDGE('',*,*,#3869,.T.);
#5097=ORIENTED_EDGE('',*,*,#3870,.T.);
#5098=ORIENTED_EDGE('',*,*,#3871,.T.);
#5099=ORIENTED_EDGE('',*,*,#3872,.T.);
#5100=ORIENTED_EDGE('',*,*,#3860,.F.);
#5101=ORIENTED_EDGE('',*,*,#3873,.T.);
#5102=ORIENTED_EDGE('',*,*,#3863,.F.);
#5103=ORIENTED_EDGE('',*,*,#3864,.F.);
#5104=ORIENTED_EDGE('',*,*,#3873,.F.);
#5105=ORIENTED_EDGE('',*,*,#3874,.F.);
#5106=ORIENTED_EDGE('',*,*,#3875,.T.);
#5107=ORIENTED_EDGE('',*,*,#3871,.F.);
#5108=ORIENTED_EDGE('',*,*,#3876,.F.);
#5109=ORIENTED_EDGE('',*,*,#3877,.F.);
#5110=ORIENTED_EDGE('',*,*,#3878,.T.);
#5111=ORIENTED_EDGE('',*,*,#3872,.F.);
#5112=ORIENTED_EDGE('',*,*,#3875,.F.);
#5113=ORIENTED_EDGE('',*,*,#3879,.F.);
#5114=ORIENTED_EDGE('',*,*,#3880,.T.);
#5115=ORIENTED_EDGE('',*,*,#3867,.F.);
#5116=ORIENTED_EDGE('',*,*,#3878,.F.);
#5117=ORIENTED_EDGE('',*,*,#3881,.F.);
#5118=ORIENTED_EDGE('',*,*,#3882,.F.);
#5119=ORIENTED_EDGE('',*,*,#3868,.F.);
#5120=ORIENTED_EDGE('',*,*,#3880,.F.);
#5121=ORIENTED_EDGE('',*,*,#3883,.F.);
#5122=ORIENTED_EDGE('',*,*,#3876,.T.);
#5123=ORIENTED_EDGE('',*,*,#3870,.F.);
#5124=ORIENTED_EDGE('',*,*,#3884,.F.);
#5125=ORIENTED_EDGE('',*,*,#3885,.F.);
#5126=ORIENTED_EDGE('',*,*,#3886,.F.);
#5127=ORIENTED_EDGE('',*,*,#3884,.T.);
#5128=ORIENTED_EDGE('',*,*,#3869,.F.);
#5129=ORIENTED_EDGE('',*,*,#3882,.T.);
#5130=ORIENTED_EDGE('',*,*,#3887,.T.);
#5131=ORIENTED_EDGE('',*,*,#3885,.T.);
#5132=ORIENTED_EDGE('',*,*,#3886,.T.);
#5133=ORIENTED_EDGE('',*,*,#3881,.T.);
#5134=ORIENTED_EDGE('',*,*,#3879,.T.);
#5135=ORIENTED_EDGE('',*,*,#3877,.T.);
#5136=ORIENTED_EDGE('',*,*,#3874,.T.);
#5137=ORIENTED_EDGE('',*,*,#3883,.T.);
#5138=ORIENTED_EDGE('',*,*,#3887,.F.);
#5139=ORIENTED_EDGE('',*,*,#3888,.T.);
#5140=ORIENTED_EDGE('',*,*,#3889,.T.);
#5141=ORIENTED_EDGE('',*,*,#3889,.F.);
#5142=ORIENTED_EDGE('',*,*,#3890,.F.);
#5143=ORIENTED_EDGE('',*,*,#3891,.T.);
#5144=ORIENTED_EDGE('',*,*,#3888,.F.);
#5145=ORIENTED_EDGE('',*,*,#3891,.F.);
#5146=ORIENTED_EDGE('',*,*,#3892,.F.);
#5147=ORIENTED_EDGE('',*,*,#3893,.T.);
#5148=ORIENTED_EDGE('',*,*,#3893,.F.);
#5149=ORIENTED_EDGE('',*,*,#3894,.F.);
#5150=ORIENTED_EDGE('',*,*,#3895,.T.);
#5151=ORIENTED_EDGE('',*,*,#3892,.T.);
#5152=ORIENTED_EDGE('',*,*,#3895,.F.);
#5153=ORIENTED_EDGE('',*,*,#3896,.F.);
#5154=ORIENTED_EDGE('',*,*,#3897,.T.);
#5155=ORIENTED_EDGE('',*,*,#3897,.F.);
#5156=ORIENTED_EDGE('',*,*,#3898,.F.);
#5157=ORIENTED_EDGE('',*,*,#3899,.T.);
#5158=ORIENTED_EDGE('',*,*,#3896,.T.);
#5159=ORIENTED_EDGE('',*,*,#3899,.F.);
#5160=ORIENTED_EDGE('',*,*,#3900,.T.);
#5161=ORIENTED_EDGE('',*,*,#3901,.T.);
#5162=ORIENTED_EDGE('',*,*,#3901,.F.);
#5163=ORIENTED_EDGE('',*,*,#3902,.F.);
#5164=ORIENTED_EDGE('',*,*,#3903,.T.);
#5165=ORIENTED_EDGE('',*,*,#3900,.F.);
#5166=ORIENTED_EDGE('',*,*,#3903,.F.);
#5167=ORIENTED_EDGE('',*,*,#3904,.F.);
#5168=ORIENTED_EDGE('',*,*,#3905,.F.);
#5169=ORIENTED_EDGE('',*,*,#3906,.F.);
#5170=ORIENTED_EDGE('',*,*,#3907,.F.);
#5171=ORIENTED_EDGE('',*,*,#3908,.F.);
#5172=ORIENTED_EDGE('',*,*,#3909,.F.);
#5173=ORIENTED_EDGE('',*,*,#3910,.F.);
#5174=ORIENTED_EDGE('',*,*,#3911,.F.);
#5175=ORIENTED_EDGE('',*,*,#3912,.F.);
#5176=ORIENTED_EDGE('',*,*,#3911,.T.);
#5177=ORIENTED_EDGE('',*,*,#3913,.T.);
#5178=ORIENTED_EDGE('',*,*,#3906,.T.);
#5179=ORIENTED_EDGE('',*,*,#3914,.T.);
#5180=ORIENTED_EDGE('',*,*,#3915,.F.);
#5181=ORIENTED_EDGE('',*,*,#3916,.F.);
#5182=ORIENTED_EDGE('',*,*,#3917,.F.);
#5183=ORIENTED_EDGE('',*,*,#3918,.T.);
#5184=ORIENTED_EDGE('',*,*,#3919,.T.);
#5185=ORIENTED_EDGE('',*,*,#3908,.T.);
#5186=ORIENTED_EDGE('',*,*,#3920,.T.);
#5187=ORIENTED_EDGE('',*,*,#3918,.F.);
#5188=ORIENTED_EDGE('',*,*,#3921,.T.);
#5189=ORIENTED_EDGE('',*,*,#3922,.T.);
#5190=ORIENTED_EDGE('',*,*,#3923,.T.);
#5191=ORIENTED_EDGE('',*,*,#3922,.F.);
#5192=ORIENTED_EDGE('',*,*,#3924,.T.);
#5193=ORIENTED_EDGE('',*,*,#3925,.T.);
#5194=ORIENTED_EDGE('',*,*,#3926,.T.);
#5195=ORIENTED_EDGE('',*,*,#3925,.F.);
#5196=ORIENTED_EDGE('',*,*,#3927,.T.);
#5197=ORIENTED_EDGE('',*,*,#3928,.T.);
#5198=ORIENTED_EDGE('',*,*,#3929,.T.);
#5199=ORIENTED_EDGE('',*,*,#3928,.F.);
#5200=ORIENTED_EDGE('',*,*,#3930,.T.);
#5201=ORIENTED_EDGE('',*,*,#3916,.T.);
#5202=ORIENTED_EDGE('',*,*,#3931,.T.);
#5203=ORIENTED_EDGE('',*,*,#3932,.F.);
#5204=ORIENTED_EDGE('',*,*,#3933,.F.);
#5205=ORIENTED_EDGE('',*,*,#3934,.F.);
#5206=ORIENTED_EDGE('',*,*,#3935,.F.);
#5207=ORIENTED_EDGE('',*,*,#3936,.F.);
#5208=ORIENTED_EDGE('',*,*,#3937,.F.);
#5209=ORIENTED_EDGE('',*,*,#3938,.T.);
#5210=ORIENTED_EDGE('',*,*,#3939,.T.);
#5211=ORIENTED_EDGE('',*,*,#3936,.T.);
#5212=ORIENTED_EDGE('',*,*,#3940,.T.);
#5213=ORIENTED_EDGE('',*,*,#3938,.F.);
#5214=ORIENTED_EDGE('',*,*,#3941,.T.);
#5215=ORIENTED_EDGE('',*,*,#3942,.T.);
#5216=ORIENTED_EDGE('',*,*,#3943,.T.);
#5217=ORIENTED_EDGE('',*,*,#3942,.F.);
#5218=ORIENTED_EDGE('',*,*,#3944,.T.);
#5219=ORIENTED_EDGE('',*,*,#3945,.T.);
#5220=ORIENTED_EDGE('',*,*,#3946,.T.);
#5221=ORIENTED_EDGE('',*,*,#3945,.F.);
#5222=ORIENTED_EDGE('',*,*,#3947,.T.);
#5223=ORIENTED_EDGE('',*,*,#3948,.T.);
#5224=ORIENTED_EDGE('',*,*,#3949,.T.);
#5225=ORIENTED_EDGE('',*,*,#3948,.F.);
#5226=ORIENTED_EDGE('',*,*,#3950,.T.);
#5227=ORIENTED_EDGE('',*,*,#3933,.T.);
#5228=ORIENTED_EDGE('',*,*,#3951,.T.);
#5229=ORIENTED_EDGE('',*,*,#3912,.T.);
#5230=ORIENTED_EDGE('',*,*,#3952,.T.);
#5231=ORIENTED_EDGE('',*,*,#3937,.T.);
#5232=ORIENTED_EDGE('',*,*,#3953,.T.);
#5233=ORIENTED_EDGE('',*,*,#3935,.T.);
#5234=ORIENTED_EDGE('',*,*,#3954,.T.);
#5235=ORIENTED_EDGE('',*,*,#3917,.T.);
#5236=ORIENTED_EDGE('',*,*,#3955,.T.);
#5237=ORIENTED_EDGE('',*,*,#3907,.T.);
#5238=ORIENTED_EDGE('',*,*,#3956,.T.);
#5239=ORIENTED_EDGE('',*,*,#3934,.T.);
#5240=ORIENTED_EDGE('',*,*,#3957,.T.);
#5241=ORIENTED_EDGE('',*,*,#3932,.T.);
#5242=ORIENTED_EDGE('',*,*,#3958,.T.);
#5243=ORIENTED_EDGE('',*,*,#3905,.T.);
#5244=ORIENTED_EDGE('',*,*,#3959,.T.);
#5245=ORIENTED_EDGE('',*,*,#3915,.T.);
#5246=ORIENTED_EDGE('',*,*,#3960,.T.);
#5247=ORIENTED_EDGE('',*,*,#3909,.T.);
#5248=ORIENTED_EDGE('',*,*,#3961,.T.);
#5249=ORIENTED_EDGE('',*,*,#3962,.T.);
#5250=ORIENTED_EDGE('',*,*,#3963,.T.);
#5251=ORIENTED_EDGE('',*,*,#3904,.T.);
#5252=ORIENTED_EDGE('',*,*,#3964,.T.);
#5253=ORIENTED_EDGE('',*,*,#3965,.T.);
#5254=ORIENTED_EDGE('',*,*,#3966,.T.);
#5255=ORIENTED_EDGE('',*,*,#3962,.F.);
#5256=ORIENTED_EDGE('',*,*,#3967,.T.);
#5257=ORIENTED_EDGE('',*,*,#3968,.T.);
#5258=ORIENTED_EDGE('',*,*,#3965,.F.);
#5259=ORIENTED_EDGE('',*,*,#3969,.T.);
#5260=ORIENTED_EDGE('',*,*,#3910,.T.);
#5261=ORIENTED_EDGE('',*,*,#3970,.T.);
#5262=ORIENTED_EDGE('',*,*,#3964,.F.);
#5263=ORIENTED_EDGE('',*,*,#3913,.F.);
#5264=ORIENTED_EDGE('',*,*,#3969,.F.);
#5265=ORIENTED_EDGE('',*,*,#3971,.T.);
#5266=ORIENTED_EDGE('',*,*,#3920,.F.);
#5267=ORIENTED_EDGE('',*,*,#3957,.F.);
#5268=ORIENTED_EDGE('',*,*,#3950,.F.);
#5269=ORIENTED_EDGE('',*,*,#3972,.F.);
#5270=ORIENTED_EDGE('',*,*,#3894,.T.);
#5271=ORIENTED_EDGE('',*,*,#3898,.T.);
#5272=ORIENTED_EDGE('',*,*,#3919,.F.);
#5273=ORIENTED_EDGE('',*,*,#3923,.F.);
#5274=ORIENTED_EDGE('',*,*,#3926,.F.);
#5275=ORIENTED_EDGE('',*,*,#3929,.F.);
#5276=ORIENTED_EDGE('',*,*,#3931,.F.);
#5277=ORIENTED_EDGE('',*,*,#3961,.F.);
#5278=ORIENTED_EDGE('',*,*,#3902,.T.);
#5279=ORIENTED_EDGE('',*,*,#3939,.F.);
#5280=ORIENTED_EDGE('',*,*,#3943,.F.);
#5281=ORIENTED_EDGE('',*,*,#3946,.F.);
#5282=ORIENTED_EDGE('',*,*,#3949,.F.);
#5283=ORIENTED_EDGE('',*,*,#3951,.F.);
#5284=ORIENTED_EDGE('',*,*,#3959,.F.);
#5285=ORIENTED_EDGE('',*,*,#3963,.F.);
#5286=ORIENTED_EDGE('',*,*,#3966,.F.);
#5287=ORIENTED_EDGE('',*,*,#3970,.F.);
#5288=ORIENTED_EDGE('',*,*,#3953,.F.);
#5289=ORIENTED_EDGE('',*,*,#3956,.F.);
#5290=ORIENTED_EDGE('',*,*,#3960,.F.);
#5291=ORIENTED_EDGE('',*,*,#3954,.F.);
#5292=ORIENTED_EDGE('',*,*,#3952,.F.);
#5293=ORIENTED_EDGE('',*,*,#3914,.F.);
#5294=ORIENTED_EDGE('',*,*,#3958,.F.);
#5295=ORIENTED_EDGE('',*,*,#3921,.F.);
#5296=ORIENTED_EDGE('',*,*,#3972,.T.);
#5297=ORIENTED_EDGE('',*,*,#3947,.F.);
#5298=ORIENTED_EDGE('',*,*,#3973,.T.);
#5299=ORIENTED_EDGE('',*,*,#3924,.F.);
#5300=ORIENTED_EDGE('',*,*,#3973,.F.);
#5301=ORIENTED_EDGE('',*,*,#3944,.F.);
#5302=ORIENTED_EDGE('',*,*,#3974,.F.);
#5303=ORIENTED_EDGE('',*,*,#3890,.T.);
#5304=ORIENTED_EDGE('',*,*,#3927,.F.);
#5305=ORIENTED_EDGE('',*,*,#3974,.T.);
#5306=ORIENTED_EDGE('',*,*,#3941,.F.);
#5307=ORIENTED_EDGE('',*,*,#3975,.T.);
#5308=ORIENTED_EDGE('',*,*,#3967,.F.);
#5309=ORIENTED_EDGE('',*,*,#3971,.F.);
#5310=ORIENTED_EDGE('',*,*,#3968,.F.);
#5311=ORIENTED_EDGE('',*,*,#3976,.T.);
#5312=ORIENTED_EDGE('',*,*,#3976,.F.);
#5313=ORIENTED_EDGE('',*,*,#3930,.F.);
#5314=ORIENTED_EDGE('',*,*,#3975,.F.);
#5315=ORIENTED_EDGE('',*,*,#3940,.F.);
#5316=ORIENTED_EDGE('',*,*,#3955,.F.);
#5317=ORIENTED_EDGE('',*,*,#3977,.F.);
#5318=ORIENTED_EDGE('',*,*,#3978,.T.);
#5319=ORIENTED_EDGE('',*,*,#3979,.F.);
#5320=ORIENTED_EDGE('',*,*,#3978,.F.);
#5321=ORIENTED_EDGE('',*,*,#3980,.F.);
#5322=ORIENTED_EDGE('',*,*,#3981,.T.);
#5323=ORIENTED_EDGE('',*,*,#3982,.F.);
#5324=ORIENTED_EDGE('',*,*,#3981,.F.);
#5325=ORIENTED_EDGE('',*,*,#3983,.F.);
#5326=ORIENTED_EDGE('',*,*,#3984,.T.);
#5327=ORIENTED_EDGE('',*,*,#3985,.F.);
#5328=ORIENTED_EDGE('',*,*,#3984,.F.);
#5329=ORIENTED_EDGE('',*,*,#3986,.F.);
#5330=ORIENTED_EDGE('',*,*,#3987,.F.);
#5331=ORIENTED_EDGE('',*,*,#3988,.F.);
#5332=ORIENTED_EDGE('',*,*,#3989,.F.);
#5333=ORIENTED_EDGE('',*,*,#3990,.F.);
#5334=ORIENTED_EDGE('',*,*,#3991,.F.);
#5335=ORIENTED_EDGE('',*,*,#3992,.F.);
#5336=ORIENTED_EDGE('',*,*,#3993,.F.);
#5337=ORIENTED_EDGE('',*,*,#3994,.F.);
#5338=ORIENTED_EDGE('',*,*,#3993,.T.);
#5339=ORIENTED_EDGE('',*,*,#3995,.T.);
#5340=ORIENTED_EDGE('',*,*,#3987,.T.);
#5341=ORIENTED_EDGE('',*,*,#3996,.T.);
#5342=ORIENTED_EDGE('',*,*,#3997,.T.);
#5343=ORIENTED_EDGE('',*,*,#3994,.T.);
#5344=ORIENTED_EDGE('',*,*,#3998,.T.);
#5345=ORIENTED_EDGE('',*,*,#3999,.T.);
#5346=ORIENTED_EDGE('',*,*,#4000,.F.);
#5347=ORIENTED_EDGE('',*,*,#4001,.F.);
#5348=ORIENTED_EDGE('',*,*,#4002,.F.);
#5349=ORIENTED_EDGE('',*,*,#4001,.T.);
#5350=ORIENTED_EDGE('',*,*,#4003,.T.);
#5351=ORIENTED_EDGE('',*,*,#3990,.T.);
#5352=ORIENTED_EDGE('',*,*,#4004,.T.);
#5353=ORIENTED_EDGE('',*,*,#3992,.T.);
#5354=ORIENTED_EDGE('',*,*,#4005,.T.);
#5355=ORIENTED_EDGE('',*,*,#4002,.T.);
#5356=ORIENTED_EDGE('',*,*,#4006,.T.);
#5357=ORIENTED_EDGE('',*,*,#4007,.T.);
#5358=ORIENTED_EDGE('',*,*,#4000,.T.);
#5359=ORIENTED_EDGE('',*,*,#4008,.T.);
#5360=ORIENTED_EDGE('',*,*,#4009,.T.);
#5361=ORIENTED_EDGE('',*,*,#4010,.T.);
#5362=ORIENTED_EDGE('',*,*,#3991,.T.);
#5363=ORIENTED_EDGE('',*,*,#4011,.T.);
#5364=ORIENTED_EDGE('',*,*,#4012,.T.);
#5365=ORIENTED_EDGE('',*,*,#3989,.T.);
#5366=ORIENTED_EDGE('',*,*,#4013,.T.);
#5367=ORIENTED_EDGE('',*,*,#3988,.T.);
#5368=ORIENTED_EDGE('',*,*,#4014,.T.);
#5369=ORIENTED_EDGE('',*,*,#4015,.T.);
#5370=ORIENTED_EDGE('',*,*,#4016,.T.);
#5371=ORIENTED_EDGE('',*,*,#4017,.T.);
#5372=ORIENTED_EDGE('',*,*,#4009,.F.);
#5373=ORIENTED_EDGE('',*,*,#4018,.T.);
#5374=ORIENTED_EDGE('',*,*,#4019,.T.);
#5375=ORIENTED_EDGE('',*,*,#4016,.F.);
#5376=ORIENTED_EDGE('',*,*,#4020,.T.);
#5377=ORIENTED_EDGE('',*,*,#4021,.T.);
#5378=ORIENTED_EDGE('',*,*,#4018,.F.);
#5379=ORIENTED_EDGE('',*,*,#4022,.T.);
#5380=ORIENTED_EDGE('',*,*,#4012,.F.);
#5381=ORIENTED_EDGE('',*,*,#4023,.T.);
#5382=ORIENTED_EDGE('',*,*,#3986,.T.);
#5383=ORIENTED_EDGE('',*,*,#4024,.T.);
#5384=ORIENTED_EDGE('',*,*,#4025,.T.);
#5385=ORIENTED_EDGE('',*,*,#4026,.T.);
#5386=ORIENTED_EDGE('',*,*,#4027,.T.);
#5387=ORIENTED_EDGE('',*,*,#4028,.T.);
#5388=ORIENTED_EDGE('',*,*,#3999,.F.);
#5389=ORIENTED_EDGE('',*,*,#4029,.T.);
#5390=ORIENTED_EDGE('',*,*,#4030,.T.);
#5391=ORIENTED_EDGE('',*,*,#4027,.F.);
#5392=ORIENTED_EDGE('',*,*,#4031,.T.);
#5393=ORIENTED_EDGE('',*,*,#4032,.T.);
#5394=ORIENTED_EDGE('',*,*,#4029,.F.);
#5395=ORIENTED_EDGE('',*,*,#4033,.T.);
#5396=ORIENTED_EDGE('',*,*,#4025,.F.);
#5397=ORIENTED_EDGE('',*,*,#4028,.F.);
#5398=ORIENTED_EDGE('',*,*,#4034,.T.);
#5399=ORIENTED_EDGE('',*,*,#4035,.F.);
#5400=ORIENTED_EDGE('',*,*,#4036,.F.);
#5401=ORIENTED_EDGE('',*,*,#4030,.F.);
#5402=ORIENTED_EDGE('',*,*,#4037,.F.);
#5403=ORIENTED_EDGE('',*,*,#4038,.T.);
#5404=ORIENTED_EDGE('',*,*,#4034,.F.);
#5405=ORIENTED_EDGE('',*,*,#4032,.F.);
#5406=ORIENTED_EDGE('',*,*,#4039,.F.);
#5407=ORIENTED_EDGE('',*,*,#4040,.F.);
#5408=ORIENTED_EDGE('',*,*,#4037,.T.);
#5409=ORIENTED_EDGE('',*,*,#4024,.F.);
#5410=ORIENTED_EDGE('',*,*,#4013,.F.);
#5411=ORIENTED_EDGE('',*,*,#4010,.F.);
#5412=ORIENTED_EDGE('',*,*,#4041,.T.);
#5413=ORIENTED_EDGE('',*,*,#4042,.T.);
#5414=ORIENTED_EDGE('',*,*,#4043,.T.);
#5415=ORIENTED_EDGE('',*,*,#4044,.T.);
#5416=ORIENTED_EDGE('',*,*,#4039,.T.);
#5417=ORIENTED_EDGE('',*,*,#3996,.F.);
#5418=ORIENTED_EDGE('',*,*,#4023,.F.);
#5419=ORIENTED_EDGE('',*,*,#4033,.F.);
#5420=ORIENTED_EDGE('',*,*,#4031,.F.);
#5421=ORIENTED_EDGE('',*,*,#4026,.F.);
#5422=ORIENTED_EDGE('',*,*,#3998,.F.);
#5423=ORIENTED_EDGE('',*,*,#3983,.T.);
#5424=ORIENTED_EDGE('',*,*,#4003,.F.);
#5425=ORIENTED_EDGE('',*,*,#4007,.F.);
#5426=ORIENTED_EDGE('',*,*,#4017,.F.);
#5427=ORIENTED_EDGE('',*,*,#4019,.F.);
#5428=ORIENTED_EDGE('',*,*,#4021,.F.);
#5429=ORIENTED_EDGE('',*,*,#4011,.F.);
#5430=ORIENTED_EDGE('',*,*,#3982,.T.);
#5431=ORIENTED_EDGE('',*,*,#4004,.F.);
#5432=ORIENTED_EDGE('',*,*,#4014,.F.);
#5433=ORIENTED_EDGE('',*,*,#3995,.F.);
#5434=ORIENTED_EDGE('',*,*,#4006,.F.);
#5435=ORIENTED_EDGE('',*,*,#3979,.T.);
#5436=ORIENTED_EDGE('',*,*,#4022,.F.);
#5437=ORIENTED_EDGE('',*,*,#4045,.T.);
#5438=ORIENTED_EDGE('',*,*,#4046,.T.);
#5439=ORIENTED_EDGE('',*,*,#4041,.F.);
#5440=ORIENTED_EDGE('',*,*,#4015,.F.);
#5441=ORIENTED_EDGE('',*,*,#4047,.F.);
#5442=ORIENTED_EDGE('',*,*,#4048,.T.);
#5443=ORIENTED_EDGE('',*,*,#4049,.T.);
#5444=ORIENTED_EDGE('',*,*,#4040,.T.);
#5445=ORIENTED_EDGE('',*,*,#4044,.F.);
#5446=ORIENTED_EDGE('',*,*,#4050,.F.);
#5447=ORIENTED_EDGE('',*,*,#4051,.F.);
#5448=ORIENTED_EDGE('',*,*,#4035,.T.);
#5449=ORIENTED_EDGE('',*,*,#4038,.F.);
#5450=ORIENTED_EDGE('',*,*,#3985,.T.);
#5451=ORIENTED_EDGE('',*,*,#3997,.F.);
#5452=ORIENTED_EDGE('',*,*,#4036,.T.);
#5453=ORIENTED_EDGE('',*,*,#4051,.T.);
#5454=ORIENTED_EDGE('',*,*,#4052,.T.);
#5455=ORIENTED_EDGE('',*,*,#4053,.T.);
#5456=ORIENTED_EDGE('',*,*,#4047,.T.);
#5457=ORIENTED_EDGE('',*,*,#4008,.F.);
#5458=ORIENTED_EDGE('',*,*,#4005,.F.);
#5459=ORIENTED_EDGE('',*,*,#4043,.F.);
#5460=ORIENTED_EDGE('',*,*,#4054,.F.);
#5461=ORIENTED_EDGE('',*,*,#4052,.F.);
#5462=ORIENTED_EDGE('',*,*,#4050,.T.);
#5463=ORIENTED_EDGE('',*,*,#3977,.T.);
#5464=ORIENTED_EDGE('',*,*,#4048,.F.);
#5465=ORIENTED_EDGE('',*,*,#4053,.F.);
#5466=ORIENTED_EDGE('',*,*,#4054,.T.);
#5467=ORIENTED_EDGE('',*,*,#4042,.F.);
#5468=ORIENTED_EDGE('',*,*,#4046,.F.);
#5469=ORIENTED_EDGE('',*,*,#4055,.F.);
#5470=ORIENTED_EDGE('',*,*,#3980,.T.);
#5471=ORIENTED_EDGE('',*,*,#4020,.F.);
#5472=ORIENTED_EDGE('',*,*,#4049,.F.);
#5473=ORIENTED_EDGE('',*,*,#4055,.T.);
#5474=ORIENTED_EDGE('',*,*,#4045,.F.);
#5475=ORIENTED_EDGE('',*,*,#4056,.T.);
#5476=ORIENTED_EDGE('',*,*,#4057,.T.);
#5477=ORIENTED_EDGE('',*,*,#4058,.F.);
#5478=ORIENTED_EDGE('',*,*,#4057,.F.);
#5479=ORIENTED_EDGE('',*,*,#4059,.F.);
#5480=ORIENTED_EDGE('',*,*,#4056,.F.);
#5481=ORIENTED_EDGE('',*,*,#4060,.F.);
#5482=ORIENTED_EDGE('',*,*,#4058,.T.);
#5483=ORIENTED_EDGE('',*,*,#4061,.T.);
#5484=ORIENTED_EDGE('',*,*,#4062,.T.);
#5485=ORIENTED_EDGE('',*,*,#4063,.F.);
#5486=ORIENTED_EDGE('',*,*,#4062,.F.);
#5487=ORIENTED_EDGE('',*,*,#4064,.F.);
#5488=ORIENTED_EDGE('',*,*,#4061,.F.);
#5489=ORIENTED_EDGE('',*,*,#4065,.F.);
#5490=ORIENTED_EDGE('',*,*,#4063,.T.);
#5491=ORIENTED_EDGE('',*,*,#4065,.T.);
#5492=ORIENTED_EDGE('',*,*,#4066,.T.);
#5493=ORIENTED_EDGE('',*,*,#4067,.F.);
#5494=ORIENTED_EDGE('',*,*,#4068,.F.);
#5495=ORIENTED_EDGE('',*,*,#4066,.F.);
#5496=ORIENTED_EDGE('',*,*,#4060,.T.);
#5497=ORIENTED_EDGE('',*,*,#4069,.T.);
#5498=ORIENTED_EDGE('',*,*,#4064,.T.);
#5499=ORIENTED_EDGE('',*,*,#4069,.F.);
#5500=ORIENTED_EDGE('',*,*,#4070,.T.);
#5501=ORIENTED_EDGE('',*,*,#4071,.T.);
#5502=ORIENTED_EDGE('',*,*,#4067,.T.);
#5503=ORIENTED_EDGE('',*,*,#4068,.T.);
#5504=ORIENTED_EDGE('',*,*,#4071,.F.);
#5505=ORIENTED_EDGE('',*,*,#4072,.F.);
#5506=ORIENTED_EDGE('',*,*,#4073,.F.);
#5507=ORIENTED_EDGE('',*,*,#4074,.T.);
#5508=ORIENTED_EDGE('',*,*,#4059,.T.);
#5509=ORIENTED_EDGE('',*,*,#4074,.F.);
#5510=ORIENTED_EDGE('',*,*,#4070,.F.);
#5511=ORIENTED_EDGE('',*,*,#4075,.T.);
#5512=ORIENTED_EDGE('',*,*,#4076,.T.);
#5513=ORIENTED_EDGE('',*,*,#4072,.T.);
#5514=ORIENTED_EDGE('',*,*,#4073,.T.);
#5515=ORIENTED_EDGE('',*,*,#4076,.F.);
#5516=ORIENTED_EDGE('',*,*,#4075,.F.);
#5517=ORIENTED_EDGE('',*,*,#4077,.F.);
#5518=ORIENTED_EDGE('',*,*,#4078,.T.);
#5519=ORIENTED_EDGE('',*,*,#4079,.T.);
#5520=ORIENTED_EDGE('',*,*,#4080,.F.);
#5521=ORIENTED_EDGE('',*,*,#4081,.F.);
#5522=ORIENTED_EDGE('',*,*,#4082,.T.);
#5523=ORIENTED_EDGE('',*,*,#4083,.T.);
#5524=ORIENTED_EDGE('',*,*,#4084,.F.);
#5525=ORIENTED_EDGE('',*,*,#4085,.F.);
#5526=ORIENTED_EDGE('',*,*,#4086,.T.);
#5527=ORIENTED_EDGE('',*,*,#4087,.T.);
#5528=ORIENTED_EDGE('',*,*,#4088,.F.);
#5529=ORIENTED_EDGE('',*,*,#4089,.F.);
#5530=ORIENTED_EDGE('',*,*,#4090,.T.);
#5531=ORIENTED_EDGE('',*,*,#4091,.T.);
#5532=ORIENTED_EDGE('',*,*,#4092,.F.);
#5533=ORIENTED_EDGE('',*,*,#4093,.T.);
#5534=ORIENTED_EDGE('',*,*,#4089,.T.);
#5535=ORIENTED_EDGE('',*,*,#4094,.T.);
#5536=ORIENTED_EDGE('',*,*,#4095,.T.);
#5537=ORIENTED_EDGE('',*,*,#4096,.T.);
#5538=ORIENTED_EDGE('',*,*,#4086,.F.);
#5539=ORIENTED_EDGE('',*,*,#4097,.T.);
#5540=ORIENTED_EDGE('',*,*,#4098,.T.);
#5541=ORIENTED_EDGE('',*,*,#4099,.F.);
#5542=ORIENTED_EDGE('',*,*,#4100,.F.);
#5543=ORIENTED_EDGE('',*,*,#4101,.F.);
#5544=ORIENTED_EDGE('',*,*,#4102,.T.);
#5545=ORIENTED_EDGE('',*,*,#4103,.T.);
#5546=ORIENTED_EDGE('',*,*,#4082,.F.);
#5547=ORIENTED_EDGE('',*,*,#4104,.T.);
#5548=ORIENTED_EDGE('',*,*,#4105,.T.);
#5549=ORIENTED_EDGE('',*,*,#4106,.F.);
#5550=ORIENTED_EDGE('',*,*,#4107,.F.);
#5551=ORIENTED_EDGE('',*,*,#4108,.F.);
#5552=ORIENTED_EDGE('',*,*,#4109,.T.);
#5553=ORIENTED_EDGE('',*,*,#4110,.T.);
#5554=ORIENTED_EDGE('',*,*,#4078,.F.);
#5555=ORIENTED_EDGE('',*,*,#4111,.T.);
#5556=ORIENTED_EDGE('',*,*,#4112,.T.);
#5557=ORIENTED_EDGE('',*,*,#4091,.F.);
#5558=ORIENTED_EDGE('',*,*,#4113,.F.);
#5559=ORIENTED_EDGE('',*,*,#4114,.F.);
#5560=ORIENTED_EDGE('',*,*,#4115,.F.);
#5561=ORIENTED_EDGE('',*,*,#4080,.T.);
#5562=ORIENTED_EDGE('',*,*,#4116,.F.);
#5563=ORIENTED_EDGE('',*,*,#4117,.F.);
#5564=ORIENTED_EDGE('',*,*,#4118,.T.);
#5565=ORIENTED_EDGE('',*,*,#4119,.T.);
#5566=ORIENTED_EDGE('',*,*,#4120,.T.);
#5567=ORIENTED_EDGE('',*,*,#4121,.F.);
#5568=ORIENTED_EDGE('',*,*,#4122,.F.);
#5569=ORIENTED_EDGE('',*,*,#4084,.T.);
#5570=ORIENTED_EDGE('',*,*,#4123,.F.);
#5571=ORIENTED_EDGE('',*,*,#4124,.F.);
#5572=ORIENTED_EDGE('',*,*,#4125,.T.);
#5573=ORIENTED_EDGE('',*,*,#4126,.T.);
#5574=ORIENTED_EDGE('',*,*,#4127,.T.);
#5575=ORIENTED_EDGE('',*,*,#4128,.F.);
#5576=ORIENTED_EDGE('',*,*,#4129,.F.);
#5577=ORIENTED_EDGE('',*,*,#4088,.T.);
#5578=ORIENTED_EDGE('',*,*,#4130,.F.);
#5579=ORIENTED_EDGE('',*,*,#4131,.F.);
#5580=ORIENTED_EDGE('',*,*,#4132,.F.);
#5581=ORIENTED_EDGE('',*,*,#4132,.T.);
#5582=ORIENTED_EDGE('',*,*,#4133,.F.);
#5583=ORIENTED_EDGE('',*,*,#4094,.F.);
#5584=ORIENTED_EDGE('',*,*,#4092,.T.);
#5585=ORIENTED_EDGE('',*,*,#4131,.T.);
#5586=ORIENTED_EDGE('',*,*,#4134,.F.);
#5587=ORIENTED_EDGE('',*,*,#4095,.F.);
#5588=ORIENTED_EDGE('',*,*,#4133,.T.);
#5589=ORIENTED_EDGE('',*,*,#4130,.T.);
#5590=ORIENTED_EDGE('',*,*,#4087,.F.);
#5591=ORIENTED_EDGE('',*,*,#4096,.F.);
#5592=ORIENTED_EDGE('',*,*,#4134,.T.);
#5593=ORIENTED_EDGE('',*,*,#4129,.T.);
#5594=ORIENTED_EDGE('',*,*,#4135,.F.);
#5595=ORIENTED_EDGE('',*,*,#4097,.F.);
#5596=ORIENTED_EDGE('',*,*,#4085,.T.);
#5597=ORIENTED_EDGE('',*,*,#4128,.T.);
#5598=ORIENTED_EDGE('',*,*,#4136,.F.);
#5599=ORIENTED_EDGE('',*,*,#4098,.F.);
#5600=ORIENTED_EDGE('',*,*,#4135,.T.);
#5601=ORIENTED_EDGE('',*,*,#4127,.F.);
#5602=ORIENTED_EDGE('',*,*,#4137,.F.);
#5603=ORIENTED_EDGE('',*,*,#4099,.T.);
#5604=ORIENTED_EDGE('',*,*,#4136,.T.);
#5605=ORIENTED_EDGE('',*,*,#4126,.F.);
#5606=ORIENTED_EDGE('',*,*,#4138,.F.);
#5607=ORIENTED_EDGE('',*,*,#4100,.T.);
#5608=ORIENTED_EDGE('',*,*,#4137,.T.);
#5609=ORIENTED_EDGE('',*,*,#4125,.F.);
#5610=ORIENTED_EDGE('',*,*,#4139,.F.);
#5611=ORIENTED_EDGE('',*,*,#4101,.T.);
#5612=ORIENTED_EDGE('',*,*,#4138,.T.);
#5613=ORIENTED_EDGE('',*,*,#4124,.T.);
#5614=ORIENTED_EDGE('',*,*,#4140,.F.);
#5615=ORIENTED_EDGE('',*,*,#4102,.F.);
#5616=ORIENTED_EDGE('',*,*,#4139,.T.);
#5617=ORIENTED_EDGE('',*,*,#4123,.T.);
#5618=ORIENTED_EDGE('',*,*,#4083,.F.);
#5619=ORIENTED_EDGE('',*,*,#4103,.F.);
#5620=ORIENTED_EDGE('',*,*,#4140,.T.);
#5621=ORIENTED_EDGE('',*,*,#4122,.T.);
#5622=ORIENTED_EDGE('',*,*,#4141,.F.);
#5623=ORIENTED_EDGE('',*,*,#4104,.F.);
#5624=ORIENTED_EDGE('',*,*,#4081,.T.);
#5625=ORIENTED_EDGE('',*,*,#4121,.T.);
#5626=ORIENTED_EDGE('',*,*,#4142,.F.);
#5627=ORIENTED_EDGE('',*,*,#4105,.F.);
#5628=ORIENTED_EDGE('',*,*,#4141,.T.);
#5629=ORIENTED_EDGE('',*,*,#4120,.F.);
#5630=ORIENTED_EDGE('',*,*,#4143,.F.);
#5631=ORIENTED_EDGE('',*,*,#4106,.T.);
#5632=ORIENTED_EDGE('',*,*,#4142,.T.);
#5633=ORIENTED_EDGE('',*,*,#4119,.F.);
#5634=ORIENTED_EDGE('',*,*,#4144,.F.);
#5635=ORIENTED_EDGE('',*,*,#4107,.T.);
#5636=ORIENTED_EDGE('',*,*,#4143,.T.);
#5637=ORIENTED_EDGE('',*,*,#4118,.F.);
#5638=ORIENTED_EDGE('',*,*,#4145,.F.);
#5639=ORIENTED_EDGE('',*,*,#4108,.T.);
#5640=ORIENTED_EDGE('',*,*,#4144,.T.);
#5641=ORIENTED_EDGE('',*,*,#4117,.T.);
#5642=ORIENTED_EDGE('',*,*,#4146,.F.);
#5643=ORIENTED_EDGE('',*,*,#4109,.F.);
#5644=ORIENTED_EDGE('',*,*,#4145,.T.);
#5645=ORIENTED_EDGE('',*,*,#4116,.T.);
#5646=ORIENTED_EDGE('',*,*,#4079,.F.);
#5647=ORIENTED_EDGE('',*,*,#4110,.F.);
#5648=ORIENTED_EDGE('',*,*,#4146,.T.);
#5649=ORIENTED_EDGE('',*,*,#4113,.T.);
#5650=ORIENTED_EDGE('',*,*,#4090,.F.);
#5651=ORIENTED_EDGE('',*,*,#4093,.F.);
#5652=ORIENTED_EDGE('',*,*,#4147,.T.);
#5653=ORIENTED_EDGE('',*,*,#4114,.T.);
#5654=ORIENTED_EDGE('',*,*,#4147,.F.);
#5655=ORIENTED_EDGE('',*,*,#4112,.F.);
#5656=ORIENTED_EDGE('',*,*,#4148,.T.);
#5657=ORIENTED_EDGE('',*,*,#4115,.T.);
#5658=ORIENTED_EDGE('',*,*,#4148,.F.);
#5659=ORIENTED_EDGE('',*,*,#4111,.F.);
#5660=ORIENTED_EDGE('',*,*,#4077,.T.);
#5661=ORIENTED_EDGE('',*,*,#4149,.F.);
#5662=ORIENTED_EDGE('',*,*,#4150,.T.);
#5663=ORIENTED_EDGE('',*,*,#4151,.T.);
#5664=ORIENTED_EDGE('',*,*,#4150,.F.);
#5665=ORIENTED_EDGE('',*,*,#4151,.F.);
#5666=ORIENTED_EDGE('',*,*,#4152,.T.);
#5667=ORIENTED_EDGE('',*,*,#4153,.F.);
#5668=ORIENTED_EDGE('',*,*,#4152,.F.);
#5669=ORIENTED_EDGE('',*,*,#4154,.F.);
#5670=ORIENTED_EDGE('',*,*,#4155,.T.);
#5671=ORIENTED_EDGE('',*,*,#4156,.T.);
#5672=ORIENTED_EDGE('',*,*,#4155,.F.);
#5673=ORIENTED_EDGE('',*,*,#4156,.F.);
#5674=ORIENTED_EDGE('',*,*,#4157,.T.);
#5675=ORIENTED_EDGE('',*,*,#4158,.F.);
#5676=ORIENTED_EDGE('',*,*,#4157,.F.);
#5677=ORIENTED_EDGE('',*,*,#4159,.T.);
#5678=ORIENTED_EDGE('',*,*,#4160,.T.);
#5679=ORIENTED_EDGE('',*,*,#4161,.T.);
#5680=ORIENTED_EDGE('',*,*,#4162,.T.);
#5681=ORIENTED_EDGE('',*,*,#4160,.F.);
#5682=ORIENTED_EDGE('',*,*,#4163,.T.);
#5683=ORIENTED_EDGE('',*,*,#4164,.F.);
#5684=ORIENTED_EDGE('',*,*,#4165,.F.);
#5685=ORIENTED_EDGE('',*,*,#4159,.F.);
#5686=ORIENTED_EDGE('',*,*,#4166,.F.);
#5687=ORIENTED_EDGE('',*,*,#4167,.T.);
#5688=ORIENTED_EDGE('',*,*,#4168,.F.);
#5689=ORIENTED_EDGE('',*,*,#4169,.F.);
#5690=ORIENTED_EDGE('',*,*,#4163,.F.);
#5691=ORIENTED_EDGE('',*,*,#4169,.T.);
#5692=ORIENTED_EDGE('',*,*,#4170,.T.);
#5693=ORIENTED_EDGE('',*,*,#4171,.T.);
#5694=ORIENTED_EDGE('',*,*,#4164,.T.);
#5695=ORIENTED_EDGE('',*,*,#4170,.F.);
#5696=ORIENTED_EDGE('',*,*,#4168,.T.);
#5697=ORIENTED_EDGE('',*,*,#4172,.T.);
#5698=ORIENTED_EDGE('',*,*,#4173,.T.);
#5699=ORIENTED_EDGE('',*,*,#4174,.T.);
#5700=ORIENTED_EDGE('',*,*,#4175,.T.);
#5701=ORIENTED_EDGE('',*,*,#4176,.T.);
#5702=ORIENTED_EDGE('',*,*,#4177,.T.);
#5703=ORIENTED_EDGE('',*,*,#4174,.F.);
#5704=ORIENTED_EDGE('',*,*,#4178,.F.);
#5705=ORIENTED_EDGE('',*,*,#4179,.F.);
#5706=ORIENTED_EDGE('',*,*,#4180,.F.);
#5707=ORIENTED_EDGE('',*,*,#4181,.F.);
#5708=ORIENTED_EDGE('',*,*,#4182,.F.);
#5709=ORIENTED_EDGE('',*,*,#4149,.T.);
#5710=ORIENTED_EDGE('',*,*,#4154,.T.);
#5711=ORIENTED_EDGE('',*,*,#4177,.F.);
#5712=ORIENTED_EDGE('',*,*,#4183,.T.);
#5713=ORIENTED_EDGE('',*,*,#4184,.F.);
#5714=ORIENTED_EDGE('',*,*,#4178,.T.);
#5715=ORIENTED_EDGE('',*,*,#4179,.T.);
#5716=ORIENTED_EDGE('',*,*,#4184,.T.);
#5717=ORIENTED_EDGE('',*,*,#4185,.T.);
#5718=ORIENTED_EDGE('',*,*,#4186,.T.);
#5719=ORIENTED_EDGE('',*,*,#4162,.F.);
#5720=ORIENTED_EDGE('',*,*,#4187,.F.);
#5721=ORIENTED_EDGE('',*,*,#4188,.T.);
#5722=ORIENTED_EDGE('',*,*,#4166,.T.);
#5723=ORIENTED_EDGE('',*,*,#4189,.F.);
#5724=ORIENTED_EDGE('',*,*,#4190,.F.);
#5725=ORIENTED_EDGE('',*,*,#4191,.T.);
#5726=ORIENTED_EDGE('',*,*,#4192,.T.);
#5727=ORIENTED_EDGE('',*,*,#4172,.F.);
#5728=ORIENTED_EDGE('',*,*,#4193,.T.);
#5729=ORIENTED_EDGE('',*,*,#4194,.T.);
#5730=ORIENTED_EDGE('',*,*,#4190,.T.);
#5731=ORIENTED_EDGE('',*,*,#4161,.F.);
#5732=ORIENTED_EDGE('',*,*,#4165,.T.);
#5733=ORIENTED_EDGE('',*,*,#4171,.F.);
#5734=ORIENTED_EDGE('',*,*,#4173,.F.);
#5735=ORIENTED_EDGE('',*,*,#4189,.T.);
#5736=ORIENTED_EDGE('',*,*,#4187,.T.);
#5737=ORIENTED_EDGE('',*,*,#4175,.F.);
#5738=ORIENTED_EDGE('',*,*,#4182,.T.);
#5739=ORIENTED_EDGE('',*,*,#4195,.F.);
#5740=ORIENTED_EDGE('',*,*,#4196,.F.);
#5741=ORIENTED_EDGE('',*,*,#4186,.F.);
#5742=ORIENTED_EDGE('',*,*,#4197,.T.);
#5743=ORIENTED_EDGE('',*,*,#4194,.F.);
#5744=ORIENTED_EDGE('',*,*,#4180,.T.);
#5745=ORIENTED_EDGE('',*,*,#4188,.F.);
#5746=ORIENTED_EDGE('',*,*,#4192,.F.);
#5747=ORIENTED_EDGE('',*,*,#4195,.T.);
#5748=ORIENTED_EDGE('',*,*,#4198,.T.);
#5749=ORIENTED_EDGE('',*,*,#4167,.F.);
#5750=ORIENTED_EDGE('',*,*,#4198,.F.);
#5751=ORIENTED_EDGE('',*,*,#4181,.T.);
#5752=ORIENTED_EDGE('',*,*,#4193,.F.);
#5753=ORIENTED_EDGE('',*,*,#4176,.F.);
#5754=ORIENTED_EDGE('',*,*,#4196,.T.);
#5755=ORIENTED_EDGE('',*,*,#4191,.F.);
#5756=ORIENTED_EDGE('',*,*,#4197,.F.);
#5757=ORIENTED_EDGE('',*,*,#4185,.F.);
#5758=ORIENTED_EDGE('',*,*,#4183,.F.);
#5759=ORIENTED_EDGE('',*,*,#4153,.T.);
#5760=ORIENTED_EDGE('',*,*,#4158,.T.);
#5761=ORIENTED_EDGE('',*,*,#4199,.T.);
#5762=ORIENTED_EDGE('',*,*,#4200,.T.);
#5763=ORIENTED_EDGE('',*,*,#4201,.T.);
#5764=ORIENTED_EDGE('',*,*,#4202,.T.);
#5765=ORIENTED_EDGE('',*,*,#4200,.F.);
#5766=ORIENTED_EDGE('',*,*,#4201,.F.);
#5767=ORIENTED_EDGE('',*,*,#4202,.F.);
#5768=ORIENTED_EDGE('',*,*,#4203,.T.);
#5769=ORIENTED_EDGE('',*,*,#4204,.F.);
#5770=ORIENTED_EDGE('',*,*,#4205,.F.);
#5771=ORIENTED_EDGE('',*,*,#4203,.F.);
#5772=ORIENTED_EDGE('',*,*,#4199,.F.);
#5773=ORIENTED_EDGE('',*,*,#4206,.T.);
#5774=ORIENTED_EDGE('',*,*,#4207,.T.);
#5775=ORIENTED_EDGE('',*,*,#4208,.T.);
#5776=ORIENTED_EDGE('',*,*,#4204,.T.);
#5777=ORIENTED_EDGE('',*,*,#4205,.T.);
#5778=ORIENTED_EDGE('',*,*,#4208,.F.);
#5779=ORIENTED_EDGE('',*,*,#4206,.F.);
#5780=ORIENTED_EDGE('',*,*,#4207,.F.);
#5781=ORIENTED_EDGE('',*,*,#4209,.T.);
#5782=ORIENTED_EDGE('',*,*,#4210,.T.);
#5783=ORIENTED_EDGE('',*,*,#4209,.F.);
#5784=ORIENTED_EDGE('',*,*,#4211,.F.);
#5785=ORIENTED_EDGE('',*,*,#4212,.F.);
#5786=ORIENTED_EDGE('',*,*,#4213,.F.);
#5787=ORIENTED_EDGE('',*,*,#4214,.T.);
#5788=ORIENTED_EDGE('',*,*,#4215,.F.);
#5789=ORIENTED_EDGE('',*,*,#4214,.F.);
#5790=ORIENTED_EDGE('',*,*,#4216,.F.);
#5791=ORIENTED_EDGE('',*,*,#4217,.T.);
#5792=ORIENTED_EDGE('',*,*,#4218,.F.);
#5793=ORIENTED_EDGE('',*,*,#4217,.F.);
#5794=ORIENTED_EDGE('',*,*,#4219,.F.);
#5795=ORIENTED_EDGE('',*,*,#4220,.T.);
#5796=ORIENTED_EDGE('',*,*,#4221,.F.);
#5797=ORIENTED_EDGE('',*,*,#4220,.F.);
#5798=ORIENTED_EDGE('',*,*,#4222,.F.);
#5799=ORIENTED_EDGE('',*,*,#4223,.T.);
#5800=ORIENTED_EDGE('',*,*,#4224,.F.);
#5801=ORIENTED_EDGE('',*,*,#4223,.F.);
#5802=ORIENTED_EDGE('',*,*,#4225,.F.);
#5803=ORIENTED_EDGE('',*,*,#4226,.T.);
#5804=ORIENTED_EDGE('',*,*,#4227,.F.);
#5805=ORIENTED_EDGE('',*,*,#4226,.F.);
#5806=ORIENTED_EDGE('',*,*,#4228,.F.);
#5807=ORIENTED_EDGE('',*,*,#4212,.T.);
#5808=ORIENTED_EDGE('',*,*,#4211,.T.);
#5809=ORIENTED_EDGE('',*,*,#4215,.T.);
#5810=ORIENTED_EDGE('',*,*,#4218,.T.);
#5811=ORIENTED_EDGE('',*,*,#4221,.T.);
#5812=ORIENTED_EDGE('',*,*,#4224,.T.);
#5813=ORIENTED_EDGE('',*,*,#4227,.T.);
#5814=ORIENTED_EDGE('',*,*,#4229,.F.);
#5815=ORIENTED_EDGE('',*,*,#4213,.T.);
#5816=ORIENTED_EDGE('',*,*,#4228,.T.);
#5817=ORIENTED_EDGE('',*,*,#4225,.T.);
#5818=ORIENTED_EDGE('',*,*,#4222,.T.);
#5819=ORIENTED_EDGE('',*,*,#4219,.T.);
#5820=ORIENTED_EDGE('',*,*,#4216,.T.);
#5821=ORIENTED_EDGE('',*,*,#4210,.F.);
#5822=ORIENTED_EDGE('',*,*,#4230,.T.);
#5823=ORIENTED_EDGE('',*,*,#4229,.T.);
#5824=ORIENTED_EDGE('',*,*,#4230,.F.);
#5825=ORIENTED_EDGE('',*,*,#4231,.T.);
#5826=ORIENTED_EDGE('',*,*,#4232,.T.);
#5827=ORIENTED_EDGE('',*,*,#4233,.T.);
#5828=ORIENTED_EDGE('',*,*,#4234,.T.);
#5829=ORIENTED_EDGE('',*,*,#4232,.F.);
#5830=ORIENTED_EDGE('',*,*,#4235,.F.);
#5831=ORIENTED_EDGE('',*,*,#4236,.F.);
#5832=ORIENTED_EDGE('',*,*,#4237,.T.);
#5833=ORIENTED_EDGE('',*,*,#4233,.F.);
#5834=ORIENTED_EDGE('',*,*,#4234,.F.);
#5835=ORIENTED_EDGE('',*,*,#4237,.F.);
#5836=ORIENTED_EDGE('',*,*,#4238,.T.);
#5837=ORIENTED_EDGE('',*,*,#4231,.F.);
#5838=ORIENTED_EDGE('',*,*,#4239,.T.);
#5839=ORIENTED_EDGE('',*,*,#4240,.T.);
#5840=ORIENTED_EDGE('',*,*,#4235,.T.);
#5841=ORIENTED_EDGE('',*,*,#4236,.T.);
#5842=ORIENTED_EDGE('',*,*,#4240,.F.);
#5843=ORIENTED_EDGE('',*,*,#4239,.F.);
#5844=ORIENTED_EDGE('',*,*,#4241,.T.);
#5845=ORIENTED_EDGE('',*,*,#4242,.T.);
#5846=ORIENTED_EDGE('',*,*,#4243,.T.);
#5847=ORIENTED_EDGE('',*,*,#4244,.T.);
#5848=ORIENTED_EDGE('',*,*,#4243,.F.);
#5849=ORIENTED_EDGE('',*,*,#4244,.F.);
#5850=ORIENTED_EDGE('',*,*,#4245,.T.);
#5851=ORIENTED_EDGE('',*,*,#4246,.T.);
#5852=ORIENTED_EDGE('',*,*,#4247,.T.);
#5853=ORIENTED_EDGE('',*,*,#4248,.T.);
#5854=ORIENTED_EDGE('',*,*,#4249,.T.);
#5855=ORIENTED_EDGE('',*,*,#4250,.T.);
#5856=ORIENTED_EDGE('',*,*,#4238,.F.);
#5857=ORIENTED_EDGE('',*,*,#4251,.T.);
#5858=ORIENTED_EDGE('',*,*,#4241,.F.);
#5859=ORIENTED_EDGE('',*,*,#4242,.F.);
#5860=ORIENTED_EDGE('',*,*,#4251,.F.);
#5861=ORIENTED_EDGE('',*,*,#4252,.F.);
#5862=ORIENTED_EDGE('',*,*,#4253,.T.);
#5863=ORIENTED_EDGE('',*,*,#4249,.F.);
#5864=ORIENTED_EDGE('',*,*,#4254,.F.);
#5865=ORIENTED_EDGE('',*,*,#4255,.F.);
#5866=ORIENTED_EDGE('',*,*,#4256,.T.);
#5867=ORIENTED_EDGE('',*,*,#4250,.F.);
#5868=ORIENTED_EDGE('',*,*,#4253,.F.);
#5869=ORIENTED_EDGE('',*,*,#4257,.F.);
#5870=ORIENTED_EDGE('',*,*,#4258,.T.);
#5871=ORIENTED_EDGE('',*,*,#4245,.F.);
#5872=ORIENTED_EDGE('',*,*,#4256,.F.);
#5873=ORIENTED_EDGE('',*,*,#4259,.F.);
#5874=ORIENTED_EDGE('',*,*,#4260,.F.);
#5875=ORIENTED_EDGE('',*,*,#4246,.F.);
#5876=ORIENTED_EDGE('',*,*,#4258,.F.);
#5877=ORIENTED_EDGE('',*,*,#4261,.F.);
#5878=ORIENTED_EDGE('',*,*,#4254,.T.);
#5879=ORIENTED_EDGE('',*,*,#4248,.F.);
#5880=ORIENTED_EDGE('',*,*,#4262,.F.);
#5881=ORIENTED_EDGE('',*,*,#4263,.F.);
#5882=ORIENTED_EDGE('',*,*,#4264,.F.);
#5883=ORIENTED_EDGE('',*,*,#4262,.T.);
#5884=ORIENTED_EDGE('',*,*,#4247,.F.);
#5885=ORIENTED_EDGE('',*,*,#4260,.T.);
#5886=ORIENTED_EDGE('',*,*,#4265,.T.);
#5887=ORIENTED_EDGE('',*,*,#4263,.T.);
#5888=ORIENTED_EDGE('',*,*,#4264,.T.);
#5889=ORIENTED_EDGE('',*,*,#4259,.T.);
#5890=ORIENTED_EDGE('',*,*,#4257,.T.);
#5891=ORIENTED_EDGE('',*,*,#4255,.T.);
#5892=ORIENTED_EDGE('',*,*,#4252,.T.);
#5893=ORIENTED_EDGE('',*,*,#4261,.T.);
#5894=ORIENTED_EDGE('',*,*,#4265,.F.);
#5895=ORIENTED_EDGE('',*,*,#4266,.F.);
#5896=ORIENTED_EDGE('',*,*,#4267,.T.);
#5897=ORIENTED_EDGE('',*,*,#4268,.F.);
#5898=ORIENTED_EDGE('',*,*,#4267,.F.);
#5899=ORIENTED_EDGE('',*,*,#4269,.F.);
#5900=ORIENTED_EDGE('',*,*,#4270,.F.);
#5901=ORIENTED_EDGE('',*,*,#4266,.T.);
#5902=ORIENTED_EDGE('',*,*,#4271,.T.);
#5903=ORIENTED_EDGE('',*,*,#4271,.F.);
#5904=ORIENTED_EDGE('',*,*,#4270,.T.);
#5905=ORIENTED_EDGE('',*,*,#4272,.F.);
#5906=ORIENTED_EDGE('',*,*,#4272,.T.);
#5907=ORIENTED_EDGE('',*,*,#4269,.T.);
#5908=ORIENTED_EDGE('',*,*,#4268,.T.);
#5909=ORIENTED_EDGE('',*,*,#4273,.F.);
#5910=ORIENTED_EDGE('',*,*,#4274,.T.);
#5911=ORIENTED_EDGE('',*,*,#4275,.F.);
#5912=ORIENTED_EDGE('',*,*,#4274,.F.);
#5913=ORIENTED_EDGE('',*,*,#4276,.T.);
#5914=ORIENTED_EDGE('',*,*,#4277,.T.);
#5915=ORIENTED_EDGE('',*,*,#4278,.T.);
#5916=ORIENTED_EDGE('',*,*,#4279,.T.);
#5917=ORIENTED_EDGE('',*,*,#4280,.T.);
#5918=ORIENTED_EDGE('',*,*,#4281,.T.);
#5919=ORIENTED_EDGE('',*,*,#4282,.T.);
#5920=ORIENTED_EDGE('',*,*,#4283,.F.);
#5921=ORIENTED_EDGE('',*,*,#4284,.T.);
#5922=ORIENTED_EDGE('',*,*,#4281,.F.);
#5923=ORIENTED_EDGE('',*,*,#4285,.T.);
#5924=ORIENTED_EDGE('',*,*,#4277,.F.);
#5925=ORIENTED_EDGE('',*,*,#4286,.T.);
#5926=ORIENTED_EDGE('',*,*,#4279,.F.);
#5927=ORIENTED_EDGE('',*,*,#4287,.T.);
#5928=ORIENTED_EDGE('',*,*,#4283,.T.);
#5929=ORIENTED_EDGE('',*,*,#4285,.F.);
#5930=ORIENTED_EDGE('',*,*,#4288,.T.);
#5931=ORIENTED_EDGE('',*,*,#4289,.F.);
#5932=ORIENTED_EDGE('',*,*,#4290,.F.);
#5933=ORIENTED_EDGE('',*,*,#4280,.F.);
#5934=ORIENTED_EDGE('',*,*,#4291,.T.);
#5935=ORIENTED_EDGE('',*,*,#4292,.F.);
#5936=ORIENTED_EDGE('',*,*,#4288,.F.);
#5937=ORIENTED_EDGE('',*,*,#4275,.T.);
#5938=ORIENTED_EDGE('',*,*,#4282,.F.);
#5939=ORIENTED_EDGE('',*,*,#4284,.F.);
#5940=ORIENTED_EDGE('',*,*,#4276,.F.);
#5941=ORIENTED_EDGE('',*,*,#4286,.F.);
#5942=ORIENTED_EDGE('',*,*,#4293,.F.);
#5943=ORIENTED_EDGE('',*,*,#4294,.T.);
#5944=ORIENTED_EDGE('',*,*,#4295,.T.);
#5945=ORIENTED_EDGE('',*,*,#4292,.T.);
#5946=ORIENTED_EDGE('',*,*,#4296,.F.);
#5947=ORIENTED_EDGE('',*,*,#4297,.T.);
#5948=ORIENTED_EDGE('',*,*,#4298,.T.);
#5949=ORIENTED_EDGE('',*,*,#4289,.T.);
#5950=ORIENTED_EDGE('',*,*,#4295,.F.);
#5951=ORIENTED_EDGE('',*,*,#4299,.T.);
#5952=ORIENTED_EDGE('',*,*,#4300,.T.);
#5953=ORIENTED_EDGE('',*,*,#4301,.T.);
#5954=ORIENTED_EDGE('',*,*,#4296,.T.);
#5955=ORIENTED_EDGE('',*,*,#4302,.T.);
#5956=ORIENTED_EDGE('',*,*,#4300,.F.);
#5957=ORIENTED_EDGE('',*,*,#4303,.T.);
#5958=ORIENTED_EDGE('',*,*,#4298,.F.);
#5959=ORIENTED_EDGE('',*,*,#4287,.F.);
#5960=ORIENTED_EDGE('',*,*,#4304,.T.);
#5961=ORIENTED_EDGE('',*,*,#4299,.F.);
#5962=ORIENTED_EDGE('',*,*,#4291,.F.);
#5963=ORIENTED_EDGE('',*,*,#4294,.F.);
#5964=ORIENTED_EDGE('',*,*,#4301,.F.);
#5965=ORIENTED_EDGE('',*,*,#4302,.F.);
#5966=ORIENTED_EDGE('',*,*,#4297,.F.);
#5967=ORIENTED_EDGE('',*,*,#4305,.T.);
#5968=ORIENTED_EDGE('',*,*,#4306,.T.);
#5969=ORIENTED_EDGE('',*,*,#4307,.T.);
#5970=ORIENTED_EDGE('',*,*,#4308,.T.);
#5971=ORIENTED_EDGE('',*,*,#4306,.F.);
#5972=ORIENTED_EDGE('',*,*,#4307,.F.);
#5973=ORIENTED_EDGE('',*,*,#4308,.F.);
#5974=ORIENTED_EDGE('',*,*,#4309,.T.);
#5975=ORIENTED_EDGE('',*,*,#4293,.T.);
#5976=ORIENTED_EDGE('',*,*,#4309,.F.);
#5977=ORIENTED_EDGE('',*,*,#4305,.F.);
#5978=ORIENTED_EDGE('',*,*,#4278,.F.);
#5979=ORIENTED_EDGE('',*,*,#4290,.T.);
#5980=ORIENTED_EDGE('',*,*,#4303,.F.);
#5981=ORIENTED_EDGE('',*,*,#4304,.F.);
#5982=ORIENTED_EDGE('',*,*,#4273,.T.);
#5983=ORIENTED_EDGE('',*,*,#4310,.T.);
#5984=ORIENTED_EDGE('',*,*,#4311,.T.);
#5985=ORIENTED_EDGE('',*,*,#4312,.T.);
#5986=ORIENTED_EDGE('',*,*,#4313,.T.);
#5987=ORIENTED_EDGE('',*,*,#4312,.F.);
#5988=ORIENTED_EDGE('',*,*,#4314,.F.);
#5989=ORIENTED_EDGE('',*,*,#4315,.F.);
#5990=ORIENTED_EDGE('',*,*,#4316,.T.);
#5991=ORIENTED_EDGE('',*,*,#4310,.F.);
#5992=ORIENTED_EDGE('',*,*,#4311,.F.);
#5993=ORIENTED_EDGE('',*,*,#4316,.F.);
#5994=ORIENTED_EDGE('',*,*,#4313,.F.);
#5995=ORIENTED_EDGE('',*,*,#4317,.F.);
#5996=ORIENTED_EDGE('',*,*,#4318,.T.);
#5997=ORIENTED_EDGE('',*,*,#4319,.F.);
#5998=ORIENTED_EDGE('',*,*,#4320,.F.);
#5999=ORIENTED_EDGE('',*,*,#4321,.F.);
#6000=ORIENTED_EDGE('',*,*,#4320,.T.);
#6001=ORIENTED_EDGE('',*,*,#4322,.F.);
#6002=ORIENTED_EDGE('',*,*,#4323,.F.);
#6003=ORIENTED_EDGE('',*,*,#4324,.F.);
#6004=ORIENTED_EDGE('',*,*,#4325,.F.);
#6005=ORIENTED_EDGE('',*,*,#4326,.F.);
#6006=ORIENTED_EDGE('',*,*,#4327,.F.);
#6007=ORIENTED_EDGE('',*,*,#4318,.F.);
#6008=ORIENTED_EDGE('',*,*,#4328,.F.);
#6009=ORIENTED_EDGE('',*,*,#4323,.T.);
#6010=ORIENTED_EDGE('',*,*,#4329,.F.);
#6011=ORIENTED_EDGE('',*,*,#4330,.F.);
#6012=ORIENTED_EDGE('',*,*,#4331,.F.);
#6013=ORIENTED_EDGE('',*,*,#4332,.T.);
#6014=ORIENTED_EDGE('',*,*,#4333,.F.);
#6015=ORIENTED_EDGE('',*,*,#4326,.T.);
#6016=ORIENTED_EDGE('',*,*,#4334,.F.);
#6017=ORIENTED_EDGE('',*,*,#4330,.T.);
#6018=ORIENTED_EDGE('',*,*,#4335,.F.);
#6019=ORIENTED_EDGE('',*,*,#4332,.F.);
#6020=ORIENTED_EDGE('',*,*,#4336,.F.);
#6021=ORIENTED_EDGE('',*,*,#4333,.T.);
#6022=ORIENTED_EDGE('',*,*,#4335,.T.);
#6023=ORIENTED_EDGE('',*,*,#4329,.T.);
#6024=ORIENTED_EDGE('',*,*,#4322,.T.);
#6025=ORIENTED_EDGE('',*,*,#4319,.T.);
#6026=ORIENTED_EDGE('',*,*,#4327,.T.);
#6027=ORIENTED_EDGE('',*,*,#4336,.T.);
#6028=ORIENTED_EDGE('',*,*,#4337,.T.);
#6029=ORIENTED_EDGE('',*,*,#4314,.T.);
#6030=ORIENTED_EDGE('',*,*,#4315,.T.);
#6031=ORIENTED_EDGE('',*,*,#4337,.F.);
#6032=ORIENTED_EDGE('',*,*,#4331,.T.);
#6033=ORIENTED_EDGE('',*,*,#4325,.T.);
#6034=ORIENTED_EDGE('',*,*,#4317,.T.);
#6035=ORIENTED_EDGE('',*,*,#4321,.T.);
#6036=ORIENTED_EDGE('',*,*,#4338,.T.);
#6037=ORIENTED_EDGE('',*,*,#4338,.F.);
#6038=ORIENTED_EDGE('',*,*,#4324,.T.);
#6039=ORIENTED_EDGE('',*,*,#4328,.T.);
#6040=ORIENTED_EDGE('',*,*,#4334,.T.);
#6041=ORIENTED_EDGE('',*,*,#4339,.F.);
#6042=ORIENTED_EDGE('',*,*,#4340,.T.);
#6043=ORIENTED_EDGE('',*,*,#4341,.F.);
#6044=ORIENTED_EDGE('',*,*,#4340,.F.);
#6045=ORIENTED_EDGE('',*,*,#4342,.T.);
#6046=ORIENTED_EDGE('',*,*,#4343,.T.);
#6047=ORIENTED_EDGE('',*,*,#4344,.F.);
#6048=ORIENTED_EDGE('',*,*,#4343,.F.);
#6049=ORIENTED_EDGE('',*,*,#4342,.F.);
#6050=ORIENTED_EDGE('',*,*,#4341,.T.);
#6051=ORIENTED_EDGE('',*,*,#4344,.T.);
#6052=ORIENTED_EDGE('',*,*,#4339,.T.);
#6053=ORIENTED_EDGE('',*,*,#4345,.T.);
#6054=ORIENTED_EDGE('',*,*,#4346,.T.);
#6055=ORIENTED_EDGE('',*,*,#4347,.T.);
#6056=ORIENTED_EDGE('',*,*,#4348,.T.);
#6057=ORIENTED_EDGE('',*,*,#4346,.F.);
#6058=ORIENTED_EDGE('',*,*,#4349,.F.);
#6059=ORIENTED_EDGE('',*,*,#4350,.F.);
#6060=ORIENTED_EDGE('',*,*,#4351,.T.);
#6061=ORIENTED_EDGE('',*,*,#4347,.F.);
#6062=ORIENTED_EDGE('',*,*,#4348,.F.);
#6063=ORIENTED_EDGE('',*,*,#4351,.F.);
#6064=ORIENTED_EDGE('',*,*,#4352,.T.);
#6065=ORIENTED_EDGE('',*,*,#4345,.F.);
#6066=ORIENTED_EDGE('',*,*,#4353,.T.);
#6067=ORIENTED_EDGE('',*,*,#4354,.T.);
#6068=ORIENTED_EDGE('',*,*,#4349,.T.);
#6069=ORIENTED_EDGE('',*,*,#4350,.T.);
#6070=ORIENTED_EDGE('',*,*,#4354,.F.);
#6071=ORIENTED_EDGE('',*,*,#4353,.F.);
#6072=ORIENTED_EDGE('',*,*,#4355,.T.);
#6073=ORIENTED_EDGE('',*,*,#4356,.T.);
#6074=ORIENTED_EDGE('',*,*,#4357,.T.);
#6075=ORIENTED_EDGE('',*,*,#4358,.T.);
#6076=ORIENTED_EDGE('',*,*,#4357,.F.);
#6077=ORIENTED_EDGE('',*,*,#4358,.F.);
#6078=ORIENTED_EDGE('',*,*,#4359,.T.);
#6079=ORIENTED_EDGE('',*,*,#4360,.T.);
#6080=ORIENTED_EDGE('',*,*,#4361,.T.);
#6081=ORIENTED_EDGE('',*,*,#4362,.T.);
#6082=ORIENTED_EDGE('',*,*,#4363,.T.);
#6083=ORIENTED_EDGE('',*,*,#4364,.T.);
#6084=ORIENTED_EDGE('',*,*,#4352,.F.);
#6085=ORIENTED_EDGE('',*,*,#4365,.T.);
#6086=ORIENTED_EDGE('',*,*,#4355,.F.);
#6087=ORIENTED_EDGE('',*,*,#4356,.F.);
#6088=ORIENTED_EDGE('',*,*,#4365,.F.);
#6089=ORIENTED_EDGE('',*,*,#4366,.F.);
#6090=ORIENTED_EDGE('',*,*,#4367,.T.);
#6091=ORIENTED_EDGE('',*,*,#4363,.F.);
#6092=ORIENTED_EDGE('',*,*,#4368,.F.);
#6093=ORIENTED_EDGE('',*,*,#4369,.F.);
#6094=ORIENTED_EDGE('',*,*,#4370,.T.);
#6095=ORIENTED_EDGE('',*,*,#4364,.F.);
#6096=ORIENTED_EDGE('',*,*,#4367,.F.);
#6097=ORIENTED_EDGE('',*,*,#4371,.F.);
#6098=ORIENTED_EDGE('',*,*,#4372,.T.);
#6099=ORIENTED_EDGE('',*,*,#4359,.F.);
#6100=ORIENTED_EDGE('',*,*,#4370,.F.);
#6101=ORIENTED_EDGE('',*,*,#4373,.F.);
#6102=ORIENTED_EDGE('',*,*,#4374,.F.);
#6103=ORIENTED_EDGE('',*,*,#4360,.F.);
#6104=ORIENTED_EDGE('',*,*,#4372,.F.);
#6105=ORIENTED_EDGE('',*,*,#4375,.F.);
#6106=ORIENTED_EDGE('',*,*,#4368,.T.);
#6107=ORIENTED_EDGE('',*,*,#4362,.F.);
#6108=ORIENTED_EDGE('',*,*,#4376,.F.);
#6109=ORIENTED_EDGE('',*,*,#4377,.F.);
#6110=ORIENTED_EDGE('',*,*,#4378,.F.);
#6111=ORIENTED_EDGE('',*,*,#4376,.T.);
#6112=ORIENTED_EDGE('',*,*,#4361,.F.);
#6113=ORIENTED_EDGE('',*,*,#4374,.T.);
#6114=ORIENTED_EDGE('',*,*,#4379,.T.);
#6115=ORIENTED_EDGE('',*,*,#4377,.T.);
#6116=ORIENTED_EDGE('',*,*,#4378,.T.);
#6117=ORIENTED_EDGE('',*,*,#4373,.T.);
#6118=ORIENTED_EDGE('',*,*,#4371,.T.);
#6119=ORIENTED_EDGE('',*,*,#4369,.T.);
#6120=ORIENTED_EDGE('',*,*,#4366,.T.);
#6121=ORIENTED_EDGE('',*,*,#4375,.T.);
#6122=ORIENTED_EDGE('',*,*,#4379,.F.);
#6123=ORIENTED_EDGE('',*,*,#4380,.T.);
#6124=ORIENTED_EDGE('',*,*,#4381,.T.);
#6125=ORIENTED_EDGE('',*,*,#4382,.T.);
#6126=ORIENTED_EDGE('',*,*,#4380,.F.);
#6127=ORIENTED_EDGE('',*,*,#4383,.T.);
#6128=ORIENTED_EDGE('',*,*,#4383,.F.);
#6129=ORIENTED_EDGE('',*,*,#4381,.F.);
#6130=ORIENTED_EDGE('',*,*,#4382,.F.);
#6131=ORIENTED_EDGE('',*,*,#4384,.T.);
#6132=ORIENTED_EDGE('',*,*,#4385,.T.);
#6133=ORIENTED_EDGE('',*,*,#4386,.T.);
#6134=ORIENTED_EDGE('',*,*,#4384,.F.);
#6135=ORIENTED_EDGE('',*,*,#4385,.F.);
#6136=ORIENTED_EDGE('',*,*,#4386,.F.);
#6137=ORIENTED_EDGE('',*,*,#4387,.T.);
#6138=ORIENTED_EDGE('',*,*,#4388,.T.);
#6139=ORIENTED_EDGE('',*,*,#4389,.T.);
#6140=ORIENTED_EDGE('',*,*,#4387,.F.);
#6141=ORIENTED_EDGE('',*,*,#4389,.F.);
#6142=ORIENTED_EDGE('',*,*,#4390,.T.);
#6143=ORIENTED_EDGE('',*,*,#4391,.T.);
#6144=ORIENTED_EDGE('',*,*,#4392,.T.);
#6145=ORIENTED_EDGE('',*,*,#4390,.F.);
#6146=ORIENTED_EDGE('',*,*,#4388,.F.);
#6147=ORIENTED_EDGE('',*,*,#4391,.F.);
#6148=ORIENTED_EDGE('',*,*,#4392,.F.);
#6149=ORIENTED_EDGE('',*,*,#4393,.T.);
#6150=ORIENTED_EDGE('',*,*,#4394,.T.);
#6151=ORIENTED_EDGE('',*,*,#4393,.F.);
#6152=ORIENTED_EDGE('',*,*,#4394,.F.);
#6153=ORIENTED_EDGE('',*,*,#4395,.T.);
#6154=ORIENTED_EDGE('',*,*,#4396,.T.);
#6155=ORIENTED_EDGE('',*,*,#4395,.F.);
#6156=ORIENTED_EDGE('',*,*,#4396,.F.);
#6157=ORIENTED_EDGE('',*,*,#4397,.T.);
#6158=ORIENTED_EDGE('',*,*,#4398,.T.);
#6159=ORIENTED_EDGE('',*,*,#4399,.T.);
#6160=ORIENTED_EDGE('',*,*,#4397,.F.);
#6161=ORIENTED_EDGE('',*,*,#4399,.F.);
#6162=ORIENTED_EDGE('',*,*,#4400,.T.);
#6163=ORIENTED_EDGE('',*,*,#4401,.T.);
#6164=ORIENTED_EDGE('',*,*,#4402,.T.);
#6165=ORIENTED_EDGE('',*,*,#4400,.F.);
#6166=ORIENTED_EDGE('',*,*,#4398,.F.);
#6167=ORIENTED_EDGE('',*,*,#4401,.F.);
#6168=ORIENTED_EDGE('',*,*,#4402,.F.);
#6169=ORIENTED_EDGE('',*,*,#4403,.T.);
#6170=ORIENTED_EDGE('',*,*,#4404,.T.);
#6171=ORIENTED_EDGE('',*,*,#4405,.T.);
#6172=ORIENTED_EDGE('',*,*,#4403,.F.);
#6173=ORIENTED_EDGE('',*,*,#4405,.F.);
#6174=ORIENTED_EDGE('',*,*,#4406,.T.);
#6175=ORIENTED_EDGE('',*,*,#4407,.T.);
#6176=ORIENTED_EDGE('',*,*,#4408,.T.);
#6177=ORIENTED_EDGE('',*,*,#4406,.F.);
#6178=ORIENTED_EDGE('',*,*,#4404,.F.);
#6179=ORIENTED_EDGE('',*,*,#4409,.T.);
#6180=ORIENTED_EDGE('',*,*,#4407,.F.);
#6181=ORIENTED_EDGE('',*,*,#4408,.F.);
#6182=ORIENTED_EDGE('',*,*,#4410,.T.);
#6183=ORIENTED_EDGE('',*,*,#4409,.F.);
#6184=ORIENTED_EDGE('',*,*,#4410,.F.);
#6185=ORIENTED_EDGE('',*,*,#4411,.T.);
#6186=ORIENTED_EDGE('',*,*,#4412,.T.);
#6187=ORIENTED_EDGE('',*,*,#4413,.T.);
#6188=ORIENTED_EDGE('',*,*,#4412,.F.);
#6189=ORIENTED_EDGE('',*,*,#4414,.F.);
#6190=ORIENTED_EDGE('',*,*,#4415,.F.);
#6191=ORIENTED_EDGE('',*,*,#4416,.T.);
#6192=ORIENTED_EDGE('',*,*,#4413,.F.);
#6193=ORIENTED_EDGE('',*,*,#4416,.F.);
#6194=ORIENTED_EDGE('',*,*,#4417,.T.);
#6195=ORIENTED_EDGE('',*,*,#4411,.F.);
#6196=ORIENTED_EDGE('',*,*,#4418,.T.);
#6197=ORIENTED_EDGE('',*,*,#4419,.T.);
#6198=ORIENTED_EDGE('',*,*,#4414,.T.);
#6199=ORIENTED_EDGE('',*,*,#4415,.T.);
#6200=ORIENTED_EDGE('',*,*,#4419,.F.);
#6201=ORIENTED_EDGE('',*,*,#4420,.T.);
#6202=ORIENTED_EDGE('',*,*,#4418,.F.);
#6203=ORIENTED_EDGE('',*,*,#4421,.F.);
#6204=ORIENTED_EDGE('',*,*,#4422,.F.);
#6205=ORIENTED_EDGE('',*,*,#4423,.F.);
#6206=ORIENTED_EDGE('',*,*,#4424,.F.);
#6207=ORIENTED_EDGE('',*,*,#4425,.F.);
#6208=ORIENTED_EDGE('',*,*,#4426,.T.);
#6209=ORIENTED_EDGE('',*,*,#4417,.F.);
#6210=ORIENTED_EDGE('',*,*,#4426,.F.);
#6211=ORIENTED_EDGE('',*,*,#4427,.F.);
#6212=ORIENTED_EDGE('',*,*,#4420,.F.);
#6213=ORIENTED_EDGE('',*,*,#4428,.T.);
#6214=ORIENTED_EDGE('',*,*,#4429,.F.);
#6215=ORIENTED_EDGE('',*,*,#4430,.F.);
#6216=ORIENTED_EDGE('',*,*,#4431,.F.);
#6217=ORIENTED_EDGE('',*,*,#4432,.F.);
#6218=ORIENTED_EDGE('',*,*,#4433,.F.);
#6219=ORIENTED_EDGE('',*,*,#4434,.F.);
#6220=ORIENTED_EDGE('',*,*,#4428,.F.);
#6221=ORIENTED_EDGE('',*,*,#4423,.T.);
#6222=ORIENTED_EDGE('',*,*,#4435,.T.);
#6223=ORIENTED_EDGE('',*,*,#4431,.T.);
#6224=ORIENTED_EDGE('',*,*,#4436,.F.);
#6225=ORIENTED_EDGE('',*,*,#4424,.T.);
#6226=ORIENTED_EDGE('',*,*,#4436,.T.);
#6227=ORIENTED_EDGE('',*,*,#4430,.T.);
#6228=ORIENTED_EDGE('',*,*,#4437,.F.);
#6229=ORIENTED_EDGE('',*,*,#4422,.T.);
#6230=ORIENTED_EDGE('',*,*,#4438,.T.);
#6231=ORIENTED_EDGE('',*,*,#4432,.T.);
#6232=ORIENTED_EDGE('',*,*,#4435,.F.);
#6233=ORIENTED_EDGE('',*,*,#4421,.T.);
#6234=ORIENTED_EDGE('',*,*,#4439,.T.);
#6235=ORIENTED_EDGE('',*,*,#4433,.T.);
#6236=ORIENTED_EDGE('',*,*,#4438,.F.);
#6237=ORIENTED_EDGE('',*,*,#4425,.T.);
#6238=ORIENTED_EDGE('',*,*,#4437,.T.);
#6239=ORIENTED_EDGE('',*,*,#4429,.T.);
#6240=ORIENTED_EDGE('',*,*,#4440,.F.);
#6241=ORIENTED_EDGE('',*,*,#4427,.T.);
#6242=ORIENTED_EDGE('',*,*,#4440,.T.);
#6243=ORIENTED_EDGE('',*,*,#4434,.T.);
#6244=ORIENTED_EDGE('',*,*,#4439,.F.);
#6245=CONICAL_SURFACE('',#7252,1.6,0.785398163397437);
#6246=CONICAL_SURFACE('',#7263,0.61475,1.02974425867665);
#6247=CONICAL_SURFACE('',#7266,1.66175,1.02974425867665);
#6248=CONICAL_SURFACE('',#7270,1.66175,1.02974425867665);
#6249=CONICAL_SURFACE('',#7274,2.094,1.02974425867665);
#6250=CONICAL_SURFACE('',#7278,2.094,1.02974425867665);
#6251=CONICAL_SURFACE('',#7282,1.22925,1.02974425867665);
#6252=CONICAL_SURFACE('',#7286,1.22925,1.02974425867665);
#6253=CONICAL_SURFACE('',#7305,4.65,0.785398163397448);
#6254=CONICAL_SURFACE('',#7310,4.65,0.785398163397448);
#6255=CONICAL_SURFACE('',#7322,2.75,0.785398163397448);
#6256=CONICAL_SURFACE('',#7334,4.5,0.785398163397448);
#6257=CONICAL_SURFACE('',#7357,3.61659375,0.785398163397447);
#6258=CONICAL_SURFACE('',#7373,1.73205080756888,1.0471975511966);
#6259=CONICAL_SURFACE('',#7375,7.4,0.785398163397448);
#6260=CONICAL_SURFACE('',#7383,7.4,0.785398163397448);
#6261=CONICAL_SURFACE('',#7387,4.9,0.785398163397449);
#6262=CONICAL_SURFACE('',#7393,1.22925,1.02974425867665);
#6263=CONICAL_SURFACE('',#7396,4.95,0.785398163397459);
#6264=CONICAL_SURFACE('',#7402,4.59394940802396,1.0471975511966);
#6265=CONICAL_SURFACE('',#7410,4.59394940802396,1.0471975511966);
#6266=CONICAL_SURFACE('',#7414,8.268802153517,1.0471975511966);
#6267=CONICAL_SURFACE('',#7415,8.268802153517,1.0471975511966);
#6268=CONICAL_SURFACE('',#7423,19.9,0.785398163397452);
#6269=CONICAL_SURFACE('',#7432,19.9,0.785398163397448);
#6270=CONICAL_SURFACE('',#7445,17.67207201,1.21126249277567);
#6271=CONICAL_SURFACE('',#7452,17.67207201,1.21126249277567);
#6272=CONICAL_SURFACE('',#7540,3.1,0.785398163397449);
#6273=CONICAL_SURFACE('',#7547,5.9,0.785398163397449);
#6274=CONICAL_SURFACE('',#7553,3.1,0.785398163397448);
#6275=CONICAL_SURFACE('',#7557,5.9,0.785398163397448);
#6276=CONICAL_SURFACE('',#7569,2.693275,0.785398163397448);
#6277=CONICAL_SURFACE('',#7585,1.44337567297406,1.0471975511966);
#6278=CONICAL_SURFACE('',#7587,0.61475,1.02974425867665);
#6279=CONICAL_SURFACE('',#7591,0.61475,1.02974425867665);
#6280=CONICAL_SURFACE('',#7595,0.61475,1.02974425867665);
#6281=CONICAL_SURFACE('',#7599,0.61475,1.02974425867665);
#6282=CONICAL_SURFACE('',#7606,5.1,0.785398163397459);
#6283=CONICAL_SURFACE('',#7611,7.90000000000001,0.785398163397445);
#6284=CONICAL_SURFACE('',#7615,7.9,0.785398163397468);
#6285=CONICAL_SURFACE('',#7622,7.9,0.785398163397459);
#6286=CONICAL_SURFACE('',#7626,7.90000000000001,0.785398163397455);
#6287=CONICAL_SURFACE('',#7636,5.098,0.795398830184136);
#6288=CONICAL_SURFACE('',#7674,6.15,0.785398163397454);
#6289=CONICAL_SURFACE('',#7677,4.85,0.785398163397446);
#6290=CONICAL_SURFACE('',#7680,6.15,0.785398163397451);
#6291=CONICAL_SURFACE('',#7684,6.15,0.785398163397451);
#6292=CONICAL_SURFACE('',#7687,4.85,0.78539816339745);
#6293=CONICAL_SURFACE('',#7690,6.15,0.785398163397447);
#6294=CONICAL_SURFACE('',#7732,1.4,0.785398163397448);
#6295=CONICAL_SURFACE('',#7738,1.4,0.785398163397448);
#6296=CONICAL_SURFACE('',#7805,2.5,0.785398163397448);
#6297=CONICAL_SURFACE('',#7810,2.5,0.785398163397448);
#6298=CONICAL_SURFACE('',#7846,1.375,0.785398163397448);
#6299=CONICAL_SURFACE('',#7858,2.25,0.785398163397448);
#6300=CONICAL_SURFACE('',#7881,1.3466375,0.785398163397448);
#6301=CONICAL_SURFACE('',#7897,0.721687836487032,1.0471975511966);
#6302=CONICAL_SURFACE('',#7925,1.4,0.785398163397448);
#6303=CONICAL_SURFACE('',#7933,1.23436835802422,1.0471975511966);
#6304=CONICAL_SURFACE('',#7949,1.3466375,0.523598775598299);
#6305=CONICAL_SURFACE('',#7950,0.433012701892216,1.0471975511966);
#6306=CONICAL_SURFACE('',#7971,1.3466375,0.785398163397447);
#6307=CONICAL_SURFACE('',#7987,0.721687836487032,1.0471975511966);
#6308=CONICAL_SURFACE('',#8025,1.36481646934132,1.0471975511966);
#6309=CONICAL_SURFACE('',#8033,1.36481646934132,1.0471975511966);
#6310=CONICAL_SURFACE('',#8037,2.73771324027147,1.0471975511966);
#6311=CONICAL_SURFACE('',#8038,2.73771324027147,1.0471975511966);
#6312=ADVANCED_FACE('',(#755),#6245,.F.);
#6313=ADVANCED_FACE('',(#756,#551),#640,.F.);
#6314=ADVANCED_FACE('',(#757,#552,#553),#347,.T.);
#6315=ADVANCED_FACE('',(#758),#641,.F.);
#6316=ADVANCED_FACE('',(#759),#348,.T.);
#6317=ADVANCED_FACE('',(#760),#6246,.F.);
#6318=ADVANCED_FACE('',(#761),#642,.F.);
#6319=ADVANCED_FACE('',(#762),#6247,.F.);
#6320=ADVANCED_FACE('',(#763),#643,.F.);
#6321=ADVANCED_FACE('',(#764),#6248,.F.);
#6322=ADVANCED_FACE('',(#765),#644,.F.);
#6323=ADVANCED_FACE('',(#766),#6249,.F.);
#6324=ADVANCED_FACE('',(#767),#645,.F.);
#6325=ADVANCED_FACE('',(#768),#6250,.F.);
#6326=ADVANCED_FACE('',(#769),#646,.F.);
#6327=ADVANCED_FACE('',(#770),#6251,.F.);
#6328=ADVANCED_FACE('',(#771),#647,.F.);
#6329=ADVANCED_FACE('',(#772),#6252,.F.);
#6330=ADVANCED_FACE('',(#773),#648,.F.);
#6331=ADVANCED_FACE('',(#774,#554,#555),#349,.T.);
#6332=ADVANCED_FACE('',(#775),#350,.T.);
#6333=ADVANCED_FACE('',(#776,#556,#557),#351,.T.);
#6334=ADVANCED_FACE('',(#777,#558),#352,.T.);
#6335=ADVANCED_FACE('',(#778,#559,#560),#353,.T.);
#6336=ADVANCED_FACE('',(#779),#649,.F.);
#6337=ADVANCED_FACE('',(#780),#650,.F.);
#6338=ADVANCED_FACE('',(#781),#651,.F.);
#6339=ADVANCED_FACE('',(#782),#6253,.F.);
#6340=ADVANCED_FACE('',(#783),#652,.F.);
#6341=ADVANCED_FACE('',(#784),#6254,.F.);
#6342=ADVANCED_FACE('',(#785),#653,.F.);
#6343=ADVANCED_FACE('',(#786),#354,.T.);
#6344=ADVANCED_FACE('',(#787),#355,.T.);
#6345=ADVANCED_FACE('',(#788,#561,#562,#563,#564,#565),#356,.T.);
#6346=ADVANCED_FACE('',(#789),#357,.T.);
#6347=ADVANCED_FACE('',(#790,#566,#567,#568,#569,#570),#358,.T.);
#6348=ADVANCED_FACE('',(#791),#359,.T.);
#6349=ADVANCED_FACE('',(#792),#6255,.T.);
#6350=ADVANCED_FACE('',(#793),#654,.T.);
#6351=ADVANCED_FACE('',(#794),#360,.T.);
#6352=ADVANCED_FACE('',(#795),#229,.F.);
#6353=ADVANCED_FACE('',(#796),#6256,.T.);
#6354=ADVANCED_FACE('',(#797),#361,.F.);
#6355=ADVANCED_FACE('',(#798),#362,.F.);
#6356=ADVANCED_FACE('',(#799),#363,.F.);
#6357=ADVANCED_FACE('',(#800),#364,.F.);
#6358=ADVANCED_FACE('',(#801),#365,.F.);
#6359=ADVANCED_FACE('',(#802),#366,.F.);
#6360=ADVANCED_FACE('',(#803),#367,.T.);
#6361=ADVANCED_FACE('',(#804,#571),#368,.T.);
#6362=ADVANCED_FACE('',(#805),#655,.T.);
#6363=ADVANCED_FACE('',(#806),#230,.F.);
#6364=ADVANCED_FACE('',(#807),#656,.T.);
#6365=ADVANCED_FACE('',(#808,#572),#369,.T.);
#6366=ADVANCED_FACE('',(#809),#6257,.T.);
#6367=ADVANCED_FACE('',(#810),#370,.T.);
#6368=ADVANCED_FACE('',(#811),#231,.T.);
#6369=ADVANCED_FACE('',(#812,#573),#371,.T.);
#6370=ADVANCED_FACE('',(#813),#657,.T.);
#6371=ADVANCED_FACE('',(#814),#372,.F.);
#6372=ADVANCED_FACE('',(#815),#373,.F.);
#6373=ADVANCED_FACE('',(#816),#374,.F.);
#6374=ADVANCED_FACE('',(#817),#375,.F.);
#6375=ADVANCED_FACE('',(#818),#376,.F.);
#6376=ADVANCED_FACE('',(#819),#377,.F.);
#6377=ADVANCED_FACE('',(#820),#6258,.F.);
#6378=ADVANCED_FACE('',(#821),#6259,.T.);
#6379=ADVANCED_FACE('',(#822),#658,.T.);
#6380=ADVANCED_FACE('',(#823,#574),#378,.T.);
#6381=ADVANCED_FACE('',(#824),#6260,.T.);
#6382=ADVANCED_FACE('',(#825,#575),#379,.T.);
#6383=ADVANCED_FACE('',(#826),#6261,.T.);
#6384=ADVANCED_FACE('',(#827),#659,.T.);
#6385=ADVANCED_FACE('',(#828,#576),#380,.F.);
#6386=ADVANCED_FACE('',(#829),#6262,.F.);
#6387=ADVANCED_FACE('',(#830),#660,.F.);
#6388=ADVANCED_FACE('',(#831),#6263,.T.);
#6389=ADVANCED_FACE('',(#832),#661,.T.);
#6390=ADVANCED_FACE('',(#833),#381,.T.);
#6391=ADVANCED_FACE('',(#834),#6264,.F.);
#6392=ADVANCED_FACE('',(#835),#662,.F.);
#6393=ADVANCED_FACE('',(#836,#577),#382,.F.);
#6394=ADVANCED_FACE('',(#837),#6265,.F.);
#6395=ADVANCED_FACE('',(#838,#578),#383,.T.);
#6396=ADVANCED_FACE('',(#839),#6266,.T.);
#6397=ADVANCED_FACE('',(#840),#6267,.T.);
#6398=ADVANCED_FACE('',(#841),#384,.T.);
#6399=ADVANCED_FACE('',(#842),#385,.T.);
#6400=ADVANCED_FACE('',(#843),#386,.T.);
#6401=ADVANCED_FACE('',(#844),#387,.T.);
#6402=ADVANCED_FACE('',(#845),#388,.T.);
#6403=ADVANCED_FACE('',(#846),#389,.T.);
#6404=ADVANCED_FACE('',(#847),#6268,.T.);
#6405=ADVANCED_FACE('',(#848),#663,.T.);
#6406=ADVANCED_FACE('',(#849,#579),#390,.T.);
#6407=ADVANCED_FACE('',(#850),#6269,.T.);
#6408=ADVANCED_FACE('',(#851),#664,.T.);
#6409=ADVANCED_FACE('',(#852,#580),#391,.T.);
#6410=ADVANCED_FACE('',(#853),#232,.T.);
#6411=ADVANCED_FACE('',(#854),#6270,.T.);
#6412=ADVANCED_FACE('',(#855),#233,.T.);
#6413=ADVANCED_FACE('',(#856),#6271,.T.);
#6414=ADVANCED_FACE('',(#857),#234,.F.);
#6415=ADVANCED_FACE('',(#858),#665,.T.);
#6416=ADVANCED_FACE('',(#859),#235,.F.);
#6417=ADVANCED_FACE('',(#860),#666,.F.);
#6418=ADVANCED_FACE('',(#861,#581),#392,.T.);
#6419=ADVANCED_FACE('',(#862),#667,.F.);
#6420=ADVANCED_FACE('',(#863,#582),#393,.T.);
#6421=ADVANCED_FACE('',(#864),#668,.F.);
#6422=ADVANCED_FACE('',(#865,#583),#394,.T.);
#6423=ADVANCED_FACE('',(#866),#669,.F.);
#6424=ADVANCED_FACE('',(#867),#670,.F.);
#6425=ADVANCED_FACE('',(#868),#671,.T.);
#6426=ADVANCED_FACE('',(#869),#672,.F.);
#6427=ADVANCED_FACE('',(#870),#673,.F.);
#6428=ADVANCED_FACE('',(#871),#674,.T.);
#6429=ADVANCED_FACE('',(#872),#395,.F.);
#6430=ADVANCED_FACE('',(#873),#675,.F.);
#6431=ADVANCED_FACE('',(#874,#584,#585),#396,.T.);
#6432=ADVANCED_FACE('',(#875),#676,.T.);
#6433=ADVANCED_FACE('',(#876),#677,.F.);
#6434=ADVANCED_FACE('',(#877),#397,.F.);
#6435=ADVANCED_FACE('',(#878,#586,#587),#398,.T.);
#6436=ADVANCED_FACE('',(#879,#588),#399,.T.);
#6437=ADVANCED_FACE('',(#880,#589),#400,.F.);
#6438=ADVANCED_FACE('',(#881),#678,.T.);
#6439=ADVANCED_FACE('',(#882),#679,.F.);
#6440=ADVANCED_FACE('',(#883,#590),#401,.F.);
#6441=ADVANCED_FACE('',(#884,#591),#402,.T.);
#6442=ADVANCED_FACE('',(#885),#680,.T.);
#6443=ADVANCED_FACE('',(#886),#681,.F.);
#6444=ADVANCED_FACE('',(#887,#592),#403,.F.);
#6445=ADVANCED_FACE('',(#888,#593),#404,.T.);
#6446=ADVANCED_FACE('',(#889),#682,.F.);
#6447=ADVANCED_FACE('',(#890),#683,.T.);
#6448=ADVANCED_FACE('',(#891,#594),#405,.T.);
#6449=ADVANCED_FACE('',(#892),#684,.F.);
#6450=ADVANCED_FACE('',(#893),#685,.T.);
#6451=ADVANCED_FACE('',(#894,#595),#406,.F.);
#6452=ADVANCED_FACE('',(#895),#6272,.F.);
#6453=ADVANCED_FACE('',(#896,#596),#407,.F.);
#6454=ADVANCED_FACE('',(#897),#686,.F.);
#6455=ADVANCED_FACE('',(#898),#6273,.T.);
#6456=ADVANCED_FACE('',(#899),#687,.T.);
#6457=ADVANCED_FACE('',(#900),#6274,.F.);
#6458=ADVANCED_FACE('',(#901,#597),#408,.T.);
#6459=ADVANCED_FACE('',(#902),#6275,.T.);
#6460=ADVANCED_FACE('',(#903),#236,.F.);
#6461=ADVANCED_FACE('',(#904),#688,.T.);
#6462=ADVANCED_FACE('',(#905,#598),#409,.T.);
#6463=ADVANCED_FACE('',(#906),#6276,.T.);
#6464=ADVANCED_FACE('',(#907),#410,.T.);
#6465=ADVANCED_FACE('',(#908),#237,.T.);
#6466=ADVANCED_FACE('',(#909,#599),#411,.T.);
#6467=ADVANCED_FACE('',(#910),#689,.T.);
#6468=ADVANCED_FACE('',(#911),#412,.F.);
#6469=ADVANCED_FACE('',(#912),#413,.F.);
#6470=ADVANCED_FACE('',(#913),#414,.F.);
#6471=ADVANCED_FACE('',(#914),#415,.F.);
#6472=ADVANCED_FACE('',(#915),#416,.F.);
#6473=ADVANCED_FACE('',(#916),#417,.F.);
#6474=ADVANCED_FACE('',(#917),#6277,.F.);
#6475=ADVANCED_FACE('',(#918),#6278,.F.);
#6476=ADVANCED_FACE('',(#919),#690,.F.);
#6477=ADVANCED_FACE('',(#920),#6279,.F.);
#6478=ADVANCED_FACE('',(#921),#691,.F.);
#6479=ADVANCED_FACE('',(#922),#6280,.F.);
#6480=ADVANCED_FACE('',(#923),#692,.F.);
#6481=ADVANCED_FACE('',(#924),#6281,.F.);
#6482=ADVANCED_FACE('',(#925),#693,.F.);
#6483=ADVANCED_FACE('',(#926),#418,.T.);
#6484=ADVANCED_FACE('',(#927),#419,.T.);
#6485=ADVANCED_FACE('',(#928),#420,.T.);
#6486=ADVANCED_FACE('',(#929),#6282,.F.);
#6487=ADVANCED_FACE('',(#930),#421,.T.);
#6488=ADVANCED_FACE('',(#931),#422,.T.);
#6489=ADVANCED_FACE('',(#932),#6283,.T.);
#6490=ADVANCED_FACE('',(#933),#423,.T.);
#6491=ADVANCED_FACE('',(#934),#6284,.T.);
#6492=ADVANCED_FACE('',(#935),#424,.T.);
#6493=ADVANCED_FACE('',(#936),#425,.T.);
#6494=ADVANCED_FACE('',(#937),#426,.T.);
#6495=ADVANCED_FACE('',(#938),#427,.T.);
#6496=ADVANCED_FACE('',(#939),#6285,.T.);
#6497=ADVANCED_FACE('',(#940),#428,.T.);
#6498=ADVANCED_FACE('',(#941),#6286,.T.);
#6499=ADVANCED_FACE('',(#942),#429,.T.);
#6500=ADVANCED_FACE('',(#943),#430,.T.);
#6501=ADVANCED_FACE('',(#944),#431,.T.);
#6502=ADVANCED_FACE('',(#945),#432,.T.);
#6503=ADVANCED_FACE('',(#946),#433,.T.);
#6504=ADVANCED_FACE('',(#947),#434,.T.);
#6505=ADVANCED_FACE('',(#948),#435,.T.);
#6506=ADVANCED_FACE('',(#949),#6287,.F.);
#6507=ADVANCED_FACE('',(#950),#436,.T.);
#6508=ADVANCED_FACE('',(#951),#694,.F.);
#6509=ADVANCED_FACE('',(#952,#600,#601),#437,.T.);
#6510=ADVANCED_FACE('',(#953,#602),#438,.T.);
#6511=ADVANCED_FACE('',(#954),#439,.T.);
#6512=ADVANCED_FACE('',(#955),#440,.T.);
#6513=ADVANCED_FACE('',(#956),#695,.T.);
#6514=ADVANCED_FACE('',(#957,#603),#441,.T.);
#6515=ADVANCED_FACE('',(#958),#696,.T.);
#6516=ADVANCED_FACE('',(#959),#164,.F.);
#6517=ADVANCED_FACE('',(#960),#442,.T.);
#6518=ADVANCED_FACE('',(#961),#697,.F.);
#6519=ADVANCED_FACE('',(#962),#698,.F.);
#6520=ADVANCED_FACE('',(#963),#699,.F.);
#6521=ADVANCED_FACE('',(#964),#443,.T.);
#6522=ADVANCED_FACE('',(#965),#444,.T.);
#6523=ADVANCED_FACE('',(#966),#445,.T.);
#6524=ADVANCED_FACE('',(#967),#446,.T.);
#6525=ADVANCED_FACE('',(#968),#447,.T.);
#6526=ADVANCED_FACE('',(#969),#448,.T.);
#6527=ADVANCED_FACE('',(#970),#449,.T.);
#6528=ADVANCED_FACE('',(#971),#450,.T.);
#6529=ADVANCED_FACE('',(#972),#451,.T.);
#6530=ADVANCED_FACE('',(#973),#452,.T.);
#6531=ADVANCED_FACE('',(#974),#453,.T.);
#6532=ADVANCED_FACE('',(#975),#6288,.F.);
#6533=ADVANCED_FACE('',(#976),#6289,.T.);
#6534=ADVANCED_FACE('',(#977),#6290,.F.);
#6535=ADVANCED_FACE('',(#978),#454,.T.);
#6536=ADVANCED_FACE('',(#979),#6291,.F.);
#6537=ADVANCED_FACE('',(#980),#6292,.T.);
#6538=ADVANCED_FACE('',(#981),#6293,.F.);
#6539=ADVANCED_FACE('',(#982),#700,.F.);
#6540=ADVANCED_FACE('',(#983),#701,.T.);
#6541=ADVANCED_FACE('',(#984),#702,.F.);
#6542=ADVANCED_FACE('',(#985),#455,.T.);
#6543=ADVANCED_FACE('',(#986,#604),#456,.T.);
#6544=ADVANCED_FACE('',(#987,#605),#457,.T.);
#6545=ADVANCED_FACE('',(#988,#606),#458,.T.);
#6546=ADVANCED_FACE('',(#989),#703,.F.);
#6547=ADVANCED_FACE('',(#990),#704,.F.);
#6548=ADVANCED_FACE('',(#991,#607),#459,.F.);
#6549=ADVANCED_FACE('',(#992),#460,.T.);
#6550=ADVANCED_FACE('',(#993,#608),#461,.F.);
#6551=ADVANCED_FACE('',(#994,#609),#462,.F.);
#6552=ADVANCED_FACE('',(#995),#705,.T.);
#6553=ADVANCED_FACE('',(#996),#706,.T.);
#6554=ADVANCED_FACE('',(#997,#610),#463,.F.);
#6555=ADVANCED_FACE('',(#998,#611),#464,.F.);
#6556=ADVANCED_FACE('',(#999),#707,.T.);
#6557=ADVANCED_FACE('',(#1000,#612),#465,.F.);
#6558=ADVANCED_FACE('',(#1001,#613),#466,.F.);
#6559=ADVANCED_FACE('',(#1002),#708,.T.);
#6560=ADVANCED_FACE('',(#1003),#709,.T.);
#6561=ADVANCED_FACE('',(#1004),#6294,.T.);
#6562=ADVANCED_FACE('',(#1005),#710,.T.);
#6563=ADVANCED_FACE('',(#1006),#467,.F.);
#6564=ADVANCED_FACE('',(#1007),#6295,.T.);
#6565=ADVANCED_FACE('',(#1008),#468,.T.);
#6566=ADVANCED_FACE('',(#1009),#711,.F.);
#6567=ADVANCED_FACE('',(#1010),#712,.F.);
#6568=ADVANCED_FACE('',(#1011),#713,.F.);
#6569=ADVANCED_FACE('',(#1012),#714,.T.);
#6570=ADVANCED_FACE('',(#1013),#469,.T.);
#6571=ADVANCED_FACE('',(#1014),#470,.F.);
#6572=ADVANCED_FACE('',(#1015),#715,.T.);
#6573=ADVANCED_FACE('',(#1016),#471,.F.);
#6574=ADVANCED_FACE('',(#1017),#716,.T.);
#6575=ADVANCED_FACE('',(#1018),#717,.T.);
#6576=ADVANCED_FACE('',(#1019),#472,.F.);
#6577=ADVANCED_FACE('',(#1020),#718,.F.);
#6578=ADVANCED_FACE('',(#1021),#719,.F.);
#6579=ADVANCED_FACE('',(#1022),#720,.F.);
#6580=ADVANCED_FACE('',(#1023),#473,.F.);
#6581=ADVANCED_FACE('',(#1024),#721,.T.);
#6582=ADVANCED_FACE('',(#1025),#722,.T.);
#6583=ADVANCED_FACE('',(#1026),#474,.F.);
#6584=ADVANCED_FACE('',(#1027),#723,.F.);
#6585=ADVANCED_FACE('',(#1028),#724,.F.);
#6586=ADVANCED_FACE('',(#1029),#725,.F.);
#6587=ADVANCED_FACE('',(#1030),#475,.F.);
#6588=ADVANCED_FACE('',(#1031),#726,.T.);
#6589=ADVANCED_FACE('',(#1032),#727,.T.);
#6590=ADVANCED_FACE('',(#1033),#476,.F.);
#6591=ADVANCED_FACE('',(#1034),#728,.T.);
#6592=ADVANCED_FACE('',(#1035),#6296,.F.);
#6593=ADVANCED_FACE('',(#1036),#729,.F.);
#6594=ADVANCED_FACE('',(#1037),#6297,.F.);
#6595=ADVANCED_FACE('',(#1038),#730,.F.);
#6596=ADVANCED_FACE('',(#1039),#731,.T.);
#6597=ADVANCED_FACE('',(#1040),#477,.T.);
#6598=ADVANCED_FACE('',(#1041),#478,.T.);
#6599=ADVANCED_FACE('',(#1042),#732,.T.);
#6600=ADVANCED_FACE('',(#1043),#479,.T.);
#6601=ADVANCED_FACE('',(#1044),#733,.T.);
#6602=ADVANCED_FACE('',(#1045,#614,#615),#480,.T.);
#6603=ADVANCED_FACE('',(#1046),#481,.T.);
#6604=ADVANCED_FACE('',(#1047),#734,.T.);
#6605=ADVANCED_FACE('',(#1048),#482,.T.);
#6606=ADVANCED_FACE('',(#1049),#735,.T.);
#6607=ADVANCED_FACE('',(#1050),#483,.T.);
#6608=ADVANCED_FACE('',(#1051),#484,.F.);
#6609=ADVANCED_FACE('',(#1052),#485,.T.);
#6610=ADVANCED_FACE('',(#1053),#486,.T.);
#6611=ADVANCED_FACE('',(#1054),#487,.T.);
#6612=ADVANCED_FACE('',(#1055),#736,.F.);
#6613=ADVANCED_FACE('',(#1056,#616,#617),#488,.F.);
#6614=ADVANCED_FACE('',(#1057),#6298,.T.);
#6615=ADVANCED_FACE('',(#1058),#737,.T.);
#6616=ADVANCED_FACE('',(#1059),#489,.T.);
#6617=ADVANCED_FACE('',(#1060),#238,.F.);
#6618=ADVANCED_FACE('',(#1061),#6299,.T.);
#6619=ADVANCED_FACE('',(#1062),#490,.F.);
#6620=ADVANCED_FACE('',(#1063),#491,.F.);
#6621=ADVANCED_FACE('',(#1064),#492,.F.);
#6622=ADVANCED_FACE('',(#1065),#493,.F.);
#6623=ADVANCED_FACE('',(#1066),#494,.F.);
#6624=ADVANCED_FACE('',(#1067),#495,.F.);
#6625=ADVANCED_FACE('',(#1068),#496,.T.);
#6626=ADVANCED_FACE('',(#1069,#618),#497,.T.);
#6627=ADVANCED_FACE('',(#1070),#738,.T.);
#6628=ADVANCED_FACE('',(#1071),#239,.F.);
#6629=ADVANCED_FACE('',(#1072),#739,.T.);
#6630=ADVANCED_FACE('',(#1073,#619),#498,.T.);
#6631=ADVANCED_FACE('',(#1074),#6300,.T.);
#6632=ADVANCED_FACE('',(#1075),#499,.T.);
#6633=ADVANCED_FACE('',(#1076),#240,.T.);
#6634=ADVANCED_FACE('',(#1077,#620),#500,.T.);
#6635=ADVANCED_FACE('',(#1078),#740,.T.);
#6636=ADVANCED_FACE('',(#1079),#501,.F.);
#6637=ADVANCED_FACE('',(#1080),#502,.F.);
#6638=ADVANCED_FACE('',(#1081),#503,.F.);
#6639=ADVANCED_FACE('',(#1082),#504,.F.);
#6640=ADVANCED_FACE('',(#1083),#505,.F.);
#6641=ADVANCED_FACE('',(#1084),#506,.F.);
#6642=ADVANCED_FACE('',(#1085),#6301,.F.);
#6643=ADVANCED_FACE('',(#1086),#741,.F.);
#6644=ADVANCED_FACE('',(#1087,#621),#165,.T.);
#6645=ADVANCED_FACE('',(#1088),#742,.F.);
#6646=ADVANCED_FACE('',(#1089),#507,.T.);
#6647=ADVANCED_FACE('',(#1090),#508,.T.);
#6648=ADVANCED_FACE('',(#1091),#509,.T.);
#6649=ADVANCED_FACE('',(#1092),#510,.T.);
#6650=ADVANCED_FACE('',(#1093),#511,.T.);
#6651=ADVANCED_FACE('',(#1094,#622),#512,.T.);
#6652=ADVANCED_FACE('',(#1095,#623),#513,.T.);
#6653=ADVANCED_FACE('',(#1096),#514,.T.);
#6654=ADVANCED_FACE('',(#1097),#515,.T.);
#6655=ADVANCED_FACE('',(#1098),#516,.T.);
#6656=ADVANCED_FACE('',(#1099),#517,.T.);
#6657=ADVANCED_FACE('',(#1100),#518,.T.);
#6658=ADVANCED_FACE('',(#1101),#519,.F.);
#6659=ADVANCED_FACE('',(#1102),#6302,.T.);
#6660=ADVANCED_FACE('',(#1103),#743,.T.);
#6661=ADVANCED_FACE('',(#1104),#520,.T.);
#6662=ADVANCED_FACE('',(#1105,#624),#521,.T.);
#6663=ADVANCED_FACE('',(#1106),#6303,.T.);
#6664=ADVANCED_FACE('',(#1107),#744,.T.);
#6665=ADVANCED_FACE('',(#1108),#522,.T.);
#6666=ADVANCED_FACE('',(#1109),#523,.F.);
#6667=ADVANCED_FACE('',(#1110),#524,.F.);
#6668=ADVANCED_FACE('',(#1111),#525,.F.);
#6669=ADVANCED_FACE('',(#1112),#526,.F.);
#6670=ADVANCED_FACE('',(#1113),#527,.F.);
#6671=ADVANCED_FACE('',(#1114),#528,.F.);
#6672=ADVANCED_FACE('',(#1115,#625),#529,.F.);
#6673=ADVANCED_FACE('',(#1116),#6304,.T.);
#6674=ADVANCED_FACE('',(#1117),#6305,.F.);
#6675=ADVANCED_FACE('',(#1118),#745,.F.);
#6676=ADVANCED_FACE('',(#1119),#746,.T.);
#6677=ADVANCED_FACE('',(#1120,#626),#530,.F.);
#6678=ADVANCED_FACE('',(#1121,#627),#531,.T.);
#6679=ADVANCED_FACE('',(#1122),#241,.F.);
#6680=ADVANCED_FACE('',(#1123),#747,.T.);
#6681=ADVANCED_FACE('',(#1124,#628),#532,.T.);
#6682=ADVANCED_FACE('',(#1125),#6306,.T.);
#6683=ADVANCED_FACE('',(#1126),#533,.T.);
#6684=ADVANCED_FACE('',(#1127),#242,.T.);
#6685=ADVANCED_FACE('',(#1128,#629),#534,.T.);
#6686=ADVANCED_FACE('',(#1129),#748,.T.);
#6687=ADVANCED_FACE('',(#1130),#535,.F.);
#6688=ADVANCED_FACE('',(#1131),#536,.F.);
#6689=ADVANCED_FACE('',(#1132),#537,.F.);
#6690=ADVANCED_FACE('',(#1133),#538,.F.);
#6691=ADVANCED_FACE('',(#1134),#539,.F.);
#6692=ADVANCED_FACE('',(#1135),#540,.F.);
#6693=ADVANCED_FACE('',(#1136),#6307,.F.);
#6694=ADVANCED_FACE('',(#1137),#163,.F.);
#6695=ADVANCED_FACE('',(#1138),#541,.T.);
#6696=ADVANCED_FACE('',(#1139),#243,.T.);
#6697=ADVANCED_FACE('',(#1140),#749,.T.);
#6698=ADVANCED_FACE('',(#1141),#244,.T.);
#6699=ADVANCED_FACE('',(#1142),#750,.T.);
#6700=ADVANCED_FACE('',(#1143),#245,.T.);
#6701=ADVANCED_FACE('',(#1144),#751,.T.);
#6702=ADVANCED_FACE('',(#1145),#246,.T.);
#6703=ADVANCED_FACE('',(#1146),#752,.T.);
#6704=ADVANCED_FACE('',(#1147),#247,.T.);
#6705=ADVANCED_FACE('',(#1148),#542,.F.);
#6706=ADVANCED_FACE('',(#1149),#753,.T.);
#6707=ADVANCED_FACE('',(#1150),#6308,.F.);
#6708=ADVANCED_FACE('',(#1151),#754,.F.);
#6709=ADVANCED_FACE('',(#1152,#630),#543,.F.);
#6710=ADVANCED_FACE('',(#1153),#6309,.F.);
#6711=ADVANCED_FACE('',(#1154,#631),#544,.T.);
#6712=ADVANCED_FACE('',(#1155),#6310,.T.);
#6713=ADVANCED_FACE('',(#1156),#6311,.T.);
#6714=ADVANCED_FACE('',(#1157),#545,.T.);
#6715=ADVANCED_FACE('',(#1158),#546,.T.);
#6716=ADVANCED_FACE('',(#1159),#547,.T.);
#6717=ADVANCED_FACE('',(#1160),#548,.T.);
#6718=ADVANCED_FACE('',(#1161),#549,.T.);
#6719=ADVANCED_FACE('',(#1162),#550,.T.);
#6720=CLOSED_SHELL('',(#6312,#6313,#6314,#6315,#6316,#6317,#6318,#6319,
#6320,#6321,#6322,#6323,#6324,#6325,#6326,#6327,#6328,#6329,#6330,#6331,
#6332,#6333,#6334,#6335));
#6721=CLOSED_SHELL('',(#6336,#6337,#6338,#6339,#6340,#6341,#6342,#6343,
#6344,#6345,#6346,#6347,#6348));
#6722=CLOSED_SHELL('',(#6349,#6350,#6351,#6352,#6353,#6354,#6355,#6356,
#6357,#6358,#6359,#6360,#6361,#6362));
#6723=CLOSED_SHELL('',(#6363,#6364,#6365,#6366,#6367,#6368,#6369,#6370,
#6371,#6372,#6373,#6374,#6375,#6376,#6377));
#6724=CLOSED_SHELL('',(#6378,#6379,#6380,#6381,#6382,#6383,#6384,#6385,
#6386,#6387,#6388,#6389,#6390));
#6725=CLOSED_SHELL('',(#6391,#6392,#6393,#6394,#6395,#6396,#6397,#6398,
#6399,#6400,#6401,#6402,#6403));
#6726=CLOSED_SHELL('',(#6404,#6405,#6406,#6407,#6408,#6409,#6410,#6411,
#6412,#6413,#6414,#6415,#6416,#6417,#6418,#6419,#6420,#6421,#6422,#6423));
#6727=CLOSED_SHELL('',(#6424,#6425,#6426,#6427,#6428,#6429,#6430,#6431,
#6432,#6433,#6434,#6435));
#6728=CLOSED_SHELL('',(#6436,#6437,#6438,#6439));
#6729=CLOSED_SHELL('',(#6440,#6441,#6442,#6443,#6444,#6445,#6446,#6447,
#6448,#6449,#6450,#6451));
#6730=CLOSED_SHELL('',(#6452,#6453,#6454,#6455,#6456,#6457,#6458,#6459));
#6731=CLOSED_SHELL('',(#6460,#6461,#6462,#6463,#6464,#6465,#6466,#6467,
#6468,#6469,#6470,#6471,#6472,#6473,#6474));
#6732=CLOSED_SHELL('',(#6475,#6476,#6477,#6478,#6479,#6480,#6481,#6482,
#6483,#6484,#6485,#6486,#6487,#6488,#6489,#6490,#6491,#6492,#6493,#6494,
#6495,#6496,#6497,#6498,#6499,#6500,#6501,#6502,#6503,#6504,#6505,#6506,
#6507,#6508,#6509,#6510,#6511,#6512,#6513,#6514,#6515,#6516,#6517));
#6733=CLOSED_SHELL('',(#6518,#6519,#6520,#6521,#6522,#6523,#6524,#6525,
#6526,#6527,#6528,#6529,#6530,#6531,#6532,#6533,#6534,#6535,#6536,#6537,
#6538,#6539,#6540,#6541,#6542,#6543,#6544,#6545,#6546,#6547,#6548,#6549,
#6550,#6551,#6552));
#6734=CLOSED_SHELL('',(#6553,#6554,#6555,#6556,#6557,#6558,#6559,#6560,
#6561,#6562,#6563,#6564,#6565));
#6735=CLOSED_SHELL('',(#6566,#6567,#6568,#6569,#6570,#6571,#6572,#6573,
#6574,#6575,#6576,#6577,#6578,#6579,#6580,#6581,#6582,#6583,#6584,#6585,
#6586,#6587,#6588,#6589,#6590,#6591));
#6736=CLOSED_SHELL('',(#6592,#6593,#6594,#6595,#6596,#6597,#6598,#6599,
#6600,#6601,#6602,#6603,#6604,#6605,#6606,#6607,#6608,#6609,#6610,#6611,
#6612,#6613));
#6737=CLOSED_SHELL('',(#6614,#6615,#6616,#6617,#6618,#6619,#6620,#6621,
#6622,#6623,#6624,#6625,#6626,#6627));
#6738=CLOSED_SHELL('',(#6628,#6629,#6630,#6631,#6632,#6633,#6634,#6635,
#6636,#6637,#6638,#6639,#6640,#6641,#6642));
#6739=CLOSED_SHELL('',(#6643,#6644));
#6740=CLOSED_SHELL('',(#6645,#6646,#6647,#6648,#6649,#6650,#6651,#6652,
#6653,#6654,#6655,#6656,#6657,#6658,#6659,#6660,#6661,#6662));
#6741=CLOSED_SHELL('',(#6663,#6664,#6665,#6666,#6667,#6668,#6669,#6670,
#6671,#6672,#6673,#6674));
#6742=CLOSED_SHELL('',(#6675,#6676,#6677,#6678));
#6743=CLOSED_SHELL('',(#6679,#6680,#6681,#6682,#6683,#6684,#6685,#6686,
#6687,#6688,#6689,#6690,#6691,#6692,#6693));
#6744=CLOSED_SHELL('',(#6694,#6695,#6696,#6697,#6698,#6699,#6700,#6701,
#6702,#6703,#6704,#6705,#6706));
#6745=CLOSED_SHELL('',(#6707,#6708,#6709,#6710,#6711,#6712,#6713,#6714,
#6715,#6716,#6717,#6718,#6719));
#6746=DERIVED_UNIT_ELEMENT(#6796,1.);
#6747=DERIVED_UNIT_ELEMENT(#12505,3.);
#6748=DERIVED_UNIT_ELEMENT(#6796,1.);
#6749=DERIVED_UNIT_ELEMENT(#12505,3.);
#6750=DERIVED_UNIT_ELEMENT(#6796,1.);
#6751=DERIVED_UNIT_ELEMENT(#12505,3.);
#6752=DERIVED_UNIT_ELEMENT(#6796,1.);
#6753=DERIVED_UNIT_ELEMENT(#12505,3.);
#6754=DERIVED_UNIT_ELEMENT(#6796,1.);
#6755=DERIVED_UNIT_ELEMENT(#12505,3.);
#6756=DERIVED_UNIT_ELEMENT(#6796,1.);
#6757=DERIVED_UNIT_ELEMENT(#12505,3.);
#6758=DERIVED_UNIT_ELEMENT(#6796,1.);
#6759=DERIVED_UNIT_ELEMENT(#12505,3.);
#6760=DERIVED_UNIT_ELEMENT(#6796,1.);
#6761=DERIVED_UNIT_ELEMENT(#12505,3.);
#6762=DERIVED_UNIT_ELEMENT(#6796,1.);
#6763=DERIVED_UNIT_ELEMENT(#12505,3.);
#6764=DERIVED_UNIT_ELEMENT(#6796,1.);
#6765=DERIVED_UNIT_ELEMENT(#12505,3.);
#6766=DERIVED_UNIT_ELEMENT(#6796,1.);
#6767=DERIVED_UNIT_ELEMENT(#12505,3.);
#6768=DERIVED_UNIT_ELEMENT(#6796,1.);
#6769=DERIVED_UNIT_ELEMENT(#12505,3.);
#6770=DERIVED_UNIT_ELEMENT(#6796,1.);
#6771=DERIVED_UNIT_ELEMENT(#12505,3.);
#6772=DERIVED_UNIT_ELEMENT(#6796,1.);
#6773=DERIVED_UNIT_ELEMENT(#12505,3.);
#6774=DERIVED_UNIT_ELEMENT(#6796,1.);
#6775=DERIVED_UNIT_ELEMENT(#12505,3.);
#6776=DERIVED_UNIT_ELEMENT(#6796,1.);
#6777=DERIVED_UNIT_ELEMENT(#12505,3.);
#6778=DERIVED_UNIT_ELEMENT(#6796,1.);
#6779=DERIVED_UNIT_ELEMENT(#12505,3.);
#6780=DERIVED_UNIT_ELEMENT(#6796,1.);
#6781=DERIVED_UNIT_ELEMENT(#12505,3.);
#6782=DERIVED_UNIT_ELEMENT(#6796,1.);
#6783=DERIVED_UNIT_ELEMENT(#12505,3.);
#6784=DERIVED_UNIT_ELEMENT(#6796,1.);
#6785=DERIVED_UNIT_ELEMENT(#12505,3.);
#6786=DERIVED_UNIT_ELEMENT(#6796,1.);
#6787=DERIVED_UNIT_ELEMENT(#12505,3.);
#6788=DERIVED_UNIT_ELEMENT(#6796,1.);
#6789=DERIVED_UNIT_ELEMENT(#12505,3.);
#6790=DERIVED_UNIT_ELEMENT(#6796,1.);
#6791=DERIVED_UNIT_ELEMENT(#12505,3.);
#6792=DERIVED_UNIT_ELEMENT(#6796,1.);
#6793=DERIVED_UNIT_ELEMENT(#12505,3.);
#6794=DERIVED_UNIT_ELEMENT(#6796,1.);
#6795=DERIVED_UNIT_ELEMENT(#12505,3.);
#6796=(
MASS_UNIT()
NAMED_UNIT(*)
SI_UNIT($,.GRAM.)
);
#6797=DERIVED_UNIT((#6746,#6747));
#6798=DERIVED_UNIT((#6748,#6749));
#6799=DERIVED_UNIT((#6750,#6751));
#6800=DERIVED_UNIT((#6752,#6753));
#6801=DERIVED_UNIT((#6754,#6755));
#6802=DERIVED_UNIT((#6756,#6757));
#6803=DERIVED_UNIT((#6758,#6759));
#6804=DERIVED_UNIT((#6760,#6761));
#6805=DERIVED_UNIT((#6762,#6763));
#6806=DERIVED_UNIT((#6764,#6765));
#6807=DERIVED_UNIT((#6766,#6767));
#6808=DERIVED_UNIT((#6768,#6769));
#6809=DERIVED_UNIT((#6770,#6771));
#6810=DERIVED_UNIT((#6772,#6773));
#6811=DERIVED_UNIT((#6774,#6775));
#6812=DERIVED_UNIT((#6776,#6777));
#6813=DERIVED_UNIT((#6778,#6779));
#6814=DERIVED_UNIT((#6780,#6781));
#6815=DERIVED_UNIT((#6782,#6783));
#6816=DERIVED_UNIT((#6784,#6785));
#6817=DERIVED_UNIT((#6786,#6787));
#6818=DERIVED_UNIT((#6788,#6789));
#6819=DERIVED_UNIT((#6790,#6791));
#6820=DERIVED_UNIT((#6792,#6793));
#6821=DERIVED_UNIT((#6794,#6795));
#6822=MEASURE_REPRESENTATION_ITEM('density measure',
POSITIVE_RATIO_MEASURE(8.47),#6797);
#6823=MEASURE_REPRESENTATION_ITEM('density measure',
POSITIVE_RATIO_MEASURE(8.47),#6798);
#6824=MEASURE_REPRESENTATION_ITEM('density measure',
POSITIVE_RATIO_MEASURE(7.85),#6799);
#6825=MEASURE_REPRESENTATION_ITEM('density measure',
POSITIVE_RATIO_MEASURE(7.85),#6800);
#6826=MEASURE_REPRESENTATION_ITEM('density measure',
POSITIVE_RATIO_MEASURE(7.73),#6801);
#6827=MEASURE_REPRESENTATION_ITEM('density measure',
POSITIVE_RATIO_MEASURE(7.75),#6802);
#6828=MEASURE_REPRESENTATION_ITEM('density measure',
POSITIVE_RATIO_MEASURE(7.85),#6803);
#6829=MEASURE_REPRESENTATION_ITEM('density measure',
POSITIVE_RATIO_MEASURE(7.99),#6804);
#6830=MEASURE_REPRESENTATION_ITEM('density measure',
POSITIVE_RATIO_MEASURE(8.),#6805);
#6831=MEASURE_REPRESENTATION_ITEM('density measure',
POSITIVE_RATIO_MEASURE(7.85),#6806);
#6832=MEASURE_REPRESENTATION_ITEM('density measure',
POSITIVE_RATIO_MEASURE(7.75),#6807);
#6833=MEASURE_REPRESENTATION_ITEM('density measure',
POSITIVE_RATIO_MEASURE(8.47),#6808);
#6834=MEASURE_REPRESENTATION_ITEM('density measure',
POSITIVE_RATIO_MEASURE(8.47),#6809);
#6835=MEASURE_REPRESENTATION_ITEM('density measure',
POSITIVE_RATIO_MEASURE(8.874),#6810);
#6836=MEASURE_REPRESENTATION_ITEM('density measure',
POSITIVE_RATIO_MEASURE(7.85),#6811);
#6837=MEASURE_REPRESENTATION_ITEM('density measure',
POSITIVE_RATIO_MEASURE(8.47),#6812);
#6838=MEASURE_REPRESENTATION_ITEM('density measure',
POSITIVE_RATIO_MEASURE(7.85),#6813);
#6839=MEASURE_REPRESENTATION_ITEM('density measure',
POSITIVE_RATIO_MEASURE(7.75),#6814);
#6840=MEASURE_REPRESENTATION_ITEM('density measure',
POSITIVE_RATIO_MEASURE(8.),#6815);
#6841=MEASURE_REPRESENTATION_ITEM('density measure',
POSITIVE_RATIO_MEASURE(8.874),#6816);
#6842=MEASURE_REPRESENTATION_ITEM('density measure',
POSITIVE_RATIO_MEASURE(7.75),#6817);
#6843=MEASURE_REPRESENTATION_ITEM('density measure',
POSITIVE_RATIO_MEASURE(8.),#6818);
#6844=MEASURE_REPRESENTATION_ITEM('density measure',
POSITIVE_RATIO_MEASURE(7.75),#6819);
#6845=MEASURE_REPRESENTATION_ITEM('density measure',
POSITIVE_RATIO_MEASURE(8.874),#6820);
#6846=MEASURE_REPRESENTATION_ITEM('density measure',
POSITIVE_RATIO_MEASURE(8.47),#6821);
#6847=PROPERTY_DEFINITION_REPRESENTATION(#6972,#6897);
#6848=PROPERTY_DEFINITION_REPRESENTATION(#6973,#6898);
#6849=PROPERTY_DEFINITION_REPRESENTATION(#6974,#6899);
#6850=PROPERTY_DEFINITION_REPRESENTATION(#6975,#6900);
#6851=PROPERTY_DEFINITION_REPRESENTATION(#6976,#6901);
#6852=PROPERTY_DEFINITION_REPRESENTATION(#6977,#6902);
#6853=PROPERTY_DEFINITION_REPRESENTATION(#6978,#6903);
#6854=PROPERTY_DEFINITION_REPRESENTATION(#6979,#6904);
#6855=PROPERTY_DEFINITION_REPRESENTATION(#6980,#6905);
#6856=PROPERTY_DEFINITION_REPRESENTATION(#6981,#6906);
#6857=PROPERTY_DEFINITION_REPRESENTATION(#6982,#6907);
#6858=PROPERTY_DEFINITION_REPRESENTATION(#6983,#6908);
#6859=PROPERTY_DEFINITION_REPRESENTATION(#6984,#6909);
#6860=PROPERTY_DEFINITION_REPRESENTATION(#6985,#6910);
#6861=PROPERTY_DEFINITION_REPRESENTATION(#6986,#6911);
#6862=PROPERTY_DEFINITION_REPRESENTATION(#6987,#6912);
#6863=PROPERTY_DEFINITION_REPRESENTATION(#6988,#6913);
#6864=PROPERTY_DEFINITION_REPRESENTATION(#6989,#6914);
#6865=PROPERTY_DEFINITION_REPRESENTATION(#6990,#6915);
#6866=PROPERTY_DEFINITION_REPRESENTATION(#6991,#6916);
#6867=PROPERTY_DEFINITION_REPRESENTATION(#6992,#6917);
#6868=PROPERTY_DEFINITION_REPRESENTATION(#6993,#6918);
#6869=PROPERTY_DEFINITION_REPRESENTATION(#6994,#6919);
#6870=PROPERTY_DEFINITION_REPRESENTATION(#6995,#6920);
#6871=PROPERTY_DEFINITION_REPRESENTATION(#6996,#6921);
#6872=PROPERTY_DEFINITION_REPRESENTATION(#6997,#6922);
#6873=PROPERTY_DEFINITION_REPRESENTATION(#6998,#6923);
#6874=PROPERTY_DEFINITION_REPRESENTATION(#6999,#6924);
#6875=PROPERTY_DEFINITION_REPRESENTATION(#7000,#6925);
#6876=PROPERTY_DEFINITION_REPRESENTATION(#7001,#6926);
#6877=PROPERTY_DEFINITION_REPRESENTATION(#7002,#6927);
#6878=PROPERTY_DEFINITION_REPRESENTATION(#7003,#6928);
#6879=PROPERTY_DEFINITION_REPRESENTATION(#7004,#6929);
#6880=PROPERTY_DEFINITION_REPRESENTATION(#7005,#6930);
#6881=PROPERTY_DEFINITION_REPRESENTATION(#7006,#6931);
#6882=PROPERTY_DEFINITION_REPRESENTATION(#7007,#6932);
#6883=PROPERTY_DEFINITION_REPRESENTATION(#7008,#6933);
#6884=PROPERTY_DEFINITION_REPRESENTATION(#7009,#6934);
#6885=PROPERTY_DEFINITION_REPRESENTATION(#7010,#6935);
#6886=PROPERTY_DEFINITION_REPRESENTATION(#7011,#6936);
#6887=PROPERTY_DEFINITION_REPRESENTATION(#7012,#6937);
#6888=PROPERTY_DEFINITION_REPRESENTATION(#7013,#6938);
#6889=PROPERTY_DEFINITION_REPRESENTATION(#7014,#6939);
#6890=PROPERTY_DEFINITION_REPRESENTATION(#7015,#6940);
#6891=PROPERTY_DEFINITION_REPRESENTATION(#7016,#6941);
#6892=PROPERTY_DEFINITION_REPRESENTATION(#7017,#6942);
#6893=PROPERTY_DEFINITION_REPRESENTATION(#7018,#6943);
#6894=PROPERTY_DEFINITION_REPRESENTATION(#7019,#6944);
#6895=PROPERTY_DEFINITION_REPRESENTATION(#7020,#6945);
#6896=PROPERTY_DEFINITION_REPRESENTATION(#7021,#6946);
#6897=REPRESENTATION('material name',(#6947),#12478);
#6898=REPRESENTATION('density',(#6822),#12478);
#6899=REPRESENTATION('material name',(#6948),#12479);
#6900=REPRESENTATION('density',(#6823),#12479);
#6901=REPRESENTATION('material name',(#6949),#12480);
#6902=REPRESENTATION('density',(#6824),#12480);
#6903=REPRESENTATION('material name',(#6950),#12481);
#6904=REPRESENTATION('density',(#6825),#12481);
#6905=REPRESENTATION('material name',(#6951),#12482);
#6906=REPRESENTATION('density',(#6826),#12482);
#6907=REPRESENTATION('material name',(#6952),#12483);
#6908=REPRESENTATION('density',(#6827),#12483);
#6909=REPRESENTATION('material name',(#6953),#12484);
#6910=REPRESENTATION('density',(#6828),#12484);
#6911=REPRESENTATION('material name',(#6954),#12485);
#6912=REPRESENTATION('density',(#6829),#12485);
#6913=REPRESENTATION('material name',(#6955),#12486);
#6914=REPRESENTATION('density',(#6830),#12486);
#6915=REPRESENTATION('material name',(#6956),#12487);
#6916=REPRESENTATION('density',(#6831),#12487);
#6917=REPRESENTATION('material name',(#6957),#12488);
#6918=REPRESENTATION('density',(#6832),#12488);
#6919=REPRESENTATION('material name',(#6958),#12489);
#6920=REPRESENTATION('density',(#6833),#12489);
#6921=REPRESENTATION('material name',(#6959),#12490);
#6922=REPRESENTATION('density',(#6834),#12490);
#6923=REPRESENTATION('material name',(#6960),#12491);
#6924=REPRESENTATION('density',(#6835),#12491);
#6925=REPRESENTATION('material name',(#6961),#12492);
#6926=REPRESENTATION('density',(#6836),#12492);
#6927=REPRESENTATION('material name',(#6962),#12493);
#6928=REPRESENTATION('density',(#6837),#12493);
#6929=REPRESENTATION('material name',(#6963),#12494);
#6930=REPRESENTATION('density',(#6838),#12494);
#6931=REPRESENTATION('material name',(#6964),#12495);
#6932=REPRESENTATION('density',(#6839),#12495);
#6933=REPRESENTATION('material name',(#6965),#12496);
#6934=REPRESENTATION('density',(#6840),#12496);
#6935=REPRESENTATION('material name',(#6966),#12497);
#6936=REPRESENTATION('density',(#6841),#12497);
#6937=REPRESENTATION('material name',(#6967),#12498);
#6938=REPRESENTATION('density',(#6842),#12498);
#6939=REPRESENTATION('material name',(#6968),#12499);
#6940=REPRESENTATION('density',(#6843),#12499);
#6941=REPRESENTATION('material name',(#6969),#12500);
#6942=REPRESENTATION('density',(#6844),#12500);
#6943=REPRESENTATION('material name',(#6970),#12501);
#6944=REPRESENTATION('density',(#6845),#12501);
#6945=REPRESENTATION('material name',(#6971),#12502);
#6946=REPRESENTATION('density',(#6846),#12502);
#6947=DESCRIPTIVE_REPRESENTATION_ITEM('Brass, Soft Yellow',
'Brass, Soft Yellow');
#6948=DESCRIPTIVE_REPRESENTATION_ITEM('Brass, Soft Yellow',
'Brass, Soft Yellow');
#6949=DESCRIPTIVE_REPRESENTATION_ITEM('Steel, Mild','Steel, Mild');
#6950=DESCRIPTIVE_REPRESENTATION_ITEM('Steel, Mild','Steel, Mild');
#6951=DESCRIPTIVE_REPRESENTATION_ITEM('Steel, Alloy','Steel, Alloy');
#6952=DESCRIPTIVE_REPRESENTATION_ITEM('Stainless Steel, 440C',
'Stainless Steel, 440C');
#6953=DESCRIPTIVE_REPRESENTATION_ITEM('Steel, Cast','Steel, Cast');
#6954=DESCRIPTIVE_REPRESENTATION_ITEM('Stainless Steel 316L',
'Stainless Steel 316L');
#6955=DESCRIPTIVE_REPRESENTATION_ITEM('Stainless Steel, Austenitic',
'Stainless Steel, Austenitic');
#6956=DESCRIPTIVE_REPRESENTATION_ITEM('Mild Steel S355 J2',
'Mild Steel S355 J2');
#6957=DESCRIPTIVE_REPRESENTATION_ITEM('Stainless Steel, 440C',
'Stainless Steel, 440C');
#6958=DESCRIPTIVE_REPRESENTATION_ITEM('Brass, Soft Yellow',
'Brass, Soft Yellow');
#6959=DESCRIPTIVE_REPRESENTATION_ITEM('Brass, Soft Yellow',
'Brass, Soft Yellow');
#6960=DESCRIPTIVE_REPRESENTATION_ITEM('Bronze, Soft Tin',
'Bronze, Soft Tin');
#6961=DESCRIPTIVE_REPRESENTATION_ITEM('Steel','Steel');
#6962=DESCRIPTIVE_REPRESENTATION_ITEM('Brass, Soft Yellow',
'Brass, Soft Yellow');
#6963=DESCRIPTIVE_REPRESENTATION_ITEM('Steel, Mild','Steel, Mild');
#6964=DESCRIPTIVE_REPRESENTATION_ITEM('Stainless Steel, 440C',
'Stainless Steel, 440C');
#6965=DESCRIPTIVE_REPRESENTATION_ITEM('Stainless Steel',
'Stainless Steel');
#6966=DESCRIPTIVE_REPRESENTATION_ITEM('Bronze, Soft Tin',
'Bronze, Soft Tin');
#6967=DESCRIPTIVE_REPRESENTATION_ITEM('Stainless Steel, 440C',
'Stainless Steel, 440C');
#6968=DESCRIPTIVE_REPRESENTATION_ITEM('Stainless Steel',
'Stainless Steel');
#6969=DESCRIPTIVE_REPRESENTATION_ITEM('Stainless Steel, 440C',
'Stainless Steel, 440C');
#6970=DESCRIPTIVE_REPRESENTATION_ITEM('Bronze, Soft Tin',
'Bronze, Soft Tin');
#6971=DESCRIPTIVE_REPRESENTATION_ITEM('Brass, Soft Yellow',
'Brass, Soft Yellow');
#6972=PROPERTY_DEFINITION('material property','material name',#12626);
#6973=PROPERTY_DEFINITION('material property','density of part',#12626);
#6974=PROPERTY_DEFINITION('material property','material name',#12627);
#6975=PROPERTY_DEFINITION('material property','density of part',#12627);
#6976=PROPERTY_DEFINITION('material property','material name',#12628);
#6977=PROPERTY_DEFINITION('material property','density of part',#12628);
#6978=PROPERTY_DEFINITION('material property','material name',#12629);
#6979=PROPERTY_DEFINITION('material property','density of part',#12629);
#6980=PROPERTY_DEFINITION('material property','material name',#12630);
#6981=PROPERTY_DEFINITION('material property','density of part',#12630);
#6982=PROPERTY_DEFINITION('material property','material name',#12631);
#6983=PROPERTY_DEFINITION('material property','density of part',#12631);
#6984=PROPERTY_DEFINITION('material property','material name',#12632);
#6985=PROPERTY_DEFINITION('material property','density of part',#12632);
#6986=PROPERTY_DEFINITION('material property','material name',#12633);
#6987=PROPERTY_DEFINITION('material property','density of part',#12633);
#6988=PROPERTY_DEFINITION('material property','material name',#12634);
#6989=PROPERTY_DEFINITION('material property','density of part',#12634);
#6990=PROPERTY_DEFINITION('material property','material name',#12635);
#6991=PROPERTY_DEFINITION('material property','density of part',#12635);
#6992=PROPERTY_DEFINITION('material property','material name',#12636);
#6993=PROPERTY_DEFINITION('material property','density of part',#12636);
#6994=PROPERTY_DEFINITION('material property','material name',#12637);
#6995=PROPERTY_DEFINITION('material property','density of part',#12637);
#6996=PROPERTY_DEFINITION('material property','material name',#12638);
#6997=PROPERTY_DEFINITION('material property','density of part',#12638);
#6998=PROPERTY_DEFINITION('material property','material name',#12639);
#6999=PROPERTY_DEFINITION('material property','density of part',#12639);
#7000=PROPERTY_DEFINITION('material property','material name',#12640);
#7001=PROPERTY_DEFINITION('material property','density of part',#12640);
#7002=PROPERTY_DEFINITION('material property','material name',#12641);
#7003=PROPERTY_DEFINITION('material property','density of part',#12641);
#7004=PROPERTY_DEFINITION('material property','material name',#12642);
#7005=PROPERTY_DEFINITION('material property','density of part',#12642);
#7006=PROPERTY_DEFINITION('material property','material name',#12643);
#7007=PROPERTY_DEFINITION('material property','density of part',#12643);
#7008=PROPERTY_DEFINITION('material property','material name',#12644);
#7009=PROPERTY_DEFINITION('material property','density of part',#12644);
#7010=PROPERTY_DEFINITION('material property','material name',#12645);
#7011=PROPERTY_DEFINITION('material property','density of part',#12645);
#7012=PROPERTY_DEFINITION('material property','material name',#12646);
#7013=PROPERTY_DEFINITION('material property','density of part',#12646);
#7014=PROPERTY_DEFINITION('material property','material name',#12647);
#7015=PROPERTY_DEFINITION('material property','density of part',#12647);
#7016=PROPERTY_DEFINITION('material property','material name',#12648);
#7017=PROPERTY_DEFINITION('material property','density of part',#12648);
#7018=PROPERTY_DEFINITION('material property','material name',#12649);
#7019=PROPERTY_DEFINITION('material property','density of part',#12649);
#7020=PROPERTY_DEFINITION('material property','material name',#12650);
#7021=PROPERTY_DEFINITION('material property','density of part',#12650);
#7022=PRESENTATION_STYLE_ASSIGNMENT((#7030));
#7023=PRESENTATION_STYLE_ASSIGNMENT((#7031));
#7024=PRESENTATION_STYLE_ASSIGNMENT((#7032));
#7025=PRESENTATION_STYLE_ASSIGNMENT((#7033));
#7026=PRESENTATION_STYLE_ASSIGNMENT((#7034));
#7027=PRESENTATION_STYLE_ASSIGNMENT((#7035));
#7028=PRESENTATION_STYLE_ASSIGNMENT((#7036));
#7029=PRESENTATION_STYLE_ASSIGNMENT((#7037));
#7030=SURFACE_STYLE_USAGE(.BOTH.,#7054);
#7031=SURFACE_STYLE_USAGE(.BOTH.,#7055);
#7032=SURFACE_STYLE_USAGE(.BOTH.,#7056);
#7033=SURFACE_STYLE_USAGE(.BOTH.,#7057);
#7034=SURFACE_STYLE_USAGE(.BOTH.,#7058);
#7035=SURFACE_STYLE_USAGE(.BOTH.,#7059);
#7036=SURFACE_STYLE_USAGE(.BOTH.,#7060);
#7037=SURFACE_STYLE_USAGE(.BOTH.,#7061);
#7038=SURFACE_STYLE_RENDERING_WITH_PROPERTIES($,#7086,(#7046));
#7039=SURFACE_STYLE_RENDERING_WITH_PROPERTIES($,#7087,(#7047));
#7040=SURFACE_STYLE_RENDERING_WITH_PROPERTIES($,#7088,(#7048));
#7041=SURFACE_STYLE_RENDERING_WITH_PROPERTIES($,#7089,(#7049));
#7042=SURFACE_STYLE_RENDERING_WITH_PROPERTIES($,#7090,(#7050));
#7043=SURFACE_STYLE_RENDERING_WITH_PROPERTIES($,#7091,(#7051));
#7044=SURFACE_STYLE_RENDERING_WITH_PROPERTIES($,#7092,(#7052));
#7045=SURFACE_STYLE_RENDERING_WITH_PROPERTIES($,#7093,(#7053));
#7046=SURFACE_STYLE_TRANSPARENT(0.);
#7047=SURFACE_STYLE_TRANSPARENT(0.);
#7048=SURFACE_STYLE_TRANSPARENT(0.);
#7049=SURFACE_STYLE_TRANSPARENT(0.);
#7050=SURFACE_STYLE_TRANSPARENT(0.);
#7051=SURFACE_STYLE_TRANSPARENT(0.);
#7052=SURFACE_STYLE_TRANSPARENT(0.);
#7053=SURFACE_STYLE_TRANSPARENT(0.);
#7054=SURFACE_SIDE_STYLE('',(#7062,#7038));
#7055=SURFACE_SIDE_STYLE('',(#7063,#7039));
#7056=SURFACE_SIDE_STYLE('',(#7064,#7040));
#7057=SURFACE_SIDE_STYLE('',(#7065,#7041));
#7058=SURFACE_SIDE_STYLE('',(#7066,#7042));
#7059=SURFACE_SIDE_STYLE('',(#7067,#7043));
#7060=SURFACE_SIDE_STYLE('',(#7068,#7044));
#7061=SURFACE_SIDE_STYLE('',(#7069,#7045));
#7062=SURFACE_STYLE_FILL_AREA(#7070);
#7063=SURFACE_STYLE_FILL_AREA(#7071);
#7064=SURFACE_STYLE_FILL_AREA(#7072);
#7065=SURFACE_STYLE_FILL_AREA(#7073);
#7066=SURFACE_STYLE_FILL_AREA(#7074);
#7067=SURFACE_STYLE_FILL_AREA(#7075);
#7068=SURFACE_STYLE_FILL_AREA(#7076);
#7069=SURFACE_STYLE_FILL_AREA(#7077);
#7070=FILL_AREA_STYLE('',(#7078));
#7071=FILL_AREA_STYLE('',(#7079));
#7072=FILL_AREA_STYLE('',(#7080));
#7073=FILL_AREA_STYLE('',(#7081));
#7074=FILL_AREA_STYLE('',(#7082));
#7075=FILL_AREA_STYLE('',(#7083));
#7076=FILL_AREA_STYLE('',(#7084));
#7077=FILL_AREA_STYLE('',(#7085));
#7078=FILL_AREA_STYLE_COLOUR('',#7086);
#7079=FILL_AREA_STYLE_COLOUR('',#7087);
#7080=FILL_AREA_STYLE_COLOUR('',#7088);
#7081=FILL_AREA_STYLE_COLOUR('',#7089);
#7082=FILL_AREA_STYLE_COLOUR('',#7090);
#7083=FILL_AREA_STYLE_COLOUR('',#7091);
#7084=FILL_AREA_STYLE_COLOUR('',#7092);
#7085=FILL_AREA_STYLE_COLOUR('',#7093);
#7086=COLOUR_RGB('',0.796078431372549,0.603921568627451,0.231372549019608);
#7087=COLOUR_RGB('',0.745098039215686,0.737254901960784,0.729411764705882);
#7088=COLOUR_RGB('',0.952941176470588,0.968627450980392,1.);
#7089=COLOUR_RGB('',0.627450980392157,0.627450980392157,0.627450980392157);
#7090=COLOUR_RGB('',0.643137254901961,0.52156862745098,0.384313725490196);
#7091=COLOUR_RGB('',0.749019607843137,0.749019607843137,0.749019607843137);
#7092=COLOUR_RGB('',0.690196078431373,0.690196078431373,0.690196078431373);
#7093=COLOUR_RGB('',0.956862745098039,0.956862745098039,0.956862745098039);
#7094=DATE_TIME_ROLE('creation_date');
#7095=DATE_TIME_ROLE('creation_date');
#7096=DATE_TIME_ROLE('creation_date');
#7097=DATE_TIME_ROLE('creation_date');
#7098=DATE_TIME_ROLE('creation_date');
#7099=DATE_TIME_ROLE('creation_date');
#7100=DATE_TIME_ROLE('creation_date');
#7101=DATE_TIME_ROLE('creation_date');
#7102=DATE_TIME_ROLE('creation_date');
#7103=DATE_TIME_ROLE('creation_date');
#7104=DATE_TIME_ROLE('creation_date');
#7105=DATE_TIME_ROLE('creation_date');
#7106=DATE_TIME_ROLE('creation_date');
#7107=DATE_TIME_ROLE('creation_date');
#7108=DATE_TIME_ROLE('creation_date');
#7109=DATE_TIME_ROLE('creation_date');
#7110=DATE_TIME_ROLE('creation_date');
#7111=DATE_TIME_ROLE('creation_date');
#7112=DATE_TIME_ROLE('creation_date');
#7113=DATE_TIME_ROLE('creation_date');
#7114=DATE_TIME_ROLE('creation_date');
#7115=DATE_TIME_ROLE('creation_date');
#7116=DATE_TIME_ROLE('creation_date');
#7117=DATE_TIME_ROLE('creation_date');
#7118=DATE_TIME_ROLE('creation_date');
#7119=DATE_TIME_ROLE('creation_date');
#7120=APPLIED_DATE_AND_TIME_ASSIGNMENT(#7146,#7094,(#12625));
#7121=APPLIED_DATE_AND_TIME_ASSIGNMENT(#7147,#7095,(#12626));
#7122=APPLIED_DATE_AND_TIME_ASSIGNMENT(#7148,#7096,(#12627));
#7123=APPLIED_DATE_AND_TIME_ASSIGNMENT(#7149,#7097,(#12628));
#7124=APPLIED_DATE_AND_TIME_ASSIGNMENT(#7150,#7098,(#12629));
#7125=APPLIED_DATE_AND_TIME_ASSIGNMENT(#7151,#7099,(#12630));
#7126=APPLIED_DATE_AND_TIME_ASSIGNMENT(#7152,#7100,(#12631));
#7127=APPLIED_DATE_AND_TIME_ASSIGNMENT(#7153,#7101,(#12632));
#7128=APPLIED_DATE_AND_TIME_ASSIGNMENT(#7154,#7102,(#12633));
#7129=APPLIED_DATE_AND_TIME_ASSIGNMENT(#7155,#7103,(#12634));
#7130=APPLIED_DATE_AND_TIME_ASSIGNMENT(#7156,#7104,(#12635));
#7131=APPLIED_DATE_AND_TIME_ASSIGNMENT(#7157,#7105,(#12636));
#7132=APPLIED_DATE_AND_TIME_ASSIGNMENT(#7158,#7106,(#12637));
#7133=APPLIED_DATE_AND_TIME_ASSIGNMENT(#7159,#7107,(#12638));
#7134=APPLIED_DATE_AND_TIME_ASSIGNMENT(#7160,#7108,(#12639));
#7135=APPLIED_DATE_AND_TIME_ASSIGNMENT(#7161,#7109,(#12640));
#7136=APPLIED_DATE_AND_TIME_ASSIGNMENT(#7162,#7110,(#12641));
#7137=APPLIED_DATE_AND_TIME_ASSIGNMENT(#7163,#7111,(#12642));
#7138=APPLIED_DATE_AND_TIME_ASSIGNMENT(#7164,#7112,(#12643));
#7139=APPLIED_DATE_AND_TIME_ASSIGNMENT(#7165,#7113,(#12644));
#7140=APPLIED_DATE_AND_TIME_ASSIGNMENT(#7166,#7114,(#12645));
#7141=APPLIED_DATE_AND_TIME_ASSIGNMENT(#7167,#7115,(#12646));
#7142=APPLIED_DATE_AND_TIME_ASSIGNMENT(#7168,#7116,(#12647));
#7143=APPLIED_DATE_AND_TIME_ASSIGNMENT(#7169,#7117,(#12648));
#7144=APPLIED_DATE_AND_TIME_ASSIGNMENT(#7170,#7118,(#12649));
#7145=APPLIED_DATE_AND_TIME_ASSIGNMENT(#7171,#7119,(#12650));
#7146=DATE_AND_TIME(#7172,#7198);
#7147=DATE_AND_TIME(#7173,#7199);
#7148=DATE_AND_TIME(#7174,#7200);
#7149=DATE_AND_TIME(#7175,#7201);
#7150=DATE_AND_TIME(#7176,#7202);
#7151=DATE_AND_TIME(#7177,#7203);
#7152=DATE_AND_TIME(#7178,#7204);
#7153=DATE_AND_TIME(#7179,#7205);
#7154=DATE_AND_TIME(#7180,#7206);
#7155=DATE_AND_TIME(#7181,#7207);
#7156=DATE_AND_TIME(#7182,#7208);
#7157=DATE_AND_TIME(#7183,#7209);
#7158=DATE_AND_TIME(#7184,#7210);
#7159=DATE_AND_TIME(#7185,#7211);
#7160=DATE_AND_TIME(#7186,#7212);
#7161=DATE_AND_TIME(#7187,#7213);
#7162=DATE_AND_TIME(#7188,#7214);
#7163=DATE_AND_TIME(#7189,#7215);
#7164=DATE_AND_TIME(#7190,#7216);
#7165=DATE_AND_TIME(#7191,#7217);
#7166=DATE_AND_TIME(#7192,#7218);
#7167=DATE_AND_TIME(#7193,#7219);
#7168=DATE_AND_TIME(#7194,#7220);
#7169=DATE_AND_TIME(#7195,#7221);
#7170=DATE_AND_TIME(#7196,#7222);
#7171=DATE_AND_TIME(#7197,#7223);
#7172=CALENDAR_DATE(2025,16,9);
#7173=CALENDAR_DATE(2025,16,9);
#7174=CALENDAR_DATE(2025,16,9);
#7175=CALENDAR_DATE(2020,21,1);
#7176=CALENDAR_DATE(2020,21,1);
#7177=CALENDAR_DATE(2025,16,9);
#7178=CALENDAR_DATE(2020,21,1);
#7179=CALENDAR_DATE(2025,16,9);
#7180=CALENDAR_DATE(2025,16,9);
#7181=CALENDAR_DATE(2023,14,6);
#7182=CALENDAR_DATE(2025,16,9);
#7183=CALENDAR_DATE(2020,21,1);
#7184=CALENDAR_DATE(2025,16,9);
#7185=CALENDAR_DATE(2025,16,9);
#7186=CALENDAR_DATE(2025,16,9);
#7187=CALENDAR_DATE(2025,16,9);
#7188=CALENDAR_DATE(2025,16,9);
#7189=CALENDAR_DATE(2020,21,1);
#7190=CALENDAR_DATE(2020,21,1);
#7191=CALENDAR_DATE(2025,17,9);
#7192=CALENDAR_DATE(2025,16,9);
#7193=CALENDAR_DATE(2020,21,1);
#7194=CALENDAR_DATE(2020,21,1);
#7195=CALENDAR_DATE(2020,21,1);
#7196=CALENDAR_DATE(2025,16,9);
#7197=CALENDAR_DATE(2020,21,1);
#7198=LOCAL_TIME(0,0,0.,#7224);
#7199=LOCAL_TIME(0,0,0.,#7225);
#7200=LOCAL_TIME(0,0,0.,#7226);
#7201=LOCAL_TIME(0,0,0.,#7227);
#7202=LOCAL_TIME(0,0,0.,#7228);
#7203=LOCAL_TIME(0,0,0.,#7229);
#7204=LOCAL_TIME(0,0,0.,#7230);
#7205=LOCAL_TIME(0,0,0.,#7231);
#7206=LOCAL_TIME(0,0,0.,#7232);
#7207=LOCAL_TIME(15,24,53.,#7233);
#7208=LOCAL_TIME(0,0,0.,#7234);
#7209=LOCAL_TIME(0,0,0.,#7235);
#7210=LOCAL_TIME(0,0,0.,#7236);
#7211=LOCAL_TIME(0,0,0.,#7237);
#7212=LOCAL_TIME(0,0,0.,#7238);
#7213=LOCAL_TIME(0,0,0.,#7239);
#7214=LOCAL_TIME(0,0,0.,#7240);
#7215=LOCAL_TIME(0,0,0.,#7241);
#7216=LOCAL_TIME(0,0,0.,#7242);
#7217=LOCAL_TIME(0,0,0.,#7243);
#7218=LOCAL_TIME(0,0,0.,#7244);
#7219=LOCAL_TIME(0,0,0.,#7245);
#7220=LOCAL_TIME(0,0,0.,#7246);
#7221=LOCAL_TIME(0,0,0.,#7247);
#7222=LOCAL_TIME(0,0,0.,#7248);
#7223=LOCAL_TIME(0,0,0.,#7249);
#7224=COORDINATED_UNIVERSAL_TIME_OFFSET(0,0,.BEHIND.);
#7225=COORDINATED_UNIVERSAL_TIME_OFFSET(0,0,.BEHIND.);
#7226=COORDINATED_UNIVERSAL_TIME_OFFSET(0,0,.BEHIND.);
#7227=COORDINATED_UNIVERSAL_TIME_OFFSET(0,0,.BEHIND.);
#7228=COORDINATED_UNIVERSAL_TIME_OFFSET(0,0,.BEHIND.);
#7229=COORDINATED_UNIVERSAL_TIME_OFFSET(0,0,.BEHIND.);
#7230=COORDINATED_UNIVERSAL_TIME_OFFSET(0,0,.BEHIND.);
#7231=COORDINATED_UNIVERSAL_TIME_OFFSET(0,0,.BEHIND.);
#7232=COORDINATED_UNIVERSAL_TIME_OFFSET(0,0,.BEHIND.);
#7233=COORDINATED_UNIVERSAL_TIME_OFFSET(0,0,.BEHIND.);
#7234=COORDINATED_UNIVERSAL_TIME_OFFSET(0,0,.BEHIND.);
#7235=COORDINATED_UNIVERSAL_TIME_OFFSET(0,0,.BEHIND.);
#7236=COORDINATED_UNIVERSAL_TIME_OFFSET(0,0,.BEHIND.);
#7237=COORDINATED_UNIVERSAL_TIME_OFFSET(0,0,.BEHIND.);
#7238=COORDINATED_UNIVERSAL_TIME_OFFSET(0,0,.BEHIND.);
#7239=COORDINATED_UNIVERSAL_TIME_OFFSET(0,0,.BEHIND.);
#7240=COORDINATED_UNIVERSAL_TIME_OFFSET(0,0,.BEHIND.);
#7241=COORDINATED_UNIVERSAL_TIME_OFFSET(0,0,.BEHIND.);
#7242=COORDINATED_UNIVERSAL_TIME_OFFSET(0,0,.BEHIND.);
#7243=COORDINATED_UNIVERSAL_TIME_OFFSET(0,0,.BEHIND.);
#7244=COORDINATED_UNIVERSAL_TIME_OFFSET(0,0,.BEHIND.);
#7245=COORDINATED_UNIVERSAL_TIME_OFFSET(0,0,.BEHIND.);
#7246=COORDINATED_UNIVERSAL_TIME_OFFSET(0,0,.BEHIND.);
#7247=COORDINATED_UNIVERSAL_TIME_OFFSET(0,0,.BEHIND.);
#7248=COORDINATED_UNIVERSAL_TIME_OFFSET(0,0,.BEHIND.);
#7249=COORDINATED_UNIVERSAL_TIME_OFFSET(0,0,.BEHIND.);
#7250=AXIS2_PLACEMENT_3D('placement',#10220,#8083,#8084);
#7251=AXIS2_PLACEMENT_3D('placement',#10221,#8085,#8086);
#7252=AXIS2_PLACEMENT_3D('',#10222,#8087,#8088);
#7253=AXIS2_PLACEMENT_3D('',#10224,#8089,#8090);
#7254=AXIS2_PLACEMENT_3D('',#10228,#8092,#8093);
#7255=AXIS2_PLACEMENT_3D('',#10229,#8094,#8095);
#7256=AXIS2_PLACEMENT_3D('',#10230,#8096,#8097);
#7257=AXIS2_PLACEMENT_3D('',#10233,#8099,#8100);
#7258=AXIS2_PLACEMENT_3D('',#10277,#8101,#8102);
#7259=AXIS2_PLACEMENT_3D('',#10287,#8107,#8108);
#7260=AXIS2_PLACEMENT_3D('',#10288,#8109,#8110);
#7261=AXIS2_PLACEMENT_3D('',#10290,#8111,#8112);
#7262=AXIS2_PLACEMENT_3D('',#10292,#8114,#8115);
#7263=AXIS2_PLACEMENT_3D('',#10293,#8116,#8117);
#7264=AXIS2_PLACEMENT_3D('',#10295,#8118,#8119);
#7265=AXIS2_PLACEMENT_3D('',#10298,#8121,#8122);
#7266=AXIS2_PLACEMENT_3D('',#10300,#8124,#8125);
#7267=AXIS2_PLACEMENT_3D('',#10302,#8126,#8127);
#7268=AXIS2_PLACEMENT_3D('',#10305,#8129,#8130);
#7269=AXIS2_PLACEMENT_3D('',#10307,#8131,#8132);
#7270=AXIS2_PLACEMENT_3D('',#10309,#8134,#8135);
#7271=AXIS2_PLACEMENT_3D('',#10311,#8136,#8137);
#7272=AXIS2_PLACEMENT_3D('',#10314,#8139,#8140);
#7273=AXIS2_PLACEMENT_3D('',#10316,#8141,#8142);
#7274=AXIS2_PLACEMENT_3D('',#10318,#8144,#8145);
#7275=AXIS2_PLACEMENT_3D('',#10320,#8146,#8147);
#7276=AXIS2_PLACEMENT_3D('',#10323,#8149,#8150);
#7277=AXIS2_PLACEMENT_3D('',#10325,#8151,#8152);
#7278=AXIS2_PLACEMENT_3D('',#10327,#8154,#8155);
#7279=AXIS2_PLACEMENT_3D('',#10329,#8156,#8157);
#7280=AXIS2_PLACEMENT_3D('',#10332,#8159,#8160);
#7281=AXIS2_PLACEMENT_3D('',#10334,#8161,#8162);
#7282=AXIS2_PLACEMENT_3D('',#10336,#8164,#8165);
#7283=AXIS2_PLACEMENT_3D('',#10338,#8166,#8167);
#7284=AXIS2_PLACEMENT_3D('',#10341,#8169,#8170);
#7285=AXIS2_PLACEMENT_3D('',#10343,#8171,#8172);
#7286=AXIS2_PLACEMENT_3D('',#10345,#8174,#8175);
#7287=AXIS2_PLACEMENT_3D('',#10347,#8176,#8177);
#7288=AXIS2_PLACEMENT_3D('',#10350,#8179,#8180);
#7289=AXIS2_PLACEMENT_3D('',#10352,#8181,#8182);
#7290=AXIS2_PLACEMENT_3D('',#10354,#8184,#8185);
#7291=AXIS2_PLACEMENT_3D('',#10360,#8189,#8190);
#7292=AXIS2_PLACEMENT_3D('',#10364,#8193,#8194);
#7293=AXIS2_PLACEMENT_3D('',#10368,#8197,#8198);
#7294=AXIS2_PLACEMENT_3D('',#10370,#8200,#8201);
#7295=AXIS2_PLACEMENT_3D('placement',#10371,#8202,#8203);
#7296=AXIS2_PLACEMENT_3D('',#10372,#8204,#8205);
#7297=AXIS2_PLACEMENT_3D('',#10374,#8206,#8207);
#7298=AXIS2_PLACEMENT_3D('',#10377,#8209,#8210);
#7299=AXIS2_PLACEMENT_3D('',#10378,#8211,#8212);
#7300=AXIS2_PLACEMENT_3D('',#10380,#8213,#8214);
#7301=AXIS2_PLACEMENT_3D('',#10383,#8216,#8217);
#7302=AXIS2_PLACEMENT_3D('',#10384,#8218,#8219);
#7303=AXIS2_PLACEMENT_3D('',#10386,#8220,#8221);
#7304=AXIS2_PLACEMENT_3D('',#10389,#8223,#8224);
#7305=AXIS2_PLACEMENT_3D('',#10390,#8225,#8226);
#7306=AXIS2_PLACEMENT_3D('',#10392,#8227,#8228);
#7307=AXIS2_PLACEMENT_3D('',#10395,#8230,#8231);
#7308=AXIS2_PLACEMENT_3D('',#10396,#8232,#8233);
#7309=AXIS2_PLACEMENT_3D('',#10399,#8235,#8236);
#7310=AXIS2_PLACEMENT_3D('',#10400,#8237,#8238);
#7311=AXIS2_PLACEMENT_3D('',#10402,#8239,#8240);
#7312=AXIS2_PLACEMENT_3D('',#10405,#8242,#8243);
#7313=AXIS2_PLACEMENT_3D('',#10406,#8244,#8245);
#7314=AXIS2_PLACEMENT_3D('',#10409,#8247,#8248);
#7315=AXIS2_PLACEMENT_3D('',#10410,#8249,#8250);
#7316=AXIS2_PLACEMENT_3D('',#10419,#8255,#8256);
#7317=AXIS2_PLACEMENT_3D('',#10425,#8260,#8261);
#7318=AXIS2_PLACEMENT_3D('',#10429,#8264,#8265);
#7319=AXIS2_PLACEMENT_3D('',#10433,#8268,#8269);
#7320=AXIS2_PLACEMENT_3D('',#10435,#8271,#8272);
#7321=AXIS2_PLACEMENT_3D('placement',#10436,#8273,#8274);
#7322=AXIS2_PLACEMENT_3D('',#10437,#8275,#8276);
#7323=AXIS2_PLACEMENT_3D('',#10439,#8277,#8278);
#7324=AXIS2_PLACEMENT_3D('',#10443,#8280,#8281);
#7325=AXIS2_PLACEMENT_3D('',#10444,#8282,#8283);
#7326=AXIS2_PLACEMENT_3D('',#10445,#8284,#8285);
#7327=AXIS2_PLACEMENT_3D('',#10449,#8287,#8288);
#7328=AXIS2_PLACEMENT_3D('',#10450,#8289,#8290);
#7329=AXIS2_PLACEMENT_3D('',#10451,#8291,#8292);
#7330=AXIS2_PLACEMENT_3D('',#10452,#8293,#8294);
#7331=AXIS2_PLACEMENT_3D('',#10455,#8295,#8296);
#7332=AXIS2_PLACEMENT_3D('',#10456,#8297,#8298);
#7333=AXIS2_PLACEMENT_3D('',#10457,#8299,#8300);
#7334=AXIS2_PLACEMENT_3D('',#10458,#8301,#8302);
#7335=AXIS2_PLACEMENT_3D('',#10461,#8304,#8305);
#7336=AXIS2_PLACEMENT_3D('',#10462,#8306,#8307);
#7337=AXIS2_PLACEMENT_3D('',#10471,#8312,#8313);
#7338=AXIS2_PLACEMENT_3D('',#10477,#8317,#8318);
#7339=AXIS2_PLACEMENT_3D('',#10483,#8322,#8323);
#7340=AXIS2_PLACEMENT_3D('',#10489,#8327,#8328);
#7341=AXIS2_PLACEMENT_3D('',#10495,#8332,#8333);
#7342=AXIS2_PLACEMENT_3D('',#10498,#8336,#8337);
#7343=AXIS2_PLACEMENT_3D('',#10499,#8338,#8339);
#7344=AXIS2_PLACEMENT_3D('',#10501,#8340,#8341);
#7345=AXIS2_PLACEMENT_3D('',#10502,#8342,#8343);
#7346=AXIS2_PLACEMENT_3D('placement',#10504,#8345,#8346);
#7347=AXIS2_PLACEMENT_3D('',#10505,#8347,#8348);
#7348=AXIS2_PLACEMENT_3D('',#10507,#8349,#8350);
#7349=AXIS2_PLACEMENT_3D('',#10509,#8351,#8352);
#7350=AXIS2_PLACEMENT_3D('',#10511,#8353,#8354);
#7351=AXIS2_PLACEMENT_3D('',#10512,#8355,#8356);
#7352=AXIS2_PLACEMENT_3D('',#10513,#8357,#8358);
#7353=AXIS2_PLACEMENT_3D('',#10516,#8359,#8360);
#7354=AXIS2_PLACEMENT_3D('',#10517,#8361,#8362);
#7355=AXIS2_PLACEMENT_3D('',#10519,#8364,#8365);
#7356=AXIS2_PLACEMENT_3D('',#10521,#8366,#8367);
#7357=AXIS2_PLACEMENT_3D('',#10522,#8368,#8369);
#7358=AXIS2_PLACEMENT_3D('',#10524,#8370,#8371);
#7359=AXIS2_PLACEMENT_3D('',#10526,#8373,#8374);
#7360=AXIS2_PLACEMENT_3D('',#10527,#8375,#8376);
#7361=AXIS2_PLACEMENT_3D('',#10530,#8377,#8378);
#7362=AXIS2_PLACEMENT_3D('',#10531,#8379,#8380);
#7363=AXIS2_PLACEMENT_3D('',#10533,#8381,#8382);
#7364=AXIS2_PLACEMENT_3D('',#10534,#8383,#8384);
#7365=AXIS2_PLACEMENT_3D('',#10535,#8385,#8386);
#7366=AXIS2_PLACEMENT_3D('',#10548,#8393,#8394);
#7367=AXIS2_PLACEMENT_3D('',#10550,#8396,#8397);
#7368=AXIS2_PLACEMENT_3D('',#10558,#8400,#8401);
#7369=AXIS2_PLACEMENT_3D('',#10564,#8403,#8404);
#7370=AXIS2_PLACEMENT_3D('',#10570,#8406,#8407);
#7371=AXIS2_PLACEMENT_3D('',#10576,#8409,#8410);
#7372=AXIS2_PLACEMENT_3D('',#10586,#8412,#8413);
#7373=AXIS2_PLACEMENT_3D('',#10590,#8414,#8415);
#7374=AXIS2_PLACEMENT_3D('placement',#10593,#8417,#8418);
#7375=AXIS2_PLACEMENT_3D('',#10594,#8419,#8420);
#7376=AXIS2_PLACEMENT_3D('',#10597,#8421,#8422);
#7377=AXIS2_PLACEMENT_3D('',#10598,#8423,#8424);
#7378=AXIS2_PLACEMENT_3D('',#10601,#8426,#8427);
#7379=AXIS2_PLACEMENT_3D('',#10602,#8428,#8429);
#7380=AXIS2_PLACEMENT_3D('',#10605,#8431,#8432);
#7381=AXIS2_PLACEMENT_3D('',#10606,#8433,#8434);
#7382=AXIS2_PLACEMENT_3D('',#10608,#8435,#8436);
#7383=AXIS2_PLACEMENT_3D('',#10609,#8437,#8438);
#7384=AXIS2_PLACEMENT_3D('',#10612,#8440,#8441);
#7385=AXIS2_PLACEMENT_3D('',#10613,#8442,#8443);
#7386=AXIS2_PLACEMENT_3D('',#10615,#8444,#8445);
#7387=AXIS2_PLACEMENT_3D('',#10616,#8446,#8447);
#7388=AXIS2_PLACEMENT_3D('',#10618,#8448,#8449);
#7389=AXIS2_PLACEMENT_3D('',#10621,#8451,#8452);
#7390=AXIS2_PLACEMENT_3D('',#10622,#8453,#8454);
#7391=AXIS2_PLACEMENT_3D('',#10624,#8456,#8457);
#7392=AXIS2_PLACEMENT_3D('',#10626,#8458,#8459);
#7393=AXIS2_PLACEMENT_3D('',#10627,#8460,#8461);
#7394=AXIS2_PLACEMENT_3D('',#10629,#8462,#8463);
#7395=AXIS2_PLACEMENT_3D('',#10632,#8465,#8466);
#7396=AXIS2_PLACEMENT_3D('',#10634,#8468,#8469);
#7397=AXIS2_PLACEMENT_3D('',#10636,#8470,#8471);
#7398=AXIS2_PLACEMENT_3D('',#10639,#8473,#8474);
#7399=AXIS2_PLACEMENT_3D('',#10640,#8475,#8476);
#7400=AXIS2_PLACEMENT_3D('',#10642,#8478,#8479);
#7401=AXIS2_PLACEMENT_3D('placement',#10643,#8480,#8481);
#7402=AXIS2_PLACEMENT_3D('',#10644,#8482,#8483);
#7403=AXIS2_PLACEMENT_3D('',#10646,#8484,#8485);
#7404=AXIS2_PLACEMENT_3D('',#10649,#8487,#8488);
#7405=AXIS2_PLACEMENT_3D('',#10650,#8489,#8490);
#7406=AXIS2_PLACEMENT_3D('',#10653,#8491,#8492);
#7407=AXIS2_PLACEMENT_3D('',#10654,#8493,#8494);
#7408=AXIS2_PLACEMENT_3D('',#10656,#8496,#8497);
#7409=AXIS2_PLACEMENT_3D('',#10658,#8498,#8499);
#7410=AXIS2_PLACEMENT_3D('',#10659,#8500,#8501);
#7411=AXIS2_PLACEMENT_3D('',#10661,#8502,#8503);
#7412=AXIS2_PLACEMENT_3D('',#10663,#8505,#8506);
#7413=AXIS2_PLACEMENT_3D('',#10665,#8507,#8508);
#7414=AXIS2_PLACEMENT_3D('',#10666,#8509,#8510);
#7415=AXIS2_PLACEMENT_3D('',#10692,#8512,#8513);
#7416=AXIS2_PLACEMENT_3D('',#10718,#8515,#8516);
#7417=AXIS2_PLACEMENT_3D('',#10721,#8519,#8520);
#7418=AXIS2_PLACEMENT_3D('',#10723,#8522,#8523);
#7419=AXIS2_PLACEMENT_3D('',#10725,#8525,#8526);
#7420=AXIS2_PLACEMENT_3D('',#10727,#8528,#8529);
#7421=AXIS2_PLACEMENT_3D('',#10729,#8531,#8532);
#7422=AXIS2_PLACEMENT_3D('placement',#10730,#8533,#8534);
#7423=AXIS2_PLACEMENT_3D('',#10731,#8535,#8536);
#7424=AXIS2_PLACEMENT_3D('',#10733,#8537,#8538);
#7425=AXIS2_PLACEMENT_3D('',#10737,#8540,#8541);
#7426=AXIS2_PLACEMENT_3D('',#10738,#8542,#8543);
#7427=AXIS2_PLACEMENT_3D('',#10739,#8544,#8545);
#7428=AXIS2_PLACEMENT_3D('',#10743,#8547,#8548);
#7429=AXIS2_PLACEMENT_3D('',#10744,#8549,#8550);
#7430=AXIS2_PLACEMENT_3D('',#10745,#8551,#8552);
#7431=AXIS2_PLACEMENT_3D('',#10747,#8553,#8554);
#7432=AXIS2_PLACEMENT_3D('',#10748,#8555,#8556);
#7433=AXIS2_PLACEMENT_3D('',#10751,#8557,#8558);
#7434=AXIS2_PLACEMENT_3D('',#10752,#8559,#8560);
#7435=AXIS2_PLACEMENT_3D('',#10755,#8562,#8563);
#7436=AXIS2_PLACEMENT_3D('',#10756,#8564,#8565);
#7437=AXIS2_PLACEMENT_3D('',#10759,#8566,#8567);
#7438=AXIS2_PLACEMENT_3D('',#10761,#8569,#8570);
#7439=AXIS2_PLACEMENT_3D('',#10762,#8571,#8572);
#7440=AXIS2_PLACEMENT_3D('',#10764,#8573,#8574);
#7441=AXIS2_PLACEMENT_3D('',#10765,#8575,#8576);
#7442=AXIS2_PLACEMENT_3D('',#10768,#8577,#8578);
#7443=AXIS2_PLACEMENT_3D('',#10769,#8579,#8580);
#7444=AXIS2_PLACEMENT_3D('',#10770,#8581,#8582);
#7445=AXIS2_PLACEMENT_3D('',#10771,#8583,#8584);
#7446=AXIS2_PLACEMENT_3D('',#10774,#8585,#8586);
#7447=AXIS2_PLACEMENT_3D('',#10776,#8588,#8589);
#7448=AXIS2_PLACEMENT_3D('',#10777,#8590,#8591);
#7449=AXIS2_PLACEMENT_3D('',#10779,#8592,#8593);
#7450=AXIS2_PLACEMENT_3D('',#10781,#8594,#8595);
#7451=AXIS2_PLACEMENT_3D('',#10782,#8596,#8597);
#7452=AXIS2_PLACEMENT_3D('',#10783,#8598,#8599);
#7453=AXIS2_PLACEMENT_3D('',#10787,#8601,#8602);
#7454=AXIS2_PLACEMENT_3D('',#10788,#8603,#8604);
#7455=AXIS2_PLACEMENT_3D('',#10789,#8605,#8606);
#7456=AXIS2_PLACEMENT_3D('',#10791,#8607,#8608);
#7457=AXIS2_PLACEMENT_3D('',#10793,#8609,#8610);
#7458=AXIS2_PLACEMENT_3D('',#10794,#8611,#8612);
#7459=AXIS2_PLACEMENT_3D('',#10795,#8613,#8614);
#7460=AXIS2_PLACEMENT_3D('',#10798,#8615,#8616);
#7461=AXIS2_PLACEMENT_3D('',#10800,#8618,#8619);
#7462=AXIS2_PLACEMENT_3D('',#10801,#8620,#8621);
#7463=AXIS2_PLACEMENT_3D('',#10802,#8622,#8623);
#7464=AXIS2_PLACEMENT_3D('',#10803,#8624,#8625);
#7465=AXIS2_PLACEMENT_3D('',#10806,#8627,#8628);
#7466=AXIS2_PLACEMENT_3D('',#10807,#8629,#8630);
#7467=AXIS2_PLACEMENT_3D('',#10809,#8631,#8632);
#7468=AXIS2_PLACEMENT_3D('',#10810,#8633,#8634);
#7469=AXIS2_PLACEMENT_3D('',#10813,#8636,#8637);
#7470=AXIS2_PLACEMENT_3D('',#10814,#8638,#8639);
#7471=AXIS2_PLACEMENT_3D('',#10816,#8640,#8641);
#7472=AXIS2_PLACEMENT_3D('',#10817,#8642,#8643);
#7473=AXIS2_PLACEMENT_3D('',#10820,#8645,#8646);
#7474=AXIS2_PLACEMENT_3D('',#10821,#8647,#8648);
#7475=AXIS2_PLACEMENT_3D('',#10823,#8649,#8650);
#7476=AXIS2_PLACEMENT_3D('',#10824,#8651,#8652);
#7477=AXIS2_PLACEMENT_3D('placement',#10826,#8654,#8655);
#7478=AXIS2_PLACEMENT_3D('',#10827,#8656,#8657);
#7479=AXIS2_PLACEMENT_3D('',#10830,#8658,#8659);
#7480=AXIS2_PLACEMENT_3D('',#10834,#8661,#8662);
#7481=AXIS2_PLACEMENT_3D('',#10836,#8664,#8665);
#7482=AXIS2_PLACEMENT_3D('',#10839,#8666,#8667);
#7483=AXIS2_PLACEMENT_3D('',#10843,#8669,#8670);
#7484=AXIS2_PLACEMENT_3D('',#10845,#8672,#8673);
#7485=AXIS2_PLACEMENT_3D('',#10847,#8674,#8675);
#7486=AXIS2_PLACEMENT_3D('',#10850,#8677,#8678);
#7487=AXIS2_PLACEMENT_3D('',#10851,#8679,#8680);
#7488=AXIS2_PLACEMENT_3D('',#10853,#8681,#8682);
#7489=AXIS2_PLACEMENT_3D('',#10856,#8684,#8685);
#7490=AXIS2_PLACEMENT_3D('',#10857,#8686,#8687);
#7491=AXIS2_PLACEMENT_3D('',#10859,#8688,#8689);
#7492=AXIS2_PLACEMENT_3D('',#10862,#8691,#8692);
#7493=AXIS2_PLACEMENT_3D('',#10863,#8693,#8694);
#7494=AXIS2_PLACEMENT_3D('',#10869,#8698,#8699);
#7495=AXIS2_PLACEMENT_3D('',#10870,#8700,#8701);
#7496=AXIS2_PLACEMENT_3D('',#10871,#8702,#8703);
#7497=AXIS2_PLACEMENT_3D('',#10872,#8704,#8705);
#7498=AXIS2_PLACEMENT_3D('',#10874,#8706,#8707);
#7499=AXIS2_PLACEMENT_3D('',#10876,#8708,#8709);
#7500=AXIS2_PLACEMENT_3D('',#10878,#8711,#8712);
#7501=AXIS2_PLACEMENT_3D('',#10880,#8713,#8714);
#7502=AXIS2_PLACEMENT_3D('',#10882,#8716,#8717);
#7503=AXIS2_PLACEMENT_3D('',#10884,#8718,#8719);
#7504=AXIS2_PLACEMENT_3D('',#10886,#8721,#8722);
#7505=AXIS2_PLACEMENT_3D('',#10888,#8724,#8725);
#7506=AXIS2_PLACEMENT_3D('placement',#10889,#8726,#8727);
#7507=AXIS2_PLACEMENT_3D('',#10890,#8728,#8729);
#7508=AXIS2_PLACEMENT_3D('',#10892,#8730,#8731);
#7509=AXIS2_PLACEMENT_3D('',#10894,#8732,#8733);
#7510=AXIS2_PLACEMENT_3D('',#10895,#8734,#8735);
#7511=AXIS2_PLACEMENT_3D('',#10897,#8736,#8737);
#7512=AXIS2_PLACEMENT_3D('',#10899,#8738,#8739);
#7513=AXIS2_PLACEMENT_3D('',#10900,#8740,#8741);
#7514=AXIS2_PLACEMENT_3D('',#10902,#8743,#8744);
#7515=AXIS2_PLACEMENT_3D('',#10904,#8746,#8747);
#7516=AXIS2_PLACEMENT_3D('',#10906,#8748,#8749);
#7517=AXIS2_PLACEMENT_3D('',#10908,#8750,#8751);
#7518=AXIS2_PLACEMENT_3D('',#10909,#8752,#8753);
#7519=AXIS2_PLACEMENT_3D('',#10911,#8754,#8755);
#7520=AXIS2_PLACEMENT_3D('',#10913,#8756,#8757);
#7521=AXIS2_PLACEMENT_3D('',#10914,#8758,#8759);
#7522=AXIS2_PLACEMENT_3D('',#10916,#8761,#8762);
#7523=AXIS2_PLACEMENT_3D('',#10919,#8764,#8765);
#7524=AXIS2_PLACEMENT_3D('',#10920,#8766,#8767);
#7525=AXIS2_PLACEMENT_3D('',#10922,#8768,#8769);
#7526=AXIS2_PLACEMENT_3D('',#10924,#8770,#8771);
#7527=AXIS2_PLACEMENT_3D('',#10925,#8772,#8773);
#7528=AXIS2_PLACEMENT_3D('',#10927,#8774,#8775);
#7529=AXIS2_PLACEMENT_3D('',#10929,#8776,#8777);
#7530=AXIS2_PLACEMENT_3D('',#10930,#8778,#8779);
#7531=AXIS2_PLACEMENT_3D('',#10932,#8781,#8782);
#7532=AXIS2_PLACEMENT_3D('',#10934,#8783,#8784);
#7533=AXIS2_PLACEMENT_3D('',#10936,#8786,#8787);
#7534=AXIS2_PLACEMENT_3D('',#10937,#8788,#8789);
#7535=AXIS2_PLACEMENT_3D('',#10939,#8790,#8791);
#7536=AXIS2_PLACEMENT_3D('',#10941,#8793,#8794);
#7537=AXIS2_PLACEMENT_3D('',#10944,#8796,#8797);
#7538=AXIS2_PLACEMENT_3D('',#10945,#8798,#8799);
#7539=AXIS2_PLACEMENT_3D('placement',#10946,#8800,#8801);
#7540=AXIS2_PLACEMENT_3D('',#10947,#8802,#8803);
#7541=AXIS2_PLACEMENT_3D('',#10949,#8804,#8805);
#7542=AXIS2_PLACEMENT_3D('',#10952,#8807,#8808);
#7543=AXIS2_PLACEMENT_3D('',#10953,#8809,#8810);
#7544=AXIS2_PLACEMENT_3D('',#10955,#8811,#8812);
#7545=AXIS2_PLACEMENT_3D('',#10956,#8813,#8814);
#7546=AXIS2_PLACEMENT_3D('',#10958,#8815,#8816);
#7547=AXIS2_PLACEMENT_3D('',#10960,#8818,#8819);
#7548=AXIS2_PLACEMENT_3D('',#10963,#8820,#8821);
#7549=AXIS2_PLACEMENT_3D('',#10964,#8822,#8823);
#7550=AXIS2_PLACEMENT_3D('',#10966,#8825,#8826);
#7551=AXIS2_PLACEMENT_3D('',#10969,#8827,#8828);
#7552=AXIS2_PLACEMENT_3D('',#10970,#8829,#8830);
#7553=AXIS2_PLACEMENT_3D('',#10972,#8832,#8833);
#7554=AXIS2_PLACEMENT_3D('',#10974,#8834,#8835);
#7555=AXIS2_PLACEMENT_3D('',#10976,#8837,#8838);
#7556=AXIS2_PLACEMENT_3D('',#10978,#8839,#8840);
#7557=AXIS2_PLACEMENT_3D('',#10979,#8841,#8842);
#7558=AXIS2_PLACEMENT_3D('placement',#10981,#8844,#8845);
#7559=AXIS2_PLACEMENT_3D('',#10982,#8846,#8847);
#7560=AXIS2_PLACEMENT_3D('',#10984,#8848,#8849);
#7561=AXIS2_PLACEMENT_3D('',#10986,#8850,#8851);
#7562=AXIS2_PLACEMENT_3D('',#10988,#8852,#8853);
#7563=AXIS2_PLACEMENT_3D('',#10989,#8854,#8855);
#7564=AXIS2_PLACEMENT_3D('',#10990,#8856,#8857);
#7565=AXIS2_PLACEMENT_3D('',#10993,#8858,#8859);
#7566=AXIS2_PLACEMENT_3D('',#10994,#8860,#8861);
#7567=AXIS2_PLACEMENT_3D('',#10996,#8863,#8864);
#7568=AXIS2_PLACEMENT_3D('',#10998,#8865,#8866);
#7569=AXIS2_PLACEMENT_3D('',#10999,#8867,#8868);
#7570=AXIS2_PLACEMENT_3D('',#11001,#8869,#8870);
#7571=AXIS2_PLACEMENT_3D('',#11003,#8872,#8873);
#7572=AXIS2_PLACEMENT_3D('',#11004,#8874,#8875);
#7573=AXIS2_PLACEMENT_3D('',#11007,#8876,#8877);
#7574=AXIS2_PLACEMENT_3D('',#11008,#8878,#8879);
#7575=AXIS2_PLACEMENT_3D('',#11010,#8880,#8881);
#7576=AXIS2_PLACEMENT_3D('',#11011,#8882,#8883);
#7577=AXIS2_PLACEMENT_3D('',#11012,#8884,#8885);
#7578=AXIS2_PLACEMENT_3D('',#11025,#8892,#8893);
#7579=AXIS2_PLACEMENT_3D('',#11027,#8895,#8896);
#7580=AXIS2_PLACEMENT_3D('',#11035,#8899,#8900);
#7581=AXIS2_PLACEMENT_3D('',#11041,#8902,#8903);
#7582=AXIS2_PLACEMENT_3D('',#11047,#8905,#8906);
#7583=AXIS2_PLACEMENT_3D('',#11053,#8908,#8909);
#7584=AXIS2_PLACEMENT_3D('',#11063,#8911,#8912);
#7585=AXIS2_PLACEMENT_3D('',#11067,#8913,#8914);
#7586=AXIS2_PLACEMENT_3D('placement',#11070,#8916,#8917);
#7587=AXIS2_PLACEMENT_3D('',#11071,#8918,#8919);
#7588=AXIS2_PLACEMENT_3D('',#11073,#8920,#8921);
#7589=AXIS2_PLACEMENT_3D('',#11076,#8923,#8924);
#7590=AXIS2_PLACEMENT_3D('',#11078,#8925,#8926);
#7591=AXIS2_PLACEMENT_3D('',#11080,#8928,#8929);
#7592=AXIS2_PLACEMENT_3D('',#11082,#8930,#8931);
#7593=AXIS2_PLACEMENT_3D('',#11085,#8933,#8934);
#7594=AXIS2_PLACEMENT_3D('',#11087,#8935,#8936);
#7595=AXIS2_PLACEMENT_3D('',#11089,#8938,#8939);
#7596=AXIS2_PLACEMENT_3D('',#11091,#8940,#8941);
#7597=AXIS2_PLACEMENT_3D('',#11094,#8943,#8944);
#7598=AXIS2_PLACEMENT_3D('',#11096,#8945,#8946);
#7599=AXIS2_PLACEMENT_3D('',#11098,#8948,#8949);
#7600=AXIS2_PLACEMENT_3D('',#11100,#8950,#8951);
#7601=AXIS2_PLACEMENT_3D('',#11103,#8953,#8954);
#7602=AXIS2_PLACEMENT_3D('',#11105,#8955,#8956);
#7603=AXIS2_PLACEMENT_3D('',#11107,#8958,#8959);
#7604=AXIS2_PLACEMENT_3D('',#11116,#8962,#8963);
#7605=AXIS2_PLACEMENT_3D('',#11123,#8967,#8968);
#7606=AXIS2_PLACEMENT_3D('',#11132,#8971,#8972);
#7607=AXIS2_PLACEMENT_3D('',#11133,#8973,#8974);
#7608=AXIS2_PLACEMENT_3D('',#11134,#8975,#8976);
#7609=AXIS2_PLACEMENT_3D('',#11135,#8977,#8978);
#7610=AXIS2_PLACEMENT_3D('',#11142,#8982,#8983);
#7611=AXIS2_PLACEMENT_3D('',#11148,#8987,#8988);
#7612=AXIS2_PLACEMENT_3D('',#11150,#8989,#8990);
#7613=AXIS2_PLACEMENT_3D('',#11153,#8992,#8993);
#7614=AXIS2_PLACEMENT_3D('',#11154,#8994,#8995);
#7615=AXIS2_PLACEMENT_3D('',#11160,#8999,#9000);
#7616=AXIS2_PLACEMENT_3D('',#11162,#9001,#9002);
#7617=AXIS2_PLACEMENT_3D('',#11165,#9004,#9005);
#7618=AXIS2_PLACEMENT_3D('',#11166,#9006,#9007);
#7619=AXIS2_PLACEMENT_3D('',#11169,#9010,#9011);
#7620=AXIS2_PLACEMENT_3D('',#11176,#9015,#9016);
#7621=AXIS2_PLACEMENT_3D('',#11183,#9020,#9021);
#7622=AXIS2_PLACEMENT_3D('',#11189,#9025,#9026);
#7623=AXIS2_PLACEMENT_3D('',#11191,#9027,#9028);
#7624=AXIS2_PLACEMENT_3D('',#11194,#9030,#9031);
#7625=AXIS2_PLACEMENT_3D('',#11195,#9032,#9033);
#7626=AXIS2_PLACEMENT_3D('',#11201,#9037,#9038);
#7627=AXIS2_PLACEMENT_3D('',#11203,#9039,#9040);
#7628=AXIS2_PLACEMENT_3D('',#11206,#9042,#9043);
#7629=AXIS2_PLACEMENT_3D('',#11207,#9044,#9045);
#7630=AXIS2_PLACEMENT_3D('',#11210,#9048,#9049);
#7631=AXIS2_PLACEMENT_3D('',#11213,#9052,#9053);
#7632=AXIS2_PLACEMENT_3D('',#11216,#9056,#9057);
#7633=AXIS2_PLACEMENT_3D('',#11219,#9060,#9061);
#7634=AXIS2_PLACEMENT_3D('',#11222,#9064,#9065);
#7635=AXIS2_PLACEMENT_3D('',#11225,#9068,#9069);
#7636=AXIS2_PLACEMENT_3D('',#11231,#9073,#9074);
#7637=AXIS2_PLACEMENT_3D('',#11235,#9076,#9077);
#7638=AXIS2_PLACEMENT_3D('',#11237,#9078,#9079);
#7639=AXIS2_PLACEMENT_3D('',#11238,#9080,#9081);
#7640=AXIS2_PLACEMENT_3D('',#11239,#9082,#9083);
#7641=AXIS2_PLACEMENT_3D('',#11242,#9086,#9087);
#7642=AXIS2_PLACEMENT_3D('',#11243,#9088,#9089);
#7643=AXIS2_PLACEMENT_3D('',#11244,#9090,#9091);
#7644=AXIS2_PLACEMENT_3D('',#11246,#9093,#9094);
#7645=AXIS2_PLACEMENT_3D('',#11247,#9095,#9096);
#7646=AXIS2_PLACEMENT_3D('',#11248,#9097,#9098);
#7647=AXIS2_PLACEMENT_3D('',#11249,#9099,#9100);
#7648=AXIS2_PLACEMENT_3D('',#11251,#9102,#9103);
#7649=AXIS2_PLACEMENT_3D('',#11253,#9105,#9106);
#7650=AXIS2_PLACEMENT_3D('',#11255,#9108,#9109);
#7651=AXIS2_PLACEMENT_3D('',#11257,#9110,#9111);
#7652=AXIS2_PLACEMENT_3D('',#11258,#9112,#9113);
#7653=AXIS2_PLACEMENT_3D('placement',#11259,#9114,#9115);
#7654=AXIS2_PLACEMENT_3D('',#11260,#9116,#9117);
#7655=AXIS2_PLACEMENT_3D('',#11262,#9118,#9119);
#7656=AXIS2_PLACEMENT_3D('',#11265,#9121,#9122);
#7657=AXIS2_PLACEMENT_3D('',#11266,#9123,#9124);
#7658=AXIS2_PLACEMENT_3D('',#11268,#9125,#9126);
#7659=AXIS2_PLACEMENT_3D('',#11271,#9128,#9129);
#7660=AXIS2_PLACEMENT_3D('',#11272,#9130,#9131);
#7661=AXIS2_PLACEMENT_3D('',#11274,#9132,#9133);
#7662=AXIS2_PLACEMENT_3D('',#11277,#9135,#9136);
#7663=AXIS2_PLACEMENT_3D('',#11278,#9137,#9138);
#7664=AXIS2_PLACEMENT_3D('',#11285,#9142,#9143);
#7665=AXIS2_PLACEMENT_3D('',#11292,#9147,#9148);
#7666=AXIS2_PLACEMENT_3D('',#11299,#9152,#9153);
#7667=AXIS2_PLACEMENT_3D('',#11302,#9156,#9157);
#7668=AXIS2_PLACEMENT_3D('',#11311,#9160,#9161);
#7669=AXIS2_PLACEMENT_3D('',#11318,#9165,#9166);
#7670=AXIS2_PLACEMENT_3D('',#11321,#9169,#9170);
#7671=AXIS2_PLACEMENT_3D('',#11324,#9173,#9174);
#7672=AXIS2_PLACEMENT_3D('',#11333,#9177,#9178);
#7673=AXIS2_PLACEMENT_3D('',#11342,#9181,#9182);
#7674=AXIS2_PLACEMENT_3D('',#11345,#9185,#9186);
#7675=AXIS2_PLACEMENT_3D('',#11347,#9187,#9188);
#7676=AXIS2_PLACEMENT_3D('',#11350,#9190,#9191);
#7677=AXIS2_PLACEMENT_3D('',#11351,#9192,#9193);
#7678=AXIS2_PLACEMENT_3D('',#11355,#9195,#9196);
#7679=AXIS2_PLACEMENT_3D('',#11356,#9197,#9198);
#7680=AXIS2_PLACEMENT_3D('',#11357,#9199,#9200);
#7681=AXIS2_PLACEMENT_3D('',#11358,#9201,#9202);
#7682=AXIS2_PLACEMENT_3D('',#11359,#9203,#9204);
#7683=AXIS2_PLACEMENT_3D('',#11360,#9205,#9206);
#7684=AXIS2_PLACEMENT_3D('',#11369,#9209,#9210);
#7685=AXIS2_PLACEMENT_3D('',#11371,#9211,#9212);
#7686=AXIS2_PLACEMENT_3D('',#11374,#9214,#9215);
#7687=AXIS2_PLACEMENT_3D('',#11375,#9216,#9217);
#7688=AXIS2_PLACEMENT_3D('',#11379,#9219,#9220);
#7689=AXIS2_PLACEMENT_3D('',#11380,#9221,#9222);
#7690=AXIS2_PLACEMENT_3D('',#11381,#9223,#9224);
#7691=AXIS2_PLACEMENT_3D('',#11382,#9225,#9226);
#7692=AXIS2_PLACEMENT_3D('',#11383,#9227,#9228);
#7693=AXIS2_PLACEMENT_3D('',#11384,#9229,#9230);
#7694=AXIS2_PLACEMENT_3D('',#11388,#9232,#9233);
#7695=AXIS2_PLACEMENT_3D('',#11390,#9235,#9236);
#7696=AXIS2_PLACEMENT_3D('',#11393,#9238,#9239);
#7697=AXIS2_PLACEMENT_3D('',#11394,#9240,#9241);
#7698=AXIS2_PLACEMENT_3D('',#11397,#9243,#9244);
#7699=AXIS2_PLACEMENT_3D('',#11398,#9245,#9246);
#7700=AXIS2_PLACEMENT_3D('',#11406,#9251,#9252);
#7701=AXIS2_PLACEMENT_3D('',#11407,#9253,#9254);
#7702=AXIS2_PLACEMENT_3D('',#11408,#9255,#9256);
#7703=AXIS2_PLACEMENT_3D('',#11409,#9257,#9258);
#7704=AXIS2_PLACEMENT_3D('',#11412,#9260,#9261);
#7705=AXIS2_PLACEMENT_3D('',#11413,#9262,#9263);
#7706=AXIS2_PLACEMENT_3D('',#11417,#9265,#9266);
#7707=AXIS2_PLACEMENT_3D('',#11419,#9268,#9269);
#7708=AXIS2_PLACEMENT_3D('',#11423,#9272,#9273);
#7709=AXIS2_PLACEMENT_3D('',#11427,#9276,#9277);
#7710=AXIS2_PLACEMENT_3D('',#11429,#9279,#9280);
#7711=AXIS2_PLACEMENT_3D('',#11430,#9281,#9282);
#7712=AXIS2_PLACEMENT_3D('',#11431,#9283,#9284);
#7713=AXIS2_PLACEMENT_3D('placement',#11432,#9285,#9286);
#7714=AXIS2_PLACEMENT_3D('',#11433,#9287,#9288);
#7715=AXIS2_PLACEMENT_3D('',#11435,#9289,#9290);
#7716=AXIS2_PLACEMENT_3D('',#11438,#9292,#9293);
#7717=AXIS2_PLACEMENT_3D('',#11439,#9294,#9295);
#7718=AXIS2_PLACEMENT_3D('',#11441,#9296,#9297);
#7719=AXIS2_PLACEMENT_3D('',#11442,#9298,#9299);
#7720=AXIS2_PLACEMENT_3D('',#11444,#9300,#9301);
#7721=AXIS2_PLACEMENT_3D('',#11445,#9302,#9303);
#7722=AXIS2_PLACEMENT_3D('',#11447,#9304,#9305);
#7723=AXIS2_PLACEMENT_3D('',#11450,#9307,#9308);
#7724=AXIS2_PLACEMENT_3D('',#11451,#9309,#9310);
#7725=AXIS2_PLACEMENT_3D('',#11453,#9311,#9312);
#7726=AXIS2_PLACEMENT_3D('',#11454,#9313,#9314);
#7727=AXIS2_PLACEMENT_3D('',#11456,#9315,#9316);
#7728=AXIS2_PLACEMENT_3D('',#11457,#9317,#9318);
#7729=AXIS2_PLACEMENT_3D('',#11461,#9320,#9321);
#7730=AXIS2_PLACEMENT_3D('',#11462,#9322,#9323);
#7731=AXIS2_PLACEMENT_3D('',#11463,#9324,#9325);
#7732=AXIS2_PLACEMENT_3D('',#11465,#9327,#9328);
#7733=AXIS2_PLACEMENT_3D('',#11467,#9329,#9330);
#7734=AXIS2_PLACEMENT_3D('',#11469,#9332,#9333);
#7735=AXIS2_PLACEMENT_3D('',#11472,#9334,#9335);
#7736=AXIS2_PLACEMENT_3D('',#11473,#9336,#9337);
#7737=AXIS2_PLACEMENT_3D('',#11475,#9339,#9340);
#7738=AXIS2_PLACEMENT_3D('',#11476,#9341,#9342);
#7739=AXIS2_PLACEMENT_3D('',#11478,#9343,#9344);
#7740=AXIS2_PLACEMENT_3D('',#11480,#9346,#9347);
#7741=AXIS2_PLACEMENT_3D('placement',#11481,#9348,#9349);
#7742=AXIS2_PLACEMENT_3D('',#11482,#9350,#9351);
#7743=AXIS2_PLACEMENT_3D('',#11487,#9353,#9354);
#7744=AXIS2_PLACEMENT_3D('',#11490,#9356,#9357);
#7745=AXIS2_PLACEMENT_3D('',#11491,#9358,#9359);
#7746=AXIS2_PLACEMENT_3D('',#11496,#9361,#9362);
#7747=AXIS2_PLACEMENT_3D('',#11499,#9364,#9365);
#7748=AXIS2_PLACEMENT_3D('',#11500,#9366,#9367);
#7749=AXIS2_PLACEMENT_3D('',#11505,#9369,#9370);
#7750=AXIS2_PLACEMENT_3D('',#11508,#9372,#9373);
#7751=AXIS2_PLACEMENT_3D('',#11509,#9374,#9375);
#7752=AXIS2_PLACEMENT_3D('',#11512,#9376,#9377);
#7753=AXIS2_PLACEMENT_3D('',#11516,#9379,#9380);
#7754=AXIS2_PLACEMENT_3D('',#11518,#9382,#9383);
#7755=AXIS2_PLACEMENT_3D('',#11520,#9384,#9385);
#7756=AXIS2_PLACEMENT_3D('',#11522,#9386,#9387);
#7757=AXIS2_PLACEMENT_3D('',#11525,#9389,#9390);
#7758=AXIS2_PLACEMENT_3D('',#11527,#9391,#9392);
#7759=AXIS2_PLACEMENT_3D('',#11531,#9394,#9395);
#7760=AXIS2_PLACEMENT_3D('',#11533,#9396,#9397);
#7761=AXIS2_PLACEMENT_3D('',#11535,#9398,#9399);
#7762=AXIS2_PLACEMENT_3D('',#11538,#9401,#9402);
#7763=AXIS2_PLACEMENT_3D('',#11540,#9403,#9404);
#7764=AXIS2_PLACEMENT_3D('',#11544,#9406,#9407);
#7765=AXIS2_PLACEMENT_3D('',#11546,#9408,#9409);
#7766=AXIS2_PLACEMENT_3D('',#11548,#9410,#9411);
#7767=AXIS2_PLACEMENT_3D('',#11551,#9413,#9414);
#7768=AXIS2_PLACEMENT_3D('',#11553,#9415,#9416);
#7769=AXIS2_PLACEMENT_3D('',#11555,#9418,#9419);
#7770=AXIS2_PLACEMENT_3D('',#11557,#9420,#9421);
#7771=AXIS2_PLACEMENT_3D('',#11560,#9423,#9424);
#7772=AXIS2_PLACEMENT_3D('',#11562,#9425,#9426);
#7773=AXIS2_PLACEMENT_3D('',#11566,#9428,#9429);
#7774=AXIS2_PLACEMENT_3D('',#11568,#9430,#9431);
#7775=AXIS2_PLACEMENT_3D('',#11570,#9432,#9433);
#7776=AXIS2_PLACEMENT_3D('',#11573,#9435,#9436);
#7777=AXIS2_PLACEMENT_3D('',#11575,#9437,#9438);
#7778=AXIS2_PLACEMENT_3D('',#11579,#9440,#9441);
#7779=AXIS2_PLACEMENT_3D('',#11581,#9442,#9443);
#7780=AXIS2_PLACEMENT_3D('',#11583,#9444,#9445);
#7781=AXIS2_PLACEMENT_3D('',#11586,#9447,#9448);
#7782=AXIS2_PLACEMENT_3D('',#11588,#9449,#9450);
#7783=AXIS2_PLACEMENT_3D('',#11591,#9452,#9453);
#7784=AXIS2_PLACEMENT_3D('',#11592,#9454,#9455);
#7785=AXIS2_PLACEMENT_3D('',#11594,#9457,#9458);
#7786=AXIS2_PLACEMENT_3D('',#11596,#9460,#9461);
#7787=AXIS2_PLACEMENT_3D('',#11597,#9462,#9463);
#7788=AXIS2_PLACEMENT_3D('',#11599,#9465,#9466);
#7789=AXIS2_PLACEMENT_3D('',#11601,#9468,#9469);
#7790=AXIS2_PLACEMENT_3D('',#11603,#9471,#9472);
#7791=AXIS2_PLACEMENT_3D('',#11605,#9474,#9475);
#7792=AXIS2_PLACEMENT_3D('',#11607,#9477,#9478);
#7793=AXIS2_PLACEMENT_3D('',#11609,#9480,#9481);
#7794=AXIS2_PLACEMENT_3D('',#11610,#9482,#9483);
#7795=AXIS2_PLACEMENT_3D('',#11612,#9485,#9486);
#7796=AXIS2_PLACEMENT_3D('',#11614,#9488,#9489);
#7797=AXIS2_PLACEMENT_3D('',#11616,#9491,#9492);
#7798=AXIS2_PLACEMENT_3D('',#11618,#9494,#9495);
#7799=AXIS2_PLACEMENT_3D('',#11620,#9497,#9498);
#7800=AXIS2_PLACEMENT_3D('',#11622,#9500,#9501);
#7801=AXIS2_PLACEMENT_3D('',#11623,#9502,#9503);
#7802=AXIS2_PLACEMENT_3D('',#11625,#9505,#9506);
#7803=AXIS2_PLACEMENT_3D('',#11627,#9508,#9509);
#7804=AXIS2_PLACEMENT_3D('placement',#11628,#9510,#9511);
#7805=AXIS2_PLACEMENT_3D('',#11629,#9512,#9513);
#7806=AXIS2_PLACEMENT_3D('',#11631,#9514,#9515);
#7807=AXIS2_PLACEMENT_3D('',#11634,#9517,#9518);
#7808=AXIS2_PLACEMENT_3D('',#11635,#9519,#9520);
#7809=AXIS2_PLACEMENT_3D('',#11638,#9522,#9523);
#7810=AXIS2_PLACEMENT_3D('',#11639,#9524,#9525);
#7811=AXIS2_PLACEMENT_3D('',#11641,#9526,#9527);
#7812=AXIS2_PLACEMENT_3D('',#11644,#9529,#9530);
#7813=AXIS2_PLACEMENT_3D('',#11645,#9531,#9532);
#7814=AXIS2_PLACEMENT_3D('',#11648,#9534,#9535);
#7815=AXIS2_PLACEMENT_3D('',#11649,#9536,#9537);
#7816=AXIS2_PLACEMENT_3D('',#11652,#9538,#9539);
#7817=AXIS2_PLACEMENT_3D('',#11656,#9541,#9542);
#7818=AXIS2_PLACEMENT_3D('',#11658,#9544,#9545);
#7819=AXIS2_PLACEMENT_3D('',#11664,#9549,#9550);
#7820=AXIS2_PLACEMENT_3D('',#11671,#9554,#9555);
#7821=AXIS2_PLACEMENT_3D('',#11672,#9556,#9557);
#7822=AXIS2_PLACEMENT_3D('',#11675,#9559,#9560);
#7823=AXIS2_PLACEMENT_3D('',#11676,#9561,#9562);
#7824=AXIS2_PLACEMENT_3D('',#11680,#9565,#9566);
#7825=AXIS2_PLACEMENT_3D('',#11683,#9567,#9568);
#7826=AXIS2_PLACEMENT_3D('',#11687,#9570,#9571);
#7827=AXIS2_PLACEMENT_3D('',#11689,#9573,#9574);
#7828=AXIS2_PLACEMENT_3D('',#11693,#9576,#9577);
#7829=AXIS2_PLACEMENT_3D('',#11699,#9581,#9582);
#7830=AXIS2_PLACEMENT_3D('',#11703,#9585,#9586);
#7831=AXIS2_PLACEMENT_3D('',#11705,#9587,#9588);
#7832=AXIS2_PLACEMENT_3D('',#11707,#9590,#9591);
#7833=AXIS2_PLACEMENT_3D('',#11711,#9594,#9595);
#7834=AXIS2_PLACEMENT_3D('',#11714,#9597,#9598);
#7835=AXIS2_PLACEMENT_3D('',#11717,#9600,#9601);
#7836=AXIS2_PLACEMENT_3D('',#11718,#9602,#9603);
#7837=AXIS2_PLACEMENT_3D('',#11719,#9604,#9605);
#7838=AXIS2_PLACEMENT_3D('',#11721,#9607,#9608);
#7839=AXIS2_PLACEMENT_3D('',#11722,#9609,#9610);
#7840=AXIS2_PLACEMENT_3D('',#11725,#9613,#9614);
#7841=AXIS2_PLACEMENT_3D('',#11727,#9616,#9617);
#7842=AXIS2_PLACEMENT_3D('',#11728,#9618,#9619);
#7843=AXIS2_PLACEMENT_3D('',#11729,#9620,#9621);
#7844=AXIS2_PLACEMENT_3D('',#11730,#9622,#9623);
#7845=AXIS2_PLACEMENT_3D('placement',#11731,#9624,#9625);
#7846=AXIS2_PLACEMENT_3D('',#11732,#9626,#9627);
#7847=AXIS2_PLACEMENT_3D('',#11734,#9628,#9629);
#7848=AXIS2_PLACEMENT_3D('',#11738,#9631,#9632);
#7849=AXIS2_PLACEMENT_3D('',#11739,#9633,#9634);
#7850=AXIS2_PLACEMENT_3D('',#11740,#9635,#9636);
#7851=AXIS2_PLACEMENT_3D('',#11744,#9638,#9639);
#7852=AXIS2_PLACEMENT_3D('',#11745,#9640,#9641);
#7853=AXIS2_PLACEMENT_3D('',#11746,#9642,#9643);
#7854=AXIS2_PLACEMENT_3D('',#11747,#9644,#9645);
#7855=AXIS2_PLACEMENT_3D('',#11750,#9646,#9647);
#7856=AXIS2_PLACEMENT_3D('',#11751,#9648,#9649);
#7857=AXIS2_PLACEMENT_3D('',#11752,#9650,#9651);
#7858=AXIS2_PLACEMENT_3D('',#11753,#9652,#9653);
#7859=AXIS2_PLACEMENT_3D('',#11756,#9655,#9656);
#7860=AXIS2_PLACEMENT_3D('',#11757,#9657,#9658);
#7861=AXIS2_PLACEMENT_3D('',#11766,#9663,#9664);
#7862=AXIS2_PLACEMENT_3D('',#11772,#9668,#9669);
#7863=AXIS2_PLACEMENT_3D('',#11778,#9673,#9674);
#7864=AXIS2_PLACEMENT_3D('',#11784,#9678,#9679);
#7865=AXIS2_PLACEMENT_3D('',#11790,#9683,#9684);
#7866=AXIS2_PLACEMENT_3D('',#11793,#9687,#9688);
#7867=AXIS2_PLACEMENT_3D('',#11794,#9689,#9690);
#7868=AXIS2_PLACEMENT_3D('',#11796,#9691,#9692);
#7869=AXIS2_PLACEMENT_3D('',#11797,#9693,#9694);
#7870=AXIS2_PLACEMENT_3D('placement',#11799,#9696,#9697);
#7871=AXIS2_PLACEMENT_3D('',#11800,#9698,#9699);
#7872=AXIS2_PLACEMENT_3D('',#11802,#9700,#9701);
#7873=AXIS2_PLACEMENT_3D('',#11804,#9702,#9703);
#7874=AXIS2_PLACEMENT_3D('',#11806,#9704,#9705);
#7875=AXIS2_PLACEMENT_3D('',#11807,#9706,#9707);
#7876=AXIS2_PLACEMENT_3D('',#11808,#9708,#9709);
#7877=AXIS2_PLACEMENT_3D('',#11811,#9710,#9711);
#7878=AXIS2_PLACEMENT_3D('',#11812,#9712,#9713);
#7879=AXIS2_PLACEMENT_3D('',#11814,#9715,#9716);
#7880=AXIS2_PLACEMENT_3D('',#11816,#9717,#9718);
#7881=AXIS2_PLACEMENT_3D('',#11817,#9719,#9720);
#7882=AXIS2_PLACEMENT_3D('',#11819,#9721,#9722);
#7883=AXIS2_PLACEMENT_3D('',#11821,#9724,#9725);
#7884=AXIS2_PLACEMENT_3D('',#11822,#9726,#9727);
#7885=AXIS2_PLACEMENT_3D('',#11825,#9728,#9729);
#7886=AXIS2_PLACEMENT_3D('',#11826,#9730,#9731);
#7887=AXIS2_PLACEMENT_3D('',#11828,#9732,#9733);
#7888=AXIS2_PLACEMENT_3D('',#11829,#9734,#9735);
#7889=AXIS2_PLACEMENT_3D('',#11830,#9736,#9737);
#7890=AXIS2_PLACEMENT_3D('',#11843,#9744,#9745);
#7891=AXIS2_PLACEMENT_3D('',#11845,#9747,#9748);
#7892=AXIS2_PLACEMENT_3D('',#11853,#9751,#9752);
#7893=AXIS2_PLACEMENT_3D('',#11859,#9754,#9755);
#7894=AXIS2_PLACEMENT_3D('',#11865,#9757,#9758);
#7895=AXIS2_PLACEMENT_3D('',#11871,#9760,#9761);
#7896=AXIS2_PLACEMENT_3D('',#11881,#9763,#9764);
#7897=AXIS2_PLACEMENT_3D('',#11885,#9765,#9766);
#7898=AXIS2_PLACEMENT_3D('placement',#11888,#9768,#9769);
#7899=AXIS2_PLACEMENT_3D('',#11889,#9770,#9771);
#7900=AXIS2_PLACEMENT_3D('',#11892,#9772,#9773);
#7901=AXIS2_PLACEMENT_3D('',#11895,#9775,#9776);
#7902=AXIS2_PLACEMENT_3D('',#11897,#9777,#9778);
#7903=AXIS2_PLACEMENT_3D('',#11898,#9779,#9780);
#7904=AXIS2_PLACEMENT_3D('',#11899,#9781,#9782);
#7905=AXIS2_PLACEMENT_3D('',#11901,#9783,#9784);
#7906=AXIS2_PLACEMENT_3D('',#11903,#9785,#9786);
#7907=AXIS2_PLACEMENT_3D('placement',#11904,#9787,#9788);
#7908=AXIS2_PLACEMENT_3D('',#11905,#9789,#9790);
#7909=AXIS2_PLACEMENT_3D('',#11907,#9791,#9792);
#7910=AXIS2_PLACEMENT_3D('',#11910,#9794,#9795);
#7911=AXIS2_PLACEMENT_3D('',#11911,#9796,#9797);
#7912=AXIS2_PLACEMENT_3D('',#11920,#9802,#9803);
#7913=AXIS2_PLACEMENT_3D('',#11929,#9808,#9809);
#7914=AXIS2_PLACEMENT_3D('',#11932,#9812,#9813);
#7915=AXIS2_PLACEMENT_3D('',#11935,#9816,#9817);
#7916=AXIS2_PLACEMENT_3D('',#11941,#9821,#9822);
#7917=AXIS2_PLACEMENT_3D('',#11945,#9825,#9826);
#7918=AXIS2_PLACEMENT_3D('',#11947,#9827,#9828);
#7919=AXIS2_PLACEMENT_3D('',#11948,#9829,#9830);
#7920=AXIS2_PLACEMENT_3D('',#11954,#9834,#9835);
#7921=AXIS2_PLACEMENT_3D('',#11958,#9838,#9839);
#7922=AXIS2_PLACEMENT_3D('',#11964,#9843,#9844);
#7923=AXIS2_PLACEMENT_3D('',#11967,#9847,#9848);
#7924=AXIS2_PLACEMENT_3D('',#11969,#9850,#9851);
#7925=AXIS2_PLACEMENT_3D('',#11970,#9852,#9853);
#7926=AXIS2_PLACEMENT_3D('',#11972,#9854,#9855);
#7927=AXIS2_PLACEMENT_3D('',#11976,#9857,#9858);
#7928=AXIS2_PLACEMENT_3D('',#11977,#9859,#9860);
#7929=AXIS2_PLACEMENT_3D('',#11978,#9861,#9862);
#7930=AXIS2_PLACEMENT_3D('',#11980,#9864,#9865);
#7931=AXIS2_PLACEMENT_3D('',#11981,#9866,#9867);
#7932=AXIS2_PLACEMENT_3D('placement',#11982,#9868,#9869);
#7933=AXIS2_PLACEMENT_3D('',#11983,#9870,#9871);
#7934=AXIS2_PLACEMENT_3D('',#11986,#9872,#9873);
#7935=AXIS2_PLACEMENT_3D('',#11987,#9874,#9875);
#7936=AXIS2_PLACEMENT_3D('',#11990,#9877,#9878);
#7937=AXIS2_PLACEMENT_3D('',#11991,#9879,#9880);
#7938=AXIS2_PLACEMENT_3D('',#11994,#9881,#9882);
#7939=AXIS2_PLACEMENT_3D('',#11995,#9883,#9884);
#7940=AXIS2_PLACEMENT_3D('',#11997,#9886,#9887);
#7941=AXIS2_PLACEMENT_3D('',#11998,#9888,#9889);
#7942=AXIS2_PLACEMENT_3D('',#12009,#9893,#9894);
#7943=AXIS2_PLACEMENT_3D('',#12021,#9897,#9898);
#7944=AXIS2_PLACEMENT_3D('',#12029,#9901,#9902);
#7945=AXIS2_PLACEMENT_3D('',#12037,#9905,#9906);
#7946=AXIS2_PLACEMENT_3D('',#12045,#9909,#9910);
#7947=AXIS2_PLACEMENT_3D('',#12050,#9912,#9913);
#7948=AXIS2_PLACEMENT_3D('',#12052,#9914,#9915);
#7949=AXIS2_PLACEMENT_3D('',#12053,#9916,#9917);
#7950=AXIS2_PLACEMENT_3D('',#12055,#9919,#9920);
#7951=AXIS2_PLACEMENT_3D('placement',#12058,#9922,#9923);
#7952=AXIS2_PLACEMENT_3D('',#12059,#9924,#9925);
#7953=AXIS2_PLACEMENT_3D('',#12061,#9926,#9927);
#7954=AXIS2_PLACEMENT_3D('',#12064,#9929,#9930);
#7955=AXIS2_PLACEMENT_3D('',#12065,#9931,#9932);
#7956=AXIS2_PLACEMENT_3D('',#12067,#9933,#9934);
#7957=AXIS2_PLACEMENT_3D('',#12070,#9936,#9937);
#7958=AXIS2_PLACEMENT_3D('',#12071,#9938,#9939);
#7959=AXIS2_PLACEMENT_3D('',#12072,#9940,#9941);
#7960=AXIS2_PLACEMENT_3D('placement',#12073,#9942,#9943);
#7961=AXIS2_PLACEMENT_3D('',#12074,#9944,#9945);
#7962=AXIS2_PLACEMENT_3D('',#12076,#9946,#9947);
#7963=AXIS2_PLACEMENT_3D('',#12078,#9948,#9949);
#7964=AXIS2_PLACEMENT_3D('',#12080,#9950,#9951);
#7965=AXIS2_PLACEMENT_3D('',#12081,#9952,#9953);
#7966=AXIS2_PLACEMENT_3D('',#12082,#9954,#9955);
#7967=AXIS2_PLACEMENT_3D('',#12085,#9956,#9957);
#7968=AXIS2_PLACEMENT_3D('',#12086,#9958,#9959);
#7969=AXIS2_PLACEMENT_3D('',#12088,#9961,#9962);
#7970=AXIS2_PLACEMENT_3D('',#12090,#9963,#9964);
#7971=AXIS2_PLACEMENT_3D('',#12091,#9965,#9966);
#7972=AXIS2_PLACEMENT_3D('',#12093,#9967,#9968);
#7973=AXIS2_PLACEMENT_3D('',#12095,#9970,#9971);
#7974=AXIS2_PLACEMENT_3D('',#12096,#9972,#9973);
#7975=AXIS2_PLACEMENT_3D('',#12099,#9974,#9975);
#7976=AXIS2_PLACEMENT_3D('',#12100,#9976,#9977);
#7977=AXIS2_PLACEMENT_3D('',#12102,#9978,#9979);
#7978=AXIS2_PLACEMENT_3D('',#12103,#9980,#9981);
#7979=AXIS2_PLACEMENT_3D('',#12104,#9982,#9983);
#7980=AXIS2_PLACEMENT_3D('',#12117,#9990,#9991);
#7981=AXIS2_PLACEMENT_3D('',#12119,#9993,#9994);
#7982=AXIS2_PLACEMENT_3D('',#12127,#9997,#9998);
#7983=AXIS2_PLACEMENT_3D('',#12133,#10000,#10001);
#7984=AXIS2_PLACEMENT_3D('',#12139,#10003,#10004);
#7985=AXIS2_PLACEMENT_3D('',#12145,#10006,#10007);
#7986=AXIS2_PLACEMENT_3D('',#12155,#10009,#10010);
#7987=AXIS2_PLACEMENT_3D('',#12159,#10011,#10012);
#7988=AXIS2_PLACEMENT_3D('placement',#12162,#10014,#10015);
#7989=AXIS2_PLACEMENT_3D('',#12235,#10016,#10017);
#7990=AXIS2_PLACEMENT_3D('',#12269,#10018,#10019);
#7991=AXIS2_PLACEMENT_3D('',#12270,#10020,#10021);
#7992=AXIS2_PLACEMENT_3D('',#12272,#10022,#10023);
#7993=AXIS2_PLACEMENT_3D('',#12274,#10024,#10025);
#7994=AXIS2_PLACEMENT_3D('',#12275,#10026,#10027);
#7995=AXIS2_PLACEMENT_3D('',#12276,#10028,#10029);
#7996=AXIS2_PLACEMENT_3D('',#12280,#10031,#10032);
#7997=AXIS2_PLACEMENT_3D('',#12281,#10033,#10034);
#7998=AXIS2_PLACEMENT_3D('',#12282,#10035,#10036);
#7999=AXIS2_PLACEMENT_3D('',#12284,#10037,#10038);
#8000=AXIS2_PLACEMENT_3D('',#12286,#10039,#10040);
#8001=AXIS2_PLACEMENT_3D('',#12287,#10041,#10042);
#8002=AXIS2_PLACEMENT_3D('',#12288,#10043,#10044);
#8003=AXIS2_PLACEMENT_3D('',#12291,#10046,#10047);
#8004=AXIS2_PLACEMENT_3D('',#12292,#10048,#10049);
#8005=AXIS2_PLACEMENT_3D('',#12294,#10050,#10051);
#8006=AXIS2_PLACEMENT_3D('',#12295,#10052,#10053);
#8007=AXIS2_PLACEMENT_3D('',#12296,#10054,#10055);
#8008=AXIS2_PLACEMENT_3D('',#12300,#10057,#10058);
#8009=AXIS2_PLACEMENT_3D('',#12301,#10059,#10060);
#8010=AXIS2_PLACEMENT_3D('',#12302,#10061,#10062);
#8011=AXIS2_PLACEMENT_3D('',#12304,#10063,#10064);
#8012=AXIS2_PLACEMENT_3D('',#12306,#10065,#10066);
#8013=AXIS2_PLACEMENT_3D('',#12307,#10067,#10068);
#8014=AXIS2_PLACEMENT_3D('',#12308,#10069,#10070);
#8015=AXIS2_PLACEMENT_3D('',#12312,#10072,#10073);
#8016=AXIS2_PLACEMENT_3D('',#12313,#10074,#10075);
#8017=AXIS2_PLACEMENT_3D('',#12314,#10076,#10077);
#8018=AXIS2_PLACEMENT_3D('',#12316,#10078,#10079);
#8019=AXIS2_PLACEMENT_3D('',#12318,#10080,#10081);
#8020=AXIS2_PLACEMENT_3D('',#12319,#10082,#10083);
#8021=AXIS2_PLACEMENT_3D('',#12320,#10084,#10085);
#8022=AXIS2_PLACEMENT_3D('',#12322,#10086,#10087);
#8023=AXIS2_PLACEMENT_3D('',#12323,#10088,#10089);
#8024=AXIS2_PLACEMENT_3D('placement',#12325,#10091,#10092);
#8025=AXIS2_PLACEMENT_3D('',#12326,#10093,#10094);
#8026=AXIS2_PLACEMENT_3D('',#12328,#10095,#10096);
#8027=AXIS2_PLACEMENT_3D('',#12331,#10098,#10099);
#8028=AXIS2_PLACEMENT_3D('',#12332,#10100,#10101);
#8029=AXIS2_PLACEMENT_3D('',#12335,#10102,#10103);
#8030=AXIS2_PLACEMENT_3D('',#12336,#10104,#10105);
#8031=AXIS2_PLACEMENT_3D('',#12338,#10107,#10108);
#8032=AXIS2_PLACEMENT_3D('',#12340,#10109,#10110);
#8033=AXIS2_PLACEMENT_3D('',#12341,#10111,#10112);
#8034=AXIS2_PLACEMENT_3D('',#12343,#10113,#10114);
#8035=AXIS2_PLACEMENT_3D('',#12345,#10116,#10117);
#8036=AXIS2_PLACEMENT_3D('',#12347,#10118,#10119);
#8037=AXIS2_PLACEMENT_3D('',#12348,#10120,#10121);
#8038=AXIS2_PLACEMENT_3D('',#12374,#10123,#10124);
#8039=AXIS2_PLACEMENT_3D('',#12400,#10126,#10127);
#8040=AXIS2_PLACEMENT_3D('',#12403,#10130,#10131);
#8041=AXIS2_PLACEMENT_3D('',#12405,#10133,#10134);
#8042=AXIS2_PLACEMENT_3D('',#12407,#10136,#10137);
#8043=AXIS2_PLACEMENT_3D('',#12409,#10139,#10140);
#8044=AXIS2_PLACEMENT_3D('',#12411,#10142,#10143);
#8045=AXIS2_PLACEMENT_3D('',#12412,#10144,#10145);
#8046=AXIS2_PLACEMENT_3D('',#12413,#10146,#10147);
#8047=AXIS2_PLACEMENT_3D('',#12414,#10148,#10149);
#8048=AXIS2_PLACEMENT_3D('',#12415,#10150,#10151);
#8049=AXIS2_PLACEMENT_3D('',#12416,#10152,#10153);
#8050=AXIS2_PLACEMENT_3D('',#12417,#10154,#10155);
#8051=AXIS2_PLACEMENT_3D('',#12418,#10156,#10157);
#8052=AXIS2_PLACEMENT_3D('',#12419,#10158,#10159);
#8053=AXIS2_PLACEMENT_3D('',#12420,#10160,#10161);
#8054=AXIS2_PLACEMENT_3D('',#12421,#10162,#10163);
#8055=AXIS2_PLACEMENT_3D('',#12422,#10164,#10165);
#8056=AXIS2_PLACEMENT_3D('',#12423,#10166,#10167);
#8057=AXIS2_PLACEMENT_3D('',#12424,#10168,#10169);
#8058=AXIS2_PLACEMENT_3D('',#12425,#10170,#10171);
#8059=AXIS2_PLACEMENT_3D('',#12426,#10172,#10173);
#8060=AXIS2_PLACEMENT_3D('',#12427,#10174,#10175);
#8061=AXIS2_PLACEMENT_3D('',#12428,#10176,#10177);
#8062=AXIS2_PLACEMENT_3D('',#12429,#10178,#10179);
#8063=AXIS2_PLACEMENT_3D('',#12430,#10180,#10181);
#8064=AXIS2_PLACEMENT_3D('',#12431,#10182,#10183);
#8065=AXIS2_PLACEMENT_3D('',#12432,#10184,#10185);
#8066=AXIS2_PLACEMENT_3D('',#12433,#10186,#10187);
#8067=AXIS2_PLACEMENT_3D('',#12434,#10188,#10189);
#8068=AXIS2_PLACEMENT_3D('',#12435,#10190,#10191);
#8069=AXIS2_PLACEMENT_3D('',#12436,#10192,#10193);
#8070=AXIS2_PLACEMENT_3D('',#12437,#10194,#10195);
#8071=AXIS2_PLACEMENT_3D('',#12438,#10196,#10197);
#8072=AXIS2_PLACEMENT_3D('',#12439,#10198,#10199);
#8073=AXIS2_PLACEMENT_3D('',#12440,#10200,#10201);
#8074=AXIS2_PLACEMENT_3D('',#12441,#10202,#10203);
#8075=AXIS2_PLACEMENT_3D('',#12442,#10204,#10205);
#8076=AXIS2_PLACEMENT_3D('',#12443,#10206,#10207);
#8077=AXIS2_PLACEMENT_3D('',#12444,#10208,#10209);
#8078=AXIS2_PLACEMENT_3D('',#12445,#10210,#10211);
#8079=AXIS2_PLACEMENT_3D('',#12446,#10212,#10213);
#8080=AXIS2_PLACEMENT_3D('',#12447,#10214,#10215);
#8081=AXIS2_PLACEMENT_3D('',#12448,#10216,#10217);
#8082=AXIS2_PLACEMENT_3D('',#12449,#10218,#10219);
#8083=DIRECTION('axis',(0.,0.,1.));
#8084=DIRECTION('refdir',(1.,0.,0.));
#8085=DIRECTION('axis',(0.,0.,1.));
#8086=DIRECTION('refdir',(1.,0.,0.));
#8087=DIRECTION('center_axis',(0.,0.,1.));
#8088=DIRECTION('ref_axis',(-1.,0.,0.));
#8089=DIRECTION('center_axis',(0.,0.,1.));
#8090=DIRECTION('ref_axis',(-1.,0.,0.));
#8091=DIRECTION('',(-0.70710678118654,-8.65956056235484E-17,-0.707106781186555));
#8092=DIRECTION('center_axis',(0.,0.,-1.));
#8093=DIRECTION('ref_axis',(-1.,0.,0.));
#8094=DIRECTION('center_axis',(0.,0.,-1.));
#8095=DIRECTION('ref_axis',(-1.,0.,0.));
#8096=DIRECTION('center_axis',(0.,0.,1.));
#8097=DIRECTION('ref_axis',(1.,0.,0.));
#8098=DIRECTION('',(0.,0.,-1.));
#8099=DIRECTION('center_axis',(0.,0.,1.));
#8100=DIRECTION('ref_axis',(1.,0.,0.));
#8101=DIRECTION('center_axis',(0.,0.,1.));
#8102=DIRECTION('ref_axis',(0.,-1.,0.));
#8103=DIRECTION('',(1.,0.,0.));
#8104=DIRECTION('',(0.,-1.,0.));
#8105=DIRECTION('',(1.,0.,0.));
#8106=DIRECTION('',(0.,1.,0.));
#8107=DIRECTION('center_axis',(0.,0.,-1.));
#8108=DIRECTION('ref_axis',(1.,0.,0.));
#8109=DIRECTION('center_axis',(0.,1.,0.));
#8110=DIRECTION('ref_axis',(1.,0.,0.));
#8111=DIRECTION('center_axis',(0.,-1.,0.));
#8112=DIRECTION('ref_axis',(1.,0.,0.));
#8113=DIRECTION('',(0.,-1.,0.));
#8114=DIRECTION('center_axis',(0.,0.,1.));
#8115=DIRECTION('ref_axis',(1.,0.,0.));
#8116=DIRECTION('center_axis',(0.,0.,1.));
#8117=DIRECTION('ref_axis',(1.,0.,0.));
#8118=DIRECTION('center_axis',(0.,0.,1.));
#8119=DIRECTION('ref_axis',(1.,0.,0.));
#8120=DIRECTION('',(0.857167300702112,1.04972719113862E-16,-0.515038074910054));
#8121=DIRECTION('center_axis',(0.,0.,1.));
#8122=DIRECTION('ref_axis',(1.,0.,0.));
#8123=DIRECTION('',(0.,0.,-1.));
#8124=DIRECTION('center_axis',(1.,0.,0.));
#8125=DIRECTION('ref_axis',(0.,0.,-1.));
#8126=DIRECTION('center_axis',(1.,0.,0.));
#8127=DIRECTION('ref_axis',(0.,0.,-1.));
#8128=DIRECTION('',(-0.515038074910054,1.04972719113862E-16,-0.857167300702112));
#8129=DIRECTION('center_axis',(1.,0.,0.));
#8130=DIRECTION('ref_axis',(0.,0.,-1.));
#8131=DIRECTION('center_axis',(-1.,0.,0.));
#8132=DIRECTION('ref_axis',(0.,0.,-1.));
#8133=DIRECTION('',(-1.,0.,0.));
#8134=DIRECTION('center_axis',(1.,0.,0.));
#8135=DIRECTION('ref_axis',(0.,0.,-1.));
#8136=DIRECTION('center_axis',(1.,0.,0.));
#8137=DIRECTION('ref_axis',(0.,0.,-1.));
#8138=DIRECTION('',(-0.515038074910054,1.04972719113862E-16,-0.857167300702112));
#8139=DIRECTION('center_axis',(1.,0.,0.));
#8140=DIRECTION('ref_axis',(0.,0.,-1.));
#8141=DIRECTION('center_axis',(-1.,0.,0.));
#8142=DIRECTION('ref_axis',(0.,0.,-1.));
#8143=DIRECTION('',(-1.,0.,0.));
#8144=DIRECTION('center_axis',(0.,0.,-1.));
#8145=DIRECTION('ref_axis',(-1.,0.,0.));
#8146=DIRECTION('center_axis',(0.,0.,-1.));
#8147=DIRECTION('ref_axis',(-1.,0.,0.));
#8148=DIRECTION('',(-0.857167300702112,1.04972719113862E-16,0.515038074910054));
#8149=DIRECTION('center_axis',(0.,0.,-1.));
#8150=DIRECTION('ref_axis',(-1.,0.,0.));
#8151=DIRECTION('center_axis',(0.,0.,1.));
#8152=DIRECTION('ref_axis',(-1.,0.,0.));
#8153=DIRECTION('',(0.,0.,1.));
#8154=DIRECTION('center_axis',(0.,1.,0.));
#8155=DIRECTION('ref_axis',(1.,0.,0.));
#8156=DIRECTION('center_axis',(0.,1.,0.));
#8157=DIRECTION('ref_axis',(1.,0.,0.));
#8158=DIRECTION('',(0.857167300702112,-0.515038074910054,-1.04972719113862E-16));
#8159=DIRECTION('center_axis',(0.,1.,0.));
#8160=DIRECTION('ref_axis',(1.,0.,0.));
#8161=DIRECTION('center_axis',(0.,-1.,0.));
#8162=DIRECTION('ref_axis',(1.,0.,0.));
#8163=DIRECTION('',(0.,-1.,0.));
#8164=DIRECTION('center_axis',(-1.,0.,0.));
#8165=DIRECTION('ref_axis',(0.,0.,1.));
#8166=DIRECTION('center_axis',(-1.,0.,0.));
#8167=DIRECTION('ref_axis',(0.,0.,1.));
#8168=DIRECTION('',(0.515038074910054,1.04972719113862E-16,0.857167300702112));
#8169=DIRECTION('center_axis',(-1.,0.,0.));
#8170=DIRECTION('ref_axis',(0.,0.,1.));
#8171=DIRECTION('center_axis',(1.,0.,0.));
#8172=DIRECTION('ref_axis',(0.,0.,1.));
#8173=DIRECTION('',(1.,0.,0.));
#8174=DIRECTION('center_axis',(-1.,0.,0.));
#8175=DIRECTION('ref_axis',(0.,0.,1.));
#8176=DIRECTION('center_axis',(-1.,0.,0.));
#8177=DIRECTION('ref_axis',(0.,0.,1.));
#8178=DIRECTION('',(0.515038074910054,1.04972719113862E-16,0.857167300702112));
#8179=DIRECTION('center_axis',(-1.,0.,0.));
#8180=DIRECTION('ref_axis',(0.,0.,1.));
#8181=DIRECTION('center_axis',(1.,0.,0.));
#8182=DIRECTION('ref_axis',(0.,0.,1.));
#8183=DIRECTION('',(1.,0.,0.));
#8184=DIRECTION('center_axis',(-1.,0.,0.));
#8185=DIRECTION('ref_axis',(0.,0.,1.));
#8186=DIRECTION('',(0.,-1.,0.));
#8187=DIRECTION('',(0.,0.,1.));
#8188=DIRECTION('',(0.,0.,-1.));
#8189=DIRECTION('center_axis',(0.,-1.,0.));
#8190=DIRECTION('ref_axis',(0.,0.,-1.));
#8191=DIRECTION('',(-1.,0.,0.));
#8192=DIRECTION('',(0.,0.,-1.));
#8193=DIRECTION('center_axis',(0.,1.,0.));
#8194=DIRECTION('ref_axis',(0.,0.,1.));
#8195=DIRECTION('',(0.,0.,1.));
#8196=DIRECTION('',(1.,0.,0.));
#8197=DIRECTION('center_axis',(0.,0.,-1.));
#8198=DIRECTION('ref_axis',(0.,1.,0.));
#8199=DIRECTION('',(0.,1.,0.));
#8200=DIRECTION('center_axis',(1.,0.,0.));
#8201=DIRECTION('ref_axis',(0.,0.,-1.));
#8202=DIRECTION('axis',(0.,0.,1.));
#8203=DIRECTION('refdir',(1.,0.,0.));
#8204=DIRECTION('center_axis',(0.,1.,0.));
#8205=DIRECTION('ref_axis',(1.,0.,0.));
#8206=DIRECTION('center_axis',(0.,-1.,0.));
#8207=DIRECTION('ref_axis',(1.,0.,0.));
#8208=DIRECTION('',(0.,-1.,0.));
#8209=DIRECTION('center_axis',(-1.11022302462516E-16,1.,0.));
#8210=DIRECTION('ref_axis',(1.,0.,0.));
#8211=DIRECTION('center_axis',(0.,1.,0.));
#8212=DIRECTION('ref_axis',(1.,0.,0.));
#8213=DIRECTION('center_axis',(0.,-1.,0.));
#8214=DIRECTION('ref_axis',(1.,0.,0.));
#8215=DIRECTION('',(0.,-1.,0.));
#8216=DIRECTION('center_axis',(-1.11022302462516E-16,1.,0.));
#8217=DIRECTION('ref_axis',(1.,0.,0.));
#8218=DIRECTION('center_axis',(0.,1.,0.));
#8219=DIRECTION('ref_axis',(1.,0.,0.));
#8220=DIRECTION('center_axis',(0.,-1.,0.));
#8221=DIRECTION('ref_axis',(1.,0.,0.));
#8222=DIRECTION('',(0.,-1.,0.));
#8223=DIRECTION('center_axis',(-1.11022302462516E-16,1.,0.));
#8224=DIRECTION('ref_axis',(1.,0.,0.));
#8225=DIRECTION('center_axis',(0.,1.,0.));
#8226=DIRECTION('ref_axis',(1.,0.,0.));
#8227=DIRECTION('center_axis',(0.,-1.,0.));
#8228=DIRECTION('ref_axis',(1.,0.,0.));
#8229=DIRECTION('',(0.707106781186548,-0.707106781186548,-8.65956056235493E-17));
#8230=DIRECTION('center_axis',(0.,1.,0.));
#8231=DIRECTION('ref_axis',(1.,0.,0.));
#8232=DIRECTION('center_axis',(0.,1.,0.));
#8233=DIRECTION('ref_axis',(1.,0.,0.));
#8234=DIRECTION('',(0.,-1.,0.));
#8235=DIRECTION('center_axis',(-1.11022302462516E-16,1.,0.));
#8236=DIRECTION('ref_axis',(1.,0.,0.));
#8237=DIRECTION('center_axis',(0.,1.,0.));
#8238=DIRECTION('ref_axis',(1.,0.,0.));
#8239=DIRECTION('center_axis',(0.,-1.,0.));
#8240=DIRECTION('ref_axis',(1.,0.,0.));
#8241=DIRECTION('',(0.707106781186548,-0.707106781186548,-8.65956056235493E-17));
#8242=DIRECTION('center_axis',(0.,1.,0.));
#8243=DIRECTION('ref_axis',(1.,0.,0.));
#8244=DIRECTION('center_axis',(0.,1.,0.));
#8245=DIRECTION('ref_axis',(1.,0.,0.));
#8246=DIRECTION('',(0.,-1.,0.));
#8247=DIRECTION('center_axis',(-1.11022302462516E-16,1.,0.));
#8248=DIRECTION('ref_axis',(1.,0.,0.));
#8249=DIRECTION('center_axis',(0.,0.,-1.));
#8250=DIRECTION('ref_axis',(-1.,0.,0.));
#8251=DIRECTION('',(-1.,-1.11022302462516E-16,0.));
#8252=DIRECTION('',(0.,1.,0.));
#8253=DIRECTION('',(1.,0.,0.));
#8254=DIRECTION('',(0.,-1.,0.));
#8255=DIRECTION('center_axis',(-1.,0.,0.));
#8256=DIRECTION('ref_axis',(0.,-1.,0.));
#8257=DIRECTION('',(0.,0.,-1.));
#8258=DIRECTION('',(0.,-1.,0.));
#8259=DIRECTION('',(0.,0.,1.));
#8260=DIRECTION('center_axis',(0.,1.,0.));
#8261=DIRECTION('ref_axis',(-1.,0.,0.));
#8262=DIRECTION('',(-1.,0.,0.));
#8263=DIRECTION('',(0.,0.,1.));
#8264=DIRECTION('center_axis',(1.,0.,0.));
#8265=DIRECTION('ref_axis',(0.,1.,0.));
#8266=DIRECTION('',(0.,1.,0.));
#8267=DIRECTION('',(0.,0.,1.));
#8268=DIRECTION('center_axis',(1.11022302462516E-16,-1.,0.));
#8269=DIRECTION('ref_axis',(1.,1.11022302462516E-16,0.));
#8270=DIRECTION('',(1.,1.11022302462516E-16,0.));
#8271=DIRECTION('center_axis',(0.,0.,1.));
#8272=DIRECTION('ref_axis',(1.,0.,0.));
#8273=DIRECTION('axis',(0.,0.,1.));
#8274=DIRECTION('refdir',(1.,0.,0.));
#8275=DIRECTION('center_axis',(0.,0.,1.));
#8276=DIRECTION('ref_axis',(-1.,0.,0.));
#8277=DIRECTION('center_axis',(0.,0.,1.));
#8278=DIRECTION('ref_axis',(-1.,0.,0.));
#8279=DIRECTION('',(0.707106781186547,-8.65956056235493E-17,0.707106781186548));
#8280=DIRECTION('center_axis',(0.,0.,-1.));
#8281=DIRECTION('ref_axis',(-1.,0.,0.));
#8282=DIRECTION('center_axis',(0.,0.,-1.));
#8283=DIRECTION('ref_axis',(-1.,0.,0.));
#8284=DIRECTION('center_axis',(0.,0.,-1.));
#8285=DIRECTION('ref_axis',(1.,0.,0.));
#8286=DIRECTION('',(0.,0.,1.));
#8287=DIRECTION('center_axis',(0.,0.,1.));
#8288=DIRECTION('ref_axis',(-1.,-1.22464679914735E-16,0.));
#8289=DIRECTION('center_axis',(0.,0.,1.));
#8290=DIRECTION('ref_axis',(-1.,-1.22464679914735E-16,0.));
#8291=DIRECTION('center_axis',(0.,0.,-1.));
#8292=DIRECTION('ref_axis',(-1.,0.,0.));
#8293=DIRECTION('center_axis',(0.,0.,-1.));
#8294=DIRECTION('ref_axis',(-1.,0.,0.));
#8295=DIRECTION('center_axis',(0.,0.,-1.));
#8296=DIRECTION('ref_axis',(-1.,0.,0.));
#8297=DIRECTION('center_axis',(0.,0.,-1.));
#8298=DIRECTION('ref_axis',(-1.,0.,0.));
#8299=DIRECTION('center_axis',(-1.22464679914735E-16,-1.,0.));
#8300=DIRECTION('ref_axis',(1.,-1.22464679914735E-16,0.));
#8301=DIRECTION('center_axis',(0.,0.,1.));
#8302=DIRECTION('ref_axis',(1.,0.,0.));
#8303=DIRECTION('',(-0.707106781186548,8.65956056235493E-17,0.707106781186548));
#8304=DIRECTION('center_axis',(0.,0.,-1.));
#8305=DIRECTION('ref_axis',(1.,0.,0.));
#8306=DIRECTION('center_axis',(-0.499999999999999,-0.866025403784439,0.));
#8307=DIRECTION('ref_axis',(0.,0.,-1.));
#8308=DIRECTION('',(0.866025403784439,-0.499999999999999,0.));
#8309=DIRECTION('',(0.,0.,-1.));
#8310=DIRECTION('',(-0.866025403784439,0.499999999999999,0.));
#8311=DIRECTION('',(0.,0.,-1.));
#8312=DIRECTION('center_axis',(0.5,-0.866025403784439,0.));
#8313=DIRECTION('ref_axis',(0.,0.,-1.));
#8314=DIRECTION('',(0.866025403784439,0.5,0.));
#8315=DIRECTION('',(-0.866025403784439,-0.5,0.));
#8316=DIRECTION('',(0.,0.,-1.));
#8317=DIRECTION('center_axis',(1.,0.,0.));
#8318=DIRECTION('ref_axis',(0.,0.,-1.));
#8319=DIRECTION('',(0.,1.,0.));
#8320=DIRECTION('',(0.,-1.,0.));
#8321=DIRECTION('',(0.,0.,-1.));
#8322=DIRECTION('center_axis',(0.499999999999999,0.866025403784439,0.));
#8323=DIRECTION('ref_axis',(0.,0.,1.));
#8324=DIRECTION('',(-0.866025403784439,0.499999999999999,0.));
#8325=DIRECTION('',(0.866025403784439,-0.499999999999999,0.));
#8326=DIRECTION('',(0.,0.,-1.));
#8327=DIRECTION('center_axis',(-0.5,0.866025403784439,0.));
#8328=DIRECTION('ref_axis',(0.,0.,1.));
#8329=DIRECTION('',(-0.866025403784439,-0.5,0.));
#8330=DIRECTION('',(0.866025403784439,0.5,0.));
#8331=DIRECTION('',(0.,0.,-1.));
#8332=DIRECTION('center_axis',(-1.,0.,0.));
#8333=DIRECTION('ref_axis',(0.,0.,1.));
#8334=DIRECTION('',(0.,-1.,0.));
#8335=DIRECTION('',(0.,1.,0.));
#8336=DIRECTION('center_axis',(0.,0.,1.));
#8337=DIRECTION('ref_axis',(1.,0.,0.));
#8338=DIRECTION('center_axis',(0.,0.,1.));
#8339=DIRECTION('ref_axis',(1.,0.,0.));
#8340=DIRECTION('center_axis',(0.,0.,-1.));
#8341=DIRECTION('ref_axis',(1.,0.,0.));
#8342=DIRECTION('center_axis',(0.,0.,-1.));
#8343=DIRECTION('ref_axis',(1.,0.,0.));
#8344=DIRECTION('',(0.,0.,1.));
#8345=DIRECTION('axis',(0.,0.,1.));
#8346=DIRECTION('refdir',(1.,0.,0.));
#8347=DIRECTION('center_axis',(1.,-6.7819549701795E-19,0.));
#8348=DIRECTION('ref_axis',(0.,0.,-1.));
#8349=DIRECTION('center_axis',(1.,-6.7819549701795E-19,0.));
#8350=DIRECTION('ref_axis',(-6.7819549701795E-19,-1.,1.22464679914735E-16));
#8351=DIRECTION('center_axis',(-6.7819549701795E-19,-1.,-1.22464679914735E-16));
#8352=DIRECTION('ref_axis',(0.,-1.22464679914735E-16,1.));
#8353=DIRECTION('center_axis',(-1.,6.7819549701795E-19,0.));
#8354=DIRECTION('ref_axis',(0.,-1.,1.22464679914735E-16));
#8355=DIRECTION('center_axis',(-1.,6.7819549701795E-19,0.));
#8356=DIRECTION('ref_axis',(0.,-1.,1.22464679914735E-16));
#8357=DIRECTION('center_axis',(1.,-6.7819549701795E-19,0.));
#8358=DIRECTION('ref_axis',(0.,1.,0.));
#8359=DIRECTION('center_axis',(1.,-6.7819549701795E-19,0.));
#8360=DIRECTION('ref_axis',(0.,-1.,0.));
#8361=DIRECTION('center_axis',(1.,-6.7819549701795E-19,0.));
#8362=DIRECTION('ref_axis',(0.,-1.,0.));
#8363=DIRECTION('',(-1.,6.7819549701795E-19,0.));
#8364=DIRECTION('center_axis',(1.,-6.7819549701795E-19,0.));
#8365=DIRECTION('ref_axis',(0.,0.,-1.));
#8366=DIRECTION('center_axis',(1.,-6.7819549701795E-19,0.));
#8367=DIRECTION('ref_axis',(0.,1.,0.));
#8368=DIRECTION('center_axis',(-1.,6.7819549701795E-19,0.));
#8369=DIRECTION('ref_axis',(-3.03148951069597E-19,-1.,0.));
#8370=DIRECTION('center_axis',(-1.,6.7819549701795E-19,0.));
#8371=DIRECTION('ref_axis',(-6.7819549701795E-19,-1.,0.));
#8372=DIRECTION('',(-0.707106781186548,0.707106781186547,8.65956056235493E-17));
#8373=DIRECTION('center_axis',(1.,-6.7819549701795E-19,0.));
#8374=DIRECTION('ref_axis',(0.,0.,-1.));
#8375=DIRECTION('center_axis',(1.,-6.7819549701795E-19,0.));
#8376=DIRECTION('ref_axis',(0.,0.,-1.));
#8377=DIRECTION('center_axis',(-1.,6.7819549701795E-19,0.));
#8378=DIRECTION('ref_axis',(0.,-1.,1.22464679914735E-16));
#8379=DIRECTION('center_axis',(-1.,6.7819549701795E-19,0.));
#8380=DIRECTION('ref_axis',(0.,-1.,1.22464679914735E-16));
#8381=DIRECTION('center_axis',(-6.7819549701795E-19,-1.,-1.22464679914735E-16));
#8382=DIRECTION('ref_axis',(0.,-1.22464679914735E-16,1.));
#8383=DIRECTION('center_axis',(1.,-6.7819549701795E-19,0.));
#8384=DIRECTION('ref_axis',(-6.7819549701795E-19,-1.,1.22464679914735E-16));
#8385=DIRECTION('center_axis',(-1.,6.7819549701795E-19,0.));
#8386=DIRECTION('ref_axis',(0.,0.,1.));
#8387=DIRECTION('',(3.26036158709719E-34,4.80740671595891E-16,1.));
#8388=DIRECTION('',(-5.87334529149758E-19,-0.866025403784438,0.5));
#8389=DIRECTION('',(-5.87334529149758E-19,-0.866025403784439,-0.5));
#8390=DIRECTION('',(-1.08678719569906E-34,-1.60246890531964E-16,-1.));
#8391=DIRECTION('',(5.87334529149758E-19,0.866025403784438,-0.5));
#8392=DIRECTION('',(5.87334529149758E-19,0.866025403784439,0.5));
#8393=DIRECTION('center_axis',(1.,-6.7819549701795E-19,0.));
#8394=DIRECTION('ref_axis',(0.,1.,0.));
#8395=DIRECTION('',(-1.,6.7819549701795E-19,0.));
#8396=DIRECTION('center_axis',(-3.39097748508975E-19,-0.5,-0.866025403784439));
#8397=DIRECTION('ref_axis',(-1.,0.,3.91556352766506E-19));
#8398=DIRECTION('',(-1.,6.7819549701795E-19,0.));
#8399=DIRECTION('',(-1.,6.7819549701795E-19,0.));
#8400=DIRECTION('center_axis',(3.39097748508975E-19,0.5,-0.866025403784439));
#8401=DIRECTION('ref_axis',(-1.,0.,-3.91556352766505E-19));
#8402=DIRECTION('',(-1.,6.7819549701795E-19,0.));
#8403=DIRECTION('center_axis',(6.7819549701795E-19,1.,-4.80740671595891E-16));
#8404=DIRECTION('ref_axis',(0.,4.80740671595891E-16,1.));
#8405=DIRECTION('',(-1.,6.7819549701795E-19,0.));
#8406=DIRECTION('center_axis',(3.39097748508975E-19,0.5,0.866025403784439));
#8407=DIRECTION('ref_axis',(1.,0.,-3.91556352766506E-19));
#8408=DIRECTION('',(1.,-6.7819549701795E-19,0.));
#8409=DIRECTION('center_axis',(-6.7819549701795E-19,-1.,1.60246890531964E-16));
#8410=DIRECTION('ref_axis',(0.,-1.60246890531964E-16,-1.));
#8411=DIRECTION('',(-1.,6.7819549701795E-19,0.));
#8412=DIRECTION('center_axis',(-3.39097748508975E-19,-0.5,0.866025403784439));
#8413=DIRECTION('ref_axis',(1.,0.,3.91556352766505E-19));
#8414=DIRECTION('center_axis',(-1.,6.7819549701795E-19,0.));
#8415=DIRECTION('ref_axis',(0.,1.,0.));
#8416=DIRECTION('',(-0.5,-0.866025403784439,-1.06057523872491E-16));
#8417=DIRECTION('axis',(0.,0.,1.));
#8418=DIRECTION('refdir',(1.,0.,0.));
#8419=DIRECTION('center_axis',(0.,0.,-1.));
#8420=DIRECTION('ref_axis',(-1.,0.,0.));
#8421=DIRECTION('center_axis',(0.,0.,1.));
#8422=DIRECTION('ref_axis',(-1.,0.,0.));
#8423=DIRECTION('center_axis',(0.,0.,1.));
#8424=DIRECTION('ref_axis',(-1.,0.,0.));
#8425=DIRECTION('',(-0.707106781186547,8.65956056235493E-17,0.707106781186547));
#8426=DIRECTION('center_axis',(0.,0.,-1.));
#8427=DIRECTION('ref_axis',(-1.,0.,0.));
#8428=DIRECTION('center_axis',(0.,0.,1.));
#8429=DIRECTION('ref_axis',(1.,0.,0.));
#8430=DIRECTION('',(0.,0.,-1.));
#8431=DIRECTION('center_axis',(0.,0.,-1.));
#8432=DIRECTION('ref_axis',(1.,0.,0.));
#8433=DIRECTION('center_axis',(0.,0.,1.));
#8434=DIRECTION('ref_axis',(1.,0.,0.));
#8435=DIRECTION('center_axis',(0.,0.,1.));
#8436=DIRECTION('ref_axis',(-1.,0.,0.));
#8437=DIRECTION('center_axis',(0.,0.,1.));
#8438=DIRECTION('ref_axis',(1.,0.,0.));
#8439=DIRECTION('',(0.707106781186547,8.65956056235493E-17,-0.707106781186547));
#8440=DIRECTION('center_axis',(0.,0.,1.));
#8441=DIRECTION('ref_axis',(1.,0.,0.));
#8442=DIRECTION('center_axis',(0.,0.,-1.));
#8443=DIRECTION('ref_axis',(-1.,0.,0.));
#8444=DIRECTION('center_axis',(0.,0.,-1.));
#8445=DIRECTION('ref_axis',(1.,0.,0.));
#8446=DIRECTION('center_axis',(0.,0.,1.));
#8447=DIRECTION('ref_axis',(1.,0.,0.));
#8448=DIRECTION('center_axis',(0.,0.,1.));
#8449=DIRECTION('ref_axis',(1.,0.,0.));
#8450=DIRECTION('',(-0.707106781186548,8.65956056235494E-17,0.707106781186547));
#8451=DIRECTION('center_axis',(0.,0.,-1.));
#8452=DIRECTION('ref_axis',(1.,0.,0.));
#8453=DIRECTION('center_axis',(0.,0.,1.));
#8454=DIRECTION('ref_axis',(1.,0.,0.));
#8455=DIRECTION('',(0.,0.,1.));
#8456=DIRECTION('center_axis',(0.,0.,1.));
#8457=DIRECTION('ref_axis',(1.,0.,0.));
#8458=DIRECTION('center_axis',(0.,0.,1.));
#8459=DIRECTION('ref_axis',(-1.,0.,0.));
#8460=DIRECTION('center_axis',(0.,0.,-1.));
#8461=DIRECTION('ref_axis',(-1.,0.,0.));
#8462=DIRECTION('center_axis',(0.,0.,-1.));
#8463=DIRECTION('ref_axis',(-1.,0.,0.));
#8464=DIRECTION('',(-0.857167300702112,1.04972719113862E-16,0.515038074910054));
#8465=DIRECTION('center_axis',(0.,0.,-1.));
#8466=DIRECTION('ref_axis',(-1.,0.,0.));
#8467=DIRECTION('',(0.,0.,1.));
#8468=DIRECTION('center_axis',(0.,0.,-1.));
#8469=DIRECTION('ref_axis',(-1.,0.,0.));
#8470=DIRECTION('center_axis',(0.,0.,-1.));
#8471=DIRECTION('ref_axis',(-1.,0.,0.));
#8472=DIRECTION('',(0.707106781186555,8.65956056235503E-17,-0.70710678118654));
#8473=DIRECTION('center_axis',(0.,0.,1.));
#8474=DIRECTION('ref_axis',(-1.,0.,0.));
#8475=DIRECTION('center_axis',(0.,0.,-1.));
#8476=DIRECTION('ref_axis',(-1.,0.,0.));
#8477=DIRECTION('',(0.,0.,-1.));
#8478=DIRECTION('center_axis',(0.,0.,1.));
#8479=DIRECTION('ref_axis',(1.,0.,0.));
#8480=DIRECTION('axis',(0.,0.,1.));
#8481=DIRECTION('refdir',(1.,0.,0.));
#8482=DIRECTION('center_axis',(-1.,0.,0.));
#8483=DIRECTION('ref_axis',(0.,0.,-1.));
#8484=DIRECTION('center_axis',(-1.,0.,0.));
#8485=DIRECTION('ref_axis',(0.,0.,-1.));
#8486=DIRECTION('',(0.5,-1.06057523872491E-16,-0.866025403784439));
#8487=DIRECTION('center_axis',(1.,0.,0.));
#8488=DIRECTION('ref_axis',(0.,0.,-1.));
#8489=DIRECTION('center_axis',(1.,0.,0.));
#8490=DIRECTION('ref_axis',(0.,0.,-1.));
#8491=DIRECTION('center_axis',(-1.,0.,0.));
#8492=DIRECTION('ref_axis',(0.,0.,1.));
#8493=DIRECTION('center_axis',(-1.,0.,0.));
#8494=DIRECTION('ref_axis',(0.,0.,1.));
#8495=DIRECTION('',(-1.,0.,0.));
#8496=DIRECTION('center_axis',(1.,0.,0.));
#8497=DIRECTION('ref_axis',(0.,0.,-1.));
#8498=DIRECTION('center_axis',(-1.,0.,0.));
#8499=DIRECTION('ref_axis',(0.,1.,0.));
#8500=DIRECTION('center_axis',(1.,0.,0.));
#8501=DIRECTION('ref_axis',(0.,0.,1.));
#8502=DIRECTION('center_axis',(1.,0.,0.));
#8503=DIRECTION('ref_axis',(0.,0.,1.));
#8504=DIRECTION('',(-0.5,-1.06057523872491E-16,0.866025403784439));
#8505=DIRECTION('center_axis',(1.,0.,0.));
#8506=DIRECTION('ref_axis',(0.,0.,-1.));
#8507=DIRECTION('center_axis',(1.,0.,0.));
#8508=DIRECTION('ref_axis',(0.,1.,0.));
#8509=DIRECTION('center_axis',(1.,0.,0.));
#8510=DIRECTION('ref_axis',(0.,1.,0.));
#8511=DIRECTION('',(-0.5,0.866025403784439,-1.06057523872491E-16));
#8512=DIRECTION('center_axis',(-1.,0.,0.));
#8513=DIRECTION('ref_axis',(0.,1.,0.));
#8514=DIRECTION('',(-0.5,-0.866025403784439,1.06057523872491E-16));
#8515=DIRECTION('center_axis',(0.,0.866025403784439,-0.499999999999999));
#8516=DIRECTION('ref_axis',(0.,0.499999999999999,0.866025403784439));
#8517=DIRECTION('',(1.,0.,0.));
#8518=DIRECTION('',(1.,0.,0.));
#8519=DIRECTION('center_axis',(0.,1.80277751848459E-15,-1.));
#8520=DIRECTION('ref_axis',(-1.,0.,0.));
#8521=DIRECTION('',(1.,0.,0.));
#8522=DIRECTION('center_axis',(0.,0.866025403784438,0.5));
#8523=DIRECTION('ref_axis',(1.,0.,0.));
#8524=DIRECTION('',(1.,0.,0.));
#8525=DIRECTION('center_axis',(0.,0.,1.));
#8526=DIRECTION('ref_axis',(1.,0.,0.));
#8527=DIRECTION('',(1.,0.,0.));
#8528=DIRECTION('center_axis',(0.,-0.866025403784438,-0.5));
#8529=DIRECTION('ref_axis',(-1.,0.,0.));
#8530=DIRECTION('',(1.,0.,0.));
#8531=DIRECTION('center_axis',(0.,-0.866025403784439,0.5));
#8532=DIRECTION('ref_axis',(0.,-0.5,-0.866025403784439));
#8533=DIRECTION('axis',(0.,0.,1.));
#8534=DIRECTION('refdir',(1.,0.,0.));
#8535=DIRECTION('center_axis',(-1.22464679914736E-16,1.,0.));
#8536=DIRECTION('ref_axis',(-1.,-1.16714741496535E-16,0.));
#8537=DIRECTION('center_axis',(-1.22464679914735E-16,1.,0.));
#8538=DIRECTION('ref_axis',(-1.,-1.22464679914735E-16,0.));
#8539=DIRECTION('',(0.707106781186549,0.707106781186546,8.65956056235496E-17));
#8540=DIRECTION('center_axis',(1.22464679914735E-16,-1.,0.));
#8541=DIRECTION('ref_axis',(-1.,-1.11022302462516E-16,0.));
#8542=DIRECTION('center_axis',(1.22464679914735E-16,-1.,0.));
#8543=DIRECTION('ref_axis',(-1.,-1.11022302462516E-16,0.));
#8544=DIRECTION('center_axis',(1.22464679914735E-16,-1.,0.));
#8545=DIRECTION('ref_axis',(1.,1.11022302462516E-16,0.));
#8546=DIRECTION('',(-1.22464679914735E-16,1.,0.));
#8547=DIRECTION('center_axis',(-1.22464679914735E-16,1.,0.));
#8548=DIRECTION('ref_axis',(-1.,-1.21430643318376E-16,1.22464679914735E-16));
#8549=DIRECTION('center_axis',(-1.22464679914735E-16,1.,0.));
#8550=DIRECTION('ref_axis',(-1.,-1.21430643318376E-16,1.22464679914735E-16));
#8551=DIRECTION('center_axis',(1.22464679914735E-16,-1.,0.));
#8552=DIRECTION('ref_axis',(0.,0.,-1.));
#8553=DIRECTION('center_axis',(1.22464679914735E-16,-1.,0.));
#8554=DIRECTION('ref_axis',(1.,1.22464679914735E-16,0.));
#8555=DIRECTION('center_axis',(1.22464679914735E-16,-1.,0.));
#8556=DIRECTION('ref_axis',(-1.,-1.16714741496535E-16,0.));
#8557=DIRECTION('center_axis',(-1.22464679914735E-16,1.,0.));
#8558=DIRECTION('ref_axis',(-1.,-1.11022302462516E-16,0.));
#8559=DIRECTION('center_axis',(-1.22464679914735E-16,1.,0.));
#8560=DIRECTION('ref_axis',(-1.,-1.11022302462516E-16,0.));
#8561=DIRECTION('',(-0.707106781186548,0.707106781186547,-8.65956056235493E-17));
#8562=DIRECTION('center_axis',(1.22464679914735E-16,-1.,0.));
#8563=DIRECTION('ref_axis',(-1.,-1.22464679914735E-16,0.));
#8564=DIRECTION('center_axis',(1.22464679914735E-16,-1.,0.));
#8565=DIRECTION('ref_axis',(1.,1.11022302462516E-16,0.));
#8566=DIRECTION('center_axis',(1.22464679914735E-16,-1.,0.));
#8567=DIRECTION('ref_axis',(-1.,-1.21430643318376E-16,1.22464679914735E-16));
#8568=DIRECTION('',(-1.22464679914735E-16,1.,0.));
#8569=DIRECTION('center_axis',(1.22464679914735E-16,-1.,0.));
#8570=DIRECTION('ref_axis',(-1.,-1.21430643318376E-16,1.22464679914735E-16));
#8571=DIRECTION('center_axis',(-1.22464679914735E-16,1.,0.));
#8572=DIRECTION('ref_axis',(0.,0.,1.));
#8573=DIRECTION('center_axis',(1.22464679914735E-16,-1.,0.));
#8574=DIRECTION('ref_axis',(1.,1.22464679914735E-16,0.));
#8575=DIRECTION('center_axis',(1.22464679914735E-16,-1.,0.));
#8576=DIRECTION('ref_axis',(0.,0.,-1.));
#8577=DIRECTION('center_axis',(-1.41063681334888E-16,1.,-2.82127362669776E-17));
#8578=DIRECTION('ref_axis',(-1.,-1.41063681334888E-16,0.));
#8579=DIRECTION('center_axis',(-1.41063681334888E-16,1.,-2.82127362669776E-17));
#8580=DIRECTION('ref_axis',(-1.,-1.41063681334888E-16,0.));
#8581=DIRECTION('center_axis',(-1.,-1.22464679914735E-16,-1.22464679914735E-16));
#8582=DIRECTION('ref_axis',(-1.22464679914735E-16,0.,1.));
#8583=DIRECTION('center_axis',(-1.22464679914735E-16,1.,0.));
#8584=DIRECTION('ref_axis',(1.,1.11022302462516E-16,0.));
#8585=DIRECTION('center_axis',(1.06287376529393E-16,-1.,-3.54291255097978E-17));
#8586=DIRECTION('ref_axis',(-1.,-1.06287376529393E-16,0.));
#8587=DIRECTION('',(-0.936060940245237,0.351837911753697,-1.14634403427819E-16));
#8588=DIRECTION('center_axis',(1.06287376529393E-16,-1.,-3.54291255097978E-17));
#8589=DIRECTION('ref_axis',(-1.,-1.06287376529393E-16,0.));
#8590=DIRECTION('center_axis',(1.22464679914735E-16,-1.,0.));
#8591=DIRECTION('ref_axis',(0.,0.,-1.));
#8592=DIRECTION('center_axis',(-1.,-1.22464679914735E-16,-1.22464679914735E-16));
#8593=DIRECTION('ref_axis',(-1.22464679914735E-16,0.,1.));
#8594=DIRECTION('center_axis',(1.1285094506791E-16,-1.,-1.29654187127402E-32));
#8595=DIRECTION('ref_axis',(-1.,-1.1285094506791E-16,-2.50579435130206E-32));
#8596=DIRECTION('center_axis',(1.1285094506791E-16,-1.,-1.29654187127402E-32));
#8597=DIRECTION('ref_axis',(-1.,-1.1285094506791E-16,-2.50579435130206E-32));
#8598=DIRECTION('center_axis',(1.22464679914735E-16,-1.,0.));
#8599=DIRECTION('ref_axis',(1.,1.11022302462516E-16,0.));
#8600=DIRECTION('',(0.936060940245237,0.351837911753698,1.14634403427819E-16));
#8601=DIRECTION('center_axis',(-1.41716502039191E-16,1.,1.62857048450279E-32));
#8602=DIRECTION('ref_axis',(-1.,-1.41716502039191E-16,0.));
#8603=DIRECTION('center_axis',(-1.41716502039191E-16,1.,1.62857048450279E-32));
#8604=DIRECTION('ref_axis',(-1.,-1.41716502039191E-16,0.));
#8605=DIRECTION('center_axis',(1.22464679914735E-16,-1.,0.));
#8606=DIRECTION('ref_axis',(0.,0.,-1.));
#8607=DIRECTION('center_axis',(-1.,-1.22464679914735E-16,-1.22464679914735E-16));
#8608=DIRECTION('ref_axis',(-1.22464679914735E-16,0.,1.));
#8609=DIRECTION('center_axis',(-1.22464679914735E-16,1.,0.));
#8610=DIRECTION('ref_axis',(-1.,-1.22098785804733E-16,1.22464679914735E-16));
#8611=DIRECTION('center_axis',(-1.22464679914735E-16,1.,0.));
#8612=DIRECTION('ref_axis',(-1.,-1.22098785804733E-16,1.22464679914735E-16));
#8613=DIRECTION('center_axis',(1.22464679914735E-16,-1.,0.));
#8614=DIRECTION('ref_axis',(1.,1.11022302462516E-16,0.));
#8615=DIRECTION('center_axis',(1.22464679914735E-16,-1.,0.));
#8616=DIRECTION('ref_axis',(-1.,-1.22098785804733E-16,1.22464679914735E-16));
#8617=DIRECTION('',(-1.22464679914735E-16,1.,0.));
#8618=DIRECTION('center_axis',(1.22464679914735E-16,-1.,0.));
#8619=DIRECTION('ref_axis',(-1.,-1.22098785804733E-16,1.22464679914735E-16));
#8620=DIRECTION('center_axis',(1.22464679914735E-16,-1.,0.));
#8621=DIRECTION('ref_axis',(0.,0.,-1.));
#8622=DIRECTION('center_axis',(-1.,-1.22464679914735E-16,-1.22464679914735E-16));
#8623=DIRECTION('ref_axis',(-1.22464679914735E-16,0.,1.));
#8624=DIRECTION('center_axis',(1.22464679914735E-16,-1.,0.));
#8625=DIRECTION('ref_axis',(1.,1.11022302462516E-16,0.));
#8626=DIRECTION('',(-1.22464679914735E-16,1.,0.));
#8627=DIRECTION('center_axis',(1.22464679914735E-16,-1.,0.));
#8628=DIRECTION('ref_axis',(1.,1.22464679914735E-16,0.));
#8629=DIRECTION('center_axis',(-1.22464679914735E-16,1.,0.));
#8630=DIRECTION('ref_axis',(0.,0.,1.));
#8631=DIRECTION('center_axis',(1.22464679914735E-16,-1.,0.));
#8632=DIRECTION('ref_axis',(1.,1.22464679914735E-16,0.));
#8633=DIRECTION('center_axis',(1.22464679914735E-16,-1.,0.));
#8634=DIRECTION('ref_axis',(1.,1.11022302462516E-16,0.));
#8635=DIRECTION('',(-1.22464679914735E-16,1.,0.));
#8636=DIRECTION('center_axis',(1.22464679914735E-16,-1.,0.));
#8637=DIRECTION('ref_axis',(1.,1.22464679914735E-16,0.));
#8638=DIRECTION('center_axis',(-1.22464679914735E-16,1.,0.));
#8639=DIRECTION('ref_axis',(0.,0.,1.));
#8640=DIRECTION('center_axis',(1.22464679914735E-16,-1.,0.));
#8641=DIRECTION('ref_axis',(1.,1.22464679914735E-16,0.));
#8642=DIRECTION('center_axis',(1.22464679914735E-16,-1.,0.));
#8643=DIRECTION('ref_axis',(1.,1.11022302462516E-16,0.));
#8644=DIRECTION('',(-1.22464679914735E-16,1.,0.));
#8645=DIRECTION('center_axis',(1.22464679914735E-16,-1.,0.));
#8646=DIRECTION('ref_axis',(1.,1.22464679914735E-16,0.));
#8647=DIRECTION('center_axis',(1.22464679914735E-16,-1.,0.));
#8648=DIRECTION('ref_axis',(0.,0.,-1.));
#8649=DIRECTION('center_axis',(1.22464679914735E-16,-1.,0.));
#8650=DIRECTION('ref_axis',(1.,1.22464679914735E-16,0.));
#8651=DIRECTION('center_axis',(1.22464679914735E-16,-1.,0.));
#8652=DIRECTION('ref_axis',(1.,1.11022302462516E-16,0.));
#8653=DIRECTION('',(-1.22464679914735E-16,1.,0.));
#8654=DIRECTION('axis',(0.,0.,1.));
#8655=DIRECTION('refdir',(1.,0.,0.));
#8656=DIRECTION('center_axis',(0.,0.,1.));
#8657=DIRECTION('ref_axis',(6.12323399573677E-17,1.,0.));
#8658=DIRECTION('center_axis',(0.,0.,-1.));
#8659=DIRECTION('ref_axis',(1.,0.,0.));
#8660=DIRECTION('',(0.,0.,-1.));
#8661=DIRECTION('center_axis',(0.,0.,1.));
#8662=DIRECTION('ref_axis',(1.,0.,0.));
#8663=DIRECTION('',(-1.22460635382238E-16,0.,1.));
#8664=DIRECTION('center_axis',(0.,0.,1.));
#8665=DIRECTION('ref_axis',(6.12323399573677E-17,1.,0.));
#8666=DIRECTION('center_axis',(0.,0.,-1.));
#8667=DIRECTION('ref_axis',(1.,0.,0.));
#8668=DIRECTION('',(0.,0.,1.));
#8669=DIRECTION('center_axis',(0.,0.,1.));
#8670=DIRECTION('ref_axis',(1.,0.,0.));
#8671=DIRECTION('',(0.,0.,-1.));
#8672=DIRECTION('center_axis',(0.,0.,1.));
#8673=DIRECTION('ref_axis',(1.,0.,0.));
#8674=DIRECTION('center_axis',(0.,0.,1.));
#8675=DIRECTION('ref_axis',(1.,0.,0.));
#8676=DIRECTION('',(0.,0.,1.));
#8677=DIRECTION('center_axis',(0.,0.,-1.));
#8678=DIRECTION('ref_axis',(1.,0.,0.));
#8679=DIRECTION('center_axis',(0.,0.,1.));
#8680=DIRECTION('ref_axis',(1.,0.,0.));
#8681=DIRECTION('center_axis',(0.,0.,1.));
#8682=DIRECTION('ref_axis',(1.,0.,0.));
#8683=DIRECTION('',(0.,0.,1.));
#8684=DIRECTION('center_axis',(0.,0.,-1.));
#8685=DIRECTION('ref_axis',(1.,0.,0.));
#8686=DIRECTION('center_axis',(1.22460635382238E-16,0.,-1.));
#8687=DIRECTION('ref_axis',(-1.,0.,-1.22460635382238E-16));
#8688=DIRECTION('center_axis',(1.22460635382238E-16,0.,-1.));
#8689=DIRECTION('ref_axis',(-1.,0.,-1.22460635382238E-16));
#8690=DIRECTION('',(1.22460635382238E-16,0.,-1.));
#8691=DIRECTION('center_axis',(-1.22460635382238E-16,0.,1.));
#8692=DIRECTION('ref_axis',(-1.,0.,-1.22460635382238E-16));
#8693=DIRECTION('center_axis',(1.,2.42070942132443E-16,0.));
#8694=DIRECTION('ref_axis',(-2.42070942132443E-16,1.,0.));
#8695=DIRECTION('',(2.42070942132443E-16,-1.,0.));
#8696=DIRECTION('',(0.,0.,1.));
#8697=DIRECTION('',(-2.42070942132443E-16,1.,0.));
#8698=DIRECTION('center_axis',(0.,0.,1.));
#8699=DIRECTION('ref_axis',(1.,0.,0.));
#8700=DIRECTION('center_axis',(0.,0.,1.));
#8701=DIRECTION('ref_axis',(1.,0.,0.));
#8702=DIRECTION('center_axis',(0.,0.,-1.));
#8703=DIRECTION('ref_axis',(1.,0.,0.));
#8704=DIRECTION('center_axis',(0.,0.,-1.));
#8705=DIRECTION('ref_axis',(-1.,0.,0.));
#8706=DIRECTION('center_axis',(0.,0.,-1.));
#8707=DIRECTION('ref_axis',(1.,0.,0.));
#8708=DIRECTION('center_axis',(0.,0.,1.));
#8709=DIRECTION('ref_axis',(1.,0.,0.));
#8710=DIRECTION('',(2.24780160551554E-16,-1.,0.));
#8711=DIRECTION('center_axis',(0.,0.,1.));
#8712=DIRECTION('ref_axis',(1.,0.,0.));
#8713=DIRECTION('center_axis',(0.,0.,1.));
#8714=DIRECTION('ref_axis',(1.,0.,0.));
#8715=DIRECTION('',(0.,0.,1.));
#8716=DIRECTION('center_axis',(0.,0.,1.));
#8717=DIRECTION('ref_axis',(1.,0.,0.));
#8718=DIRECTION('center_axis',(0.,0.,-1.));
#8719=DIRECTION('ref_axis',(1.,0.,0.));
#8720=DIRECTION('',(0.,0.,1.));
#8721=DIRECTION('center_axis',(-1.,-2.24780160551554E-16,0.));
#8722=DIRECTION('ref_axis',(2.24780160551554E-16,-1.,0.));
#8723=DIRECTION('',(-2.24780160551554E-16,1.,0.));
#8724=DIRECTION('center_axis',(0.,0.,1.));
#8725=DIRECTION('ref_axis',(1.,0.,0.));
#8726=DIRECTION('axis',(0.,0.,1.));
#8727=DIRECTION('refdir',(1.,0.,0.));
#8728=DIRECTION('center_axis',(0.,0.,1.));
#8729=DIRECTION('ref_axis',(1.,0.,0.));
#8730=DIRECTION('center_axis',(0.,0.,-1.));
#8731=DIRECTION('ref_axis',(1.,0.,0.));
#8732=DIRECTION('center_axis',(0.,0.,1.));
#8733=DIRECTION('ref_axis',(1.,0.,0.));
#8734=DIRECTION('center_axis',(0.,0.,1.));
#8735=DIRECTION('ref_axis',(1.,0.,0.));
#8736=DIRECTION('center_axis',(0.,0.,1.));
#8737=DIRECTION('ref_axis',(1.,0.,0.));
#8738=DIRECTION('center_axis',(0.,0.,-1.));
#8739=DIRECTION('ref_axis',(1.,0.,0.));
#8740=DIRECTION('center_axis',(0.,0.,1.));
#8741=DIRECTION('ref_axis',(1.,0.,0.));
#8742=DIRECTION('',(0.,0.,-1.));
#8743=DIRECTION('center_axis',(0.,0.,1.));
#8744=DIRECTION('ref_axis',(1.,0.,0.));
#8745=DIRECTION('',(0.,0.,1.));
#8746=DIRECTION('center_axis',(0.,0.,1.));
#8747=DIRECTION('ref_axis',(1.,0.,0.));
#8748=DIRECTION('center_axis',(0.,0.,1.));
#8749=DIRECTION('ref_axis',(1.,0.,0.));
#8750=DIRECTION('center_axis',(0.,0.,1.));
#8751=DIRECTION('ref_axis',(1.,0.,0.));
#8752=DIRECTION('center_axis',(0.,0.,1.));
#8753=DIRECTION('ref_axis',(1.,0.,0.));
#8754=DIRECTION('center_axis',(0.,0.,1.));
#8755=DIRECTION('ref_axis',(1.,0.,0.));
#8756=DIRECTION('center_axis',(0.,0.,-1.));
#8757=DIRECTION('ref_axis',(1.,0.,0.));
#8758=DIRECTION('center_axis',(0.,0.,1.));
#8759=DIRECTION('ref_axis',(1.,0.,0.));
#8760=DIRECTION('',(0.,0.,-1.));
#8761=DIRECTION('center_axis',(0.,0.,-1.));
#8762=DIRECTION('ref_axis',(1.,0.,0.));
#8763=DIRECTION('',(0.,0.,-1.));
#8764=DIRECTION('center_axis',(0.,0.,-1.));
#8765=DIRECTION('ref_axis',(1.,0.,0.));
#8766=DIRECTION('center_axis',(0.,0.,1.));
#8767=DIRECTION('ref_axis',(1.,0.,0.));
#8768=DIRECTION('center_axis',(0.,0.,-1.));
#8769=DIRECTION('ref_axis',(1.,0.,0.));
#8770=DIRECTION('center_axis',(0.,0.,-1.));
#8771=DIRECTION('ref_axis',(1.,0.,0.));
#8772=DIRECTION('center_axis',(0.,0.,1.));
#8773=DIRECTION('ref_axis',(1.,0.,0.));
#8774=DIRECTION('center_axis',(0.,0.,1.));
#8775=DIRECTION('ref_axis',(1.,0.,0.));
#8776=DIRECTION('center_axis',(0.,0.,-1.));
#8777=DIRECTION('ref_axis',(1.,0.,0.));
#8778=DIRECTION('center_axis',(0.,0.,1.));
#8779=DIRECTION('ref_axis',(1.,0.,0.));
#8780=DIRECTION('',(0.,0.,1.));
#8781=DIRECTION('center_axis',(0.,0.,-1.));
#8782=DIRECTION('ref_axis',(1.,0.,0.));
#8783=DIRECTION('center_axis',(0.,0.,1.));
#8784=DIRECTION('ref_axis',(1.,0.,0.));
#8785=DIRECTION('',(0.,0.,1.));
#8786=DIRECTION('center_axis',(0.,0.,1.));
#8787=DIRECTION('ref_axis',(1.,0.,0.));
#8788=DIRECTION('center_axis',(0.,0.,-1.));
#8789=DIRECTION('ref_axis',(1.,0.,0.));
#8790=DIRECTION('center_axis',(0.,0.,1.));
#8791=DIRECTION('ref_axis',(1.,0.,0.));
#8792=DIRECTION('',(0.,0.,-1.));
#8793=DIRECTION('center_axis',(0.,0.,-1.));
#8794=DIRECTION('ref_axis',(1.,0.,0.));
#8795=DIRECTION('',(0.,0.,1.));
#8796=DIRECTION('center_axis',(0.,0.,-1.));
#8797=DIRECTION('ref_axis',(1.,0.,0.));
#8798=DIRECTION('center_axis',(0.,0.,1.));
#8799=DIRECTION('ref_axis',(1.,0.,0.));
#8800=DIRECTION('axis',(0.,0.,1.));
#8801=DIRECTION('refdir',(1.,0.,0.));
#8802=DIRECTION('center_axis',(0.,-1.,0.));
#8803=DIRECTION('ref_axis',(1.,0.,0.));
#8804=DIRECTION('center_axis',(0.,1.,0.));
#8805=DIRECTION('ref_axis',(1.,0.,0.));
#8806=DIRECTION('',(-0.707106781186548,-0.707106781186547,8.65956056235494E-17));
#8807=DIRECTION('center_axis',(0.,-1.,0.));
#8808=DIRECTION('ref_axis',(1.,0.,0.));
#8809=DIRECTION('center_axis',(0.,1.,0.));
#8810=DIRECTION('ref_axis',(0.,0.,1.));
#8811=DIRECTION('center_axis',(0.,1.,0.));
#8812=DIRECTION('ref_axis',(1.,0.,0.));
#8813=DIRECTION('center_axis',(0.,1.,0.));
#8814=DIRECTION('ref_axis',(1.,0.,0.));
#8815=DIRECTION('center_axis',(0.,-1.,0.));
#8816=DIRECTION('ref_axis',(1.,0.,0.));
#8817=DIRECTION('',(0.,-1.,0.));
#8818=DIRECTION('center_axis',(0.,1.,0.));
#8819=DIRECTION('ref_axis',(1.,0.,0.));
#8820=DIRECTION('center_axis',(0.,-1.,0.));
#8821=DIRECTION('ref_axis',(1.,0.,0.));
#8822=DIRECTION('center_axis',(0.,-1.,0.));
#8823=DIRECTION('ref_axis',(1.,0.,0.));
#8824=DIRECTION('',(0.707106781186548,-0.707106781186547,-8.65956056235494E-17));
#8825=DIRECTION('center_axis',(0.,1.,0.));
#8826=DIRECTION('ref_axis',(-1.,0.,0.));
#8827=DIRECTION('center_axis',(0.,1.,0.));
#8828=DIRECTION('ref_axis',(1.,0.,0.));
#8829=DIRECTION('center_axis',(0.,1.,0.));
#8830=DIRECTION('ref_axis',(1.,0.,0.));
#8831=DIRECTION('',(0.,-1.,0.));
#8832=DIRECTION('center_axis',(0.,1.,0.));
#8833=DIRECTION('ref_axis',(1.,0.,0.));
#8834=DIRECTION('center_axis',(0.,1.,0.));
#8835=DIRECTION('ref_axis',(1.,0.,0.));
#8836=DIRECTION('',(0.707106781186547,-0.707106781186547,-8.65956056235493E-17));
#8837=DIRECTION('center_axis',(0.,1.,0.));
#8838=DIRECTION('ref_axis',(0.,0.,1.));
#8839=DIRECTION('center_axis',(0.,-1.,0.));
#8840=DIRECTION('ref_axis',(1.,0.,0.));
#8841=DIRECTION('center_axis',(0.,-1.,0.));
#8842=DIRECTION('ref_axis',(1.,0.,0.));
#8843=DIRECTION('',(-0.707106781186548,-0.707106781186548,8.65956056235493E-17));
#8844=DIRECTION('axis',(0.,0.,1.));
#8845=DIRECTION('refdir',(1.,0.,0.));
#8846=DIRECTION('center_axis',(1.,9.0349949743995E-18,0.));
#8847=DIRECTION('ref_axis',(0.,0.,-1.));
#8848=DIRECTION('center_axis',(1.,9.0349949743995E-18,0.));
#8849=DIRECTION('ref_axis',(9.0349949743995E-18,-1.,1.22464679914735E-16));
#8850=DIRECTION('center_axis',(9.0349949743995E-18,-1.,-1.22464679914735E-16));
#8851=DIRECTION('ref_axis',(0.,-1.22464679914735E-16,1.));
#8852=DIRECTION('center_axis',(-1.,-9.0349949743995E-18,0.));
#8853=DIRECTION('ref_axis',(1.15648231731787E-17,-1.,1.22464679914735E-16));
#8854=DIRECTION('center_axis',(-1.,-9.0349949743995E-18,0.));
#8855=DIRECTION('ref_axis',(1.15648231731787E-17,-1.,1.22464679914735E-16));
#8856=DIRECTION('center_axis',(1.,9.0349949743995E-18,0.));
#8857=DIRECTION('ref_axis',(0.,1.,0.));
#8858=DIRECTION('center_axis',(1.,9.0349949743995E-18,0.));
#8859=DIRECTION('ref_axis',(0.,-1.,0.));
#8860=DIRECTION('center_axis',(1.,9.0349949743995E-18,0.));
#8861=DIRECTION('ref_axis',(0.,-1.,0.));
#8862=DIRECTION('',(-1.,-9.0349949743995E-18,0.));
#8863=DIRECTION('center_axis',(1.,9.0349949743995E-18,0.));
#8864=DIRECTION('ref_axis',(0.,0.,-1.));
#8865=DIRECTION('center_axis',(1.,9.0349949743995E-18,0.));
#8866=DIRECTION('ref_axis',(0.,1.,0.));
#8867=DIRECTION('center_axis',(-1.,-9.0349949743995E-18,0.));
#8868=DIRECTION('ref_axis',(4.00301997682248E-18,-1.,0.));
#8869=DIRECTION('center_axis',(-1.,-9.0349949743995E-18,0.));
#8870=DIRECTION('ref_axis',(9.0349949743995E-18,-1.,0.));
#8871=DIRECTION('',(-0.707106781186548,0.707106781186547,8.65956056235493E-17));
#8872=DIRECTION('center_axis',(1.,9.0349949743995E-18,0.));
#8873=DIRECTION('ref_axis',(0.,0.,-1.));
#8874=DIRECTION('center_axis',(1.,9.0349949743995E-18,0.));
#8875=DIRECTION('ref_axis',(0.,0.,-1.));
#8876=DIRECTION('center_axis',(-1.,-9.0349949743995E-18,0.));
#8877=DIRECTION('ref_axis',(1.38777878078145E-17,-1.,1.22464679914735E-16));
#8878=DIRECTION('center_axis',(-1.,-9.0349949743995E-18,0.));
#8879=DIRECTION('ref_axis',(1.38777878078145E-17,-1.,1.22464679914735E-16));
#8880=DIRECTION('center_axis',(9.0349949743995E-18,-1.,-1.22464679914735E-16));
#8881=DIRECTION('ref_axis',(0.,-1.22464679914735E-16,1.));
#8882=DIRECTION('center_axis',(1.,9.0349949743995E-18,0.));
#8883=DIRECTION('ref_axis',(9.0349949743995E-18,-1.,1.22464679914735E-16));
#8884=DIRECTION('center_axis',(-1.,-9.0349949743995E-18,0.));
#8885=DIRECTION('ref_axis',(0.,0.,1.));
#8886=DIRECTION('',(-5.21218746222998E-33,5.76888805915069E-16,1.));
#8887=DIRECTION('',(7.8245351708947E-18,-0.866025403784439,0.5));
#8888=DIRECTION('',(7.8245351708947E-18,-0.866025403784439,-0.5));
#8889=DIRECTION('',(8.68697910371663E-34,-9.61481343191782E-17,-1.));
#8890=DIRECTION('',(-7.8245351708947E-18,0.866025403784439,-0.5));
#8891=DIRECTION('',(-7.8245351708947E-18,0.866025403784439,0.5));
#8892=DIRECTION('center_axis',(1.,9.0349949743995E-18,0.));
#8893=DIRECTION('ref_axis',(0.,1.,0.));
#8894=DIRECTION('',(-1.,-9.0349949743995E-18,0.));
#8895=DIRECTION('center_axis',(4.51749748719975E-18,-0.5,-0.866025403784439));
#8896=DIRECTION('ref_axis',(-1.,0.,-5.21635678059647E-18));
#8897=DIRECTION('',(-1.,-9.0349949743995E-18,0.));
#8898=DIRECTION('',(-1.,-9.0349949743995E-18,0.));
#8899=DIRECTION('center_axis',(-4.51749748719975E-18,0.5,-0.866025403784439));
#8900=DIRECTION('ref_axis',(-1.,0.,5.21635678059646E-18));
#8901=DIRECTION('',(-1.,-9.0349949743995E-18,0.));
#8902=DIRECTION('center_axis',(-9.0349949743995E-18,1.,-5.76888805915069E-16));
#8903=DIRECTION('ref_axis',(0.,5.76888805915069E-16,1.));
#8904=DIRECTION('',(-1.,-9.0349949743995E-18,0.));
#8905=DIRECTION('center_axis',(-4.51749748719975E-18,0.5,0.866025403784439));
#8906=DIRECTION('ref_axis',(1.,0.,5.21635678059647E-18));
#8907=DIRECTION('',(1.,9.0349949743995E-18,0.));
#8908=DIRECTION('center_axis',(9.0349949743995E-18,-1.,9.61481343191782E-17));
#8909=DIRECTION('ref_axis',(0.,-9.61481343191782E-17,-1.));
#8910=DIRECTION('',(-1.,-9.0349949743995E-18,0.));
#8911=DIRECTION('center_axis',(4.51749748719975E-18,-0.5,0.866025403784439));
#8912=DIRECTION('ref_axis',(1.,0.,-5.21635678059646E-18));
#8913=DIRECTION('center_axis',(-1.,-9.0349949743995E-18,0.));
#8914=DIRECTION('ref_axis',(0.,1.,0.));
#8915=DIRECTION('',(-0.5,-0.866025403784439,-1.06057523872491E-16));
#8916=DIRECTION('axis',(0.,0.,1.));
#8917=DIRECTION('refdir',(1.,0.,0.));
#8918=DIRECTION('center_axis',(0.,0.,-1.));
#8919=DIRECTION('ref_axis',(-1.,0.,0.));
#8920=DIRECTION('center_axis',(0.,0.,-1.));
#8921=DIRECTION('ref_axis',(-1.,0.,0.));
#8922=DIRECTION('',(-0.857167300702112,1.04972719113862E-16,0.515038074910054));
#8923=DIRECTION('center_axis',(0.,0.,-1.));
#8924=DIRECTION('ref_axis',(-1.,0.,0.));
#8925=DIRECTION('center_axis',(0.,0.,1.));
#8926=DIRECTION('ref_axis',(-1.,0.,0.));
#8927=DIRECTION('',(0.,0.,1.));
#8928=DIRECTION('center_axis',(-1.,4.44089209850063E-16,0.));
#8929=DIRECTION('ref_axis',(0.,0.,-1.));
#8930=DIRECTION('center_axis',(1.,-4.44089209850063E-16,0.));
#8931=DIRECTION('ref_axis',(0.,0.,-1.));
#8932=DIRECTION('',(0.515038074910054,-1.23750132615641E-16,-0.857167300702112));
#8933=DIRECTION('center_axis',(1.,-4.44089209850063E-16,0.));
#8934=DIRECTION('ref_axis',(0.,0.,-1.));
#8935=DIRECTION('center_axis',(1.,-2.22044604925031E-16,0.));
#8936=DIRECTION('ref_axis',(0.,0.,-1.));
#8937=DIRECTION('',(1.,-4.44089209850063E-16,0.));
#8938=DIRECTION('center_axis',(-1.,4.44089209850063E-16,0.));
#8939=DIRECTION('ref_axis',(0.,0.,-1.));
#8940=DIRECTION('center_axis',(1.,-4.44089209850063E-16,0.));
#8941=DIRECTION('ref_axis',(0.,0.,-1.));
#8942=DIRECTION('',(0.515038074910054,-1.23750132615641E-16,-0.857167300702112));
#8943=DIRECTION('center_axis',(1.,-4.44089209850063E-16,0.));
#8944=DIRECTION('ref_axis',(0.,0.,-1.));
#8945=DIRECTION('center_axis',(1.,-2.22044604925031E-16,0.));
#8946=DIRECTION('ref_axis',(0.,0.,-1.));
#8947=DIRECTION('',(1.,-4.44089209850063E-16,0.));
#8948=DIRECTION('center_axis',(1.11022302462516E-16,-1.,0.));
#8949=DIRECTION('ref_axis',(1.,1.11022302462516E-16,0.));
#8950=DIRECTION('center_axis',(1.11022302462516E-16,-1.,0.));
#8951=DIRECTION('ref_axis',(1.,1.11022302462516E-16,0.));
#8952=DIRECTION('',(0.857167300702112,0.515038074910054,1.04972719113862E-16));
#8953=DIRECTION('center_axis',(1.11022302462516E-16,-1.,0.));
#8954=DIRECTION('ref_axis',(1.,1.11022302462516E-16,0.));
#8955=DIRECTION('center_axis',(-1.11022302462516E-16,1.,0.));
#8956=DIRECTION('ref_axis',(1.,1.11022302462516E-16,0.));
#8957=DIRECTION('',(-1.11022302462516E-16,1.,0.));
#8958=DIRECTION('center_axis',(0.573280133977267,0.584862720900586,0.57383402276945));
#8959=DIRECTION('ref_axis',(0.707448128136254,0.,-0.706765269376269));
#8960=DIRECTION('',(0.714142842854286,-0.699999999999999,0.));
#8961=DIRECTION('',(-0.0136019815239306,0.70704136586859,-0.707041365868576));
#8962=DIRECTION('center_axis',(-0.577350269189623,-0.577350269189623,0.577350269189632));
#8963=DIRECTION('ref_axis',(0.707106781186553,0.,0.707106781186542));
#8964=DIRECTION('',(0.707106781186555,0.,0.70710678118654));
#8965=DIRECTION('',(-0.707106781186548,0.707106781186548,0.));
#8966=DIRECTION('',(0.,-0.707106781186553,-0.707106781186542));
#8967=DIRECTION('center_axis',(-0.573280133977264,0.584862720900588,0.573834022769452));
#8968=DIRECTION('ref_axis',(0.707448128136257,0.,0.706765269376266));
#8969=DIRECTION('',(0.714142842854286,0.699999999999999,0.));
#8970=DIRECTION('',(-0.0136019815239384,-0.707041365868591,0.707041365868575));
#8971=DIRECTION('center_axis',(0.,0.,1.));
#8972=DIRECTION('ref_axis',(-0.707106781186547,-0.707106781186548,0.));
#8973=DIRECTION('center_axis',(0.,0.,-1.));
#8974=DIRECTION('ref_axis',(-0.707106781186547,-0.707106781186548,0.));
#8975=DIRECTION('center_axis',(0.,0.,1.));
#8976=DIRECTION('ref_axis',(-0.707106781186547,-0.707106781186548,0.));
#8977=DIRECTION('center_axis',(0.577350269189622,-0.577350269189622,0.577350269189634));
#8978=DIRECTION('ref_axis',(0.707106781186555,0.,-0.70710678118654));
#8979=DIRECTION('',(0.,0.707106781186554,0.707106781186541));
#8980=DIRECTION('',(-0.707106781186548,-0.707106781186548,0.));
#8981=DIRECTION('',(0.707106781186555,0.,-0.70710678118654));
#8982=DIRECTION('center_axis',(-0.707106781186548,-0.707106781186548,0.));
#8983=DIRECTION('ref_axis',(0.,0.,1.));
#8984=DIRECTION('',(0.707106781186551,-0.707106781186544,0.));
#8985=DIRECTION('',(0.,0.,1.));
#8986=DIRECTION('',(0.,0.,-1.));
#8987=DIRECTION('center_axis',(0.,1.,0.));
#8988=DIRECTION('ref_axis',(-0.707106781186548,1.09310234465325E-17,-0.707106781186547));
#8989=DIRECTION('center_axis',(1.11022302462516E-16,-1.,0.));
#8990=DIRECTION('ref_axis',(-0.707106781186548,9.8130778667736E-17,-0.707106781186547));
#8991=DIRECTION('',(0.,-0.707106781186549,0.707106781186546));
#8992=DIRECTION('center_axis',(-1.11022302462516E-16,1.,0.));
#8993=DIRECTION('ref_axis',(-0.707106781186548,-7.85046229341888E-17,-0.707106781186547));
#8994=DIRECTION('center_axis',(7.8504622934188E-17,-0.707106781186541,-0.707106781186554));
#8995=DIRECTION('ref_axis',(-1.,0.,-1.11022302462514E-16));
#8996=DIRECTION('',(1.,1.11022302462516E-16,0.));
#8997=DIRECTION('',(0.,-0.707106781186554,0.707106781186541));
#8998=DIRECTION('',(-1.,-1.11022302462516E-16,0.));
#8999=DIRECTION('center_axis',(0.,1.,0.));
#9000=DIRECTION('ref_axis',(0.707106781186548,-1.10303963869556E-16,-0.707106781186547));
#9001=DIRECTION('center_axis',(1.11022302462516E-16,-1.,0.));
#9002=DIRECTION('ref_axis',(0.707106781186548,-2.94392336003208E-16,-0.707106781186547));
#9003=DIRECTION('',(-0.707106781186569,-0.707106781186526,0.));
#9004=DIRECTION('center_axis',(-1.11022302462516E-16,1.,0.));
#9005=DIRECTION('ref_axis',(0.707106781186548,7.85046229341888E-17,-0.707106781186547));
#9006=DIRECTION('center_axis',(0.707106781186548,-0.707106781186548,0.));
#9007=DIRECTION('ref_axis',(0.,0.,-1.));
#9008=DIRECTION('',(0.,0.,1.));
#9009=DIRECTION('',(0.,0.,-1.));
#9010=DIRECTION('center_axis',(-0.577350269189622,0.577350269189622,0.577350269189634));
#9011=DIRECTION('ref_axis',(0.707106781186555,0.,0.70710678118654));
#9012=DIRECTION('',(0.,-0.707106781186554,0.707106781186541));
#9013=DIRECTION('',(0.707106781186548,0.707106781186548,0.));
#9014=DIRECTION('',(-0.707106781186555,0.,-0.70710678118654));
#9015=DIRECTION('center_axis',(0.577350269189622,0.577350269189622,0.577350269189634));
#9016=DIRECTION('ref_axis',(0.707106781186555,0.,-0.70710678118654));
#9017=DIRECTION('',(-0.707106781186555,0.,0.70710678118654));
#9018=DIRECTION('',(0.707106781186548,-0.707106781186548,0.));
#9019=DIRECTION('',(0.,0.707106781186555,-0.70710678118654));
#9020=DIRECTION('center_axis',(0.707106781186548,0.707106781186548,0.));
#9021=DIRECTION('ref_axis',(0.,0.,-1.));
#9022=DIRECTION('',(-0.707106781186546,0.707106781186548,0.));
#9023=DIRECTION('',(0.,0.,1.));
#9024=DIRECTION('',(0.,0.,-1.));
#9025=DIRECTION('center_axis',(0.,-1.,0.));
#9026=DIRECTION('ref_axis',(0.707106781186548,-1.29681687252046E-16,-0.707106781186547));
#9027=DIRECTION('center_axis',(-5.55111512312578E-17,1.,0.));
#9028=DIRECTION('ref_axis',(0.707106781186548,-2.94392336003208E-16,-0.707106781186547));
#9029=DIRECTION('',(0.,0.707106781186548,0.707106781186546));
#9030=DIRECTION('center_axis',(5.55111512312578E-17,-1.,0.));
#9031=DIRECTION('ref_axis',(0.707106781186548,3.92523114670944E-17,-0.707106781186547));
#9032=DIRECTION('center_axis',(-3.92523114670939E-17,0.70710678118654,-0.707106781186555));
#9033=DIRECTION('ref_axis',(-1.,0.,5.55111512312566E-17));
#9034=DIRECTION('',(-1.,-5.55111512312578E-17,0.));
#9035=DIRECTION('',(0.,0.707106781186555,0.70710678118654));
#9036=DIRECTION('',(1.,5.55111512312578E-17,0.));
#9037=DIRECTION('center_axis',(0.,-1.,0.));
#9038=DIRECTION('ref_axis',(-0.707106781186548,3.03087468290222E-17,-0.707106781186547));
#9039=DIRECTION('center_axis',(-5.55111512312578E-17,1.,0.));
#9040=DIRECTION('ref_axis',(-0.707106781186548,9.8130778667736E-17,-0.707106781186547));
#9041=DIRECTION('',(0.707106781186555,0.70710678118654,0.));
#9042=DIRECTION('center_axis',(5.55111512312578E-17,-1.,0.));
#9043=DIRECTION('ref_axis',(-0.707106781186548,-3.92523114670944E-17,-0.707106781186547));
#9044=DIRECTION('center_axis',(-0.707106781186548,0.707106781186548,0.));
#9045=DIRECTION('ref_axis',(0.,0.,1.));
#9046=DIRECTION('',(0.,0.,1.));
#9047=DIRECTION('',(0.,0.,-1.));
#9048=DIRECTION('center_axis',(-3.92523114670939E-17,0.70710678118654,0.707106781186555));
#9049=DIRECTION('ref_axis',(1.,0.,5.55111512312566E-17));
#9050=DIRECTION('',(1.,5.55111512312578E-17,0.));
#9051=DIRECTION('',(-1.,-5.55111512312578E-17,0.));
#9052=DIRECTION('center_axis',(0.70710678118654,-3.14018491736752E-16,0.707106781186555));
#9053=DIRECTION('ref_axis',(0.707106781186555,0.,-0.70710678118654));
#9054=DIRECTION('',(-4.44089209850063E-16,-1.,0.));
#9055=DIRECTION('',(4.44089209850063E-16,1.,0.));
#9056=DIRECTION('center_axis',(-0.70710678118654,1.57009245868376E-16,0.707106781186555));
#9057=DIRECTION('ref_axis',(0.707106781186555,0.,0.70710678118654));
#9058=DIRECTION('',(2.22044604925031E-16,1.,0.));
#9059=DIRECTION('',(-2.22044604925031E-16,-1.,0.));
#9060=DIRECTION('center_axis',(-3.92523114670939E-17,0.70710678118654,0.707106781186555));
#9061=DIRECTION('ref_axis',(1.,0.,5.55111512312566E-17));
#9062=DIRECTION('',(1.,5.55111512312578E-17,0.));
#9063=DIRECTION('',(-1.,-5.55111512312578E-17,0.));
#9064=DIRECTION('center_axis',(7.8504622934188E-17,-0.707106781186541,0.707106781186554));
#9065=DIRECTION('ref_axis',(1.,0.,-1.11022302462514E-16));
#9066=DIRECTION('',(-1.,-1.11022302462516E-16,0.));
#9067=DIRECTION('',(1.,1.11022302462516E-16,0.));
#9068=DIRECTION('center_axis',(0.699999999999999,0.714142842854286,0.));
#9069=DIRECTION('ref_axis',(0.,0.,-1.));
#9070=DIRECTION('',(-0.714142842854284,0.700000000000001,0.));
#9071=DIRECTION('',(0.,0.,1.));
#9072=DIRECTION('',(0.,0.,-1.));
#9073=DIRECTION('center_axis',(-5.5511151231258E-17,1.,0.));
#9074=DIRECTION('ref_axis',(0.,0.,-1.));
#9075=DIRECTION('',(0.714142842854279,0.700000000000006,0.));
#9076=DIRECTION('center_axis',(-5.55111512312578E-17,1.,0.));
#9077=DIRECTION('ref_axis',(0.,0.,-1.));
#9078=DIRECTION('center_axis',(5.55111512312578E-17,-1.,0.));
#9079=DIRECTION('ref_axis',(0.,0.,-1.));
#9080=DIRECTION('center_axis',(5.55111512312578E-17,-1.,0.));
#9081=DIRECTION('ref_axis',(0.,0.,-1.));
#9082=DIRECTION('center_axis',(-0.699999999999999,0.714142842854286,0.));
#9083=DIRECTION('ref_axis',(0.,0.,1.));
#9084=DIRECTION('',(0.,0.,1.));
#9085=DIRECTION('',(0.,0.,-1.));
#9086=DIRECTION('center_axis',(0.,0.,-1.));
#9087=DIRECTION('ref_axis',(-0.707106781186547,-0.707106781186548,0.));
#9088=DIRECTION('center_axis',(0.,0.,-1.));
#9089=DIRECTION('ref_axis',(1.22464679914735E-16,-1.,0.));
#9090=DIRECTION('center_axis',(-1.,2.22044604925031E-16,0.));
#9091=DIRECTION('ref_axis',(-2.22044604925031E-16,-1.,0.));
#9092=DIRECTION('',(2.22044604925031E-16,1.,0.));
#9093=DIRECTION('center_axis',(1.11022302462516E-16,-1.,0.));
#9094=DIRECTION('ref_axis',(1.,1.11022302462516E-16,0.));
#9095=DIRECTION('center_axis',(-5.55111512312578E-17,1.,0.));
#9096=DIRECTION('ref_axis',(-1.,-5.55111512312578E-17,0.));
#9097=DIRECTION('center_axis',(0.,0.,1.));
#9098=DIRECTION('ref_axis',(1.,0.,0.));
#9099=DIRECTION('center_axis',(2.22044604925031E-16,1.,0.));
#9100=DIRECTION('ref_axis',(-0.707106781186548,9.8130778667736E-17,-0.707106781186547));
#9101=DIRECTION('',(-2.22044604925031E-16,-1.,0.));
#9102=DIRECTION('center_axis',(0.,0.,-1.));
#9103=DIRECTION('ref_axis',(-1.,0.,0.));
#9104=DIRECTION('',(4.44089209850063E-16,1.,0.));
#9105=DIRECTION('center_axis',(-4.44089209850063E-16,-1.,0.));
#9106=DIRECTION('ref_axis',(0.707106781186548,-2.94392336003208E-16,-0.707106781186547));
#9107=DIRECTION('',(-4.44089209850063E-16,-1.,0.));
#9108=DIRECTION('center_axis',(0.577350269189626,0.577350269189626,0.577350269189626));
#9109=DIRECTION('ref_axis',(-0.707106781186548,0.,0.707106781186548));
#9110=DIRECTION('center_axis',(-0.408248290463863,0.816496580927726,-0.408248290463863));
#9111=DIRECTION('ref_axis',(0.707106781186547,0.,-0.707106781186548));
#9112=DIRECTION('center_axis',(1.,-4.44089209850063E-16,0.));
#9113=DIRECTION('ref_axis',(4.44089209850063E-16,1.,0.));
#9114=DIRECTION('axis',(0.,0.,1.));
#9115=DIRECTION('refdir',(1.,0.,0.));
#9116=DIRECTION('center_axis',(1.38777878078145E-16,-1.,0.));
#9117=DIRECTION('ref_axis',(1.,1.38777878078145E-16,0.));
#9118=DIRECTION('center_axis',(-1.38777878078145E-16,1.,0.));
#9119=DIRECTION('ref_axis',(1.,1.38777878078145E-16,0.));
#9120=DIRECTION('',(-1.38777878078145E-16,1.,0.));
#9121=DIRECTION('center_axis',(5.55111512312578E-17,-1.,0.));
#9122=DIRECTION('ref_axis',(1.,1.38777878078145E-16,0.));
#9123=DIRECTION('center_axis',(1.,-2.22044604925031E-16,0.));
#9124=DIRECTION('ref_axis',(0.,0.,1.));
#9125=DIRECTION('center_axis',(1.,5.70469119804549E-17,0.));
#9126=DIRECTION('ref_axis',(0.,0.,1.));
#9127=DIRECTION('',(1.,-2.22044604925031E-16,0.));
#9128=DIRECTION('center_axis',(-1.,2.22044604925031E-16,0.));
#9129=DIRECTION('ref_axis',(0.,0.,1.));
#9130=DIRECTION('center_axis',(1.,-2.22044604925031E-16,0.));
#9131=DIRECTION('ref_axis',(0.,0.,1.));
#9132=DIRECTION('center_axis',(1.,-2.22044604925031E-16,0.));
#9133=DIRECTION('ref_axis',(0.,0.,1.));
#9134=DIRECTION('',(1.,-2.22044604925031E-16,0.));
#9135=DIRECTION('center_axis',(-1.,-5.70469119804549E-17,0.));
#9136=DIRECTION('ref_axis',(0.,0.,1.));
#9137=DIRECTION('center_axis',(-0.577350269189626,0.577350269189626,-0.577350269189625));
#9138=DIRECTION('ref_axis',(-0.707106781186547,0.,0.707106781186548));
#9139=DIRECTION('',(0.707106781186548,1.30841038223648E-15,-0.707106781186548));
#9140=DIRECTION('',(-0.707106781186548,-0.707106781186548,0.));
#9141=DIRECTION('',(0.,0.707106781186547,0.707106781186548));
#9142=DIRECTION('center_axis',(0.577350269189625,0.577350269189625,-0.577350269189627));
#9143=DIRECTION('ref_axis',(-0.707106781186549,0.,-0.707106781186546));
#9144=DIRECTION('',(-2.61682076447296E-15,-0.707106781186548,-0.707106781186548));
#9145=DIRECTION('',(-0.707106781186548,0.707106781186548,0.));
#9146=DIRECTION('',(0.707106781186549,0.,0.707106781186546));
#9147=DIRECTION('center_axis',(-0.577350269189626,0.577350269189626,0.577350269189626));
#9148=DIRECTION('ref_axis',(0.707106781186547,0.,0.707106781186547));
#9149=DIRECTION('',(0.,-0.707106781186547,0.707106781186548));
#9150=DIRECTION('',(0.707106781186548,0.707106781186548,0.));
#9151=DIRECTION('',(-0.707106781186548,0.,-0.707106781186548));
#9152=DIRECTION('center_axis',(-0.707106781186548,0.707106781186548,0.));
#9153=DIRECTION('ref_axis',(0.,0.,1.));
#9154=DIRECTION('',(0.,0.,-1.));
#9155=DIRECTION('',(0.,0.,1.));
#9156=DIRECTION('center_axis',(-0.707106781186548,1.57009245868378E-16,
0.707106781186548));
#9157=DIRECTION('ref_axis',(0.707106781186548,0.,0.707106781186548));
#9158=DIRECTION('',(2.22044604925031E-16,1.,0.));
#9159=DIRECTION('',(-2.22044604925031E-16,-1.,0.));
#9160=DIRECTION('center_axis',(0.577350269189626,0.577350269189626,0.577350269189626));
#9161=DIRECTION('ref_axis',(0.707106781186547,0.,-0.707106781186547));
#9162=DIRECTION('',(-0.707106781186549,0.,0.707106781186546));
#9163=DIRECTION('',(0.707106781186548,-0.707106781186548,0.));
#9164=DIRECTION('',(0.,0.707106781186548,-0.707106781186548));
#9165=DIRECTION('center_axis',(0.707106781186548,0.707106781186548,0.));
#9166=DIRECTION('ref_axis',(0.,0.,-1.));
#9167=DIRECTION('',(0.,0.,-1.));
#9168=DIRECTION('',(0.,0.,1.));
#9169=DIRECTION('center_axis',(-3.92523114670944E-17,0.707106781186548,
0.707106781186548));
#9170=DIRECTION('ref_axis',(1.,0.,5.55111512312578E-17));
#9171=DIRECTION('',(1.,5.55111512312578E-17,0.));
#9172=DIRECTION('',(-1.,-5.55111512312578E-17,0.));
#9173=DIRECTION('center_axis',(0.707106781186548,-1.57009245868378E-16,
0.707106781186548));
#9174=DIRECTION('ref_axis',(0.707106781186548,0.,-0.707106781186548));
#9175=DIRECTION('',(2.22044604925031E-16,1.,0.));
#9176=DIRECTION('',(-2.22044604925031E-16,-1.,0.));
#9177=DIRECTION('center_axis',(0.707106781186548,-1.57009245868378E-16,
-0.707106781186548));
#9178=DIRECTION('ref_axis',(-0.707106781186548,0.,-0.707106781186548));
#9179=DIRECTION('',(2.22044604925031E-16,1.,0.));
#9180=DIRECTION('',(-2.22044604925031E-16,-1.,0.));
#9181=DIRECTION('center_axis',(-3.92523114670944E-17,0.707106781186548,
-0.707106781186548));
#9182=DIRECTION('ref_axis',(-1.,0.,5.55111512312578E-17));
#9183=DIRECTION('',(-1.,-5.55111512312578E-17,0.));
#9184=DIRECTION('',(1.,5.55111512312578E-17,0.));
#9185=DIRECTION('center_axis',(1.,0.,0.));
#9186=DIRECTION('ref_axis',(3.071540078358E-17,0.270072598498196,-0.962839961541082));
#9187=DIRECTION('center_axis',(-1.,2.22044604925031E-16,0.));
#9188=DIRECTION('ref_axis',(0.,0.270072598498196,-0.962839961541082));
#9189=DIRECTION('',(0.707106781186543,0.19097016581075,-0.680830666003097));
#9190=DIRECTION('center_axis',(1.,-2.22044604925031E-16,0.));
#9191=DIRECTION('ref_axis',(5.99681634346085E-17,0.270072598498196,-0.962839961541082));
#9192=DIRECTION('center_axis',(-1.,0.,0.));
#9193=DIRECTION('ref_axis',(-4.37905770101505E-47,-1.97215226305253E-31,
1.));
#9194=DIRECTION('',(0.70710678118655,0.190970165810744,0.680830666003091));
#9195=DIRECTION('center_axis',(-1.,2.22044604925031E-16,0.));
#9196=DIRECTION('ref_axis',(-4.37905770101505E-47,-1.97215226305253E-31,
1.));
#9197=DIRECTION('center_axis',(1.,-2.22044604925031E-16,0.));
#9198=DIRECTION('ref_axis',(-4.37905770101505E-47,-1.97215226305253E-31,
1.));
#9199=DIRECTION('center_axis',(1.,0.,0.));
#9200=DIRECTION('ref_axis',(3.07154007835799E-17,0.270072598498196,0.962839961541082));
#9201=DIRECTION('center_axis',(1.,-2.22044604925031E-16,0.));
#9202=DIRECTION('ref_axis',(5.99681634346085E-17,0.270072598498196,0.962839961541082));
#9203=DIRECTION('center_axis',(-1.,2.22044604925031E-16,0.));
#9204=DIRECTION('ref_axis',(0.,0.270072598498196,0.962839961541082));
#9205=DIRECTION('center_axis',(-0.707106781186548,1.57009245868378E-16,
-0.707106781186548));
#9206=DIRECTION('ref_axis',(-0.707106781186548,0.,0.707106781186548));
#9207=DIRECTION('',(2.22044604925031E-16,1.,0.));
#9208=DIRECTION('',(-2.22044604925031E-16,-1.,0.));
#9209=DIRECTION('center_axis',(-1.,0.,0.));
#9210=DIRECTION('ref_axis',(7.58464180447651E-17,0.270072598498196,-0.962839961541082));
#9211=DIRECTION('center_axis',(-1.,2.22044604925031E-16,0.));
#9212=DIRECTION('ref_axis',(5.99681634346085E-17,0.270072598498196,-0.962839961541082));
#9213=DIRECTION('',(0.707106781186546,-0.190970165810745,0.680830666003095));
#9214=DIRECTION('center_axis',(1.,-2.22044604925031E-16,0.));
#9215=DIRECTION('ref_axis',(9.25185853854297E-17,0.270072598498196,-0.962839961541082));
#9216=DIRECTION('center_axis',(1.,0.,0.));
#9217=DIRECTION('ref_axis',(-4.37905770101505E-47,-1.97215226305253E-31,
1.));
#9218=DIRECTION('',(0.707106781186546,-0.190970165810748,-0.680830666003095));
#9219=DIRECTION('center_axis',(-1.,2.22044604925031E-16,0.));
#9220=DIRECTION('ref_axis',(-4.37905770101505E-47,-1.97215226305253E-31,
1.));
#9221=DIRECTION('center_axis',(1.,-2.22044604925031E-16,0.));
#9222=DIRECTION('ref_axis',(-4.37905770101505E-47,-1.97215226305253E-31,
1.));
#9223=DIRECTION('center_axis',(-1.,0.,0.));
#9224=DIRECTION('ref_axis',(7.58464180447652E-17,0.270072598498196,0.962839961541082));
#9225=DIRECTION('center_axis',(1.,-2.22044604925031E-16,0.));
#9226=DIRECTION('ref_axis',(9.25185853854297E-17,0.270072598498196,0.962839961541082));
#9227=DIRECTION('center_axis',(-1.,2.22044604925031E-16,0.));
#9228=DIRECTION('ref_axis',(5.99681634346085E-17,0.270072598498196,0.962839961541082));
#9229=DIRECTION('center_axis',(-1.,2.22044604925031E-16,0.));
#9230=DIRECTION('ref_axis',(9.25185853854297E-17,0.270072598498196,-0.962839961541082));
#9231=DIRECTION('',(1.,-2.22044604925031E-16,0.));
#9232=DIRECTION('center_axis',(1.,5.70469119804549E-17,0.));
#9233=DIRECTION('ref_axis',(9.25185853854297E-17,0.270072598498196,-0.962839961541082));
#9234=DIRECTION('',(1.,-2.22044604925031E-16,0.));
#9235=DIRECTION('center_axis',(-1.,2.22044604925031E-16,0.));
#9236=DIRECTION('ref_axis',(-4.37905770101505E-47,-1.97215226305253E-31,
1.));
#9237=DIRECTION('',(-1.,2.22044604925031E-16,0.));
#9238=DIRECTION('center_axis',(-1.,-5.70469119804549E-17,0.));
#9239=DIRECTION('ref_axis',(-4.37905770101505E-47,-1.97215226305253E-31,
1.));
#9240=DIRECTION('center_axis',(1.,-2.22044604925031E-16,0.));
#9241=DIRECTION('ref_axis',(9.25185853854297E-17,0.270072598498196,0.962839961541082));
#9242=DIRECTION('',(-1.,2.22044604925031E-16,0.));
#9243=DIRECTION('center_axis',(1.,5.70469119804549E-17,0.));
#9244=DIRECTION('ref_axis',(9.25185853854297E-17,0.270072598498196,0.962839961541082));
#9245=DIRECTION('center_axis',(0.,0.,-1.));
#9246=DIRECTION('ref_axis',(-1.,0.,0.));
#9247=DIRECTION('',(-1.,2.22044604925031E-16,0.));
#9248=DIRECTION('',(-5.70469119804549E-17,1.,0.));
#9249=DIRECTION('',(-1.,-1.38777878078145E-16,0.));
#9250=DIRECTION('',(5.70469119804549E-17,-1.,0.));
#9251=DIRECTION('center_axis',(-1.,2.22044604925031E-16,0.));
#9252=DIRECTION('ref_axis',(-2.22044604925031E-16,-1.,0.));
#9253=DIRECTION('center_axis',(1.,-2.22044604925031E-16,0.));
#9254=DIRECTION('ref_axis',(2.22044604925031E-16,1.,0.));
#9255=DIRECTION('center_axis',(-5.55111512312578E-17,1.,0.));
#9256=DIRECTION('ref_axis',(-1.,-5.55111512312578E-17,0.));
#9257=DIRECTION('center_axis',(1.,-2.22044604925031E-16,0.));
#9258=DIRECTION('ref_axis',(0.,0.270072598498196,0.962839961541082));
#9259=DIRECTION('',(-1.,2.22044604925031E-16,0.));
#9260=DIRECTION('center_axis',(-1.,-5.70469119804549E-17,0.));
#9261=DIRECTION('ref_axis',(0.,0.270072598498196,0.962839961541082));
#9262=DIRECTION('center_axis',(-1.,2.22044604925031E-16,0.));
#9263=DIRECTION('ref_axis',(0.,0.270072598498196,-0.962839961541082));
#9264=DIRECTION('',(1.,-2.22044604925031E-16,0.));
#9265=DIRECTION('center_axis',(-1.,-5.70469119804549E-17,0.));
#9266=DIRECTION('ref_axis',(0.,0.270072598498196,-0.962839961541082));
#9267=DIRECTION('',(1.,-2.22044604925031E-16,0.));
#9268=DIRECTION('center_axis',(-1.,-5.70469119804549E-17,0.));
#9269=DIRECTION('ref_axis',(-5.70469119804549E-17,1.,0.));
#9270=DIRECTION('',(0.,0.,-1.));
#9271=DIRECTION('',(-5.70469119804549E-17,1.,0.));
#9272=DIRECTION('center_axis',(0.,0.,1.));
#9273=DIRECTION('ref_axis',(1.,0.,0.));
#9274=DIRECTION('',(1.,1.38777878078145E-16,0.));
#9275=DIRECTION('',(5.70469119804549E-17,-1.,0.));
#9276=DIRECTION('center_axis',(-1.38777878078145E-16,1.,0.));
#9277=DIRECTION('ref_axis',(1.,1.38777878078145E-16,0.));
#9278=DIRECTION('',(0.,0.,-1.));
#9279=DIRECTION('center_axis',(1.,5.70469119804549E-17,0.));
#9280=DIRECTION('ref_axis',(5.70469119804549E-17,-1.,0.));
#9281=DIRECTION('center_axis',(1.,5.70469119804549E-17,0.));
#9282=DIRECTION('ref_axis',(-4.37905770101505E-47,-1.97215226305253E-31,
1.));
#9283=DIRECTION('center_axis',(-1.,2.22044604925031E-16,0.));
#9284=DIRECTION('ref_axis',(-4.37905770101505E-47,-1.97215226305253E-31,
1.));
#9285=DIRECTION('axis',(0.,0.,1.));
#9286=DIRECTION('refdir',(1.,0.,0.));
#9287=DIRECTION('center_axis',(0.,-1.,0.));
#9288=DIRECTION('ref_axis',(0.,0.,-1.));
#9289=DIRECTION('center_axis',(0.,-1.,0.));
#9290=DIRECTION('ref_axis',(1.,0.,0.));
#9291=DIRECTION('',(0.,-1.,0.));
#9292=DIRECTION('center_axis',(0.,-1.,0.));
#9293=DIRECTION('ref_axis',(1.,0.,0.));
#9294=DIRECTION('center_axis',(0.,1.,0.));
#9295=DIRECTION('ref_axis',(0.,0.,1.));
#9296=DIRECTION('center_axis',(0.,1.,0.));
#9297=DIRECTION('ref_axis',(-1.,0.,0.));
#9298=DIRECTION('center_axis',(0.,-1.,0.));
#9299=DIRECTION('ref_axis',(0.,0.,-1.));
#9300=DIRECTION('center_axis',(0.,-1.,0.));
#9301=DIRECTION('ref_axis',(-1.,0.,0.));
#9302=DIRECTION('center_axis',(0.,-1.,0.));
#9303=DIRECTION('ref_axis',(0.,0.,-1.));
#9304=DIRECTION('center_axis',(0.,-1.,0.));
#9305=DIRECTION('ref_axis',(1.,0.,0.));
#9306=DIRECTION('',(0.,-1.,0.));
#9307=DIRECTION('center_axis',(0.,-1.,0.));
#9308=DIRECTION('ref_axis',(1.,0.,0.));
#9309=DIRECTION('center_axis',(0.,1.,0.));
#9310=DIRECTION('ref_axis',(0.,0.,1.));
#9311=DIRECTION('center_axis',(0.,1.,0.));
#9312=DIRECTION('ref_axis',(-1.,0.,0.));
#9313=DIRECTION('center_axis',(0.,-1.,0.));
#9314=DIRECTION('ref_axis',(0.,0.,-1.));
#9315=DIRECTION('center_axis',(0.,-1.,0.));
#9316=DIRECTION('ref_axis',(-1.,0.,0.));
#9317=DIRECTION('center_axis',(0.,1.,0.));
#9318=DIRECTION('ref_axis',(-1.,0.,0.));
#9319=DIRECTION('',(0.,-1.,0.));
#9320=DIRECTION('center_axis',(0.,-1.,0.));
#9321=DIRECTION('ref_axis',(1.,0.,0.));
#9322=DIRECTION('center_axis',(0.,-1.,0.));
#9323=DIRECTION('ref_axis',(1.,0.,0.));
#9324=DIRECTION('center_axis',(0.,1.,0.));
#9325=DIRECTION('ref_axis',(-1.,0.,0.));
#9326=DIRECTION('',(0.,-1.,0.));
#9327=DIRECTION('center_axis',(0.,1.,0.));
#9328=DIRECTION('ref_axis',(1.,0.,0.));
#9329=DIRECTION('center_axis',(0.,1.,0.));
#9330=DIRECTION('ref_axis',(1.,0.,0.));
#9331=DIRECTION('',(-0.707106781186548,0.707106781186548,-8.65956056235494E-17));
#9332=DIRECTION('center_axis',(0.,1.,0.));
#9333=DIRECTION('ref_axis',(-1.,0.,0.));
#9334=DIRECTION('center_axis',(0.,1.,0.));
#9335=DIRECTION('ref_axis',(1.,0.,0.));
#9336=DIRECTION('center_axis',(0.,1.,0.));
#9337=DIRECTION('ref_axis',(1.,0.,0.));
#9338=DIRECTION('',(0.,-1.,0.));
#9339=DIRECTION('center_axis',(0.,1.,0.));
#9340=DIRECTION('ref_axis',(0.,0.,1.));
#9341=DIRECTION('center_axis',(0.,-1.,0.));
#9342=DIRECTION('ref_axis',(1.,0.,0.));
#9343=DIRECTION('center_axis',(0.,-1.,0.));
#9344=DIRECTION('ref_axis',(1.,0.,0.));
#9345=DIRECTION('',(-0.707106781186548,-0.707106781186548,8.65956056235494E-17));
#9346=DIRECTION('center_axis',(0.,1.,0.));
#9347=DIRECTION('ref_axis',(0.,0.,1.));
#9348=DIRECTION('axis',(0.,0.,1.));
#9349=DIRECTION('refdir',(1.,0.,0.));
#9350=DIRECTION('center_axis',(-1.,0.,0.));
#9351=DIRECTION('ref_axis',(0.,0.,1.));
#9352=DIRECTION('',(-1.,0.,0.));
#9353=DIRECTION('center_axis',(1.,0.,0.));
#9354=DIRECTION('ref_axis',(0.,0.,-1.));
#9355=DIRECTION('',(-1.,0.,0.));
#9356=DIRECTION('center_axis',(1.,0.,0.));
#9357=DIRECTION('ref_axis',(0.,0.,-1.));
#9358=DIRECTION('center_axis',(-1.,0.,0.));
#9359=DIRECTION('ref_axis',(0.,0.,1.));
#9360=DIRECTION('',(-1.,0.,0.));
#9361=DIRECTION('center_axis',(1.,0.,0.));
#9362=DIRECTION('ref_axis',(0.,0.,-1.));
#9363=DIRECTION('',(-1.,0.,0.));
#9364=DIRECTION('center_axis',(1.,0.,0.));
#9365=DIRECTION('ref_axis',(0.,0.,-1.));
#9366=DIRECTION('center_axis',(-1.,0.,0.));
#9367=DIRECTION('ref_axis',(0.,0.122892856725251,-0.992419944260446));
#9368=DIRECTION('',(-1.,0.,0.));
#9369=DIRECTION('center_axis',(1.,0.,0.));
#9370=DIRECTION('ref_axis',(0.,0.,-1.));
#9371=DIRECTION('',(-1.,0.,0.));
#9372=DIRECTION('center_axis',(1.,0.,0.));
#9373=DIRECTION('ref_axis',(0.,0.,-1.));
#9374=DIRECTION('center_axis',(-1.,0.,0.));
#9375=DIRECTION('ref_axis',(0.,-1.,-2.7735193757867E-9));
#9376=DIRECTION('center_axis',(1.,0.,0.));
#9377=DIRECTION('ref_axis',(0.,0.,-1.));
#9378=DIRECTION('',(-1.,0.,0.));
#9379=DIRECTION('center_axis',(1.,0.,0.));
#9380=DIRECTION('ref_axis',(0.,0.,-1.));
#9381=DIRECTION('',(-1.,0.,0.));
#9382=DIRECTION('center_axis',(1.,0.,0.));
#9383=DIRECTION('ref_axis',(0.,0.,-1.));
#9384=DIRECTION('center_axis',(1.,0.,0.));
#9385=DIRECTION('ref_axis',(0.,0.,-1.));
#9386=DIRECTION('center_axis',(1.,0.,0.));
#9387=DIRECTION('ref_axis',(0.,0.,-1.));
#9388=DIRECTION('',(0.,-0.965925826289068,0.258819045102521));
#9389=DIRECTION('center_axis',(1.,0.,0.));
#9390=DIRECTION('ref_axis',(0.,0.,-1.));
#9391=DIRECTION('center_axis',(1.,0.,0.));
#9392=DIRECTION('ref_axis',(0.,0.,-1.));
#9393=DIRECTION('',(0.,1.26628250015715E-16,-1.));
#9394=DIRECTION('center_axis',(1.,0.,0.));
#9395=DIRECTION('ref_axis',(0.,0.,-1.));
#9396=DIRECTION('center_axis',(1.,0.,0.));
#9397=DIRECTION('ref_axis',(0.,0.,-1.));
#9398=DIRECTION('center_axis',(1.,0.,0.));
#9399=DIRECTION('ref_axis',(0.,0.,-1.));
#9400=DIRECTION('',(0.,0.965925826289068,0.258819045102521));
#9401=DIRECTION('center_axis',(1.,0.,0.));
#9402=DIRECTION('ref_axis',(0.,0.,-1.));
#9403=DIRECTION('center_axis',(1.,0.,0.));
#9404=DIRECTION('ref_axis',(0.,0.,-1.));
#9405=DIRECTION('',(0.,-0.965925826289068,0.258819045102521));
#9406=DIRECTION('center_axis',(1.,0.,0.));
#9407=DIRECTION('ref_axis',(0.,0.,-1.));
#9408=DIRECTION('center_axis',(1.,0.,0.));
#9409=DIRECTION('ref_axis',(0.,0.,-1.));
#9410=DIRECTION('center_axis',(1.,0.,0.));
#9411=DIRECTION('ref_axis',(0.,0.,-1.));
#9412=DIRECTION('',(0.,1.26628250015715E-16,-1.));
#9413=DIRECTION('center_axis',(1.,0.,0.));
#9414=DIRECTION('ref_axis',(0.,0.,-1.));
#9415=DIRECTION('center_axis',(1.,0.,0.));
#9416=DIRECTION('ref_axis',(0.,0.,-1.));
#9417=DIRECTION('',(0.,0.965925826289068,0.258819045102521));
#9418=DIRECTION('center_axis',(1.,0.,0.));
#9419=DIRECTION('ref_axis',(0.,0.,-1.));
#9420=DIRECTION('center_axis',(1.,0.,0.));
#9421=DIRECTION('ref_axis',(0.,0.,-1.));
#9422=DIRECTION('',(0.,0.965925826289068,0.258819045102521));
#9423=DIRECTION('center_axis',(1.,0.,0.));
#9424=DIRECTION('ref_axis',(0.,0.,-1.));
#9425=DIRECTION('center_axis',(1.,0.,0.));
#9426=DIRECTION('ref_axis',(0.,0.,-1.));
#9427=DIRECTION('',(0.,1.26628250015715E-16,-1.));
#9428=DIRECTION('center_axis',(1.,0.,0.));
#9429=DIRECTION('ref_axis',(0.,0.,-1.));
#9430=DIRECTION('center_axis',(1.,0.,0.));
#9431=DIRECTION('ref_axis',(0.,0.,-1.));
#9432=DIRECTION('center_axis',(1.,0.,0.));
#9433=DIRECTION('ref_axis',(0.,0.,-1.));
#9434=DIRECTION('',(0.,-0.965925826289068,0.258819045102521));
#9435=DIRECTION('center_axis',(1.,0.,0.));
#9436=DIRECTION('ref_axis',(0.,0.,-1.));
#9437=DIRECTION('center_axis',(1.,0.,0.));
#9438=DIRECTION('ref_axis',(0.,0.,-1.));
#9439=DIRECTION('',(0.,0.965925826289068,0.258819045102521));
#9440=DIRECTION('center_axis',(1.,0.,0.));
#9441=DIRECTION('ref_axis',(0.,0.,-1.));
#9442=DIRECTION('center_axis',(1.,0.,0.));
#9443=DIRECTION('ref_axis',(0.,0.,-1.));
#9444=DIRECTION('center_axis',(1.,0.,0.));
#9445=DIRECTION('ref_axis',(0.,0.,-1.));
#9446=DIRECTION('',(0.,1.26628250015715E-16,-1.));
#9447=DIRECTION('center_axis',(1.,0.,0.));
#9448=DIRECTION('ref_axis',(0.,0.,-1.));
#9449=DIRECTION('center_axis',(1.,0.,0.));
#9450=DIRECTION('ref_axis',(0.,0.,-1.));
#9451=DIRECTION('',(0.,-0.965925826289068,0.258819045102521));
#9452=DIRECTION('center_axis',(1.,0.,0.));
#9453=DIRECTION('ref_axis',(0.,0.,-1.));
#9454=DIRECTION('center_axis',(-1.,0.,0.));
#9455=DIRECTION('ref_axis',(0.,0.,1.));
#9456=DIRECTION('',(-1.,0.,0.));
#9457=DIRECTION('center_axis',(0.,-0.258819045102521,-0.965925826289068));
#9458=DIRECTION('ref_axis',(0.,0.965925826289068,-0.258819045102521));
#9459=DIRECTION('',(-1.,0.,0.));
#9460=DIRECTION('center_axis',(-1.,0.,0.));
#9461=DIRECTION('ref_axis',(0.,0.,1.));
#9462=DIRECTION('center_axis',(-1.,0.,0.));
#9463=DIRECTION('ref_axis',(0.,0.,1.));
#9464=DIRECTION('',(-1.,0.,0.));
#9465=DIRECTION('center_axis',(0.,1.,1.26628250015715E-16));
#9466=DIRECTION('ref_axis',(0.,-1.26628250015715E-16,1.));
#9467=DIRECTION('',(-1.,0.,0.));
#9468=DIRECTION('center_axis',(-1.,0.,0.));
#9469=DIRECTION('ref_axis',(0.,0.547475780039385,-0.836821528326242));
#9470=DIRECTION('',(-1.,0.,0.));
#9471=DIRECTION('center_axis',(-1.,0.,0.));
#9472=DIRECTION('ref_axis',(0.,0.,1.));
#9473=DIRECTION('',(-1.,0.,0.));
#9474=DIRECTION('center_axis',(-1.,0.,0.));
#9475=DIRECTION('ref_axis',(0.,0.,1.));
#9476=DIRECTION('',(-1.,0.,0.));
#9477=DIRECTION('center_axis',(0.,-0.258819045102521,0.965925826289068));
#9478=DIRECTION('ref_axis',(0.,-0.965925826289068,-0.258819045102521));
#9479=DIRECTION('',(-1.,0.,0.));
#9480=DIRECTION('center_axis',(-1.,0.,0.));
#9481=DIRECTION('ref_axis',(0.,0.,1.));
#9482=DIRECTION('center_axis',(-1.,0.,0.));
#9483=DIRECTION('ref_axis',(0.,0.,1.));
#9484=DIRECTION('',(-1.,0.,0.));
#9485=DIRECTION('center_axis',(0.,-0.258819045102521,-0.965925826289068));
#9486=DIRECTION('ref_axis',(0.,0.965925826289068,-0.258819045102521));
#9487=DIRECTION('',(-1.,0.,0.));
#9488=DIRECTION('center_axis',(-1.,0.,0.));
#9489=DIRECTION('ref_axis',(0.,0.,1.));
#9490=DIRECTION('',(-1.,0.,0.));
#9491=DIRECTION('center_axis',(-1.,0.,0.));
#9492=DIRECTION('ref_axis',(0.,0.,1.));
#9493=DIRECTION('',(-1.,0.,0.));
#9494=DIRECTION('center_axis',(-1.,0.,0.));
#9495=DIRECTION('ref_axis',(0.,0.,1.));
#9496=DIRECTION('',(-1.,0.,0.));
#9497=DIRECTION('center_axis',(0.,1.,1.26628250015715E-16));
#9498=DIRECTION('ref_axis',(0.,-1.26628250015715E-16,1.));
#9499=DIRECTION('',(-1.,0.,0.));
#9500=DIRECTION('center_axis',(-1.,0.,0.));
#9501=DIRECTION('ref_axis',(0.,-0.622958190464482,-0.782255132890298));
#9502=DIRECTION('center_axis',(-1.,0.,0.));
#9503=DIRECTION('ref_axis',(0.,0.,1.));
#9504=DIRECTION('',(-1.,0.,0.));
#9505=DIRECTION('center_axis',(0.,-0.258819045102521,0.965925826289068));
#9506=DIRECTION('ref_axis',(0.,-0.965925826289068,-0.258819045102521));
#9507=DIRECTION('',(-1.,0.,0.));
#9508=DIRECTION('center_axis',(-1.,0.,0.));
#9509=DIRECTION('ref_axis',(0.,-0.104990267630989,-0.994473249365096));
#9510=DIRECTION('axis',(0.,0.,1.));
#9511=DIRECTION('refdir',(1.,0.,0.));
#9512=DIRECTION('center_axis',(-6.23253943464722E-18,1.,1.46069640254335E-16));
#9513=DIRECTION('ref_axis',(1.,6.23253943464722E-18,4.27271245420518E-33));
#9514=DIRECTION('center_axis',(-6.23253943464722E-18,-1.,-1.46069640254335E-16));
#9515=DIRECTION('ref_axis',(1.,6.23253943464722E-18,4.27271245420518E-33));
#9516=DIRECTION('',(0.707106781186547,-0.707106781186548,-1.66912275257705E-17));
#9517=DIRECTION('center_axis',(6.23253943464722E-18,-1.,-1.46069640254335E-16));
#9518=DIRECTION('ref_axis',(1.,6.23253943464722E-18,4.27271245420518E-33));
#9519=DIRECTION('center_axis',(6.23253943464722E-18,-1.,-1.46069640254335E-16));
#9520=DIRECTION('ref_axis',(1.,6.23253943464722E-18,4.27271245420518E-33));
#9521=DIRECTION('',(6.23253943464722E-18,-1.,-1.46069640254335E-16));
#9522=DIRECTION('center_axis',(-6.23253943464725E-18,1.,1.46069640254335E-16));
#9523=DIRECTION('ref_axis',(1.,6.23253943464722E-18,4.27271245420518E-33));
#9524=DIRECTION('center_axis',(-6.23253943464722E-18,1.,1.46069640254335E-16));
#9525=DIRECTION('ref_axis',(1.,6.23253943464722E-18,4.27271245420518E-33));
#9526=DIRECTION('center_axis',(-6.23253943464722E-18,-1.,-1.46069640254335E-16));
#9527=DIRECTION('ref_axis',(1.,6.23253943464722E-18,4.27271245420518E-33));
#9528=DIRECTION('',(0.707106781186547,-0.707106781186548,-1.66912275257705E-17));
#9529=DIRECTION('center_axis',(6.23253943464722E-18,-1.,-1.46069640254335E-16));
#9530=DIRECTION('ref_axis',(1.,6.23253943464722E-18,4.27271245420518E-33));
#9531=DIRECTION('center_axis',(6.23253943464722E-18,-1.,-1.46069640254335E-16));
#9532=DIRECTION('ref_axis',(1.,6.23253943464722E-18,4.27271245420518E-33));
#9533=DIRECTION('',(6.23253943464722E-18,-1.,-1.46069640254335E-16));
#9534=DIRECTION('center_axis',(-6.23253943464725E-18,1.,1.46069640254335E-16));
#9535=DIRECTION('ref_axis',(1.,6.23253943464722E-18,4.27271245420518E-33));
#9536=DIRECTION('center_axis',(0.,-1.71512449944288E-15,1.));
#9537=DIRECTION('ref_axis',(-0.707106781186545,0.70710678118655,0.));
#9538=DIRECTION('center_axis',(-6.23253943464722E-18,1.86119413969722E-15,
-1.));
#9539=DIRECTION('ref_axis',(-0.707106781186545,0.70710678118655,0.));
#9540=DIRECTION('',(0.,1.71512449944288E-15,-1.));
#9541=DIRECTION('center_axis',(-6.23253943464725E-18,-1.86119413969722E-15,
1.));
#9542=DIRECTION('ref_axis',(-0.707106781186545,0.70710678118655,0.));
#9543=DIRECTION('',(0.,-1.71512449944288E-15,1.));
#9544=DIRECTION('center_axis',(0.,1.,1.71512449944288E-15));
#9545=DIRECTION('ref_axis',(-1.,0.,0.));
#9546=DIRECTION('',(1.,0.,0.));
#9547=DIRECTION('',(0.,-1.71512449944288E-15,1.));
#9548=DIRECTION('',(1.,0.,0.));
#9549=DIRECTION('center_axis',(6.23253943464722E-18,-1.86119413969722E-15,
1.));
#9550=DIRECTION('ref_axis',(0.,-1.,-1.86119413969722E-15));
#9551=DIRECTION('',(0.,1.,1.83929417982859E-15));
#9552=DIRECTION('',(1.,1.14634735076988E-32,-6.23253943464722E-18));
#9553=DIRECTION('',(0.,-1.,-1.83929417982859E-15));
#9554=DIRECTION('center_axis',(-6.23253943464722E-18,1.86119413969722E-15,
-1.));
#9555=DIRECTION('ref_axis',(0.707106781186546,0.707106781186549,0.));
#9556=DIRECTION('center_axis',(0.,-1.71512449944288E-15,1.));
#9557=DIRECTION('ref_axis',(0.707106781186546,0.707106781186549,0.));
#9558=DIRECTION('',(0.,1.71512449944288E-15,-1.));
#9559=DIRECTION('center_axis',(-6.23253943464725E-18,-1.86119413969722E-15,
1.));
#9560=DIRECTION('ref_axis',(0.707106781186546,0.707106781186549,0.));
#9561=DIRECTION('center_axis',(1.,0.,0.));
#9562=DIRECTION('ref_axis',(0.,1.,1.71512449944288E-15));
#9563=DIRECTION('',(0.,1.83929417982859E-15,-1.));
#9564=DIRECTION('',(0.,1.,1.83929417982859E-15));
#9565=DIRECTION('center_axis',(0.,1.,0.));
#9566=DIRECTION('ref_axis',(-0.707106781186549,0.,0.707106781186546));
#9567=DIRECTION('center_axis',(-6.23253943464722E-18,-1.,-1.46069640254335E-16));
#9568=DIRECTION('ref_axis',(-0.707106781186549,0.,0.707106781186546));
#9569=DIRECTION('',(0.,-1.,0.));
#9570=DIRECTION('center_axis',(-6.23253943464725E-18,1.,1.46069640254335E-16));
#9571=DIRECTION('ref_axis',(-0.707106781186549,0.,0.707106781186546));
#9572=DIRECTION('',(0.,1.,0.));
#9573=DIRECTION('center_axis',(6.23253943464722E-18,1.,1.46069640254335E-16));
#9574=DIRECTION('ref_axis',(0.,-1.46069640254335E-16,1.));
#9575=DIRECTION('',(-1.,0.,0.));
#9576=DIRECTION('center_axis',(-6.23253943464722E-18,-1.,-1.46069640254335E-16));
#9577=DIRECTION('ref_axis',(0.707106781186548,0.,0.707106781186547));
#9578=DIRECTION('',(0.,-1.24169680385708E-16,1.));
#9579=DIRECTION('',(1.,-6.23253943464722E-18,-7.73892429591468E-34));
#9580=DIRECTION('',(0.,1.24169680385708E-16,-1.));
#9581=DIRECTION('center_axis',(0.,0.,1.));
#9582=DIRECTION('ref_axis',(1.,0.,0.));
#9583=DIRECTION('',(1.,0.,0.));
#9584=DIRECTION('',(0.,-1.,0.));
#9585=DIRECTION('center_axis',(0.,1.,0.));
#9586=DIRECTION('ref_axis',(0.707106781186548,0.,0.707106781186547));
#9587=DIRECTION('center_axis',(-6.23253943464725E-18,1.,1.46069640254335E-16));
#9588=DIRECTION('ref_axis',(0.707106781186548,0.,0.707106781186547));
#9589=DIRECTION('',(0.,1.,0.));
#9590=DIRECTION('center_axis',(-1.,0.,0.));
#9591=DIRECTION('ref_axis',(0.,-1.,-1.71512449944288E-15));
#9592=DIRECTION('',(0.,1.,1.83929417982859E-15));
#9593=DIRECTION('',(0.,-1.83929417982859E-15,1.));
#9594=DIRECTION('center_axis',(1.,0.,0.));
#9595=DIRECTION('ref_axis',(0.,-1.,-1.24169680385708E-16));
#9596=DIRECTION('',(-1.,1.14634735076989E-32,-6.23253943464725E-18));
#9597=DIRECTION('center_axis',(1.,0.,0.));
#9598=DIRECTION('ref_axis',(0.,-1.,0.));
#9599=DIRECTION('',(-1.,-6.23253943464725E-18,-7.73892429591472E-34));
#9600=DIRECTION('center_axis',(1.,0.,0.));
#9601=DIRECTION('ref_axis',(0.,-1.,0.));
#9602=DIRECTION('center_axis',(1.,0.,0.));
#9603=DIRECTION('ref_axis',(0.,0.,-1.));
#9604=DIRECTION('center_axis',(-1.,0.,0.));
#9605=DIRECTION('ref_axis',(0.,1.77635683940024E-15,-1.));
#9606=DIRECTION('',(0.,-1.,-1.24169680385708E-16));
#9607=DIRECTION('center_axis',(-6.23253943464725E-18,-1.86119413969722E-15,
1.));
#9608=DIRECTION('ref_axis',(0.,-1.,-1.86119413969722E-15));
#9609=DIRECTION('center_axis',(-1.,0.,0.));
#9610=DIRECTION('ref_axis',(0.,0.,1.));
#9611=DIRECTION('',(0.,1.,1.24169680385708E-16));
#9612=DIRECTION('',(0.,1.24169680385708E-16,-1.));
#9613=DIRECTION('center_axis',(1.,0.,0.));
#9614=DIRECTION('ref_axis',(0.,0.,-1.));
#9615=DIRECTION('',(0.,1.24169680385708E-16,-1.));
#9616=DIRECTION('center_axis',(-1.,0.,0.));
#9617=DIRECTION('ref_axis',(0.,0.,1.));
#9618=DIRECTION('center_axis',(1.,0.,0.));
#9619=DIRECTION('ref_axis',(0.,-1.,0.));
#9620=DIRECTION('center_axis',(1.,0.,0.));
#9621=DIRECTION('ref_axis',(0.,-1.,-1.24169680385708E-16));
#9622=DIRECTION('center_axis',(-6.23253943464725E-18,1.,1.46069640254335E-16));
#9623=DIRECTION('ref_axis',(0.,-1.46069640254335E-16,1.));
#9624=DIRECTION('axis',(0.,0.,1.));
#9625=DIRECTION('refdir',(1.,0.,0.));
#9626=DIRECTION('center_axis',(0.,0.,1.));
#9627=DIRECTION('ref_axis',(-1.,0.,0.));
#9628=DIRECTION('center_axis',(0.,0.,1.));
#9629=DIRECTION('ref_axis',(-1.,0.,0.));
#9630=DIRECTION('',(0.707106781186548,-8.65956056235493E-17,0.707106781186548));
#9631=DIRECTION('center_axis',(0.,0.,-1.));
#9632=DIRECTION('ref_axis',(-1.,0.,0.));
#9633=DIRECTION('center_axis',(0.,0.,-1.));
#9634=DIRECTION('ref_axis',(-1.,0.,0.));
#9635=DIRECTION('center_axis',(0.,0.,-1.));
#9636=DIRECTION('ref_axis',(1.,0.,0.));
#9637=DIRECTION('',(0.,0.,1.));
#9638=DIRECTION('center_axis',(0.,0.,1.));
#9639=DIRECTION('ref_axis',(-1.,-1.22464679914735E-16,0.));
#9640=DIRECTION('center_axis',(0.,0.,1.));
#9641=DIRECTION('ref_axis',(-1.,-1.22464679914735E-16,0.));
#9642=DIRECTION('center_axis',(0.,0.,-1.));
#9643=DIRECTION('ref_axis',(-1.,0.,0.));
#9644=DIRECTION('center_axis',(0.,0.,-1.));
#9645=DIRECTION('ref_axis',(-1.,0.,0.));
#9646=DIRECTION('center_axis',(0.,0.,-1.));
#9647=DIRECTION('ref_axis',(-1.,0.,0.));
#9648=DIRECTION('center_axis',(0.,0.,-1.));
#9649=DIRECTION('ref_axis',(-1.,0.,0.));
#9650=DIRECTION('center_axis',(-1.22464679914735E-16,-1.,0.));
#9651=DIRECTION('ref_axis',(1.,-1.22464679914735E-16,0.));
#9652=DIRECTION('center_axis',(0.,0.,1.));
#9653=DIRECTION('ref_axis',(1.,0.,0.));
#9654=DIRECTION('',(-0.707106781186548,8.65956056235493E-17,0.707106781186548));
#9655=DIRECTION('center_axis',(0.,0.,-1.));
#9656=DIRECTION('ref_axis',(1.,0.,0.));
#9657=DIRECTION('center_axis',(-0.499999999999999,-0.866025403784439,0.));
#9658=DIRECTION('ref_axis',(0.,0.,-1.));
#9659=DIRECTION('',(0.866025403784439,-0.499999999999999,0.));
#9660=DIRECTION('',(0.,0.,-1.));
#9661=DIRECTION('',(-0.866025403784439,0.499999999999999,0.));
#9662=DIRECTION('',(0.,0.,-1.));
#9663=DIRECTION('center_axis',(0.5,-0.866025403784439,0.));
#9664=DIRECTION('ref_axis',(0.,0.,-1.));
#9665=DIRECTION('',(0.866025403784439,0.5,0.));
#9666=DIRECTION('',(-0.866025403784439,-0.5,0.));
#9667=DIRECTION('',(0.,0.,-1.));
#9668=DIRECTION('center_axis',(1.,3.60555503696918E-16,0.));
#9669=DIRECTION('ref_axis',(0.,0.,-1.));
#9670=DIRECTION('',(-3.60555503696918E-16,1.,0.));
#9671=DIRECTION('',(3.60555503696918E-16,-1.,0.));
#9672=DIRECTION('',(0.,0.,-1.));
#9673=DIRECTION('center_axis',(0.499999999999999,0.866025403784439,0.));
#9674=DIRECTION('ref_axis',(0.,0.,1.));
#9675=DIRECTION('',(-0.866025403784439,0.499999999999999,0.));
#9676=DIRECTION('',(0.866025403784439,-0.499999999999999,0.));
#9677=DIRECTION('',(0.,0.,-1.));
#9678=DIRECTION('center_axis',(-0.5,0.866025403784439,0.));
#9679=DIRECTION('ref_axis',(0.,0.,1.));
#9680=DIRECTION('',(-0.866025403784439,-0.5,0.));
#9681=DIRECTION('',(0.866025403784439,0.5,0.));
#9682=DIRECTION('',(0.,0.,-1.));
#9683=DIRECTION('center_axis',(-1.,2.40370335797945E-16,0.));
#9684=DIRECTION('ref_axis',(0.,0.,1.));
#9685=DIRECTION('',(-2.40370335797945E-16,-1.,0.));
#9686=DIRECTION('',(2.40370335797945E-16,1.,0.));
#9687=DIRECTION('center_axis',(0.,0.,1.));
#9688=DIRECTION('ref_axis',(1.,0.,0.));
#9689=DIRECTION('center_axis',(0.,0.,1.));
#9690=DIRECTION('ref_axis',(1.,0.,0.));
#9691=DIRECTION('center_axis',(0.,0.,-1.));
#9692=DIRECTION('ref_axis',(1.,0.,0.));
#9693=DIRECTION('center_axis',(0.,0.,-1.));
#9694=DIRECTION('ref_axis',(1.,0.,0.));
#9695=DIRECTION('',(0.,0.,1.));
#9696=DIRECTION('axis',(0.,0.,1.));
#9697=DIRECTION('refdir',(1.,0.,0.));
#9698=DIRECTION('center_axis',(1.,2.05340794872716E-17,0.));
#9699=DIRECTION('ref_axis',(0.,0.,-1.));
#9700=DIRECTION('center_axis',(1.,2.05340794872716E-17,0.));
#9701=DIRECTION('ref_axis',(2.05340794872716E-17,-1.,1.22464679914735E-16));
#9702=DIRECTION('center_axis',(2.05340794872716E-17,-1.,-1.22464679914735E-16));
#9703=DIRECTION('ref_axis',(0.,-1.22464679914735E-16,1.));
#9704=DIRECTION('center_axis',(-1.,-2.05340794872716E-17,0.));
#9705=DIRECTION('ref_axis',(2.31296463463574E-17,-1.,1.22464679914735E-16));
#9706=DIRECTION('center_axis',(-1.,-2.05340794872716E-17,0.));
#9707=DIRECTION('ref_axis',(2.31296463463574E-17,-1.,1.22464679914735E-16));
#9708=DIRECTION('center_axis',(1.,2.05340794872716E-17,0.));
#9709=DIRECTION('ref_axis',(0.,1.,0.));
#9710=DIRECTION('center_axis',(1.,2.05340794872716E-17,0.));
#9711=DIRECTION('ref_axis',(0.,-1.,0.));
#9712=DIRECTION('center_axis',(1.,2.05340794872716E-17,0.));
#9713=DIRECTION('ref_axis',(0.,-1.,0.));
#9714=DIRECTION('',(-1.,-2.05340794872716E-17,0.));
#9715=DIRECTION('center_axis',(1.,2.05340794872716E-17,0.));
#9716=DIRECTION('ref_axis',(0.,0.,-1.));
#9717=DIRECTION('center_axis',(1.,2.05340794872716E-17,0.));
#9718=DIRECTION('ref_axis',(0.,1.,0.));
#9719=DIRECTION('center_axis',(-1.,-2.05340794872716E-17,0.));
#9720=DIRECTION('ref_axis',(9.09777267459655E-18,-1.,0.));
#9721=DIRECTION('center_axis',(-1.,-2.05340794872716E-17,0.));
#9722=DIRECTION('ref_axis',(2.05340794872716E-17,-1.,0.));
#9723=DIRECTION('',(-0.707106781186548,0.707106781186547,8.65956056235493E-17));
#9724=DIRECTION('center_axis',(1.,2.05340794872716E-17,0.));
#9725=DIRECTION('ref_axis',(0.,0.,-1.));
#9726=DIRECTION('center_axis',(1.,2.05340794872716E-17,0.));
#9727=DIRECTION('ref_axis',(0.,0.,-1.));
#9728=DIRECTION('center_axis',(-1.,-2.05340794872716E-17,0.));
#9729=DIRECTION('ref_axis',(2.52323414687535E-17,-1.,1.22464679914735E-16));
#9730=DIRECTION('center_axis',(-1.,-2.05340794872716E-17,0.));
#9731=DIRECTION('ref_axis',(2.52323414687535E-17,-1.,1.22464679914735E-16));
#9732=DIRECTION('center_axis',(2.05340794872716E-17,-1.,-1.22464679914735E-16));
#9733=DIRECTION('ref_axis',(0.,-1.22464679914735E-16,1.));
#9734=DIRECTION('center_axis',(1.,2.05340794872716E-17,0.));
#9735=DIRECTION('ref_axis',(2.05340794872716E-17,-1.,1.22464679914735E-16));
#9736=DIRECTION('center_axis',(-1.,-2.05340794872716E-17,0.));
#9737=DIRECTION('ref_axis',(0.,0.,1.));
#9738=DIRECTION('',(-1.5794507461303E-32,7.69185074553426E-16,1.));
#9739=DIRECTION('',(1.77830344793061E-17,-0.866025403784439,0.5));
#9740=DIRECTION('',(1.77830344793061E-17,-0.866025403784439,-0.5));
#9741=DIRECTION('',(0.,0.,-1.));
#9742=DIRECTION('',(-1.77830344793061E-17,0.866025403784439,-0.5));
#9743=DIRECTION('',(-1.77830344793061E-17,0.866025403784439,0.5));
#9744=DIRECTION('center_axis',(1.,2.05340794872716E-17,0.));
#9745=DIRECTION('ref_axis',(0.,1.,0.));
#9746=DIRECTION('',(-1.,-2.05340794872716E-17,0.));
#9747=DIRECTION('center_axis',(1.02670397436358E-17,-0.5,-0.866025403784439));
#9748=DIRECTION('ref_axis',(-1.,0.,-1.18553563195374E-17));
#9749=DIRECTION('',(-1.,-2.05340794872716E-17,0.));
#9750=DIRECTION('',(-1.,-2.05340794872716E-17,0.));
#9751=DIRECTION('center_axis',(-1.02670397436358E-17,0.5,-0.866025403784439));
#9752=DIRECTION('ref_axis',(-1.,0.,1.18553563195374E-17));
#9753=DIRECTION('',(-1.,-2.05340794872716E-17,0.));
#9754=DIRECTION('center_axis',(-2.05340794872716E-17,1.,-7.69185074553425E-16));
#9755=DIRECTION('ref_axis',(0.,7.69185074553426E-16,1.));
#9756=DIRECTION('',(-1.,-2.05340794872716E-17,0.));
#9757=DIRECTION('center_axis',(-1.02670397436358E-17,0.5,0.866025403784439));
#9758=DIRECTION('ref_axis',(1.,0.,1.18553563195374E-17));
#9759=DIRECTION('',(1.,2.05340794872716E-17,0.));
#9760=DIRECTION('center_axis',(2.05340794872716E-17,-1.,0.));
#9761=DIRECTION('ref_axis',(0.,0.,-1.));
#9762=DIRECTION('',(-1.,-2.05340794872716E-17,0.));
#9763=DIRECTION('center_axis',(1.02670397436358E-17,-0.5,0.866025403784439));
#9764=DIRECTION('ref_axis',(1.,0.,-1.18553563195374E-17));
#9765=DIRECTION('center_axis',(-1.,-2.05340794872716E-17,0.));
#9766=DIRECTION('ref_axis',(0.,1.,0.));
#9767=DIRECTION('',(-0.5,-0.866025403784439,-1.06057523872491E-16));
#9768=DIRECTION('axis',(0.,0.,1.));
#9769=DIRECTION('refdir',(1.,0.,0.));
#9770=DIRECTION('center_axis',(1.,0.,0.));
#9771=DIRECTION('ref_axis',(0.,1.,0.));
#9772=DIRECTION('center_axis',(1.,0.,0.));
#9773=DIRECTION('ref_axis',(0.,1.,0.));
#9774=DIRECTION('',(1.,0.,0.));
#9775=DIRECTION('center_axis',(-1.,0.,0.));
#9776=DIRECTION('ref_axis',(0.,1.,0.));
#9777=DIRECTION('center_axis',(1.,0.,0.));
#9778=DIRECTION('ref_axis',(0.,1.,0.));
#9779=DIRECTION('center_axis',(1.,0.,0.));
#9780=DIRECTION('ref_axis',(0.,1.,0.));
#9781=DIRECTION('center_axis',(6.12323399573676E-17,0.,1.));
#9782=DIRECTION('ref_axis',(1.,0.,0.));
#9783=DIRECTION('center_axis',(2.22044604925031E-16,-1.,0.));
#9784=DIRECTION('ref_axis',(-1.,-2.22044604925031E-16,0.));
#9785=DIRECTION('center_axis',(2.22044604925031E-16,-1.,0.));
#9786=DIRECTION('ref_axis',(-1.,-2.22044604925031E-16,0.));
#9787=DIRECTION('axis',(0.,0.,1.));
#9788=DIRECTION('refdir',(1.,0.,0.));
#9789=DIRECTION('center_axis',(0.,0.,-1.));
#9790=DIRECTION('ref_axis',(-1.,0.,0.));
#9791=DIRECTION('center_axis',(0.,0.,1.));
#9792=DIRECTION('ref_axis',(-1.,0.,0.));
#9793=DIRECTION('',(0.,0.,1.));
#9794=DIRECTION('center_axis',(0.,0.,-1.));
#9795=DIRECTION('ref_axis',(-1.,0.,0.));
#9796=DIRECTION('center_axis',(0.,0.707106781186548,-0.707106781186547));
#9797=DIRECTION('ref_axis',(-1.,0.,0.));
#9798=DIRECTION('',(1.,0.,0.));
#9799=DIRECTION('',(0.577350269189626,-0.577350269189626,-0.577350269189626));
#9800=DIRECTION('',(-1.,0.,0.));
#9801=DIRECTION('',(0.577350269189626,0.577350269189626,0.577350269189625));
#9802=DIRECTION('center_axis',(0.,0.707106781186548,0.707106781186547));
#9803=DIRECTION('ref_axis',(1.,0.,0.));
#9804=DIRECTION('',(1.,0.,0.));
#9805=DIRECTION('',(-0.577350269189626,0.577350269189626,-0.577350269189625));
#9806=DIRECTION('',(-1.,0.,0.));
#9807=DIRECTION('',(0.577350269189625,0.577350269189626,-0.577350269189626));
#9808=DIRECTION('center_axis',(0.707106781186547,0.707106781186548,0.));
#9809=DIRECTION('ref_axis',(0.,0.,-1.));
#9810=DIRECTION('',(0.,0.,1.));
#9811=DIRECTION('',(0.,0.,-1.));
#9812=DIRECTION('center_axis',(-0.707106781186547,0.707106781186548,0.));
#9813=DIRECTION('ref_axis',(0.,0.,1.));
#9814=DIRECTION('',(0.,0.,-1.));
#9815=DIRECTION('',(0.,0.,1.));
#9816=DIRECTION('center_axis',(1.,0.,0.));
#9817=DIRECTION('ref_axis',(0.,0.,1.));
#9818=DIRECTION('',(0.,-1.,0.));
#9819=DIRECTION('',(0.,0.,1.));
#9820=DIRECTION('',(0.,-1.,0.));
#9821=DIRECTION('center_axis',(0.,0.,1.));
#9822=DIRECTION('ref_axis',(-1.,0.,0.));
#9823=DIRECTION('',(0.,-1.,0.));
#9824=DIRECTION('',(-1.,0.,0.));
#9825=DIRECTION('center_axis',(0.,1.,0.));
#9826=DIRECTION('ref_axis',(0.,0.,1.));
#9827=DIRECTION('center_axis',(0.,1.,0.));
#9828=DIRECTION('ref_axis',(-1.,0.,0.));
#9829=DIRECTION('center_axis',(0.,-0.707106781186548,0.707106781186548));
#9830=DIRECTION('ref_axis',(1.,0.,0.));
#9831=DIRECTION('',(1.,0.,0.));
#9832=DIRECTION('',(0.577350269189626,0.577350269189626,0.577350269189625));
#9833=DIRECTION('',(-0.577350269189625,0.577350269189626,0.577350269189626));
#9834=DIRECTION('center_axis',(0.707106781186548,-0.707106781186548,0.));
#9835=DIRECTION('ref_axis',(0.,0.,-1.));
#9836=DIRECTION('',(0.,0.,-1.));
#9837=DIRECTION('',(0.577350269189625,0.577350269189626,-0.577350269189626));
#9838=DIRECTION('center_axis',(-0.707106781186548,-0.707106781186548,0.));
#9839=DIRECTION('ref_axis',(0.,0.,1.));
#9840=DIRECTION('',(0.,0.,-1.));
#9841=DIRECTION('',(0.577350269189626,-0.577350269189626,0.577350269189626));
#9842=DIRECTION('',(0.,0.,1.));
#9843=DIRECTION('center_axis',(0.,-0.707106781186548,-0.707106781186548));
#9844=DIRECTION('ref_axis',(-1.,0.,0.));
#9845=DIRECTION('',(-1.,0.,0.));
#9846=DIRECTION('',(1.,0.,0.));
#9847=DIRECTION('center_axis',(-1.,0.,0.));
#9848=DIRECTION('ref_axis',(0.,0.,-1.));
#9849=DIRECTION('',(0.,-1.,0.));
#9850=DIRECTION('center_axis',(0.,1.,0.));
#9851=DIRECTION('ref_axis',(0.,0.,1.));
#9852=DIRECTION('center_axis',(0.,-1.,0.));
#9853=DIRECTION('ref_axis',(1.,0.,0.));
#9854=DIRECTION('center_axis',(0.,-1.,0.));
#9855=DIRECTION('ref_axis',(1.,0.,0.));
#9856=DIRECTION('',(-0.707106781186548,-0.707106781186548,8.65956056235494E-17));
#9857=DIRECTION('center_axis',(0.,1.,0.));
#9858=DIRECTION('ref_axis',(1.,0.,0.));
#9859=DIRECTION('center_axis',(0.,1.,0.));
#9860=DIRECTION('ref_axis',(1.,0.,0.));
#9861=DIRECTION('center_axis',(0.,1.,0.));
#9862=DIRECTION('ref_axis',(-1.,0.,0.));
#9863=DIRECTION('',(0.,-1.,0.));
#9864=DIRECTION('center_axis',(0.,1.,0.));
#9865=DIRECTION('ref_axis',(0.,0.,1.));
#9866=DIRECTION('center_axis',(0.,0.,-1.));
#9867=DIRECTION('ref_axis',(1.,0.,0.));
#9868=DIRECTION('axis',(0.,0.,1.));
#9869=DIRECTION('refdir',(1.,0.,0.));
#9870=DIRECTION('center_axis',(1.,2.40025456358281E-16,0.));
#9871=DIRECTION('ref_axis',(2.39991810294813E-16,-1.,0.));
#9872=DIRECTION('center_axis',(-1.,-2.40025456358281E-16,0.));
#9873=DIRECTION('ref_axis',(2.39970080843458E-16,-1.,0.));
#9874=DIRECTION('center_axis',(-1.,-2.40025456358281E-16,0.));
#9875=DIRECTION('ref_axis',(2.39970080843458E-16,-1.,0.));
#9876=DIRECTION('',(-0.5,-0.866025403784439,-1.06057523872491E-16));
#9877=DIRECTION('center_axis',(1.,2.40025456358281E-16,0.));
#9878=DIRECTION('ref_axis',(2.40025456358281E-16,-1.,0.));
#9879=DIRECTION('center_axis',(1.,2.40025456358281E-16,0.));
#9880=DIRECTION('ref_axis',(-2.39970080843458E-16,1.,0.));
#9881=DIRECTION('center_axis',(1.,2.40025456358281E-16,0.));
#9882=DIRECTION('ref_axis',(2.39970080843458E-16,-1.,0.));
#9883=DIRECTION('center_axis',(1.,2.40025456358281E-16,0.));
#9884=DIRECTION('ref_axis',(2.39970080843458E-16,-1.,0.));
#9885=DIRECTION('',(-1.,-2.40025456358281E-16,0.));
#9886=DIRECTION('center_axis',(-1.,-2.40025456358281E-16,0.));
#9887=DIRECTION('ref_axis',(0.,0.,1.));
#9888=DIRECTION('center_axis',(1.2335811384724E-16,-0.500000000000001,0.866025403784438));
#9889=DIRECTION('ref_axis',(1.,0.,-1.42441680472857E-16));
#9890=DIRECTION('',(1.,2.40025456358281E-16,0.));
#9891=DIRECTION('',(-2.07868142761224E-16,0.866025403784438,0.500000000000001));
#9892=DIRECTION('',(1.,2.40025456358281E-16,0.));
#9893=DIRECTION('center_axis',(2.46716227694479E-16,-1.,-1.44222201478768E-15));
#9894=DIRECTION('ref_axis',(0.,1.44222201478768E-15,-1.));
#9895=DIRECTION('',(3.46169997269373E-31,-1.44222201478768E-15,1.));
#9896=DIRECTION('',(1.,2.40025456358281E-16,0.));
#9897=DIRECTION('center_axis',(-1.23358113847239E-16,0.499999999999999,
0.866025403784439));
#9898=DIRECTION('ref_axis',(1.,0.,1.42441680472856E-16));
#9899=DIRECTION('',(-1.,-2.40025456358281E-16,0.));
#9900=DIRECTION('',(-2.07868142761224E-16,0.866025403784439,-0.499999999999999));
#9901=DIRECTION('center_axis',(1.23358113847239E-16,-0.499999999999999,
-0.866025403784439));
#9902=DIRECTION('ref_axis',(-1.,0.,-1.42441680472856E-16));
#9903=DIRECTION('',(2.07868142761224E-16,-0.866025403784439,0.499999999999999));
#9904=DIRECTION('',(1.,2.40025456358281E-16,0.));
#9905=DIRECTION('center_axis',(-2.46716227694479E-16,1.,1.44222201478768E-15));
#9906=DIRECTION('ref_axis',(0.,-1.44222201478768E-15,1.));
#9907=DIRECTION('',(1.,2.40025456358281E-16,0.));
#9908=DIRECTION('',(-3.46169997269373E-31,1.44222201478768E-15,-1.));
#9909=DIRECTION('center_axis',(-1.2335811384724E-16,0.500000000000001,-0.866025403784438));
#9910=DIRECTION('ref_axis',(-1.,0.,1.42441680472857E-16));
#9911=DIRECTION('',(2.07868142761224E-16,-0.866025403784438,-0.500000000000001));
#9912=DIRECTION('center_axis',(-1.,-2.40025456358281E-16,0.));
#9913=DIRECTION('ref_axis',(0.,0.,1.));
#9914=DIRECTION('center_axis',(-1.,-2.40025456358281E-16,0.));
#9915=DIRECTION('ref_axis',(2.40025456358281E-16,-1.,0.));
#9916=DIRECTION('center_axis',(-1.,-2.40025456358281E-16,0.));
#9917=DIRECTION('ref_axis',(2.39994615366465E-16,-1.,0.));
#9918=DIRECTION('',(-0.866025403784439,0.5,6.12323399573677E-17));
#9919=DIRECTION('center_axis',(1.,2.40025456358281E-16,0.));
#9920=DIRECTION('ref_axis',(-2.39970080843458E-16,1.,0.));
#9921=DIRECTION('',(-0.500000000000001,0.866025403784438,1.06057523872491E-16));
#9922=DIRECTION('axis',(0.,0.,1.));
#9923=DIRECTION('refdir',(1.,0.,0.));
#9924=DIRECTION('center_axis',(1.,0.,0.));
#9925=DIRECTION('ref_axis',(0.,-1.,0.));
#9926=DIRECTION('center_axis',(1.,0.,0.));
#9927=DIRECTION('ref_axis',(0.,-1.,0.));
#9928=DIRECTION('',(1.,0.,0.));
#9929=DIRECTION('center_axis',(-1.,0.,0.));
#9930=DIRECTION('ref_axis',(0.,-1.,0.));
#9931=DIRECTION('center_axis',(1.,0.,0.));
#9932=DIRECTION('ref_axis',(0.,-1.,0.));
#9933=DIRECTION('center_axis',(-1.,0.,0.));
#9934=DIRECTION('ref_axis',(0.,-1.,0.));
#9935=DIRECTION('',(-1.,0.,0.));
#9936=DIRECTION('center_axis',(-1.,0.,0.));
#9937=DIRECTION('ref_axis',(0.,-1.,0.));
#9938=DIRECTION('center_axis',(-1.,0.,0.));
#9939=DIRECTION('ref_axis',(0.,0.,1.));
#9940=DIRECTION('center_axis',(-1.,0.,0.));
#9941=DIRECTION('ref_axis',(0.,0.,1.));
#9942=DIRECTION('axis',(0.,0.,1.));
#9943=DIRECTION('refdir',(1.,0.,0.));
#9944=DIRECTION('center_axis',(1.,1.10858834041712E-17,0.));
#9945=DIRECTION('ref_axis',(0.,0.,-1.));
#9946=DIRECTION('center_axis',(1.,1.10858834041712E-17,0.));
#9947=DIRECTION('ref_axis',(1.10858834041712E-17,-1.,1.22464679914735E-16));
#9948=DIRECTION('center_axis',(1.10858834041712E-17,-1.,-1.22464679914735E-16));
#9949=DIRECTION('ref_axis',(0.,-1.22464679914735E-16,1.));
#9950=DIRECTION('center_axis',(-1.,-1.10858834041712E-17,0.));
#9951=DIRECTION('ref_axis',(1.15648231731787E-17,-1.,1.22464679914735E-16));
#9952=DIRECTION('center_axis',(-1.,-1.10858834041712E-17,0.));
#9953=DIRECTION('ref_axis',(1.15648231731787E-17,-1.,1.22464679914735E-16));
#9954=DIRECTION('center_axis',(1.,1.10858834041712E-17,0.));
#9955=DIRECTION('ref_axis',(0.,1.,0.));
#9956=DIRECTION('center_axis',(1.,1.10858834041712E-17,0.));
#9957=DIRECTION('ref_axis',(0.,-1.,0.));
#9958=DIRECTION('center_axis',(1.,1.10858834041712E-17,0.));
#9959=DIRECTION('ref_axis',(0.,-1.,0.));
#9960=DIRECTION('',(-1.,-1.10858834041712E-17,0.));
#9961=DIRECTION('center_axis',(1.,1.10858834041712E-17,0.));
#9962=DIRECTION('ref_axis',(0.,0.,-1.));
#9963=DIRECTION('center_axis',(1.,1.10858834041712E-17,0.));
#9964=DIRECTION('ref_axis',(0.,1.,0.));
#9965=DIRECTION('center_axis',(-1.,-1.10858834041712E-17,0.));
#9966=DIRECTION('ref_axis',(4.91168095315642E-18,-1.,0.));
#9967=DIRECTION('center_axis',(-1.,-1.10858834041712E-17,0.));
#9968=DIRECTION('ref_axis',(1.10858834041712E-17,-1.,0.));
#9969=DIRECTION('',(-0.707106781186549,0.707106781186546,8.65956056235492E-17));
#9970=DIRECTION('center_axis',(1.,1.10858834041712E-17,0.));
#9971=DIRECTION('ref_axis',(0.,0.,-1.));
#9972=DIRECTION('center_axis',(1.,1.10858834041712E-17,0.));
#9973=DIRECTION('ref_axis',(0.,0.,-1.));
#9974=DIRECTION('center_axis',(-1.,-1.10858834041712E-17,0.));
#9975=DIRECTION('ref_axis',(1.26161707343768E-17,-1.,1.22464679914735E-16));
#9976=DIRECTION('center_axis',(-1.,-1.10858834041712E-17,0.));
#9977=DIRECTION('ref_axis',(1.26161707343768E-17,-1.,1.22464679914735E-16));
#9978=DIRECTION('center_axis',(1.10858834041712E-17,-1.,-1.22464679914735E-16));
#9979=DIRECTION('ref_axis',(0.,-1.22464679914735E-16,1.));
#9980=DIRECTION('center_axis',(1.,1.10858834041712E-17,0.));
#9981=DIRECTION('ref_axis',(1.10858834041712E-17,-1.,1.22464679914735E-16));
#9982=DIRECTION('center_axis',(-1.,-1.10858834041712E-17,0.));
#9983=DIRECTION('ref_axis',(0.,0.,1.));
#9984=DIRECTION('',(-8.52709605272798E-33,7.69185074553426E-16,1.));
#9985=DIRECTION('',(9.60065665140454E-18,-0.866025403784439,0.5));
#9986=DIRECTION('',(9.60065665140454E-18,-0.866025403784439,-0.5));
#9987=DIRECTION('',(0.,0.,-1.));
#9988=DIRECTION('',(-9.60065665140454E-18,0.866025403784439,-0.5));
#9989=DIRECTION('',(-9.60065665140454E-18,0.866025403784439,0.5));
#9990=DIRECTION('center_axis',(1.,1.10858834041712E-17,0.));
#9991=DIRECTION('ref_axis',(0.,1.,0.));
#9992=DIRECTION('',(-1.,-1.10858834041712E-17,0.));
#9993=DIRECTION('center_axis',(5.54294170208559E-18,-0.5,-0.866025403784439));
#9994=DIRECTION('ref_axis',(-1.,0.,-6.40043776760303E-18));
#9995=DIRECTION('',(-1.,-1.10858834041712E-17,0.));
#9996=DIRECTION('',(-1.,-1.10858834041712E-17,0.));
#9997=DIRECTION('center_axis',(-5.54294170208558E-18,0.5,-0.866025403784439));
#9998=DIRECTION('ref_axis',(-1.,0.,6.40043776760303E-18));
#9999=DIRECTION('',(-1.,-1.10858834041712E-17,0.));
#10000=DIRECTION('center_axis',(-1.10858834041712E-17,1.,-7.69185074553425E-16));
#10001=DIRECTION('ref_axis',(0.,7.69185074553426E-16,1.));
#10002=DIRECTION('',(-1.,-1.10858834041712E-17,0.));
#10003=DIRECTION('center_axis',(-5.54294170208558E-18,0.5,0.866025403784439));
#10004=DIRECTION('ref_axis',(1.,0.,6.40043776760303E-18));
#10005=DIRECTION('',(1.,1.10858834041712E-17,0.));
#10006=DIRECTION('center_axis',(1.10858834041712E-17,-1.,0.));
#10007=DIRECTION('ref_axis',(0.,0.,-1.));
#10008=DIRECTION('',(-1.,-1.10858834041712E-17,0.));
#10009=DIRECTION('center_axis',(5.54294170208558E-18,-0.5,0.866025403784439));
#10010=DIRECTION('ref_axis',(1.,0.,-6.40043776760303E-18));
#10011=DIRECTION('center_axis',(-1.,-1.10858834041712E-17,0.));
#10012=DIRECTION('ref_axis',(0.,1.,0.));
#10013=DIRECTION('',(-0.5,-0.866025403784439,-1.06057523872491E-16));
#10014=DIRECTION('axis',(0.,0.,1.));
#10015=DIRECTION('refdir',(1.,0.,0.));
#10016=DIRECTION('center_axis',(-0.999999999999948,-4.08562090193207E-13,
3.21466355757143E-7));
#10017=DIRECTION('ref_axis',(-4.08562073062059E-13,1.,5.32907051820077E-14));
#10018=DIRECTION('center_axis',(-4.08427246381498E-13,1.,5.38475381310308E-14));
#10019=DIRECTION('ref_axis',(3.29357043969332E-15,5.38475381310322E-14,
-1.));
#10020=DIRECTION('center_axis',(4.52345738072675E-32,1.22464679914741E-16,
-1.));
#10021=DIRECTION('ref_axis',(-1.,0.,0.));
#10022=DIRECTION('center_axis',(-4.52345738072675E-32,-1.22464679914741E-16,
1.));
#10023=DIRECTION('ref_axis',(-1.,5.53963760238676E-48,-4.52345738072675E-32));
#10024=DIRECTION('center_axis',(4.08304781701583E-13,-1.,5.36026087712014E-14));
#10025=DIRECTION('ref_axis',(-3.29357043969328E-15,-5.36026087712027E-14,
-1.));
#10026=DIRECTION('center_axis',(4.08304781701583E-13,-1.,5.36026087712014E-14));
#10027=DIRECTION('ref_axis',(-3.29357043969328E-15,-5.36026087712027E-14,
-1.));
#10028=DIRECTION('center_axis',(3.88578058618815E-15,-1.,6.31088724176809E-30));
#10029=DIRECTION('ref_axis',(-3.29357043969348E-15,-2.10362908058936E-29,
-1.));
#10030=DIRECTION('',(-3.88578058618815E-15,1.,-6.31088724176809E-30));
#10031=DIRECTION('center_axis',(4.08304781701583E-13,-1.,5.36026087712014E-14));
#10032=DIRECTION('ref_axis',(-3.29357043969328E-15,-5.36026087712027E-14,
-1.));
#10033=DIRECTION('center_axis',(4.08304781701583E-13,-1.,5.36026087712014E-14));
#10034=DIRECTION('ref_axis',(-3.29357043969328E-15,-5.36026087712027E-14,
-1.));
#10035=DIRECTION('center_axis',(1.,-3.98951625124088E-31,-1.83684925516578E-16));
#10036=DIRECTION('ref_axis',(-1.57898385724467E-16,0.,-1.));
#10037=DIRECTION('center_axis',(-1.,3.98951625124088E-31,1.83684925516578E-16));
#10038=DIRECTION('ref_axis',(-1.83684925516578E-16,5.13904878803808E-48,
-1.));
#10039=DIRECTION('center_axis',(4.084884666271E-13,5.62059116903444E-14,
1.));
#10040=DIRECTION('ref_axis',(-3.10988551417667E-15,-1.,5.62059116903457E-14));
#10041=DIRECTION('center_axis',(4.084884666271E-13,5.62059116903444E-14,
1.));
#10042=DIRECTION('ref_axis',(-3.10988551417667E-15,-1.,5.62059116903457E-14));
#10043=DIRECTION('center_axis',(-2.77555756156284E-15,6.66133814775091E-15,
1.));
#10044=DIRECTION('ref_axis',(-3.10988551417653E-15,-1.,6.66133814775091E-15));
#10045=DIRECTION('',(2.77555756156284E-15,-6.66133814775091E-15,-1.));
#10046=DIRECTION('center_axis',(4.084884666271E-13,5.62059116903444E-14,
1.));
#10047=DIRECTION('ref_axis',(-3.10988551417667E-15,-1.,5.62059116903457E-14));
#10048=DIRECTION('center_axis',(-1.,-3.83678789255362E-18,-2.64338815386942E-16));
#10049=DIRECTION('ref_axis',(-2.368475785867E-16,0.,1.));
#10050=DIRECTION('center_axis',(1.,3.83678789255362E-18,2.64338815386942E-16));
#10051=DIRECTION('ref_axis',(-2.64338815386942E-16,7.80163051083507E-35,
1.));
#10052=DIRECTION('center_axis',(4.08756642230379E-13,-1.,-3.46285469453149E-15));
#10053=DIRECTION('ref_axis',(-2.84938348668226E-15,3.46285469453033E-15,
-1.));
#10054=DIRECTION('center_axis',(2.22044604925041E-15,-1.,-6.66133814775124E-15));
#10055=DIRECTION('ref_axis',(-2.84938348668227E-15,6.66133814775123E-15,
-1.));
#10056=DIRECTION('',(-2.22044604925041E-15,1.,6.66133814775124E-15));
#10057=DIRECTION('center_axis',(4.08756642230379E-13,-1.,-3.46285469453149E-15));
#10058=DIRECTION('ref_axis',(-2.84938348668226E-15,3.46285469453033E-15,
-1.));
#10059=DIRECTION('center_axis',(4.08756642230379E-13,-1.,-3.46285469453149E-15));
#10060=DIRECTION('ref_axis',(-2.84938348668226E-15,3.46285469453033E-15,
-1.));
#10061=DIRECTION('center_axis',(-4.72715854161897E-16,-5.06709167115311E-31,
-1.));
#10062=DIRECTION('ref_axis',(-1.,0.,0.));
#10063=DIRECTION('center_axis',(4.72715854161897E-16,5.06709167115311E-31,
1.));
#10064=DIRECTION('ref_axis',(-1.,2.39529456744577E-46,4.72715854161897E-16));
#10065=DIRECTION('center_axis',(1.,2.13173827268948E-15,-3.9355705486932E-15));
#10066=DIRECTION('ref_axis',(-3.93557054869319E-15,-2.37666763251896E-15,
-1.));
#10067=DIRECTION('center_axis',(1.,2.13173827268948E-15,-3.9355705486932E-15));
#10068=DIRECTION('ref_axis',(-3.93557054869319E-15,-2.37666763251896E-15,
-1.));
#10069=DIRECTION('center_axis',(1.,6.12323399573676E-17,-4.44089209850069E-15));
#10070=DIRECTION('ref_axis',(-4.44089209850069E-15,-2.37666763251896E-15,
-1.));
#10071=DIRECTION('',(-1.,-6.12323399573676E-17,4.44089209850069E-15));
#10072=DIRECTION('center_axis',(1.,2.13173827268948E-15,-3.9355705486932E-15));
#10073=DIRECTION('ref_axis',(-3.93557054869319E-15,-2.37666763251896E-15,
-1.));
#10074=DIRECTION('center_axis',(1.,2.13173827268948E-15,-3.9355705486932E-15));
#10075=DIRECTION('ref_axis',(-3.93557054869319E-15,-2.37666763251896E-15,
-1.));
#10076=DIRECTION('center_axis',(-2.25420295260421E-15,1.,-1.22464679914735E-16));
#10077=DIRECTION('ref_axis',(0.,1.22464679914735E-16,1.));
#10078=DIRECTION('center_axis',(2.25420295260421E-15,-1.,1.22464679914735E-16));
#10079=DIRECTION('ref_axis',(-2.76060243053526E-31,1.22464679914735E-16,
1.));
#10080=DIRECTION('center_axis',(0.,0.,1.));
#10081=DIRECTION('ref_axis',(1.,0.,0.));
#10082=DIRECTION('center_axis',(0.,0.,1.));
#10083=DIRECTION('ref_axis',(1.,0.,0.));
#10084=DIRECTION('center_axis',(0.,0.,1.));
#10085=DIRECTION('ref_axis',(1.,0.,0.));
#10086=DIRECTION('center_axis',(0.,0.,-1.));
#10087=DIRECTION('ref_axis',(1.,0.,0.));
#10088=DIRECTION('center_axis',(0.,0.,1.));
#10089=DIRECTION('ref_axis',(1.,0.,0.));
#10090=DIRECTION('',(0.,0.,-1.));
#10091=DIRECTION('axis',(0.,0.,1.));
#10092=DIRECTION('refdir',(1.,0.,0.));
#10093=DIRECTION('center_axis',(-1.,0.,0.));
#10094=DIRECTION('ref_axis',(0.,0.,-1.));
#10095=DIRECTION('center_axis',(-1.,0.,0.));
#10096=DIRECTION('ref_axis',(0.,0.,-1.));
#10097=DIRECTION('',(0.5,-1.06057523872491E-16,-0.866025403784439));
#10098=DIRECTION('center_axis',(1.,0.,0.));
#10099=DIRECTION('ref_axis',(0.,0.,-1.));
#10100=DIRECTION('center_axis',(1.,0.,0.));
#10101=DIRECTION('ref_axis',(0.,0.,-1.));
#10102=DIRECTION('center_axis',(-1.,0.,0.));
#10103=DIRECTION('ref_axis',(0.,0.,1.));
#10104=DIRECTION('center_axis',(-1.,0.,0.));
#10105=DIRECTION('ref_axis',(0.,0.,1.));
#10106=DIRECTION('',(-1.,0.,0.));
#10107=DIRECTION('center_axis',(1.,0.,0.));
#10108=DIRECTION('ref_axis',(0.,0.,-1.));
#10109=DIRECTION('center_axis',(-1.,0.,0.));
#10110=DIRECTION('ref_axis',(0.,1.,0.));
#10111=DIRECTION('center_axis',(1.,0.,0.));
#10112=DIRECTION('ref_axis',(0.,0.,1.));
#10113=DIRECTION('center_axis',(1.,0.,0.));
#10114=DIRECTION('ref_axis',(0.,0.,1.));
#10115=DIRECTION('',(-0.5,-1.06057523872491E-16,0.866025403784439));
#10116=DIRECTION('center_axis',(1.,0.,0.));
#10117=DIRECTION('ref_axis',(0.,0.,-1.));
#10118=DIRECTION('center_axis',(1.,0.,0.));
#10119=DIRECTION('ref_axis',(0.,1.,0.));
#10120=DIRECTION('center_axis',(1.,0.,0.));
#10121=DIRECTION('ref_axis',(0.,1.,0.));
#10122=DIRECTION('',(-0.5,0.866025403784439,-1.06057523872491E-16));
#10123=DIRECTION('center_axis',(-1.,0.,0.));
#10124=DIRECTION('ref_axis',(0.,1.,0.));
#10125=DIRECTION('',(-0.5,-0.866025403784439,1.06057523872491E-16));
#10126=DIRECTION('center_axis',(0.,0.866025403784439,-0.499999999999999));
#10127=DIRECTION('ref_axis',(0.,0.499999999999999,0.866025403784439));
#10128=DIRECTION('',(1.,0.,0.));
#10129=DIRECTION('',(1.,0.,0.));
#10130=DIRECTION('center_axis',(0.,1.74814789671233E-15,-1.));
#10131=DIRECTION('ref_axis',(-1.,0.,0.));
#10132=DIRECTION('',(1.,0.,0.));
#10133=DIRECTION('center_axis',(0.,0.866025403784438,0.5));
#10134=DIRECTION('ref_axis',(1.,0.,0.));
#10135=DIRECTION('',(1.,0.,0.));
#10136=DIRECTION('center_axis',(0.,0.,1.));
#10137=DIRECTION('ref_axis',(1.,0.,0.));
#10138=DIRECTION('',(1.,0.,0.));
#10139=DIRECTION('center_axis',(0.,-0.866025403784438,-0.5));
#10140=DIRECTION('ref_axis',(-1.,0.,0.));
#10141=DIRECTION('',(1.,0.,0.));
#10142=DIRECTION('center_axis',(0.,-0.866025403784439,0.5));
#10143=DIRECTION('ref_axis',(0.,-0.5,-0.866025403784439));
#10144=DIRECTION('',(1.0796211462602E-16,-1.,-1.62376850422152E-18));
#10145=DIRECTION('',(2.94035629178084E-15,1.62376850422184E-18,-1.));
#10146=DIRECTION('',(-4.99600361081317E-16,-1.,-1.62376850422331E-18));
#10147=DIRECTION('',(1.,-4.99600361081317E-16,2.94035629178085E-15));
#10148=DIRECTION('',(7.75261442410603E-51,-1.62376850422184E-18,1.));
#10149=DIRECTION('',(1.,4.77445793778425E-33,0.));
#10150=DIRECTION('',(7.75261442410603E-51,-1.62376850422184E-18,1.));
#10151=DIRECTION('',(1.,4.77445793778425E-33,0.));
#10152=DIRECTION('',(0.993664462113498,0.112387440280006,2.92191004428025E-15));
#10153=DIRECTION('',(-2.94028007112492E-15,-2.29766726797378E-18,1.));
#10154=DIRECTION('',(0.993664462113498,0.112387440280006,2.92191004428025E-15));
#10155=DIRECTION('',(-2.94028007112492E-15,-2.29766726797378E-18,1.));
#10156=DIRECTION('',(-1.,2.79708706753847E-16,-2.21790563598845E-16));
#10157=DIRECTION('',(5.96071472633799E-17,-0.481750457359058,-0.876308448455416));
#10158=DIRECTION('',(-5.06121416365392E-18,-0.123832309019402,0.992303158940313));
#10159=DIRECTION('',(1.,8.30967236744179E-19,5.20417042793073E-18));
#10160=DIRECTION('',(-5.40006279869878E-17,0.540730019728153,-0.841196199328546));
#10161=DIRECTION('',(-9.93252168825401E-16,0.841196199328546,0.540730019728153));
#10162=DIRECTION('',(-1.,-1.9169279897092E-16,-1.31596163005654E-16));
#10163=DIRECTION('',(2.32409249751185E-16,-0.841196199328546,-0.540730019728153));
#10164=DIRECTION('',(-1.,-5.65929112283899E-16,1.65489279453179E-16));
#10165=DIRECTION('',(-5.65929112283899E-16,1.,8.32667268468871E-16));
#10166=DIRECTION('',(-2.21790563598845E-16,-2.21790563598845E-16,1.));
#10167=DIRECTION('',(-2.79708706753847E-16,-1.,-2.21790563598845E-16));
#10168=DIRECTION('',(1.88084818369248E-16,0.992641500605001,-0.12109026086623));
#10169=DIRECTION('',(-1.,1.61329283265843E-16,-2.30759074568192E-16));
#10170=DIRECTION('',(1.69747498738387E-16,-1.,8.13526170746226E-15));
#10171=DIRECTION('',(-0.598759434079274,6.41412848344726E-15,0.800928923251663));
#10172=DIRECTION('',(-0.123832309018948,-8.10206077521729E-15,-0.992303158940369));
#10173=DIRECTION('',(-2.37538040992088E-16,1.,-8.13526170746224E-15));
#10174=DIRECTION('',(-0.997060014037774,-8.65350490056453E-16,-0.0766245940086735));
#10175=DIRECTION('',(-0.0766245940086735,7.97028246056061E-15,0.997060014037774));
#10176=DIRECTION('',(4.93689981291041E-16,-1.,7.25200846151994E-15));
#10177=DIRECTION('',(0.997060014037774,1.04792074378778E-15,0.0766245940086729));
#10178=DIRECTION('',(2.45191416494922E-16,-1.,8.13526170746226E-15));
#10179=DIRECTION('',(1.,2.45191416494065E-16,-1.05360165036927E-13));
#10180=DIRECTION('',(-0.00408826766428338,-8.13614006114919E-15,-0.999991642998833));
#10181=DIRECTION('',(-0.999991642998833,-1.98215973490538E-16,0.00408826766428338));
#10182=DIRECTION('',(0.992641500604997,9.82954504120513E-16,0.121090260866261));
#10183=DIRECTION('',(2.23081244750302E-16,-1.,6.28881957249891E-15));
#10184=DIRECTION('',(-0.998610897830994,-6.49037398279194E-16,0.0526903666069637));
#10185=DIRECTION('',(1.09624077237997E-15,-1.,8.45848325540428E-15));
#10186=DIRECTION('',(-0.998610897830994,-6.44060524831626E-16,0.0526903666069636));
#10187=DIRECTION('',(1.08090968098812E-15,-1.,8.2623767912178E-15));
#10188=DIRECTION('',(0.20450273712313,8.12974769159578E-15,0.978865992109823));
#10189=DIRECTION('',(0.978865992109823,-6.58951981488475E-16,-0.20450273712313));
#10190=DIRECTION('',(0.0850526081098544,8.17049995989338E-15,0.996376461912721));
#10191=DIRECTION('',(7.60901805556991E-16,-1.,8.13526170746223E-15));
#10192=DIRECTION('',(0.0857484350148807,8.1750769398691E-15,0.996316820038937));
#10193=DIRECTION('',(8.13762551977548E-16,-1.,8.13526170746224E-15));
#10194=DIRECTION('',(0.126404397961688,8.1728702646735E-15,0.991978794216864));
#10195=DIRECTION('',(8.13762551977548E-16,-1.,8.13526170746224E-15));
#10196=DIRECTION('',(0.0526903666069637,8.16297945682861E-15,0.998610897830994));
#10197=DIRECTION('',(0.998610897830994,7.40577268612524E-16,-0.0526903666069637));
#10198=DIRECTION('',(8.54345846153028E-15,1.,-7.78379812893117E-15));
#10199=DIRECTION('',(-0.969525801543515,1.01900500804626E-14,0.244989224541416));
#10200=DIRECTION('',(-1.68543505984917E-15,1.,-7.97849821013179E-15));
#10201=DIRECTION('',(-0.823593411087193,-5.91336303542534E-15,-0.567180653067223));
#10202=DIRECTION('',(-0.998001487052932,-0.0349305677520781,0.0526582118634296));
#10203=DIRECTION('',(0.0526903666069636,7.44901736838909E-15,0.998610897830994));
#10204=DIRECTION('',(-0.449010424716463,0.680450060518655,0.579117737283274));
#10205=DIRECTION('',(-0.542392243987262,0.307491266426236,-0.781831039761183));
#10206=DIRECTION('',(-5.2041704279316E-18,8.13526170746224E-15,1.));
#10207=DIRECTION('',(1.,1.07962114626021E-16,5.20417042793072E-18));
#10208=DIRECTION('',(-7.31900300434474E-17,0.622383917269277,-0.78271211791089));
#10209=DIRECTION('',(1.,3.12011890220716E-16,1.54592154200543E-16));
#10210=DIRECTION('',(1.,1.62376850422184E-18,2.94035629178084E-15));
#10211=DIRECTION('',(2.94035629178084E-15,1.62376850422184E-18,-1.));
#10212=DIRECTION('',(1.,1.62376850422184E-18,2.94035629178084E-15));
#10213=DIRECTION('',(2.94035629178084E-15,1.62376850422184E-18,-1.));
#10214=DIRECTION('',(0.0569385484604484,-0.998377684896461,8.75701312608848E-15));
#10215=DIRECTION('',(-1.2944470294603E-16,8.76386047581206E-15,1.));
#10216=DIRECTION('',(0.998610897830994,6.52133806129904E-16,-0.0526903666069637));
#10217=DIRECTION('',(-1.08240453706865E-15,1.,-8.13748675629626E-15));
#10218=DIRECTION('',(0.0526684127460942,0.0288642048913879,0.99819481864754));
#10219=DIRECTION('',(0.998610897830994,7.46031511680246E-16,-0.0526903666069636));
#10220=CARTESIAN_POINT('',(0.,0.,0.));
#10221=CARTESIAN_POINT('',(0.,0.,0.));
#10222=CARTESIAN_POINT('Origin',(77.5,16.,12.4));
#10223=CARTESIAN_POINT('',(79.2,16.,12.5));
#10224=CARTESIAN_POINT('Origin',(77.5,16.,12.5));
#10225=CARTESIAN_POINT('',(79.,16.,12.3));
#10226=CARTESIAN_POINT('',(79.1,16.,12.4));
#10227=CARTESIAN_POINT('',(76.,16.,12.3));
#10228=CARTESIAN_POINT('Origin',(77.5,16.,12.3));
#10229=CARTESIAN_POINT('Origin',(77.5,16.,12.3));
#10230=CARTESIAN_POINT('Origin',(77.5,16.,8.5));
#10231=CARTESIAN_POINT('',(76.,16.,4.5));
#10232=CARTESIAN_POINT('',(76.,16.,8.5));
#10233=CARTESIAN_POINT('Origin',(77.5,16.,4.5));
#10234=CARTESIAN_POINT('',(76.2705,16.8592611651879,7.5));
#10235=CARTESIAN_POINT('Ctrl Pts',(76.2705,16.8592611651879,7.5));
#10236=CARTESIAN_POINT('Ctrl Pts',(76.2705,16.8592611651879,7.58477671340143));
#10237=CARTESIAN_POINT('Ctrl Pts',(76.2792952920639,16.8721694192411,7.66828436833805));
#10238=CARTESIAN_POINT('Ctrl Pts',(76.3126447641056,16.9170336792171,7.82963967451673));
#10239=CARTESIAN_POINT('Ctrl Pts',(76.3372208922668,16.9488125617335,7.90753198551099));
#10240=CARTESIAN_POINT('Ctrl Pts',(76.431708689166,17.0573343335865,8.12951819792181));
#10241=CARTESIAN_POINT('Ctrl Pts',(76.523502624076,17.1461800798369,8.26227819901368));
#10242=CARTESIAN_POINT('Ctrl Pts',(76.7338248038003,17.2957689727049,8.47260037873802));
#10243=CARTESIAN_POINT('Ctrl Pts',(76.8665775221724,17.3689710376988,8.56642670412584));
#10244=CARTESIAN_POINT('Ctrl Pts',(77.1678020349452,17.4713770325714,8.69504586044084));
#10245=CARTESIAN_POINT('Ctrl Pts',(77.3366154814775,17.5,8.7295));
#10246=CARTESIAN_POINT('Ctrl Pts',(77.6633845185225,17.5,8.7295));
#10247=CARTESIAN_POINT('Ctrl Pts',(77.8321979650548,17.4713770325714,8.69504586044084));
#10248=CARTESIAN_POINT('Ctrl Pts',(78.1334224778276,17.3689710376988,8.56642670412583));
#10249=CARTESIAN_POINT('Ctrl Pts',(78.2661751961997,17.2957689727049,8.47260037873802));
#10250=CARTESIAN_POINT('Ctrl Pts',(78.476497375924,17.1461800798369,8.26227819901368));
#10251=CARTESIAN_POINT('Ctrl Pts',(78.568291310834,17.0573343335865,8.12951819792181));
#10252=CARTESIAN_POINT('Ctrl Pts',(78.6627791077332,16.9488125617335,7.90753198551099));
#10253=CARTESIAN_POINT('Ctrl Pts',(78.6873552358944,16.9170336792171,7.82963967451673));
#10254=CARTESIAN_POINT('Ctrl Pts',(78.7207047079361,16.8721694192411,7.66828436833805));
#10255=CARTESIAN_POINT('Ctrl Pts',(78.7295,16.8592611651879,7.58477671340143));
#10256=CARTESIAN_POINT('Ctrl Pts',(78.7295,16.8592611651879,7.41522328659856));
#10257=CARTESIAN_POINT('Ctrl Pts',(78.7207047079361,16.8721694192411,7.33171563166195));
#10258=CARTESIAN_POINT('Ctrl Pts',(78.6873552358944,16.9170336792171,7.17036032548327));
#10259=CARTESIAN_POINT('Ctrl Pts',(78.6627791077332,16.9488125617335,7.09246801448901));
#10260=CARTESIAN_POINT('Ctrl Pts',(78.568291310834,17.0573343335865,6.87048180207819));
#10261=CARTESIAN_POINT('Ctrl Pts',(78.476497375924,17.1461800798369,6.73772180098632));
#10262=CARTESIAN_POINT('Ctrl Pts',(78.2661751961997,17.2957689727049,6.52739962126198));
#10263=CARTESIAN_POINT('Ctrl Pts',(78.1334224778276,17.3689710376988,6.43357329587416));
#10264=CARTESIAN_POINT('Ctrl Pts',(77.8321979650548,17.4713770325714,6.30495413955916));
#10265=CARTESIAN_POINT('Ctrl Pts',(77.6633845185225,17.5,6.2705));
#10266=CARTESIAN_POINT('Ctrl Pts',(77.3366154814775,17.5,6.2705));
#10267=CARTESIAN_POINT('Ctrl Pts',(77.1678020349452,17.4713770325714,6.30495413955916));
#10268=CARTESIAN_POINT('Ctrl Pts',(76.8665775221724,17.3689710376988,6.43357329587416));
#10269=CARTESIAN_POINT('Ctrl Pts',(76.7338248038003,17.2957689727049,6.52739962126198));
#10270=CARTESIAN_POINT('Ctrl Pts',(76.523502624076,17.1461800798369,6.73772180098632));
#10271=CARTESIAN_POINT('Ctrl Pts',(76.431708689166,17.0573343335865,6.87048180207819));
#10272=CARTESIAN_POINT('Ctrl Pts',(76.3372208922668,16.9488125617335,7.09246801448901));
#10273=CARTESIAN_POINT('Ctrl Pts',(76.3126447641056,16.9170336792171,7.17036032548327));
#10274=CARTESIAN_POINT('Ctrl Pts',(76.2792952920639,16.8721694192411,7.33171563166195));
#10275=CARTESIAN_POINT('Ctrl Pts',(76.2705,16.8592611651879,7.41522328659857));
#10276=CARTESIAN_POINT('Ctrl Pts',(76.2705,16.8592611651879,7.5));
#10277=CARTESIAN_POINT('Origin',(0.,20.,12.5));
#10278=CARTESIAN_POINT('',(-172.5,-20.,12.5));
#10279=CARTESIAN_POINT('',(172.5,-20.,12.5));
#10280=CARTESIAN_POINT('',(0.,-20.,12.5));
#10281=CARTESIAN_POINT('',(172.5,20.,12.5));
#10282=CARTESIAN_POINT('',(172.5,20.,12.5));
#10283=CARTESIAN_POINT('',(-172.5,20.,12.5));
#10284=CARTESIAN_POINT('',(0.,20.,12.5));
#10285=CARTESIAN_POINT('',(-172.5,20.,12.5));
#10286=CARTESIAN_POINT('',(81.2705,-1.50570323955167E-16,12.5));
#10287=CARTESIAN_POINT('Origin',(82.5,0.,12.5));
#10288=CARTESIAN_POINT('Origin',(77.5,18.,7.5));
#10289=CARTESIAN_POINT('',(76.2705,20.,7.5));
#10290=CARTESIAN_POINT('Origin',(77.5,20.,7.5));
#10291=CARTESIAN_POINT('',(76.2705,18.,7.5));
#10292=CARTESIAN_POINT('Origin',(77.5,16.,4.5));
#10293=CARTESIAN_POINT('Origin',(82.5,0.,2.13062093445281));
#10294=CARTESIAN_POINT('',(81.2705,-1.50570323955167E-16,2.5));
#10295=CARTESIAN_POINT('Origin',(82.5,0.,2.5));
#10296=CARTESIAN_POINT('',(82.5,0.,1.76124186890561));
#10297=CARTESIAN_POINT('',(81.88525,-7.52851619775835E-17,2.13062093445281));
#10298=CARTESIAN_POINT('Origin',(82.5,0.,7.5));
#10299=CARTESIAN_POINT('',(81.2705,-1.50570323955167E-16,7.5));
#10300=CARTESIAN_POINT('Origin',(155.501519866331,10.,0.));
#10301=CARTESIAN_POINT('',(156.5,10.,3.3235));
#10302=CARTESIAN_POINT('Origin',(156.5,10.,0.));
#10303=CARTESIAN_POINT('',(154.503039732662,10.,0.));
#10304=CARTESIAN_POINT('',(155.501519866331,10.,1.66175));
#10305=CARTESIAN_POINT('Origin',(164.5,10.,0.));
#10306=CARTESIAN_POINT('',(172.5,10.,3.3235));
#10307=CARTESIAN_POINT('Origin',(172.5,10.,0.));
#10308=CARTESIAN_POINT('',(164.5,10.,3.3235));
#10309=CARTESIAN_POINT('Origin',(155.501519866331,-10.,0.));
#10310=CARTESIAN_POINT('',(156.5,-10.,3.3235));
#10311=CARTESIAN_POINT('Origin',(156.5,-10.,0.));
#10312=CARTESIAN_POINT('',(154.503039732662,-10.,0.));
#10313=CARTESIAN_POINT('',(155.501519866331,-10.,1.66175));
#10314=CARTESIAN_POINT('Origin',(164.5,-10.,0.));
#10315=CARTESIAN_POINT('',(172.5,-10.,3.3235));
#10316=CARTESIAN_POINT('Origin',(172.5,-10.,0.));
#10317=CARTESIAN_POINT('',(164.5,-10.,3.3235));
#10318=CARTESIAN_POINT('Origin',(-152.5,0.,8.75820213624371));
#10319=CARTESIAN_POINT('',(-148.312,-5.12882079482912E-16,7.5));
#10320=CARTESIAN_POINT('Origin',(-152.5,0.,7.5));
#10321=CARTESIAN_POINT('',(-152.5,0.,10.0164042724874));
#10322=CARTESIAN_POINT('',(-150.406,-2.56441039741456E-16,8.75820213624371));
#10323=CARTESIAN_POINT('Origin',(-152.5,0.,-2.5));
#10324=CARTESIAN_POINT('',(-148.312,-5.12882079482912E-16,-12.5));
#10325=CARTESIAN_POINT('Origin',(-152.5,0.,-12.5));
#10326=CARTESIAN_POINT('',(-148.312,-5.12882079482912E-16,-2.5));
#10327=CARTESIAN_POINT('Origin',(108.21157828,3.74179786375629,-2.5));
#10328=CARTESIAN_POINT('',(104.02357828,5.,-2.5));
#10329=CARTESIAN_POINT('Origin',(108.21157828,5.,-2.5));
#10330=CARTESIAN_POINT('',(108.21157828,2.48359572751258,-2.5));
#10331=CARTESIAN_POINT('',(106.11757828,3.74179786375629,-2.5));
#10332=CARTESIAN_POINT('Origin',(108.21157828,12.5,-2.5));
#10333=CARTESIAN_POINT('',(104.02357828,20.,-2.5));
#10334=CARTESIAN_POINT('Origin',(108.21157828,20.,-2.5));
#10335=CARTESIAN_POINT('',(104.02357828,12.5,-2.5));
#10336=CARTESIAN_POINT('Origin',(-151.76139208406,10.,0.));
#10337=CARTESIAN_POINT('',(-152.5,10.,-2.4585));
#10338=CARTESIAN_POINT('Origin',(-152.5,10.,0.));
#10339=CARTESIAN_POINT('',(-151.022784168121,10.,0.));
#10340=CARTESIAN_POINT('',(-151.76139208406,10.,-1.22925));
#10341=CARTESIAN_POINT('Origin',(-162.5,10.,0.));
#10342=CARTESIAN_POINT('',(-172.5,10.,-2.4585));
#10343=CARTESIAN_POINT('Origin',(-172.5,10.,0.));
#10344=CARTESIAN_POINT('',(-162.5,10.,-2.4585));
#10345=CARTESIAN_POINT('Origin',(-151.76139208406,-10.,0.));
#10346=CARTESIAN_POINT('',(-152.5,-10.,-2.4585));
#10347=CARTESIAN_POINT('Origin',(-152.5,-10.,0.));
#10348=CARTESIAN_POINT('',(-151.022784168121,-10.,0.));
#10349=CARTESIAN_POINT('',(-151.76139208406,-10.,-1.22925));
#10350=CARTESIAN_POINT('Origin',(-162.5,-10.,0.));
#10351=CARTESIAN_POINT('',(-172.5,-10.,-2.4585));
#10352=CARTESIAN_POINT('Origin',(-172.5,-10.,0.));
#10353=CARTESIAN_POINT('',(-162.5,-10.,-2.4585));
#10354=CARTESIAN_POINT('Origin',(-172.5,0.,0.));
#10355=CARTESIAN_POINT('',(-172.5,20.,-12.5));
#10356=CARTESIAN_POINT('',(-172.5,-20.,-12.5));
#10357=CARTESIAN_POINT('',(-172.5,-20.,-12.5));
#10358=CARTESIAN_POINT('',(-172.5,-20.,12.5));
#10359=CARTESIAN_POINT('',(-172.5,20.,-12.5));
#10360=CARTESIAN_POINT('Origin',(0.,-20.,12.5));
#10361=CARTESIAN_POINT('',(172.5,-20.,-12.5));
#10362=CARTESIAN_POINT('',(0.,-20.,-12.5));
#10363=CARTESIAN_POINT('',(172.5,-20.,12.5));
#10364=CARTESIAN_POINT('Origin',(0.,20.,-12.5));
#10365=CARTESIAN_POINT('',(172.5,20.,-12.5));
#10366=CARTESIAN_POINT('',(172.5,20.,-12.5));
#10367=CARTESIAN_POINT('',(0.,20.,-12.5));
#10368=CARTESIAN_POINT('Origin',(0.,-20.,-12.5));
#10369=CARTESIAN_POINT('',(172.5,-20.,-12.5));
#10370=CARTESIAN_POINT('Origin',(172.5,0.,0.));
#10371=CARTESIAN_POINT('',(0.,0.,0.));
#10372=CARTESIAN_POINT('Origin',(-14.77,-3.55000000000001,61.145650494936));
#10373=CARTESIAN_POINT('',(-17.2285,4.99999999999999,61.145650494936));
#10374=CARTESIAN_POINT('Origin',(-14.77,4.99999999999999,61.145650494936));
#10375=CARTESIAN_POINT('',(-17.2285,-5.00000000000001,61.145650494936));
#10376=CARTESIAN_POINT('',(-17.2285,-3.55000000000001,61.145650494936));
#10377=CARTESIAN_POINT('Origin',(-14.77,-5.00000000000001,61.145650494936));
#10378=CARTESIAN_POINT('Origin',(14.77,-3.55000000000001,66.354349505064));
#10379=CARTESIAN_POINT('',(12.3115,4.99999999999999,66.354349505064));
#10380=CARTESIAN_POINT('Origin',(14.77,4.99999999999999,66.354349505064));
#10381=CARTESIAN_POINT('',(12.3115,-5.00000000000001,66.354349505064));
#10382=CARTESIAN_POINT('',(12.3115,-3.55000000000001,66.354349505064));
#10383=CARTESIAN_POINT('Origin',(14.77,-5.00000000000001,66.354349505064));
#10384=CARTESIAN_POINT('Origin',(0.,-0.200000000000011,63.75));
#10385=CARTESIAN_POINT('',(-1.5,4.99999999999999,63.75));
#10386=CARTESIAN_POINT('Origin',(0.,4.99999999999999,63.75));
#10387=CARTESIAN_POINT('',(-1.5,-5.00000000000001,63.75));
#10388=CARTESIAN_POINT('',(-1.5,-0.200000000000011,63.75));
#10389=CARTESIAN_POINT('Origin',(0.,-5.00000000000001,63.75));
#10390=CARTESIAN_POINT('Origin',(-10.,3.34999999999999,-68.75));
#10391=CARTESIAN_POINT('',(-16.3,4.99999999999999,-68.75));
#10392=CARTESIAN_POINT('Origin',(-10.,4.99999999999999,-68.75));
#10393=CARTESIAN_POINT('',(-13.,1.69999999999999,-68.75));
#10394=CARTESIAN_POINT('',(-14.65,3.34999999999999,-68.75));
#10395=CARTESIAN_POINT('Origin',(-10.,1.69999999999999,-68.75));
#10396=CARTESIAN_POINT('Origin',(-10.,-0.200000000000011,-68.75));
#10397=CARTESIAN_POINT('',(-13.,-5.00000000000001,-68.75));
#10398=CARTESIAN_POINT('',(-13.,-0.200000000000011,-68.75));
#10399=CARTESIAN_POINT('Origin',(-10.,-5.00000000000001,-68.75));
#10400=CARTESIAN_POINT('Origin',(10.,3.34999999999999,-68.75));
#10401=CARTESIAN_POINT('',(3.7,4.99999999999999,-68.75));
#10402=CARTESIAN_POINT('Origin',(10.,4.99999999999999,-68.75));
#10403=CARTESIAN_POINT('',(7.,1.69999999999999,-68.75));
#10404=CARTESIAN_POINT('',(5.35,3.34999999999999,-68.75));
#10405=CARTESIAN_POINT('Origin',(10.,1.69999999999999,-68.75));
#10406=CARTESIAN_POINT('Origin',(10.,-0.200000000000011,-68.75));
#10407=CARTESIAN_POINT('',(7.,-5.00000000000001,-68.75));
#10408=CARTESIAN_POINT('',(7.,-0.200000000000011,-68.75));
#10409=CARTESIAN_POINT('Origin',(10.,-5.00000000000001,-68.75));
#10410=CARTESIAN_POINT('Origin',(8.88178419700125E-15,-1.22124532708767E-14,
-81.25));
#10411=CARTESIAN_POINT('',(20.,-5.00000000000001,-81.25));
#10412=CARTESIAN_POINT('',(-20.,-5.00000000000001,-81.25));
#10413=CARTESIAN_POINT('',(-20.,-5.00000000000001,-81.25));
#10414=CARTESIAN_POINT('',(-20.,4.99999999999999,-81.25));
#10415=CARTESIAN_POINT('',(-20.,4.99999999999999,-81.25));
#10416=CARTESIAN_POINT('',(20.,4.99999999999999,-81.25));
#10417=CARTESIAN_POINT('',(20.,4.99999999999999,-81.25));
#10418=CARTESIAN_POINT('',(20.,-5.00000000000001,-81.25));
#10419=CARTESIAN_POINT('Origin',(-20.,4.99999999999999,0.));
#10420=CARTESIAN_POINT('',(-20.,-5.00000000000001,81.25));
#10421=CARTESIAN_POINT('',(-20.,-5.00000000000001,0.));
#10422=CARTESIAN_POINT('',(-20.,4.99999999999999,81.25));
#10423=CARTESIAN_POINT('',(-20.,4.99999999999999,81.25));
#10424=CARTESIAN_POINT('',(-20.,4.99999999999999,0.));
#10425=CARTESIAN_POINT('Origin',(20.,4.99999999999999,0.));
#10426=CARTESIAN_POINT('',(20.,4.99999999999999,81.25));
#10427=CARTESIAN_POINT('',(20.,4.99999999999999,81.25));
#10428=CARTESIAN_POINT('',(20.,4.99999999999999,0.));
#10429=CARTESIAN_POINT('Origin',(20.,-5.00000000000001,0.));
#10430=CARTESIAN_POINT('',(20.,-5.00000000000001,81.25));
#10431=CARTESIAN_POINT('',(20.,-5.00000000000001,81.25));
#10432=CARTESIAN_POINT('',(20.,-5.00000000000001,0.));
#10433=CARTESIAN_POINT('Origin',(-20.,-5.00000000000001,0.));
#10434=CARTESIAN_POINT('',(-20.,-5.00000000000001,81.25));
#10435=CARTESIAN_POINT('Origin',(8.88178419700125E-15,-1.22124532708767E-14,
81.25));
#10436=CARTESIAN_POINT('',(0.,0.,0.));
#10437=CARTESIAN_POINT('Origin',(0.,0.,-24.75));
#10438=CARTESIAN_POINT('',(2.5,3.06161699786839E-16,-25.));
#10439=CARTESIAN_POINT('Origin',(0.,0.,-25.));
#10440=CARTESIAN_POINT('',(3.,-3.67394039744206E-16,-24.5));
#10441=CARTESIAN_POINT('',(2.75,-3.36777869765522E-16,-24.75));
#10442=CARTESIAN_POINT('',(-3.,3.67394039744206E-16,-24.5));
#10443=CARTESIAN_POINT('Origin',(0.,0.,-24.5));
#10444=CARTESIAN_POINT('Origin',(0.,0.,-24.5));
#10445=CARTESIAN_POINT('Origin',(0.,0.,-14.15));
#10446=CARTESIAN_POINT('',(-3.,3.67394039744206E-16,-3.42426406871193));
#10447=CARTESIAN_POINT('',(-3.,3.67394039744206E-16,-14.15));
#10448=CARTESIAN_POINT('',(3.,7.34788079488412E-16,-3.42426406871193));
#10449=CARTESIAN_POINT('Origin',(0.,0.,-3.42426406871193));
#10450=CARTESIAN_POINT('Origin',(0.,0.,-3.42426406871193));
#10451=CARTESIAN_POINT('Origin',(1.5,0.,-25.));
#10452=CARTESIAN_POINT('Origin',(0.,0.,-3.42426406871193));
#10453=CARTESIAN_POINT('',(3.08786796564404,0.,-3.21213203435597));
#10454=CARTESIAN_POINT('',(-3.08786796564404,3.78154762031562E-16,-3.21213203435597));
#10455=CARTESIAN_POINT('Origin',(0.,3.78154762031562E-16,-3.21213203435597));
#10456=CARTESIAN_POINT('Origin',(0.,3.78154762031562E-16,-3.21213203435597));
#10457=CARTESIAN_POINT('Origin',(3.3,-4.04133443718627E-16,-3.42426406871193));
#10458=CARTESIAN_POINT('Origin',(0.,0.,-1.8));
#10459=CARTESIAN_POINT('',(-6.,7.34788079488412E-16,-0.300000000000002));
#10460=CARTESIAN_POINT('',(-4.5,5.51091059616309E-16,-1.8));
#10461=CARTESIAN_POINT('Origin',(0.,0.,-0.300000000000002));
#10462=CARTESIAN_POINT('Origin',(-2.,-1.15470053837925,-1.38777878078145E-16));
#10463=CARTESIAN_POINT('',(-2.,-1.15470053837925,-2.5));
#10464=CARTESIAN_POINT('',(8.32667268468867E-16,-2.3094010767585,-2.5));
#10465=CARTESIAN_POINT('',(-2.,-1.15470053837925,-2.5));
#10466=CARTESIAN_POINT('',(-2.,-1.15470053837925,-1.38777878078145E-16));
#10467=CARTESIAN_POINT('',(-2.,-1.15470053837925,-1.38777878078145E-16));
#10468=CARTESIAN_POINT('',(8.32667268468867E-16,-2.3094010767585,-1.38777878078145E-16));
#10469=CARTESIAN_POINT('',(-0.374999999999998,-2.09289472581239,-1.38777878078145E-16));
#10470=CARTESIAN_POINT('',(8.32667268468867E-16,-2.3094010767585,-1.38777878078145E-16));
#10471=CARTESIAN_POINT('Origin',(8.32667268468867E-16,-2.3094010767585,
-1.38777878078145E-16));
#10472=CARTESIAN_POINT('',(2.,-1.15470053837925,-2.5));
#10473=CARTESIAN_POINT('',(8.32667268468867E-16,-2.3094010767585,-2.5));
#10474=CARTESIAN_POINT('',(2.,-1.15470053837925,-1.38777878078145E-16));
#10475=CARTESIAN_POINT('',(1.625,-1.37120688932536,-1.38777878078145E-16));
#10476=CARTESIAN_POINT('',(2.,-1.15470053837925,-1.38777878078145E-16));
#10477=CARTESIAN_POINT('Origin',(2.,-1.15470053837925,-1.38777878078145E-16));
#10478=CARTESIAN_POINT('',(2.,1.15470053837925,-2.5));
#10479=CARTESIAN_POINT('',(2.,-1.15470053837925,-2.5));
#10480=CARTESIAN_POINT('',(2.,1.15470053837925,-1.38777878078145E-16));
#10481=CARTESIAN_POINT('',(2.,-0.577350269189626,-1.38777878078145E-16));
#10482=CARTESIAN_POINT('',(2.,1.15470053837925,-1.38777878078145E-16));
#10483=CARTESIAN_POINT('Origin',(2.,1.15470053837925,-1.38777878078145E-16));
#10484=CARTESIAN_POINT('',(-6.93889390390723E-16,2.3094010767585,-2.5));
#10485=CARTESIAN_POINT('',(2.,1.15470053837925,-2.5));
#10486=CARTESIAN_POINT('',(-6.93889390390723E-16,2.3094010767585,-1.38777878078145E-16));
#10487=CARTESIAN_POINT('',(2.625,0.793856620135737,-1.38777878078145E-16));
#10488=CARTESIAN_POINT('',(-6.93889390390723E-16,2.3094010767585,-1.38777878078145E-16));
#10489=CARTESIAN_POINT('Origin',(-6.93889390390723E-16,2.3094010767585,
-1.38777878078145E-16));
#10490=CARTESIAN_POINT('',(-2.,1.15470053837925,-2.5));
#10491=CARTESIAN_POINT('',(-6.93889390390723E-16,2.3094010767585,-2.5));
#10492=CARTESIAN_POINT('',(-2.,1.15470053837925,-1.38777878078145E-16));
#10493=CARTESIAN_POINT('',(0.625000000000001,2.67024499500202,-1.38777878078145E-16));
#10494=CARTESIAN_POINT('',(-2.,1.15470053837925,-1.38777878078145E-16));
#10495=CARTESIAN_POINT('Origin',(-2.,1.15470053837925,-1.38777878078145E-16));
#10496=CARTESIAN_POINT('',(-2.,1.15470053837925,-2.5));
#10497=CARTESIAN_POINT('',(-2.,0.577350269189626,-1.38777878078145E-16));
#10498=CARTESIAN_POINT('Origin',(0.,6.93889390390723E-17,-2.5));
#10499=CARTESIAN_POINT('Origin',(3.,0.,-1.38777878078145E-16));
#10500=CARTESIAN_POINT('',(-6.,7.34788079488412E-16,0.));
#10501=CARTESIAN_POINT('Origin',(0.,0.,0.));
#10502=CARTESIAN_POINT('Origin',(0.,0.,-0.150000000000001));
#10503=CARTESIAN_POINT('',(-6.,7.34788079488412E-16,-0.150000000000001));
#10504=CARTESIAN_POINT('',(0.,0.,0.));
#10505=CARTESIAN_POINT('Origin',(0.400000000000003,1.66836092266416E-17,
0.));
#10506=CARTESIAN_POINT('',(2.22044604925031E-15,-5.21889704199387E-16,4.4));
#10507=CARTESIAN_POINT('Origin',(2.22044604925031E-15,1.69548874254488E-17,
0.));
#10508=CARTESIAN_POINT('',(0.400000000000003,-4.731751104323E-16,4.));
#10509=CARTESIAN_POINT('Origin',(0.400000000000003,-5.22160982398194E-16,
4.4));
#10510=CARTESIAN_POINT('',(0.400000000000003,-4.,-4.89858719658941E-16));
#10511=CARTESIAN_POINT('Origin',(0.400000000000003,1.66836092266416E-17,
0.));
#10512=CARTESIAN_POINT('Origin',(0.400000000000003,1.66836092266416E-17,
0.));
#10513=CARTESIAN_POINT('Origin',(14.0625,7.41776324863383E-18,0.));
#10514=CARTESIAN_POINT('',(24.2331875,4.,4.89858719658941E-16));
#10515=CARTESIAN_POINT('',(24.2331875,-4.,-4.89858719658941E-16));
#10516=CARTESIAN_POINT('Origin',(24.2331875,5.20048784557077E-19,0.));
#10517=CARTESIAN_POINT('Origin',(24.2331875,5.20048784557077E-19,0.));
#10518=CARTESIAN_POINT('',(14.0625,-4.,-4.89858719658941E-16));
#10519=CARTESIAN_POINT('Origin',(2.22044604925031E-15,5.25,0.));
#10520=CARTESIAN_POINT('',(0.,-6.5,-7.9602041944578E-16));
#10521=CARTESIAN_POINT('Origin',(0.,1.69548874254488E-17,0.));
#10522=CARTESIAN_POINT('Origin',(24.61659375,2.60024392278538E-19,0.));
#10523=CARTESIAN_POINT('',(25.,3.2331875,-3.95951272291823E-16));
#10524=CARTESIAN_POINT('Origin',(25.,-3.61111864572607E-34,0.));
#10525=CARTESIAN_POINT('',(24.61659375,3.61659375,4.42904995975382E-16));
#10526=CARTESIAN_POINT('Origin',(25.,2.,0.));
#10527=CARTESIAN_POINT('Origin',(-7.2,2.1837895003978E-17,0.));
#10528=CARTESIAN_POINT('',(-7.2,-7.74182524441802E-16,6.5));
#10529=CARTESIAN_POINT('',(-7.2,-6.5,-7.9602041944578E-16));
#10530=CARTESIAN_POINT('Origin',(-7.2,2.1837895003978E-17,0.));
#10531=CARTESIAN_POINT('Origin',(-7.2,2.1837895003978E-17,0.));
#10532=CARTESIAN_POINT('',(-8.,-6.75668224112399E-16,5.7));
#10533=CARTESIAN_POINT('Origin',(-7.2,-6.76210780510013E-16,5.7));
#10534=CARTESIAN_POINT('Origin',(-8.,2.23804514015924E-17,0.));
#10535=CARTESIAN_POINT('Origin',(-8.,4.98205080756888,0.));
#10536=CARTESIAN_POINT('',(-8.,3.,-1.73205080756888));
#10537=CARTESIAN_POINT('',(-8.,3.,1.73205080756888));
#10538=CARTESIAN_POINT('',(-8.,3.,0.866025403784437));
#10539=CARTESIAN_POINT('',(-8.,4.46610546891555E-16,3.46410161513775));
#10540=CARTESIAN_POINT('',(-8.,0.750000000000001,3.03108891324554));
#10541=CARTESIAN_POINT('',(-8.,-3.,1.73205080756888));
#10542=CARTESIAN_POINT('',(-8.,-2.25,2.1650635094611));
#10543=CARTESIAN_POINT('',(-8.,-3.,-1.73205080756888));
#10544=CARTESIAN_POINT('',(-8.,-3.,-0.866025403784438));
#10545=CARTESIAN_POINT('',(-8.,-3.95393379279255E-16,-3.46410161513775));
#10546=CARTESIAN_POINT('',(-8.,-0.750000000000001,-3.03108891324554));
#10547=CARTESIAN_POINT('',(-8.,2.25,-2.1650635094611));
#10548=CARTESIAN_POINT('Origin',(-4.,1.96676694135206E-17,0.));
#10549=CARTESIAN_POINT('',(-4.,-6.5,-7.9602041944578E-16));
#10550=CARTESIAN_POINT('Origin',(-8.,-3.95393379279255E-16,-3.46410161513775));
#10551=CARTESIAN_POINT('',(-3.99999999999999,2.74842974168217E-16,-3.46410161513775));
#10552=CARTESIAN_POINT('',(-3.99999999999999,-3.,-1.73205080756888));
#10553=CARTESIAN_POINT('Ctrl Pts',(-4.,6.64302686933146E-15,-3.46410161513776));
#10554=CARTESIAN_POINT('Ctrl Pts',(-3.49999999999999,-1.5,-2.59807621135332));
#10555=CARTESIAN_POINT('Ctrl Pts',(-4.,-3.00000000000001,-1.73205080756887));
#10556=CARTESIAN_POINT('',(-6.,2.77555756156289E-16,-3.46410161513775));
#10557=CARTESIAN_POINT('',(-6.,-3.,-1.73205080756888));
#10558=CARTESIAN_POINT('Origin',(-8.,3.,-1.73205080756888));
#10559=CARTESIAN_POINT('',(-3.99999999999999,3.,-1.73205080756888));
#10560=CARTESIAN_POINT('Ctrl Pts',(-4.,3.00000000000001,-1.73205080756887));
#10561=CARTESIAN_POINT('Ctrl Pts',(-3.49999999999999,1.5,-2.59807621135332));
#10562=CARTESIAN_POINT('Ctrl Pts',(-4.,-7.78987245079559E-15,-3.46410161513776));
#10563=CARTESIAN_POINT('',(-6.,3.,-1.73205080756888));
#10564=CARTESIAN_POINT('Origin',(-8.,3.,1.73205080756888));
#10565=CARTESIAN_POINT('',(-3.99999999999999,3.,1.73205080756888));
#10566=CARTESIAN_POINT('Ctrl Pts',(-4.,3.,1.73205080756888));
#10567=CARTESIAN_POINT('Ctrl Pts',(-3.49999999999999,3.,-7.83976639011939E-16));
#10568=CARTESIAN_POINT('Ctrl Pts',(-4.,3.,-1.73205080756889));
#10569=CARTESIAN_POINT('',(-6.,3.,1.73205080756888));
#10570=CARTESIAN_POINT('Origin',(-8.,5.4255639761436E-18,3.46410161513775));
#10571=CARTESIAN_POINT('',(-3.99999999999999,8.29954486480796E-16,3.46410161513775));
#10572=CARTESIAN_POINT('Ctrl Pts',(-4.,-6.67964942617043E-15,3.46410161513776));
#10573=CARTESIAN_POINT('Ctrl Pts',(-3.49999999999999,1.5,2.59807621135332));
#10574=CARTESIAN_POINT('Ctrl Pts',(-4.,3.00000000000001,1.73205080756887));
#10575=CARTESIAN_POINT('',(-6.,8.32667268468867E-16,3.46410161513775));
#10576=CARTESIAN_POINT('Origin',(-8.,-3.,-1.73205080756888));
#10577=CARTESIAN_POINT('',(-3.73205080756887,-3.,-4.41325169317932E-16));
#10578=CARTESIAN_POINT('Ctrl Pts',(-4.,-3.,-1.73205080756889));
#10579=CARTESIAN_POINT('Ctrl Pts',(-3.73205080756887,-3.,-0.803847577293371));
#10580=CARTESIAN_POINT('Ctrl Pts',(-3.73205080756887,-3.,-5.15256298891658E-16));
#10581=CARTESIAN_POINT('',(-3.99999999999999,-3.,1.73205080756888));
#10582=CARTESIAN_POINT('',(-6.,-3.,1.73205080756888));
#10583=CARTESIAN_POINT('Ctrl Pts',(-3.73205080756887,-3.,-5.15256298891658E-16));
#10584=CARTESIAN_POINT('Ctrl Pts',(-3.73205080756887,-3.,0.803847577293371));
#10585=CARTESIAN_POINT('Ctrl Pts',(-4.,-3.,1.73205080756889));
#10586=CARTESIAN_POINT('Origin',(-8.,-3.,1.73205080756888));
#10587=CARTESIAN_POINT('Ctrl Pts',(-4.,-3.00000000000001,1.73205080756887));
#10588=CARTESIAN_POINT('Ctrl Pts',(-3.49999999999999,-1.5,2.59807621135332));
#10589=CARTESIAN_POINT('Ctrl Pts',(-4.,8.03080565011291E-15,3.46410161513776));
#10590=CARTESIAN_POINT('Origin',(-2.99999999999999,1.89894739165026E-17,
0.));
#10591=CARTESIAN_POINT('',(-1.99999999999999,1.83112784194846E-17,0.));
#10592=CARTESIAN_POINT('',(-2.99999999999999,-1.73205080756888,-2.12115047744981E-16));
#10593=CARTESIAN_POINT('',(0.,0.,0.));
#10594=CARTESIAN_POINT('Origin',(0.,0.,12.45));
#10595=CARTESIAN_POINT('',(7.5,9.18485099360515E-16,12.35));
#10596=CARTESIAN_POINT('',(-7.5,-9.18485099360515E-16,12.35));
#10597=CARTESIAN_POINT('Origin',(0.,0.,12.35));
#10598=CARTESIAN_POINT('Origin',(0.,0.,12.35));
#10599=CARTESIAN_POINT('',(7.3,-8.93992163377568E-16,12.55));
#10600=CARTESIAN_POINT('',(7.4,-9.06238631369041E-16,12.45));
#10601=CARTESIAN_POINT('Origin',(0.,0.,12.55));
#10602=CARTESIAN_POINT('Origin',(0.,0.,0.));
#10603=CARTESIAN_POINT('',(-7.5,9.18485099360515E-16,5.7));
#10604=CARTESIAN_POINT('',(-7.5,-9.18485099360515E-16,0.));
#10605=CARTESIAN_POINT('Origin',(0.,0.,5.7));
#10606=CARTESIAN_POINT('Origin',(0.,0.,12.55));
#10607=CARTESIAN_POINT('',(5.,6.12323399573677E-16,12.55));
#10608=CARTESIAN_POINT('Origin',(0.,0.,12.55));
#10609=CARTESIAN_POINT('Origin',(0.,0.,5.6));
#10610=CARTESIAN_POINT('',(-7.3,-8.93992163377568E-16,5.5));
#10611=CARTESIAN_POINT('',(-7.4,-9.06238631369041E-16,5.6));
#10612=CARTESIAN_POINT('Origin',(0.,0.,5.5));
#10613=CARTESIAN_POINT('Origin',(0.,0.,5.5));
#10614=CARTESIAN_POINT('',(-5.,6.12323399573677E-16,5.5));
#10615=CARTESIAN_POINT('Origin',(0.,0.,5.5));
#10616=CARTESIAN_POINT('Origin',(0.,0.,0.1));
#10617=CARTESIAN_POINT('',(-4.8,-5.87830463590729E-16,0.));
#10618=CARTESIAN_POINT('Origin',(0.,0.,0.));
#10619=CARTESIAN_POINT('',(-5.,6.12323399573677E-16,0.2));
#10620=CARTESIAN_POINT('',(-4.9,6.00076931582203E-16,0.1));
#10621=CARTESIAN_POINT('Origin',(0.,0.,0.2));
#10622=CARTESIAN_POINT('Origin',(0.,0.,0.));
#10623=CARTESIAN_POINT('',(-5.,-6.12323399573677E-16,0.));
#10624=CARTESIAN_POINT('Origin',(0.,0.,0.));
#10625=CARTESIAN_POINT('',(2.4585,-3.01079415570377E-16,0.));
#10626=CARTESIAN_POINT('Origin',(0.,0.,0.));
#10627=CARTESIAN_POINT('Origin',(0.,0.,12.7386079159396));
#10628=CARTESIAN_POINT('',(2.4585,-3.01079415570377E-16,12.));
#10629=CARTESIAN_POINT('Origin',(0.,0.,12.));
#10630=CARTESIAN_POINT('',(0.,0.,13.4772158318793));
#10631=CARTESIAN_POINT('',(1.22925,-1.50539707785188E-16,12.7386079159396));
#10632=CARTESIAN_POINT('Origin',(0.,0.,6.));
#10633=CARTESIAN_POINT('',(2.4585,-3.01079415570377E-16,6.));
#10634=CARTESIAN_POINT('Origin',(0.,0.,37.5));
#10635=CARTESIAN_POINT('',(4.9,-6.00076931582203E-16,37.55));
#10636=CARTESIAN_POINT('Origin',(0.,0.,37.55));
#10637=CARTESIAN_POINT('',(5.,6.12323399573677E-16,37.45));
#10638=CARTESIAN_POINT('',(4.95,6.0620016557794E-16,37.5));
#10639=CARTESIAN_POINT('Origin',(0.,0.,37.45));
#10640=CARTESIAN_POINT('Origin',(0.,0.,37.55));
#10641=CARTESIAN_POINT('',(5.,-6.12323399573677E-16,37.55));
#10642=CARTESIAN_POINT('Origin',(0.,0.,37.55));
#10643=CARTESIAN_POINT('',(0.,0.,0.));
#10644=CARTESIAN_POINT('Origin',(0.234375,0.,0.));
#10645=CARTESIAN_POINT('',(0.,6.12311008113372E-16,4.99989881604791));
#10646=CARTESIAN_POINT('Origin',(0.,0.,0.));
#10647=CARTESIAN_POINT('',(0.46875,-5.12882079482912E-16,4.188));
#10648=CARTESIAN_POINT('',(0.234375,5.62596543798141E-16,4.59394940802396));
#10649=CARTESIAN_POINT('Origin',(0.46875,0.,0.));
#10650=CARTESIAN_POINT('Origin',(-17.5863448336006,0.,0.));
#10651=CARTESIAN_POINT('',(7.93125,-5.12882079482912E-16,-4.188));
#10652=CARTESIAN_POINT('',(7.93125,-5.12882079482912E-16,4.188));
#10653=CARTESIAN_POINT('Origin',(7.93125,0.,0.));
#10654=CARTESIAN_POINT('Origin',(7.93125,0.,0.));
#10655=CARTESIAN_POINT('',(-17.5863448336006,-5.12882079482912E-16,4.188));
#10656=CARTESIAN_POINT('Origin',(0.,4.16333634234434E-16,-6.24500451351651E-15));
#10657=CARTESIAN_POINT('',(1.38777878078145E-16,-7.3,8.93992163377568E-16));
#10658=CARTESIAN_POINT('Origin',(0.,0.,0.));
#10659=CARTESIAN_POINT('Origin',(8.165625,0.,0.));
#10660=CARTESIAN_POINT('',(8.4,6.12311008113372E-16,-4.99989881604791));
#10661=CARTESIAN_POINT('Origin',(8.4,0.,0.));
#10662=CARTESIAN_POINT('',(8.165625,5.62596543798141E-16,-4.59394940802396));
#10663=CARTESIAN_POINT('Origin',(8.4,6.22397756229255E-16,-6.38378239159465E-15));
#10664=CARTESIAN_POINT('',(8.4,-7.3,8.93992163377568E-16));
#10665=CARTESIAN_POINT('Origin',(8.4,0.,0.));
#10666=CARTESIAN_POINT('Origin',(0.559338184124532,0.,0.));
#10667=CARTESIAN_POINT('',(1.11867636824906,4.61880215351701,8.));
#10668=CARTESIAN_POINT('',(1.11867636824906,-4.61880215351701,8.));
#10669=CARTESIAN_POINT('Ctrl Pts',(1.11867636824906,4.61880215351701,8.));
#10670=CARTESIAN_POINT('Ctrl Pts',(-0.214656965084268,0.,8.));
#10671=CARTESIAN_POINT('Ctrl Pts',(1.11867636824906,-4.61880215351701,8.));
#10672=CARTESIAN_POINT('',(1.11867636824906,9.23760430703401,0.));
#10673=CARTESIAN_POINT('Ctrl Pts',(1.11867636824906,9.23760430703401,2.48060137457359E-15));
#10674=CARTESIAN_POINT('Ctrl Pts',(-0.214656965084268,6.92820323027551,
4.));
#10675=CARTESIAN_POINT('Ctrl Pts',(1.11867636824907,4.618802153517,8.));
#10676=CARTESIAN_POINT('',(1.11867636824906,4.61880215351703,-7.99999999999999));
#10677=CARTESIAN_POINT('Ctrl Pts',(1.11867636824906,4.61880215351703,-7.99999999999999));
#10678=CARTESIAN_POINT('Ctrl Pts',(-0.214656965084263,6.92820323027552,
-3.99999999999999));
#10679=CARTESIAN_POINT('Ctrl Pts',(1.11867636824907,9.23760430703401,3.72090206186039E-15));
#10680=CARTESIAN_POINT('',(1.11867636824906,-4.61880215351697,-8.00000000000002));
#10681=CARTESIAN_POINT('Ctrl Pts',(1.11867636824906,-4.61880215351697,-8.00000000000002));
#10682=CARTESIAN_POINT('Ctrl Pts',(-0.214656965084256,1.37718808966827E-14,
-8.00000000000001));
#10683=CARTESIAN_POINT('Ctrl Pts',(1.11867636824906,4.618802153517,-8.));
#10684=CARTESIAN_POINT('',(1.11867636824906,-9.23760430703401,-1.11022302462516E-15));
#10685=CARTESIAN_POINT('Ctrl Pts',(1.11867636824906,-9.23760430703401,-1.2403006872868E-15));
#10686=CARTESIAN_POINT('Ctrl Pts',(-0.21465696508427,-6.92820323027551,
-4.));
#10687=CARTESIAN_POINT('Ctrl Pts',(1.11867636824906,-4.618802153517,-8.00000000000001));
#10688=CARTESIAN_POINT('',(0.559338184124532,-8.268802153517,1.01263620900873E-15));
#10689=CARTESIAN_POINT('Ctrl Pts',(1.11867636824906,-4.61880215351701,8.));
#10690=CARTESIAN_POINT('Ctrl Pts',(-0.214656965084266,-6.92820323027551,
4.));
#10691=CARTESIAN_POINT('Ctrl Pts',(1.11867636824906,-9.23760430703401,3.72090206186038E-15));
#10692=CARTESIAN_POINT('Origin',(7.84066181587547,0.,0.));
#10693=CARTESIAN_POINT('',(7.28132363175094,-9.23760430703401,-1.11022302462516E-15));
#10694=CARTESIAN_POINT('',(7.84066181587547,-8.268802153517,1.01263620900873E-15));
#10695=CARTESIAN_POINT('',(7.28132363175094,-4.61880215351697,-8.00000000000002));
#10696=CARTESIAN_POINT('Ctrl Pts',(7.28132363175094,-4.618802153517,-8.00000000000001));
#10697=CARTESIAN_POINT('Ctrl Pts',(8.61465696508427,-6.92820323027551,-4.));
#10698=CARTESIAN_POINT('Ctrl Pts',(7.28132363175094,-9.23760430703402,5.58135309279058E-15));
#10699=CARTESIAN_POINT('',(7.28132363175094,4.61880215351703,-7.99999999999999));
#10700=CARTESIAN_POINT('Ctrl Pts',(7.28132363175094,4.618802153517,-8.));
#10701=CARTESIAN_POINT('Ctrl Pts',(8.61465696508426,1.4432899320127E-14,
-8.00000000000001));
#10702=CARTESIAN_POINT('Ctrl Pts',(7.28132363175094,-4.61880215351698,-8.00000000000002));
#10703=CARTESIAN_POINT('',(7.28132363175094,9.23760430703401,0.));
#10704=CARTESIAN_POINT('Ctrl Pts',(7.28132363175094,9.23760430703401,5.58135309279058E-15));
#10705=CARTESIAN_POINT('Ctrl Pts',(8.61465696508427,6.92820323027552,-3.99999999999999));
#10706=CARTESIAN_POINT('Ctrl Pts',(7.28132363175094,4.61880215351702,-7.99999999999999));
#10707=CARTESIAN_POINT('',(7.28132363175094,4.61880215351701,8.));
#10708=CARTESIAN_POINT('Ctrl Pts',(7.28132363175094,4.618802153517,8.));
#10709=CARTESIAN_POINT('Ctrl Pts',(8.61465696508427,6.92820323027551,4.));
#10710=CARTESIAN_POINT('Ctrl Pts',(7.28132363175094,9.23760430703401,1.2403006872868E-15));
#10711=CARTESIAN_POINT('',(7.28132363175094,-4.61880215351701,8.));
#10712=CARTESIAN_POINT('Ctrl Pts',(7.28132363175094,-4.61880215351701,8.));
#10713=CARTESIAN_POINT('Ctrl Pts',(8.61465696508427,0.,8.));
#10714=CARTESIAN_POINT('Ctrl Pts',(7.28132363175094,4.61880215351701,8.));
#10715=CARTESIAN_POINT('Ctrl Pts',(7.28132363175094,-9.23760430703401,-6.20150343643398E-16));
#10716=CARTESIAN_POINT('Ctrl Pts',(8.61465696508427,-6.92820323027551,4.));
#10717=CARTESIAN_POINT('Ctrl Pts',(7.28132363175094,-4.61880215351701,8.));
#10718=CARTESIAN_POINT('Origin',(0.,9.23760430703401,2.67335634010954E-15));
#10719=CARTESIAN_POINT('',(0.,9.23760430703401,2.67335634010954E-15));
#10720=CARTESIAN_POINT('',(0.,4.61880215351702,-8.));
#10721=CARTESIAN_POINT('Origin',(0.,4.61880215351702,-8.));
#10722=CARTESIAN_POINT('',(0.,-4.61880215351699,-8.00000000000002));
#10723=CARTESIAN_POINT('Origin',(0.,4.618802153517,8.));
#10724=CARTESIAN_POINT('',(0.,4.618802153517,8.));
#10725=CARTESIAN_POINT('Origin',(0.,-4.61880215351701,8.));
#10726=CARTESIAN_POINT('',(0.,-4.61880215351701,8.));
#10727=CARTESIAN_POINT('Origin',(0.,-4.61880215351699,-8.00000000000002));
#10728=CARTESIAN_POINT('',(0.,-9.23760430703401,6.22196141300402E-16));
#10729=CARTESIAN_POINT('Origin',(0.,-9.23760430703401,6.22196141300402E-16));
#10730=CARTESIAN_POINT('',(0.,0.,0.));
#10731=CARTESIAN_POINT('Origin',(1.21240033115588E-15,-9.9,0.));
#10732=CARTESIAN_POINT('',(19.8,-10.,-2.42480066231176E-15));
#10733=CARTESIAN_POINT('Origin',(1.22464679914735E-15,-10.,0.));
#10734=CARTESIAN_POINT('',(20.,-9.8,2.44929359829471E-15));
#10735=CARTESIAN_POINT('',(19.9,-9.9,2.43704713030323E-15));
#10736=CARTESIAN_POINT('',(-20.,-9.8,-2.44929359829471E-15));
#10737=CARTESIAN_POINT('Origin',(1.20015386316441E-15,-9.8,0.));
#10738=CARTESIAN_POINT('Origin',(1.20015386316441E-15,-9.8,0.));
#10739=CARTESIAN_POINT('Origin',(1.07156594925393E-15,-8.75,0.));
#10740=CARTESIAN_POINT('',(-20.,-7.84621789051282,-2.44929359829471E-15));
#10741=CARTESIAN_POINT('',(-20.,-8.75,-2.44929359829471E-15));
#10742=CARTESIAN_POINT('',(-1.48840903579178E-15,-7.84621789051282,20.));
#10743=CARTESIAN_POINT('Origin',(9.60884562502923E-16,-7.84621789051282,
0.));
#10744=CARTESIAN_POINT('Origin',(9.60884562502923E-16,-7.84621789051282,
0.));
#10745=CARTESIAN_POINT('Origin',(8.25,-10.,0.));
#10746=CARTESIAN_POINT('',(-8.25,-10.,-1.01033360929657E-15));
#10747=CARTESIAN_POINT('Origin',(1.22464679914735E-15,-10.,0.));
#10748=CARTESIAN_POINT('Origin',(1.22464679914736E-17,-0.100000000000001,
0.));
#10749=CARTESIAN_POINT('',(20.,-0.199999999999999,-2.44929359829471E-15));
#10750=CARTESIAN_POINT('',(-20.,-0.200000000000003,-2.44929359829471E-15));
#10751=CARTESIAN_POINT('Origin',(2.44929359829472E-17,-0.200000000000001,
0.));
#10752=CARTESIAN_POINT('Origin',(2.44929359829472E-17,-0.200000000000001,
0.));
#10753=CARTESIAN_POINT('',(19.8,1.34927210720614E-15,2.42480066231176E-15));
#10754=CARTESIAN_POINT('',(19.9,-0.0999999999999989,2.43704713030323E-15));
#10755=CARTESIAN_POINT('Origin',(1.00148357108136E-31,-1.07552855510562E-15,
0.));
#10756=CARTESIAN_POINT('Origin',(1.53080849893419E-16,-1.25,0.));
#10757=CARTESIAN_POINT('',(-20.,-2.15378210948719,-2.44929359829471E-15));
#10758=CARTESIAN_POINT('',(-2.18553136165027E-15,-2.15378210948718,20.));
#10759=CARTESIAN_POINT('Origin',(2.63762236644431E-16,-2.15378210948718,
0.));
#10760=CARTESIAN_POINT('',(-20.,-1.25,-2.44929359829471E-15));
#10761=CARTESIAN_POINT('Origin',(2.63762236644431E-16,-2.15378210948718,
0.));
#10762=CARTESIAN_POINT('Origin',(20.,1.38777878078145E-15,0.));
#10763=CARTESIAN_POINT('',(-9.5,-2.08166817117217E-15,-1.16341445918999E-15));
#10764=CARTESIAN_POINT('Origin',(1.23259516440783E-31,-1.11022302462516E-15,
0.));
#10765=CARTESIAN_POINT('Origin',(2.63762236644431E-16,-2.15378210948718,
0.));
#10766=CARTESIAN_POINT('',(-2.08852567860139E-15,-2.6218125796098,19.6759189558768));
#10767=CARTESIAN_POINT('',(-19.6759189558769,-2.6218125796098,-2.40960511695973E-15));
#10768=CARTESIAN_POINT('Origin',(0.,-2.6218125796098,-2.40960511695973E-15));
#10769=CARTESIAN_POINT('Origin',(0.,-2.6218125796098,-2.40960511695973E-15));
#10770=CARTESIAN_POINT('Origin',(-2.12429902169291E-15,-2.15378210948718,
19.5));
#10771=CARTESIAN_POINT('Origin',(4.13318294712232E-16,-3.375,0.));
#10772=CARTESIAN_POINT('',(-15.6682250641231,-4.1281874203902,-1.91880416730987E-15));
#10773=CARTESIAN_POINT('',(-1.41324701624375E-15,-4.1281874203902,15.6682250641231));
#10774=CARTESIAN_POINT('Origin',(0.,-4.1281874203902,-1.91880416730988E-15));
#10775=CARTESIAN_POINT('',(-17.67207201,-3.375,-2.1642046421348E-15));
#10776=CARTESIAN_POINT('Origin',(0.,-4.1281874203902,-1.91880416730988E-15));
#10777=CARTESIAN_POINT('Origin',(9.60884562502923E-16,-7.84621789051282,
0.));
#10778=CARTESIAN_POINT('',(-1.50603775617072E-15,-7.3781874203902,19.6759189558768));
#10779=CARTESIAN_POINT('Origin',(-1.42717669583442E-15,-7.84621789051282,
19.5));
#10780=CARTESIAN_POINT('',(-19.6759189558769,-7.3781874203902,-2.40960511695973E-15));
#10781=CARTESIAN_POINT('Origin',(0.,-7.3781874203902,-2.40960511695973E-15));
#10782=CARTESIAN_POINT('Origin',(0.,-7.3781874203902,-2.40960511695973E-15));
#10783=CARTESIAN_POINT('Origin',(8.11328504435122E-16,-6.625,0.));
#10784=CARTESIAN_POINT('',(-15.6682250641231,-5.8718125796098,-1.91880416730987E-15));
#10785=CARTESIAN_POINT('',(-17.67207201,-6.625,-2.1642046421348E-15));
#10786=CARTESIAN_POINT('',(-1.19971451922864E-15,-5.8718125796098,15.6682250641231));
#10787=CARTESIAN_POINT('Origin',(0.,-5.8718125796098,-1.91880416730988E-15));
#10788=CARTESIAN_POINT('Origin',(0.,-5.8718125796098,-1.91880416730988E-15));
#10789=CARTESIAN_POINT('Origin',(5.62874352780033E-16,-4.59621789051282,
0.));
#10790=CARTESIAN_POINT('',(-1.31624133319487E-15,-4.59621789051282,15.34414402));
#10791=CARTESIAN_POINT('Origin',(-1.37747367315223E-15,-4.59621789051282,
15.84414402));
#10792=CARTESIAN_POINT('',(-15.34414402,-4.59621789051282,-1.8791156859749E-15));
#10793=CARTESIAN_POINT('Origin',(5.62874352780033E-16,-4.59621789051282,
0.));
#10794=CARTESIAN_POINT('Origin',(5.62874352780033E-16,-4.59621789051282,
0.));
#10795=CARTESIAN_POINT('Origin',(6.12323399573677E-16,-5.,0.));
#10796=CARTESIAN_POINT('',(-15.34414402,-5.40378210948719,-1.8791156859749E-15));
#10797=CARTESIAN_POINT('',(-1.21734323960758E-15,-5.40378210948718,15.34414402));
#10798=CARTESIAN_POINT('Origin',(6.61772446367321E-16,-5.40378210948718,
0.));
#10799=CARTESIAN_POINT('',(-15.34414402,-5.,-1.8791156859749E-15));
#10800=CARTESIAN_POINT('Origin',(6.61772446367321E-16,-5.40378210948718,
0.));
#10801=CARTESIAN_POINT('Origin',(6.61772446367321E-16,-5.40378210948718,
0.));
#10802=CARTESIAN_POINT('Origin',(-1.27857557956495E-15,-5.40378210948718,
15.84414402));
#10803=CARTESIAN_POINT('Origin',(1.04094977927525E-15,-8.5,0.));
#10804=CARTESIAN_POINT('',(-8.25,-7.,-1.01033360929657E-15));
#10805=CARTESIAN_POINT('',(-8.25,-8.5,-1.01033360929657E-15));
#10806=CARTESIAN_POINT('Origin',(8.57252759403148E-16,-7.,0.));
#10807=CARTESIAN_POINT('Origin',(9.5,-7.,0.));
#10808=CARTESIAN_POINT('',(-9.5,-7.,-1.16341445918999E-15));
#10809=CARTESIAN_POINT('Origin',(8.57252759403148E-16,-7.,0.));
#10810=CARTESIAN_POINT('Origin',(5.50478736216736E-16,-4.495,0.));
#10811=CARTESIAN_POINT('',(-9.5,-1.99,-1.16341445918999E-15));
#10812=CARTESIAN_POINT('',(-9.5,-4.495,-1.16341445918999E-15));
#10813=CARTESIAN_POINT('Origin',(2.43704713030324E-16,-1.99,0.));
#10814=CARTESIAN_POINT('Origin',(9.79999999999999,-1.99,0.));
#10815=CARTESIAN_POINT('',(-9.8,-1.99,-1.20015386316441E-15));
#10816=CARTESIAN_POINT('Origin',(2.43704713030324E-16,-1.99,0.));
#10817=CARTESIAN_POINT('Origin',(1.82472373072956E-16,-1.49,0.));
#10818=CARTESIAN_POINT('',(-9.8,-0.990000000000002,-1.20015386316441E-15));
#10819=CARTESIAN_POINT('',(-9.8,-1.49,-1.20015386316441E-15));
#10820=CARTESIAN_POINT('Origin',(1.21240033115588E-16,-0.990000000000001,
0.));
#10821=CARTESIAN_POINT('Origin',(9.49999999999999,-0.99,0.));
#10822=CARTESIAN_POINT('',(-9.5,-0.990000000000002,-1.16341445918999E-15));
#10823=CARTESIAN_POINT('Origin',(1.21240033115588E-16,-0.990000000000001,
0.));
#10824=CARTESIAN_POINT('Origin',(6.06200165577942E-17,-0.495000000000001,
0.));
#10825=CARTESIAN_POINT('',(-9.5,-0.495000000000002,-1.16341445918999E-15));
#10826=CARTESIAN_POINT('',(0.,0.,0.));
#10827=CARTESIAN_POINT('Origin',(0.,0.,-0.1));
#10828=CARTESIAN_POINT('',(-0.407769803749264,-0.694081253997172,0.1));
#10829=CARTESIAN_POINT('',(0.407769803749264,-0.694081253997172,0.1));
#10830=CARTESIAN_POINT('Origin',(0.,0.,0.1));
#10831=CARTESIAN_POINT('',(-0.407769803749264,-0.694081253997172,0.));
#10832=CARTESIAN_POINT('',(-0.407769803749264,-0.694081253997172,0.05));
#10833=CARTESIAN_POINT('',(0.407769803749264,-0.694081253997172,2.77555756156289E-17));
#10834=CARTESIAN_POINT('Origin',(0.,0.,0.));
#10835=CARTESIAN_POINT('',(0.407769803749264,-0.694081253997172,0.05));
#10836=CARTESIAN_POINT('Origin',(0.,0.,0.05));
#10837=CARTESIAN_POINT('',(-0.041,-0.999159146482681,0.));
#10838=CARTESIAN_POINT('',(0.041,-0.999159146482681,0.));
#10839=CARTESIAN_POINT('Origin',(0.,0.,0.));
#10840=CARTESIAN_POINT('',(-0.041,-0.999159146482681,0.1));
#10841=CARTESIAN_POINT('',(-0.041,-0.999159146482681,0.05));
#10842=CARTESIAN_POINT('',(0.041,-0.999159146482681,0.1));
#10843=CARTESIAN_POINT('Origin',(0.,0.,0.1));
#10844=CARTESIAN_POINT('',(0.041,-0.999159146482681,0.05));
#10845=CARTESIAN_POINT('Origin',(-0.246,-0.795,0.05));
#10846=CARTESIAN_POINT('',(-0.346,-0.795,0.));
#10847=CARTESIAN_POINT('Origin',(-0.246,-0.795,0.));
#10848=CARTESIAN_POINT('',(-0.346,-0.795,0.1));
#10849=CARTESIAN_POINT('',(-0.346,-0.795,0.05));
#10850=CARTESIAN_POINT('Origin',(-0.246,-0.795,0.1));
#10851=CARTESIAN_POINT('Origin',(0.246,-0.795,0.05));
#10852=CARTESIAN_POINT('',(0.146,-0.795,0.));
#10853=CARTESIAN_POINT('Origin',(0.246,-0.795,0.));
#10854=CARTESIAN_POINT('',(0.146,-0.795,0.1));
#10855=CARTESIAN_POINT('',(0.146,-0.795,0.05));
#10856=CARTESIAN_POINT('Origin',(0.246,-0.795,0.1));
#10857=CARTESIAN_POINT('Origin',(0.246,-0.82,0.05));
#10858=CARTESIAN_POINT('',(0.0416314045747459,-0.803922773749527,2.77555756156289E-17));
#10859=CARTESIAN_POINT('Origin',(0.246,-0.82,2.22044604925031E-17));
#10860=CARTESIAN_POINT('',(0.0416314045747461,-0.803922773749527,0.1));
#10861=CARTESIAN_POINT('',(0.0416314045747461,-0.803922773749527,0.05));
#10862=CARTESIAN_POINT('Origin',(0.246,-0.82,0.1));
#10863=CARTESIAN_POINT('Origin',(0.041,-0.964477611316849,-0.1));
#10864=CARTESIAN_POINT('',(0.0409999999999998,-0.803955222633699,0.1));
#10865=CARTESIAN_POINT('',(0.0409999999999999,-0.482238805658425,0.1));
#10866=CARTESIAN_POINT('',(0.0409999999999998,-0.803955222633699,0.));
#10867=CARTESIAN_POINT('',(0.0409999999999998,-0.803955222633699,-0.1));
#10868=CARTESIAN_POINT('',(0.0409999999999999,-0.482238805658425,0.));
#10869=CARTESIAN_POINT('Origin',(0.,0.,-0.1));
#10870=CARTESIAN_POINT('Origin',(0.,0.,0.));
#10871=CARTESIAN_POINT('Origin',(0.,0.,0.1));
#10872=CARTESIAN_POINT('Origin',(0.,0.,0.));
#10873=CARTESIAN_POINT('',(-0.0416314045747461,-0.803922773749527,0.));
#10874=CARTESIAN_POINT('Origin',(-0.246,-0.82,0.));
#10875=CARTESIAN_POINT('',(-0.0409999999999999,-0.803955222633699,0.));
#10876=CARTESIAN_POINT('Origin',(0.,0.,0.));
#10877=CARTESIAN_POINT('',(-0.0410000000000001,-0.482238805658425,0.));
#10878=CARTESIAN_POINT('Origin',(-0.246,-0.82,0.05));
#10879=CARTESIAN_POINT('',(-0.0416314045747461,-0.803922773749527,0.1));
#10880=CARTESIAN_POINT('Origin',(-0.246,-0.82,0.1));
#10881=CARTESIAN_POINT('',(-0.0416314045747461,-0.803922773749527,0.05));
#10882=CARTESIAN_POINT('Origin',(0.,0.,-0.1));
#10883=CARTESIAN_POINT('',(-0.0409999999999999,-0.803955222633699,0.1));
#10884=CARTESIAN_POINT('Origin',(0.,0.,0.1));
#10885=CARTESIAN_POINT('',(-0.0409999999999999,-0.803955222633699,-0.1));
#10886=CARTESIAN_POINT('Origin',(-0.041,-0.964477611316849,-0.1));
#10887=CARTESIAN_POINT('',(-0.0410000000000001,-0.482238805658425,0.1));
#10888=CARTESIAN_POINT('Origin',(0.,0.,0.1));
#10889=CARTESIAN_POINT('',(0.,0.,0.));
#10890=CARTESIAN_POINT('Origin',(0.,0.,0.05));
#10891=CARTESIAN_POINT('',(-0.9,1.10218211923262E-16,0.05));
#10892=CARTESIAN_POINT('Origin',(0.,0.,0.05));
#10893=CARTESIAN_POINT('',(-0.55,-6.73555739531044E-17,0.05));
#10894=CARTESIAN_POINT('Origin',(0.,0.,0.05));
#10895=CARTESIAN_POINT('Origin',(0.,0.,0.45));
#10896=CARTESIAN_POINT('',(-0.9,-1.10218211923262E-16,0.45));
#10897=CARTESIAN_POINT('Origin',(0.,0.,0.45));
#10898=CARTESIAN_POINT('',(-0.55,6.73555739531044E-17,0.45));
#10899=CARTESIAN_POINT('Origin',(0.,0.,0.45));
#10900=CARTESIAN_POINT('Origin',(0.,0.,0.));
#10901=CARTESIAN_POINT('',(-0.55,-6.73555739531044E-17,0.));
#10902=CARTESIAN_POINT('Origin',(0.,0.,0.));
#10903=CARTESIAN_POINT('',(-0.9,-1.10218211923262E-16,0.));
#10904=CARTESIAN_POINT('Origin',(0.,0.,0.));
#10905=CARTESIAN_POINT('',(-0.95,-1.16341445918999E-16,0.));
#10906=CARTESIAN_POINT('Origin',(0.,0.,0.));
#10907=CARTESIAN_POINT('',(-0.9125,-1.11749020422196E-16,0.));
#10908=CARTESIAN_POINT('Origin',(0.,0.,0.));
#10909=CARTESIAN_POINT('Origin',(0.,0.,0.5));
#10910=CARTESIAN_POINT('',(-0.95,-1.16341445918999E-16,0.5));
#10911=CARTESIAN_POINT('Origin',(0.,0.,0.5));
#10912=CARTESIAN_POINT('',(-0.9125,-1.11749020422196E-16,0.5));
#10913=CARTESIAN_POINT('Origin',(0.,0.,0.5));
#10914=CARTESIAN_POINT('Origin',(0.,0.,0.));
#10915=CARTESIAN_POINT('',(-0.95,-1.16341445918999E-16,0.));
#10916=CARTESIAN_POINT('Origin',(0.,0.,0.5));
#10917=CARTESIAN_POINT('',(-0.9125,-1.11749020422196E-16,0.495));
#10918=CARTESIAN_POINT('',(-0.9125,1.11749020422196E-16,0.5));
#10919=CARTESIAN_POINT('Origin',(0.,0.,0.495));
#10920=CARTESIAN_POINT('Origin',(0.,0.,0.));
#10921=CARTESIAN_POINT('',(-0.5375,-6.58247654541702E-17,0.));
#10922=CARTESIAN_POINT('Origin',(0.,0.,0.));
#10923=CARTESIAN_POINT('',(-0.5,-6.12323399573677E-17,0.));
#10924=CARTESIAN_POINT('Origin',(0.,0.,0.));
#10925=CARTESIAN_POINT('Origin',(0.,0.,0.5));
#10926=CARTESIAN_POINT('',(-0.5375,-6.58247654541702E-17,0.5));
#10927=CARTESIAN_POINT('Origin',(0.,0.,0.5));
#10928=CARTESIAN_POINT('',(-0.5,-6.12323399573677E-17,0.5));
#10929=CARTESIAN_POINT('Origin',(0.,0.,0.5));
#10930=CARTESIAN_POINT('Origin',(0.,0.,0.));
#10931=CARTESIAN_POINT('',(-0.5,-6.12323399573677E-17,0.));
#10932=CARTESIAN_POINT('Origin',(0.,0.,0.5));
#10933=CARTESIAN_POINT('',(-0.5375,-6.58247654541702E-17,0.495));
#10934=CARTESIAN_POINT('Origin',(0.,0.,0.495));
#10935=CARTESIAN_POINT('',(-0.5375,6.58247654541702E-17,0.5));
#10936=CARTESIAN_POINT('Origin',(0.,0.,0.495));
#10937=CARTESIAN_POINT('Origin',(0.,0.,0.));
#10938=CARTESIAN_POINT('',(-0.9125,-1.11749020422196E-16,0.005));
#10939=CARTESIAN_POINT('Origin',(0.,0.,0.005));
#10940=CARTESIAN_POINT('',(-0.9125,1.11749020422196E-16,0.));
#10941=CARTESIAN_POINT('Origin',(0.,0.,0.));
#10942=CARTESIAN_POINT('',(-0.5375,-6.58247654541702E-17,0.005));
#10943=CARTESIAN_POINT('',(-0.5375,6.58247654541702E-17,0.));
#10944=CARTESIAN_POINT('Origin',(0.,0.,0.005));
#10945=CARTESIAN_POINT('Origin',(0.,0.,0.005));
#10946=CARTESIAN_POINT('',(0.,0.,0.));
#10947=CARTESIAN_POINT('Origin',(0.,0.1,0.));
#10948=CARTESIAN_POINT('',(-3.,0.2,3.67394039744206E-16));
#10949=CARTESIAN_POINT('Origin',(0.,0.2,0.));
#10950=CARTESIAN_POINT('',(-3.2,0.,-3.91886975727153E-16));
#10951=CARTESIAN_POINT('',(-3.1,0.1,3.7964050773568E-16));
#10952=CARTESIAN_POINT('Origin',(0.,0.,0.));
#10953=CARTESIAN_POINT('Origin',(0.,0.,0.));
#10954=CARTESIAN_POINT('',(-5.8,0.,7.10295143505465E-16));
#10955=CARTESIAN_POINT('Origin',(0.,0.,0.));
#10956=CARTESIAN_POINT('Origin',(0.,0.,0.));
#10957=CARTESIAN_POINT('',(-3.,1.8,-3.67394039744206E-16));
#10958=CARTESIAN_POINT('Origin',(0.,1.8,0.));
#10959=CARTESIAN_POINT('',(-3.,0.,3.67394039744206E-16));
#10960=CARTESIAN_POINT('Origin',(0.,0.1,0.));
#10961=CARTESIAN_POINT('',(-6.,0.2,-7.34788079488412E-16));
#10962=CARTESIAN_POINT('',(6.,0.2,-7.34788079488412E-16));
#10963=CARTESIAN_POINT('Origin',(0.,0.2,0.));
#10964=CARTESIAN_POINT('Origin',(0.,0.2,0.));
#10965=CARTESIAN_POINT('',(-5.9,0.1,7.22541611496939E-16));
#10966=CARTESIAN_POINT('Origin',(0.,0.,0.));
#10967=CARTESIAN_POINT('',(-6.,1.8,7.34788079488412E-16));
#10968=CARTESIAN_POINT('',(6.,1.8,-7.34788079488412E-16));
#10969=CARTESIAN_POINT('Origin',(0.,1.8,0.));
#10970=CARTESIAN_POINT('Origin',(0.,1.8,0.));
#10971=CARTESIAN_POINT('',(6.,0.,-7.34788079488412E-16));
#10972=CARTESIAN_POINT('Origin',(0.,1.9,0.));
#10973=CARTESIAN_POINT('',(-3.2,2.,3.91886975727153E-16));
#10974=CARTESIAN_POINT('Origin',(0.,2.,0.));
#10975=CARTESIAN_POINT('',(-3.1,1.9,3.7964050773568E-16));
#10976=CARTESIAN_POINT('Origin',(0.,2.,0.));
#10977=CARTESIAN_POINT('',(-5.8,2.,-7.10295143505465E-16));
#10978=CARTESIAN_POINT('Origin',(0.,2.,0.));
#10979=CARTESIAN_POINT('Origin',(0.,1.9,0.));
#10980=CARTESIAN_POINT('',(-5.9,1.9,7.22541611496939E-16));
#10981=CARTESIAN_POINT('',(0.,0.,0.));
#10982=CARTESIAN_POINT('Origin',(0.100000000000002,-1.07516440195354E-16,
0.));
#10983=CARTESIAN_POINT('',(2.25514051876985E-15,-4.88060447428473E-16,3.1));
#10984=CARTESIAN_POINT('Origin',(2.25514051876985E-15,-1.08419939692794E-16,
0.));
#10985=CARTESIAN_POINT('',(0.100000000000002,-4.7491047993956E-16,3.));
#10986=CARTESIAN_POINT('Origin',(0.100000000000002,-4.87156947931033E-16,
3.1));
#10987=CARTESIAN_POINT('',(0.100000000000002,-3.,-3.67394039744206E-16));
#10988=CARTESIAN_POINT('Origin',(0.100000000000002,-1.07516440195354E-16,
0.));
#10989=CARTESIAN_POINT('Origin',(0.100000000000002,-1.07516440195354E-16,
0.));
#10990=CARTESIAN_POINT('Origin',(7.25,-4.29162261283976E-17,0.));
#10991=CARTESIAN_POINT('',(11.38655,3.,3.67394039744206E-16));
#10992=CARTESIAN_POINT('',(11.38655,-3.,-3.67394039744206E-16));
#10993=CARTESIAN_POINT('Origin',(11.38655,-5.54251766704536E-18,0.));
#10994=CARTESIAN_POINT('Origin',(11.38655,-5.54251766704536E-18,0.));
#10995=CARTESIAN_POINT('',(7.25,-3.,-3.67394039744206E-16));
#10996=CARTESIAN_POINT('Origin',(2.22044604925031E-15,4.,0.));
#10997=CARTESIAN_POINT('',(2.22044604925031E-15,-5.,-6.12323399573677E-16));
#10998=CARTESIAN_POINT('Origin',(2.22044604925031E-15,-1.08419939692794E-16,
0.));
#10999=CARTESIAN_POINT('Origin',(11.693275,-2.77125883352267E-18,0.));
#11000=CARTESIAN_POINT('',(12.,2.38655,-2.92268081850511E-16));
#11001=CARTESIAN_POINT('Origin',(12.,1.05926146941298E-32,0.));
#11002=CARTESIAN_POINT('',(11.693275,2.693275,3.29831060797359E-16));
#11003=CARTESIAN_POINT('Origin',(12.,1.5,0.));
#11004=CARTESIAN_POINT('Origin',(-5.4,-1.57208912554551E-16,0.));
#11005=CARTESIAN_POINT('',(-5.4,-7.69532312128228E-16,5.));
#11006=CARTESIAN_POINT('',(-5.4,-5.,-6.12323399573677E-16));
#11007=CARTESIAN_POINT('Origin',(-5.4,-1.57208912554551E-16,0.));
#11008=CARTESIAN_POINT('Origin',(-5.4,-1.57208912554551E-16,0.));
#11009=CARTESIAN_POINT('',(-6.,-7.01474501164027E-16,4.4));
#11010=CARTESIAN_POINT('Origin',(-5.4,-6.96053504179387E-16,4.4));
#11011=CARTESIAN_POINT('Origin',(-6.,-1.62629909539191E-16,0.));
#11012=CARTESIAN_POINT('Origin',(-6.,3.94337567297406,0.));
#11013=CARTESIAN_POINT('',(-6.,2.5,-1.44337567297406));
#11014=CARTESIAN_POINT('',(-6.,2.5,1.44337567297406));
#11015=CARTESIAN_POINT('',(-6.,2.5,0.721687836487031));
#11016=CARTESIAN_POINT('',(-6.,1.90895170035778E-16,2.88675134594813));
#11017=CARTESIAN_POINT('',(-6.,0.625,2.52590742770461));
#11018=CARTESIAN_POINT('',(-6.,-2.5,1.44337567297406));
#11019=CARTESIAN_POINT('',(-6.,-1.875,1.80421959121758));
#11020=CARTESIAN_POINT('',(-6.,-2.5,-1.44337567297406));
#11021=CARTESIAN_POINT('',(-6.,-2.5,-0.721687836487032));
#11022=CARTESIAN_POINT('',(-6.,-5.10774768439897E-16,-2.88675134594813));
#11023=CARTESIAN_POINT('',(-6.,-0.625000000000001,-2.52590742770461));
#11024=CARTESIAN_POINT('',(-6.,1.875,-1.80421959121758));
#11025=CARTESIAN_POINT('Origin',(-3.,-1.35524924615992E-16,0.));
#11026=CARTESIAN_POINT('',(-3.,-5.,-6.12323399573677E-16));
#11027=CARTESIAN_POINT('Origin',(-6.,-5.10774768439897E-16,-2.88675134594813));
#11028=CARTESIAN_POINT('',(-2.99999999999999,-5.2800652738938E-16,-2.88675134594813));
#11029=CARTESIAN_POINT('',(-2.99999999999999,-2.5,-1.44337567297406));
#11030=CARTESIAN_POINT('Ctrl Pts',(-3.,6.36547111317517E-15,-2.88675134594813));
#11031=CARTESIAN_POINT('Ctrl Pts',(-2.58333333333333,-1.25,-2.1650635094611));
#11032=CARTESIAN_POINT('Ctrl Pts',(-3.,-2.50000000000001,-1.44337567297406));
#11033=CARTESIAN_POINT('',(-4.5,-5.55111512312578E-16,-2.88675134594813));
#11034=CARTESIAN_POINT('',(-4.5,-2.5,-1.44337567297406));
#11035=CARTESIAN_POINT('Origin',(-6.,2.5,-1.44337567297406));
#11036=CARTESIAN_POINT('',(-2.99999999999999,2.5,-1.44337567297406));
#11037=CARTESIAN_POINT('Ctrl Pts',(-3.,2.50000000000001,-1.44337567297406));
#11038=CARTESIAN_POINT('Ctrl Pts',(-2.58333333333333,1.25,-2.1650635094611));
#11039=CARTESIAN_POINT('Ctrl Pts',(-3.,-6.54087154809229E-15,-2.88675134594813));
#11040=CARTESIAN_POINT('',(-4.5,2.5,-1.44337567297406));
#11041=CARTESIAN_POINT('Origin',(-6.,2.5,1.44337567297406));
#11042=CARTESIAN_POINT('',(-2.99999999999999,2.5,1.44337567297406));
#11043=CARTESIAN_POINT('Ctrl Pts',(-3.,2.5,1.44337567297407));
#11044=CARTESIAN_POINT('Ctrl Pts',(-2.58333333333333,2.5,-1.52655665885959E-15));
#11045=CARTESIAN_POINT('Ctrl Pts',(-3.,2.5,-1.44337567297407));
#11046=CARTESIAN_POINT('',(-4.5,2.5,1.44337567297406));
#11047=CARTESIAN_POINT('Origin',(-6.,-5.42099698463969E-17,2.88675134594813));
#11048=CARTESIAN_POINT('',(-2.99999999999999,-5.2800652738938E-16,2.88675134594813));
#11049=CARTESIAN_POINT('Ctrl Pts',(-3.,-6.67964942617043E-15,2.88675134594813));
#11050=CARTESIAN_POINT('Ctrl Pts',(-2.58333333333333,1.25,2.1650635094611));
#11051=CARTESIAN_POINT('Ctrl Pts',(-3.,2.50000000000001,1.44337567297406));
#11052=CARTESIAN_POINT('',(-4.5,-5.55111512312578E-16,2.88675134594813));
#11053=CARTESIAN_POINT('Origin',(-6.,-2.5,-1.44337567297406));
#11054=CARTESIAN_POINT('',(-2.77670900630739,-2.5,-2.81894924616334E-16));
#11055=CARTESIAN_POINT('Ctrl Pts',(-3.,-2.5,-1.44337567297407));
#11056=CARTESIAN_POINT('Ctrl Pts',(-2.77670900630739,-2.5,-0.669872981077812));
#11057=CARTESIAN_POINT('Ctrl Pts',(-2.77670900630739,-2.5,-2.5762814944583E-16));
#11058=CARTESIAN_POINT('',(-2.99999999999999,-2.5,1.44337567297406));
#11059=CARTESIAN_POINT('',(-4.5,-2.5,1.44337567297406));
#11060=CARTESIAN_POINT('Ctrl Pts',(-2.77670900630739,-2.5,-2.5762814944583E-16));
#11061=CARTESIAN_POINT('Ctrl Pts',(-2.77670900630739,-2.5,0.669872981077812));
#11062=CARTESIAN_POINT('Ctrl Pts',(-3.,-2.5,1.44337567297407));
#11063=CARTESIAN_POINT('Origin',(-6.,-2.5,1.44337567297406));
#11064=CARTESIAN_POINT('Ctrl Pts',(-3.,-2.50000000000001,1.44337567297406));
#11065=CARTESIAN_POINT('Ctrl Pts',(-2.58333333333333,-1.25,2.1650635094611));
#11066=CARTESIAN_POINT('Ctrl Pts',(-3.,6.22669323509703E-15,2.88675134594813));
#11067=CARTESIAN_POINT('Origin',(-2.16666666666666,-1.27995762137326E-16,
0.));
#11068=CARTESIAN_POINT('',(-1.33333333333333,-1.2046659965866E-16,0.));
#11069=CARTESIAN_POINT('',(-2.16666666666666,-1.44337567297406,-1.76762539787484E-16));
#11070=CARTESIAN_POINT('',(0.,0.,0.));
#11071=CARTESIAN_POINT('Origin',(0.,-0.999999999999999,-43.6306209344528));
#11072=CARTESIAN_POINT('',(1.2295,-1.,-44.));
#11073=CARTESIAN_POINT('Origin',(0.,-0.999999999999999,-44.));
#11074=CARTESIAN_POINT('',(0.,-0.999999999999999,-43.2612418689056));
#11075=CARTESIAN_POINT('',(0.61475,-0.999999999999999,-43.6306209344528));
#11076=CARTESIAN_POINT('Origin',(0.,-0.999999999999999,-47.));
#11077=CARTESIAN_POINT('',(1.2295,-0.999999999999999,-50.));
#11078=CARTESIAN_POINT('Origin',(0.,-0.999999999999999,-50.));
#11079=CARTESIAN_POINT('',(1.2295,-0.999999999999999,-47.));
#11080=CARTESIAN_POINT('Origin',(-3.6306209344528,-0.999999999999993,40.));
#11081=CARTESIAN_POINT('',(-4.,-0.999999999999993,41.2295));
#11082=CARTESIAN_POINT('Origin',(-4.,-0.999999999999992,40.));
#11083=CARTESIAN_POINT('',(-3.26124186890561,-0.999999999999993,40.));
#11084=CARTESIAN_POINT('',(-3.6306209344528,-0.999999999999993,40.61475));
#11085=CARTESIAN_POINT('Origin',(-7.,-0.999999999999991,40.));
#11086=CARTESIAN_POINT('',(-10.,-0.99999999999999,41.2295));
#11087=CARTESIAN_POINT('Origin',(-10.,-0.99999999999999,40.));
#11088=CARTESIAN_POINT('',(-7.,-0.999999999999991,41.2295));
#11089=CARTESIAN_POINT('Origin',(-3.6306209344528,-0.999999999999993,30.));
#11090=CARTESIAN_POINT('',(-4.,-0.999999999999993,31.2295));
#11091=CARTESIAN_POINT('Origin',(-4.,-0.999999999999992,30.));
#11092=CARTESIAN_POINT('',(-3.26124186890561,-0.999999999999993,30.));
#11093=CARTESIAN_POINT('',(-3.6306209344528,-0.999999999999993,30.61475));
#11094=CARTESIAN_POINT('Origin',(-7.,-0.999999999999991,30.));
#11095=CARTESIAN_POINT('',(-10.,-0.99999999999999,31.2295));
#11096=CARTESIAN_POINT('Origin',(-10.,-0.99999999999999,30.));
#11097=CARTESIAN_POINT('',(-7.,-0.999999999999991,31.2295));
#11098=CARTESIAN_POINT('Origin',(6.8063565166785E-16,-1.13062093445281,
-10.));
#11099=CARTESIAN_POINT('',(-1.2295,-1.5,-10.));
#11100=CARTESIAN_POINT('Origin',(7.21644966006352E-16,-1.5,-10.));
#11101=CARTESIAN_POINT('',(6.39626337329348E-16,-0.761241868905614,-10.));
#11102=CARTESIAN_POINT('',(-0.614749999999999,-1.13062093445281,-10.));
#11103=CARTESIAN_POINT('Origin',(9.15933995315754E-16,-3.25,-10.));
#11104=CARTESIAN_POINT('',(-1.2295,-5.,-10.));
#11105=CARTESIAN_POINT('Origin',(1.11022302462516E-15,-5.,-10.));
#11106=CARTESIAN_POINT('',(-1.2295,-3.25,-10.));
#11107=CARTESIAN_POINT('Origin',(-5.2,5.,49.8));
#11108=CARTESIAN_POINT('',(-5.2,5.,49.8));
#11109=CARTESIAN_POINT('',(-4.996,4.8000400040008,49.8));
#11110=CARTESIAN_POINT('',(-5.2,5.,49.8));
#11111=CARTESIAN_POINT('',(-5.19615242270663,4.8,50.));
#11112=CARTESIAN_POINT('',(-5.19615242270663,4.8,50.));
#11113=CARTESIAN_POINT('Ctrl Pts',(-5.19615242270663,4.8,50.));
#11114=CARTESIAN_POINT('Ctrl Pts',(-5.0940358191043,4.80002346070151,49.8979580520486));
#11115=CARTESIAN_POINT('Ctrl Pts',(-4.996,4.8000400040008,49.8));
#11116=CARTESIAN_POINT('Origin',(-9.8,-5.,49.8));
#11117=CARTESIAN_POINT('',(-10.,-4.8,49.8));
#11118=CARTESIAN_POINT('',(-9.8,-4.8,50.));
#11119=CARTESIAN_POINT('',(-10.,-4.8,49.8));
#11120=CARTESIAN_POINT('',(-9.8,-5.,49.8));
#11121=CARTESIAN_POINT('',(-9.8,-5.,49.8));
#11122=CARTESIAN_POINT('',(-9.8,-4.8,50.));
#11123=CARTESIAN_POINT('Origin',(4.996,4.8000400040008,49.8));
#11124=CARTESIAN_POINT('',(4.996,4.8000400040008,49.8));
#11125=CARTESIAN_POINT('',(5.2,5.,49.8));
#11126=CARTESIAN_POINT('',(4.996,4.8000400040008,49.8));
#11127=CARTESIAN_POINT('',(5.19615242270663,4.8,50.));
#11128=CARTESIAN_POINT('Ctrl Pts',(4.99600000000001,4.8000400040008,49.8));
#11129=CARTESIAN_POINT('Ctrl Pts',(5.09403581910431,4.80002346070151,49.8979580520486));
#11130=CARTESIAN_POINT('Ctrl Pts',(5.19615242270663,4.8,50.));
#11131=CARTESIAN_POINT('',(5.2,5.,49.8));
#11132=CARTESIAN_POINT('Origin',(0.,5.,49.9));
#11133=CARTESIAN_POINT('Origin',(0.,5.,49.8));
#11134=CARTESIAN_POINT('Origin',(0.,5.,50.));
#11135=CARTESIAN_POINT('Origin',(10.,-4.8,49.8));
#11136=CARTESIAN_POINT('',(9.8,-5.,49.8));
#11137=CARTESIAN_POINT('',(9.8,-4.8,50.));
#11138=CARTESIAN_POINT('',(9.8,-5.,49.8));
#11139=CARTESIAN_POINT('',(10.,-4.8,49.8));
#11140=CARTESIAN_POINT('',(10.,-4.8,49.8));
#11141=CARTESIAN_POINT('',(9.8,-4.8,50.));
#11142=CARTESIAN_POINT('Origin',(-9.9,-4.9,0.));
#11143=CARTESIAN_POINT('',(-10.,-4.8,-42.));
#11144=CARTESIAN_POINT('',(-9.8,-5.,-42.));
#11145=CARTESIAN_POINT('',(-10.,-4.8,-42.));
#11146=CARTESIAN_POINT('',(-9.8,-5.,0.));
#11147=CARTESIAN_POINT('',(-10.,-4.8,0.));
#11148=CARTESIAN_POINT('Origin',(-2.,-4.9,-42.));
#11149=CARTESIAN_POINT('',(-2.,-4.8,-50.));
#11150=CARTESIAN_POINT('Origin',(-2.,-4.8,-42.));
#11151=CARTESIAN_POINT('',(-2.,-5.,-49.8));
#11152=CARTESIAN_POINT('',(-2.,-4.8,-50.));
#11153=CARTESIAN_POINT('Origin',(-2.,-5.,-42.));
#11154=CARTESIAN_POINT('Origin',(-5.,-4.9,-49.9));
#11155=CARTESIAN_POINT('',(2.,-4.8,-50.));
#11156=CARTESIAN_POINT('',(-5.,-4.8,-50.));
#11157=CARTESIAN_POINT('',(2.,-5.,-49.8));
#11158=CARTESIAN_POINT('',(2.,-4.8,-50.));
#11159=CARTESIAN_POINT('',(-5.,-5.,-49.8));
#11160=CARTESIAN_POINT('Origin',(2.,-4.90000000000001,-42.));
#11161=CARTESIAN_POINT('',(10.,-4.80000000000001,-42.));
#11162=CARTESIAN_POINT('Origin',(2.,-4.80000000000002,-42.));
#11163=CARTESIAN_POINT('',(9.8,-5.,-42.));
#11164=CARTESIAN_POINT('',(10.,-4.80000000000001,-42.));
#11165=CARTESIAN_POINT('Origin',(2.,-5.,-42.));
#11166=CARTESIAN_POINT('Origin',(9.9,-4.9,0.));
#11167=CARTESIAN_POINT('',(10.,-4.8,0.));
#11168=CARTESIAN_POINT('',(9.8,-5.,0.));
#11169=CARTESIAN_POINT('Origin',(-10.,4.8,49.8));
#11170=CARTESIAN_POINT('',(-9.8,5.,49.8));
#11171=CARTESIAN_POINT('',(-9.8,4.8,50.));
#11172=CARTESIAN_POINT('',(-9.8,5.,49.8));
#11173=CARTESIAN_POINT('',(-10.,4.8,49.8));
#11174=CARTESIAN_POINT('',(-10.,4.8,49.8));
#11175=CARTESIAN_POINT('',(-9.8,4.8,50.));
#11176=CARTESIAN_POINT('Origin',(9.8,5.,49.8));
#11177=CARTESIAN_POINT('',(10.,4.8,49.8));
#11178=CARTESIAN_POINT('',(9.8,4.8,50.));
#11179=CARTESIAN_POINT('',(10.,4.8,49.8));
#11180=CARTESIAN_POINT('',(9.8,5.,49.8));
#11181=CARTESIAN_POINT('',(9.8,5.,49.8));
#11182=CARTESIAN_POINT('',(9.8,4.8,50.));
#11183=CARTESIAN_POINT('Origin',(9.9,4.9,0.));
#11184=CARTESIAN_POINT('',(10.,4.8,-42.));
#11185=CARTESIAN_POINT('',(9.8,5.,-42.));
#11186=CARTESIAN_POINT('',(10.,4.8,-42.));
#11187=CARTESIAN_POINT('',(9.8,5.,0.));
#11188=CARTESIAN_POINT('',(10.,4.8,0.));
#11189=CARTESIAN_POINT('Origin',(2.,4.9,-42.));
#11190=CARTESIAN_POINT('',(2.,4.80000000000001,-50.));
#11191=CARTESIAN_POINT('Origin',(2.,4.80000000000001,-42.));
#11192=CARTESIAN_POINT('',(2.,5.,-49.8));
#11193=CARTESIAN_POINT('',(2.,4.80000000000001,-50.));
#11194=CARTESIAN_POINT('Origin',(2.,5.,-42.));
#11195=CARTESIAN_POINT('Origin',(5.,4.9,-49.9));
#11196=CARTESIAN_POINT('',(-2.,4.8,-50.));
#11197=CARTESIAN_POINT('',(5.,4.8,-50.));
#11198=CARTESIAN_POINT('',(-2.,5.,-49.8));
#11199=CARTESIAN_POINT('',(-2.,4.8,-50.));
#11200=CARTESIAN_POINT('',(5.,5.,-49.8));
#11201=CARTESIAN_POINT('Origin',(-2.,4.9,-42.));
#11202=CARTESIAN_POINT('',(-10.,4.80000000000001,-42.));
#11203=CARTESIAN_POINT('Origin',(-2.,4.80000000000001,-42.));
#11204=CARTESIAN_POINT('',(-9.8,5.,-42.));
#11205=CARTESIAN_POINT('',(-10.,4.80000000000001,-42.));
#11206=CARTESIAN_POINT('Origin',(-2.,5.,-42.));
#11207=CARTESIAN_POINT('Origin',(-9.9,4.9,0.));
#11208=CARTESIAN_POINT('',(-10.,4.8,0.));
#11209=CARTESIAN_POINT('',(-9.8,5.,0.));
#11210=CARTESIAN_POINT('Origin',(5.,4.9,49.9));
#11211=CARTESIAN_POINT('',(5.,4.8,50.));
#11212=CARTESIAN_POINT('',(5.,5.,49.8));
#11213=CARTESIAN_POINT('Origin',(9.9,-2.5,49.9));
#11214=CARTESIAN_POINT('',(9.8,-2.5,50.));
#11215=CARTESIAN_POINT('',(10.,-2.5,49.8));
#11216=CARTESIAN_POINT('Origin',(-9.9,2.5,49.9));
#11217=CARTESIAN_POINT('',(-9.8,2.5,50.));
#11218=CARTESIAN_POINT('',(-10.,2.5,49.8));
#11219=CARTESIAN_POINT('Origin',(5.,4.9,49.9));
#11220=CARTESIAN_POINT('',(5.,4.8,50.));
#11221=CARTESIAN_POINT('',(5.,5.,49.8));
#11222=CARTESIAN_POINT('Origin',(-5.,-4.9,49.9));
#11223=CARTESIAN_POINT('',(-5.,-4.8,50.));
#11224=CARTESIAN_POINT('',(-5.,-5.,49.8));
#11225=CARTESIAN_POINT('Origin',(-5.098,4.9000200020004,50.));
#11226=CARTESIAN_POINT('',(-4.996,4.8000400040008,-40.));
#11227=CARTESIAN_POINT('',(-5.2,5.,-40.));
#11228=CARTESIAN_POINT('',(-4.996,4.8000400040008,-40.));
#11229=CARTESIAN_POINT('',(-5.2,5.,50.));
#11230=CARTESIAN_POINT('',(-4.996,4.8000400040008,50.));
#11231=CARTESIAN_POINT('Origin',(5.55000478905665E-18,4.9000200020004,-40.));
#11232=CARTESIAN_POINT('',(4.996,4.8000400040008,-40.));
#11233=CARTESIAN_POINT('',(5.2,5.,-40.));
#11234=CARTESIAN_POINT('',(4.996,4.8000400040008,-40.));
#11235=CARTESIAN_POINT('Origin',(3.08148791101958E-32,5.,-40.));
#11236=CARTESIAN_POINT('',(3.3270818239967,4.8000400040008,-43.7270018159951));
#11237=CARTESIAN_POINT('Origin',(1.11000095781133E-17,4.8000400040008,-40.));
#11238=CARTESIAN_POINT('Origin',(1.11000095781133E-17,4.8000400040008,-40.));
#11239=CARTESIAN_POINT('Origin',(5.098,4.9000200020004,50.));
#11240=CARTESIAN_POINT('',(4.996,4.8000400040008,50.));
#11241=CARTESIAN_POINT('',(5.2,5.,50.));
#11242=CARTESIAN_POINT('Origin',(0.,5.,50.));
#11243=CARTESIAN_POINT('Origin',(0.,5.,-40.));
#11244=CARTESIAN_POINT('Origin',(-10.,5.,0.));
#11245=CARTESIAN_POINT('',(-10.,2.5,-42.));
#11246=CARTESIAN_POINT('Origin',(-10.,-5.,0.));
#11247=CARTESIAN_POINT('Origin',(10.,5.,0.));
#11248=CARTESIAN_POINT('Origin',(0.,0.,50.));
#11249=CARTESIAN_POINT('Origin',(-2.,2.5,-42.));
#11250=CARTESIAN_POINT('',(-2.,2.5,-50.));
#11251=CARTESIAN_POINT('Origin',(0.,0.,-50.));
#11252=CARTESIAN_POINT('',(2.,-2.5,-50.));
#11253=CARTESIAN_POINT('Origin',(2.,-2.5,-42.));
#11254=CARTESIAN_POINT('',(10.,-2.5,-42.));
#11255=CARTESIAN_POINT('Origin',(0.,5.,-40.));
#11256=CARTESIAN_POINT('',(-2.88675134594813,2.11324865405187,-42.8867513459481));
#11257=CARTESIAN_POINT('Origin',(0.,5.,-40.));
#11258=CARTESIAN_POINT('Origin',(10.,-5.,0.));
#11259=CARTESIAN_POINT('',(0.,0.,0.));
#11260=CARTESIAN_POINT('Origin',(-8.18789480661053E-16,8.9,0.));
#11261=CARTESIAN_POINT('',(-1.75,3.,-2.14313189850787E-16));
#11262=CARTESIAN_POINT('Origin',(1.23259516440783E-31,3.,0.));
#11263=CARTESIAN_POINT('',(-1.75,5.,-2.14313189850787E-16));
#11264=CARTESIAN_POINT('',(-1.75,8.9,-2.14313189850787E-16));
#11265=CARTESIAN_POINT('Origin',(-2.77555756156289E-16,5.,0.));
#11266=CARTESIAN_POINT('Origin',(-10.,-5.,0.));
#11267=CARTESIAN_POINT('',(8.,-5.,-1.5));
#11268=CARTESIAN_POINT('Origin',(8.,-5.,0.));
#11269=CARTESIAN_POINT('',(10.,-5.,-1.5));
#11270=CARTESIAN_POINT('',(-10.,-5.,-1.5));
#11271=CARTESIAN_POINT('Origin',(10.,-5.,0.));
#11272=CARTESIAN_POINT('Origin',(-10.,-5.,0.));
#11273=CARTESIAN_POINT('',(-10.,-5.,-1.5));
#11274=CARTESIAN_POINT('Origin',(-10.,-5.,0.));
#11275=CARTESIAN_POINT('',(-7.99999999999999,-5.,-1.5));
#11276=CARTESIAN_POINT('',(-10.,-5.,-1.5));
#11277=CARTESIAN_POINT('Origin',(-7.99999999999999,-5.,0.));
#11278=CARTESIAN_POINT('Origin',(-9.7,5.,-9.7));
#11279=CARTESIAN_POINT('',(-10.,4.7,-9.7));
#11280=CARTESIAN_POINT('',(-9.7,4.7,-10.));
#11281=CARTESIAN_POINT('',(-10.,4.7,-9.7));
#11282=CARTESIAN_POINT('',(-9.7,5.,-9.7));
#11283=CARTESIAN_POINT('',(-9.7,5.,-9.7));
#11284=CARTESIAN_POINT('',(-9.7,4.7,-10.));
#11285=CARTESIAN_POINT('Origin',(10.,4.7,-9.7));
#11286=CARTESIAN_POINT('',(9.7,5.,-9.7));
#11287=CARTESIAN_POINT('',(9.7,4.7,-10.));
#11288=CARTESIAN_POINT('',(9.7,5.,-9.7));
#11289=CARTESIAN_POINT('',(10.,4.7,-9.7));
#11290=CARTESIAN_POINT('',(10.,4.7,-9.7));
#11291=CARTESIAN_POINT('',(9.7,4.7,-10.));
#11292=CARTESIAN_POINT('Origin',(-10.,4.7,9.7));
#11293=CARTESIAN_POINT('',(-9.7,5.,9.7));
#11294=CARTESIAN_POINT('',(-9.7,4.7,10.));
#11295=CARTESIAN_POINT('',(-9.7,5.,9.7));
#11296=CARTESIAN_POINT('',(-10.,4.7,9.7));
#11297=CARTESIAN_POINT('',(-10.,4.7,9.7));
#11298=CARTESIAN_POINT('',(-9.7,4.7,10.));
#11299=CARTESIAN_POINT('Origin',(-9.85,4.85,0.));
#11300=CARTESIAN_POINT('',(-9.7,5.,0.));
#11301=CARTESIAN_POINT('',(-10.,4.7,0.));
#11302=CARTESIAN_POINT('Origin',(-9.85,2.5,9.85));
#11303=CARTESIAN_POINT('',(-9.7,-2.,10.));
#11304=CARTESIAN_POINT('',(-9.7,2.5,10.));
#11305=CARTESIAN_POINT('',(-10.,-1.73415749901212,9.7));
#11306=CARTESIAN_POINT('',(-10.,2.5,9.7));
#11307=CARTESIAN_POINT('Ctrl Pts',(-10.,-1.73415749901212,9.7));
#11308=CARTESIAN_POINT('Ctrl Pts',(-9.89942610858693,-1.8213807456443,9.80057389141307));
#11309=CARTESIAN_POINT('Ctrl Pts',(-9.79934577574158,-1.91000575360398,
9.90065422425842));
#11310=CARTESIAN_POINT('Ctrl Pts',(-9.69999999897379,-1.9999999977343,10.0000000010262));
#11311=CARTESIAN_POINT('Origin',(9.7,5.,9.7));
#11312=CARTESIAN_POINT('',(10.,4.7,9.7));
#11313=CARTESIAN_POINT('',(9.7,4.7,10.));
#11314=CARTESIAN_POINT('',(10.,4.7,9.7));
#11315=CARTESIAN_POINT('',(9.7,5.,9.7));
#11316=CARTESIAN_POINT('',(9.7,5.,9.7));
#11317=CARTESIAN_POINT('',(9.7,4.7,10.));
#11318=CARTESIAN_POINT('Origin',(9.85,4.85,0.));
#11319=CARTESIAN_POINT('',(10.,4.7,0.));
#11320=CARTESIAN_POINT('',(9.7,5.,0.));
#11321=CARTESIAN_POINT('Origin',(5.,4.85,9.85));
#11322=CARTESIAN_POINT('',(5.,4.7,10.));
#11323=CARTESIAN_POINT('',(5.,5.,9.7));
#11324=CARTESIAN_POINT('Origin',(9.85,-2.5,9.85));
#11325=CARTESIAN_POINT('',(10.,-1.73415749901212,9.7));
#11326=CARTESIAN_POINT('',(10.,-2.5,9.7));
#11327=CARTESIAN_POINT('',(9.7,-2.,10.));
#11328=CARTESIAN_POINT('',(9.7,-2.5,10.));
#11329=CARTESIAN_POINT('Ctrl Pts',(9.69999999897379,-1.99999999773431,10.0000000010262));
#11330=CARTESIAN_POINT('Ctrl Pts',(9.79934577574156,-1.910005753604,9.90065422425844));
#11331=CARTESIAN_POINT('Ctrl Pts',(9.89942610858688,-1.82138074564434,9.80057389141312));
#11332=CARTESIAN_POINT('Ctrl Pts',(10.,-1.73415749901212,9.7));
#11333=CARTESIAN_POINT('Origin',(9.85,-2.5,-9.85));
#11334=CARTESIAN_POINT('',(9.7,-2.,-10.));
#11335=CARTESIAN_POINT('',(9.7,-2.5,-10.));
#11336=CARTESIAN_POINT('',(10.,-1.73415749901212,-9.7));
#11337=CARTESIAN_POINT('',(10.,-2.5,-9.7));
#11338=CARTESIAN_POINT('Ctrl Pts',(10.,-1.73415749901212,-9.7));
#11339=CARTESIAN_POINT('Ctrl Pts',(9.89942610858693,-1.8213807456443,-9.80057389141307));
#11340=CARTESIAN_POINT('Ctrl Pts',(9.79934577574158,-1.91000575360398,-9.90065422425842));
#11341=CARTESIAN_POINT('Ctrl Pts',(9.69999999897379,-1.9999999977343,-10.0000000010262));
#11342=CARTESIAN_POINT('Origin',(5.,4.85,-9.85));
#11343=CARTESIAN_POINT('',(5.,4.7,-10.));
#11344=CARTESIAN_POINT('',(5.,5.,-9.7));
#11345=CARTESIAN_POINT('Origin',(9.85,-7.97079858348016,10.5912395769519));
#11346=CARTESIAN_POINT('',(9.7,-6.35036299249098,4.81419980770541));
#11347=CARTESIAN_POINT('Origin',(9.7,-7.97079858348016,10.5912395769519));
#11348=CARTESIAN_POINT('',(10.,-6.26934121294152,4.52534781924308));
#11349=CARTESIAN_POINT('',(9.7,-6.35036299249098,4.81419980770541));
#11350=CARTESIAN_POINT('Origin',(10.,-7.97079858348016,10.5912395769519));
#11351=CARTESIAN_POINT('Origin',(9.85,-5.,0.));
#11352=CARTESIAN_POINT('',(9.7,-6.35036299249098,-4.81419980770541));
#11353=CARTESIAN_POINT('',(10.,-6.26934121294152,-4.52534781924309));
#11354=CARTESIAN_POINT('',(9.7,-6.35036299249098,-4.81419980770541));
#11355=CARTESIAN_POINT('Origin',(10.,-5.,0.));
#11356=CARTESIAN_POINT('Origin',(9.7,-5.,0.));
#11357=CARTESIAN_POINT('Origin',(9.85,-7.97079858348016,-10.5912395769519));
#11358=CARTESIAN_POINT('Origin',(10.,-7.97079858348016,-10.5912395769519));
#11359=CARTESIAN_POINT('Origin',(9.7,-7.97079858348016,-10.5912395769519));
#11360=CARTESIAN_POINT('Origin',(-9.85,2.5,-9.85));
#11361=CARTESIAN_POINT('',(-10.,-1.73415749901212,-9.7));
#11362=CARTESIAN_POINT('',(-10.,2.5,-9.7));
#11363=CARTESIAN_POINT('',(-9.69999999999999,-1.99999999999999,-10.));
#11364=CARTESIAN_POINT('',(-9.7,2.5,-10.));
#11365=CARTESIAN_POINT('Ctrl Pts',(-9.69999999897379,-1.9999999977343,-10.0000000010262));
#11366=CARTESIAN_POINT('Ctrl Pts',(-9.79934577574158,-1.91000575360398,
-9.90065422425842));
#11367=CARTESIAN_POINT('Ctrl Pts',(-9.89942610858692,-1.82138074564431,
-9.80057389141308));
#11368=CARTESIAN_POINT('Ctrl Pts',(-10.,-1.73415749901212,-9.7));
#11369=CARTESIAN_POINT('Origin',(-9.85,-7.97079858348016,10.5912395769519));
#11370=CARTESIAN_POINT('',(-10.,-6.26934121294152,4.52534781924308));
#11371=CARTESIAN_POINT('Origin',(-10.,-7.97079858348016,10.5912395769519));
#11372=CARTESIAN_POINT('',(-9.7,-6.35036299249098,4.81419980770541));
#11373=CARTESIAN_POINT('',(-10.,-6.26934121294152,4.52534781924308));
#11374=CARTESIAN_POINT('Origin',(-9.7,-7.97079858348016,10.5912395769519));
#11375=CARTESIAN_POINT('Origin',(-9.85,-5.,0.));
#11376=CARTESIAN_POINT('',(-10.,-6.26934121294152,-4.52534781924309));
#11377=CARTESIAN_POINT('',(-9.7,-6.35036299249098,-4.81419980770541));
#11378=CARTESIAN_POINT('',(-10.,-6.26934121294152,-4.52534781924309));
#11379=CARTESIAN_POINT('Origin',(-9.7,-5.,0.));
#11380=CARTESIAN_POINT('Origin',(-10.,-5.,0.));
#11381=CARTESIAN_POINT('Origin',(-9.85,-7.97079858348015,-10.5912395769519));
#11382=CARTESIAN_POINT('Origin',(-9.7,-7.97079858348015,-10.5912395769519));
#11383=CARTESIAN_POINT('Origin',(-10.,-7.97079858348015,-10.5912395769519));
#11384=CARTESIAN_POINT('Origin',(5.,-7.97079858348016,10.5912395769519));
#11385=CARTESIAN_POINT('',(-7.99999999999999,-6.35036299249098,4.81419980770541));
#11386=CARTESIAN_POINT('',(5.,-6.35036299249098,4.81419980770541));
#11387=CARTESIAN_POINT('',(-8.,-2.,10.));
#11388=CARTESIAN_POINT('Origin',(-8.,-7.97079858348016,10.5912395769519));
#11389=CARTESIAN_POINT('',(5.,-2.,10.));
#11390=CARTESIAN_POINT('Origin',(10.,-5.,0.));
#11391=CARTESIAN_POINT('',(-7.99999999999999,-6.35036299249098,-4.81419980770541));
#11392=CARTESIAN_POINT('',(5.,-6.35036299249098,-4.81419980770541));
#11393=CARTESIAN_POINT('Origin',(-7.99999999999999,-5.,0.));
#11394=CARTESIAN_POINT('Origin',(5.,-7.97079858348016,-10.5912395769519));
#11395=CARTESIAN_POINT('',(-8.,-1.99999999999999,-10.));
#11396=CARTESIAN_POINT('',(5.,-2.,-10.));
#11397=CARTESIAN_POINT('Origin',(-8.,-7.97079858348015,-10.5912395769519));
#11398=CARTESIAN_POINT('Origin',(2.22044604925031E-15,0.,-10.));
#11399=CARTESIAN_POINT('',(8.,-2.,-10.));
#11400=CARTESIAN_POINT('',(5.,-2.,-10.));
#11401=CARTESIAN_POINT('',(8.,3.,-10.));
#11402=CARTESIAN_POINT('',(8.,1.5,-10.));
#11403=CARTESIAN_POINT('',(-8.,3.,-10.));
#11404=CARTESIAN_POINT('',(-4.,3.,-10.));
#11405=CARTESIAN_POINT('',(-8.,-8.23078985419523,-10.));
#11406=CARTESIAN_POINT('Origin',(-10.,5.,0.));
#11407=CARTESIAN_POINT('Origin',(10.,-5.,0.));
#11408=CARTESIAN_POINT('Origin',(10.,5.,0.));
#11409=CARTESIAN_POINT('Origin',(5.,-7.97079858348016,-10.5912395769519));
#11410=CARTESIAN_POINT('',(8.,-6.35036299249098,-4.81419980770541));
#11411=CARTESIAN_POINT('',(5.,-6.35036299249098,-4.81419980770541));
#11412=CARTESIAN_POINT('Origin',(8.,-7.97079858348016,-10.5912395769519));
#11413=CARTESIAN_POINT('Origin',(5.,-7.97079858348016,10.5912395769519));
#11414=CARTESIAN_POINT('',(8.,-2.,10.));
#11415=CARTESIAN_POINT('',(5.,-2.,10.));
#11416=CARTESIAN_POINT('',(8.,-6.35036299249098,4.81419980770541));
#11417=CARTESIAN_POINT('Origin',(8.,-7.97079858348016,10.5912395769519));
#11418=CARTESIAN_POINT('',(5.,-6.35036299249098,4.81419980770541));
#11419=CARTESIAN_POINT('Origin',(-8.,-16.4615797083905,10.));
#11420=CARTESIAN_POINT('',(-8.,3.,10.));
#11421=CARTESIAN_POINT('',(-8.,3.,10.));
#11422=CARTESIAN_POINT('',(-8.,-8.23078985419523,10.));
#11423=CARTESIAN_POINT('Origin',(2.22044604925031E-15,0.,10.));
#11424=CARTESIAN_POINT('',(8.,3.,10.));
#11425=CARTESIAN_POINT('',(-4.,3.,10.));
#11426=CARTESIAN_POINT('',(8.,1.5,10.));
#11427=CARTESIAN_POINT('Origin',(-8.,3.,10.));
#11428=CARTESIAN_POINT('',(8.,3.,10.));
#11429=CARTESIAN_POINT('Origin',(8.,3.,10.));
#11430=CARTESIAN_POINT('Origin',(8.,-5.,0.));
#11431=CARTESIAN_POINT('Origin',(10.,-5.,0.));
#11432=CARTESIAN_POINT('',(0.,0.,0.));
#11433=CARTESIAN_POINT('Origin',(0.,2.825,0.));
#11434=CARTESIAN_POINT('',(-1.40834381901945E-16,3.15,1.15));
#11435=CARTESIAN_POINT('Origin',(0.,3.15,0.));
#11436=CARTESIAN_POINT('',(-1.40834381901945E-16,2.5,1.15));
#11437=CARTESIAN_POINT('',(-1.40834381901945E-16,2.825,1.15));
#11438=CARTESIAN_POINT('Origin',(0.,2.5,0.));
#11439=CARTESIAN_POINT('Origin',(0.,3.15,-1.5));
#11440=CARTESIAN_POINT('',(1.5,3.15,-1.83697019872103E-16));
#11441=CARTESIAN_POINT('Origin',(0.,3.15,0.));
#11442=CARTESIAN_POINT('Origin',(0.,2.5,-1.15));
#11443=CARTESIAN_POINT('',(1.5,2.5,-1.83697019872103E-16));
#11444=CARTESIAN_POINT('Origin',(0.,2.5,0.));
#11445=CARTESIAN_POINT('Origin',(0.,-18.825,0.));
#11446=CARTESIAN_POINT('',(-1.40834381901946E-16,-18.5,1.15));
#11447=CARTESIAN_POINT('Origin',(0.,-18.5,0.));
#11448=CARTESIAN_POINT('',(-1.40834381901946E-16,-19.15,1.15));
#11449=CARTESIAN_POINT('',(-1.40834381901946E-16,-18.825,1.15));
#11450=CARTESIAN_POINT('Origin',(0.,-19.15,0.));
#11451=CARTESIAN_POINT('Origin',(0.,-18.5,-1.5));
#11452=CARTESIAN_POINT('',(1.5,-18.5,-1.83697019872103E-16));
#11453=CARTESIAN_POINT('Origin',(0.,-18.5,0.));
#11454=CARTESIAN_POINT('Origin',(0.,-19.15,-1.15));
#11455=CARTESIAN_POINT('',(1.5,-19.15,-1.83697019872103E-16));
#11456=CARTESIAN_POINT('Origin',(0.,-19.15,0.));
#11457=CARTESIAN_POINT('Origin',(0.,0.,0.));
#11458=CARTESIAN_POINT('',(1.5,-20.8,-1.83697019872103E-16));
#11459=CARTESIAN_POINT('',(1.5,0.,-1.83697019872103E-16));
#11460=CARTESIAN_POINT('',(-1.5,-20.8,-1.83697019872103E-16));
#11461=CARTESIAN_POINT('Origin',(0.,-20.8,0.));
#11462=CARTESIAN_POINT('Origin',(0.,-20.8,0.));
#11463=CARTESIAN_POINT('Origin',(0.,0.,0.));
#11464=CARTESIAN_POINT('',(1.5,0.,-1.83697019872103E-16));
#11465=CARTESIAN_POINT('Origin',(0.,-20.9,0.));
#11466=CARTESIAN_POINT('',(-1.3,-21.,1.59204083889156E-16));
#11467=CARTESIAN_POINT('Origin',(0.,-21.,0.));
#11468=CARTESIAN_POINT('',(-1.4,-20.9,-1.71450551880629E-16));
#11469=CARTESIAN_POINT('Origin',(0.,0.,0.));
#11470=CARTESIAN_POINT('',(-1.5,20.8,1.83697019872103E-16));
#11471=CARTESIAN_POINT('',(1.5,20.8,-1.83697019872103E-16));
#11472=CARTESIAN_POINT('Origin',(0.,20.8,0.));
#11473=CARTESIAN_POINT('Origin',(0.,20.8,0.));
#11474=CARTESIAN_POINT('',(1.5,0.,-1.83697019872103E-16));
#11475=CARTESIAN_POINT('Origin',(0.,-21.,0.));
#11476=CARTESIAN_POINT('Origin',(0.,20.9,0.));
#11477=CARTESIAN_POINT('',(-1.3,21.,-1.59204083889156E-16));
#11478=CARTESIAN_POINT('Origin',(0.,21.,0.));
#11479=CARTESIAN_POINT('',(-1.4,20.9,1.71450551880629E-16));
#11480=CARTESIAN_POINT('Origin',(0.,21.,0.));
#11481=CARTESIAN_POINT('',(0.,0.,0.));
#11482=CARTESIAN_POINT('Origin',(0.06,0.,0.));
#11483=CARTESIAN_POINT('',(0.06,0.0523040468215925,0.102417218699224));
#11484=CARTESIAN_POINT('',(0.,0.0523040468215925,0.102417218699224));
#11485=CARTESIAN_POINT('',(0.06,0.0523040468215925,0.102417218699224));
#11486=CARTESIAN_POINT('',(0.06,-0.0257423072120034,0.112081816631436));
#11487=CARTESIAN_POINT('Origin',(0.06,0.,0.));
#11488=CARTESIAN_POINT('',(0.,-0.0257423072120034,0.112081816631436));
#11489=CARTESIAN_POINT('',(0.06,-0.0257423072120034,0.112081816631436));
#11490=CARTESIAN_POINT('Origin',(0.,0.,0.));
#11491=CARTESIAN_POINT('Origin',(0.06,0.,0.));
#11492=CARTESIAN_POINT('',(0.06,-0.114836089105639,0.00613780407977151));
#11493=CARTESIAN_POINT('',(0.,-0.114836089105639,0.00613780407977151));
#11494=CARTESIAN_POINT('',(0.06,-0.114836089105639,0.00613780407977151));
#11495=CARTESIAN_POINT('',(0.06,-0.114836089105639,-0.00613780407977151));
#11496=CARTESIAN_POINT('Origin',(0.06,0.,0.));
#11497=CARTESIAN_POINT('',(0.,-0.114836089105639,-0.00613780407977151));
#11498=CARTESIAN_POINT('',(0.06,-0.114836089105639,-0.00613780407977151));
#11499=CARTESIAN_POINT('Origin',(0.,0.,0.));
#11500=CARTESIAN_POINT('Origin',(0.06,0.,0.));
#11501=CARTESIAN_POINT('',(0.06,-0.0257423076923076,-0.112081816521122));
#11502=CARTESIAN_POINT('',(0.,-0.0257423076923076,-0.112081816521122));
#11503=CARTESIAN_POINT('',(0.06,-0.0257423076923076,-0.112081816521122));
#11504=CARTESIAN_POINT('',(0.06,0.0523040463827039,-0.102417218923362));
#11505=CARTESIAN_POINT('Origin',(0.06,0.,0.));
#11506=CARTESIAN_POINT('',(0.,0.0523040463827039,-0.102417218923362));
#11507=CARTESIAN_POINT('',(0.06,0.0523040463827039,-0.102417218923362));
#11508=CARTESIAN_POINT('Origin',(0.,0.,0.));
#11509=CARTESIAN_POINT('Origin',(0.06,0.,0.));
#11510=CARTESIAN_POINT('',(0.06,0.248097922814003,0.1940938450734));
#11511=CARTESIAN_POINT('',(0.06,0.248097923890649,-0.194093843697192));
#11512=CARTESIAN_POINT('Origin',(0.06,0.,0.));
#11513=CARTESIAN_POINT('',(0.,0.248097922814003,0.1940938450734));
#11514=CARTESIAN_POINT('',(0.06,0.248097922814003,0.1940938450734));
#11515=CARTESIAN_POINT('',(0.,0.248097923890649,-0.194093843697191));
#11516=CARTESIAN_POINT('Origin',(0.,0.,0.));
#11517=CARTESIAN_POINT('',(0.06,0.248097923890649,-0.194093843697192));
#11518=CARTESIAN_POINT('Origin',(0.06,0.,0.));
#11519=CARTESIAN_POINT('',(0.06,0.232234121539853,0.146630940937359));
#11520=CARTESIAN_POINT('Origin',(0.06,0.224469550186777,0.175608715726031));
#11521=CARTESIAN_POINT('',(0.06,0.232234121539853,-0.146630940937358));
#11522=CARTESIAN_POINT('Origin',(0.06,0.224469550186777,-0.17560871572603));
#11523=CARTESIAN_POINT('',(0.06,0.0630085994748598,-0.101287098961308));
#11524=CARTESIAN_POINT('',(0.06,0.232234121539853,-0.146630940937358));
#11525=CARTESIAN_POINT('Origin',(0.06,0.059126313798322,-0.115775986355644));
#11526=CARTESIAN_POINT('',(0.06,-0.0441,-0.126701183893443));
#11527=CARTESIAN_POINT('Origin',(0.06,-0.0291,-0.126701183893443));
#11528=CARTESIAN_POINT('',(0.06,-0.0441,-0.169511622020438));
#11529=CARTESIAN_POINT('',(0.06,-0.0441,-0.126701183893443));
#11530=CARTESIAN_POINT('',(0.06,-0.0861162162162162,-0.196999993158888));
#11531=CARTESIAN_POINT('Origin',(0.06,-0.0741,-0.169511622020438));
#11532=CARTESIAN_POINT('',(0.06,-0.195901613268816,-0.0885864431991445));
#11533=CARTESIAN_POINT('Origin',(0.06,3.25260651745651E-16,3.68628738645072E-16));
#11534=CARTESIAN_POINT('',(0.06,-0.176331075793685,-0.047247769359429));
#11535=CARTESIAN_POINT('Origin',(0.06,-0.168566504440609,-0.076225544148101));
#11536=CARTESIAN_POINT('',(0.06,-0.137028758388817,-0.0367167451501231));
#11537=CARTESIAN_POINT('',(0.06,-0.176331075793685,-0.0472477693594289));
#11538=CARTESIAN_POINT('Origin',(0.06,-0.144793329741893,-0.00773897036145102));
#11539=CARTESIAN_POINT('',(0.06,-0.137028758388817,0.036716745150123));
#11540=CARTESIAN_POINT('Origin',(0.06,-0.144793329741893,0.00773897036145098));
#11541=CARTESIAN_POINT('',(0.06,-0.176331075793685,0.0472477693594289));
#11542=CARTESIAN_POINT('',(0.06,-0.137028758388817,0.036716745150123));
#11543=CARTESIAN_POINT('',(0.06,-0.195901613268816,0.0885864431991444));
#11544=CARTESIAN_POINT('Origin',(0.06,-0.168566504440609,0.076225544148101));
#11545=CARTESIAN_POINT('',(0.06,-0.0861162162162162,0.196999993158888));
#11546=CARTESIAN_POINT('Origin',(0.06,-1.0842021724855E-16,8.67361737988404E-17));
#11547=CARTESIAN_POINT('',(0.06,-0.0441,0.169511622020438));
#11548=CARTESIAN_POINT('Origin',(0.06,-0.0741,0.169511622020438));
#11549=CARTESIAN_POINT('',(0.06,-0.0441,0.126701183893443));
#11550=CARTESIAN_POINT('',(0.06,-0.0441,0.169511622020438));
#11551=CARTESIAN_POINT('Origin',(0.06,-0.0291,0.126701183893443));
#11552=CARTESIAN_POINT('',(0.06,0.0630085994748597,0.101287098961308));
#11553=CARTESIAN_POINT('Origin',(0.06,0.0591263137983219,0.115775986355644));
#11554=CARTESIAN_POINT('',(0.06,0.0630085994748597,0.101287098961308));
#11555=CARTESIAN_POINT('Origin',(0.,0.,0.));
#11556=CARTESIAN_POINT('',(0.,0.232234121539853,0.146630940937359));
#11557=CARTESIAN_POINT('Origin',(0.,0.224469550186777,0.175608715726031));
#11558=CARTESIAN_POINT('',(0.,0.0630085994748597,0.101287098961308));
#11559=CARTESIAN_POINT('',(0.,0.0630085994748597,0.101287098961308));
#11560=CARTESIAN_POINT('Origin',(0.,0.0591263137983219,0.115775986355644));
#11561=CARTESIAN_POINT('',(0.,-0.0441,0.126701183893443));
#11562=CARTESIAN_POINT('Origin',(0.,-0.0291,0.126701183893443));
#11563=CARTESIAN_POINT('',(0.,-0.0441,0.169511622020438));
#11564=CARTESIAN_POINT('',(0.,-0.0441,0.169511622020438));
#11565=CARTESIAN_POINT('',(0.,-0.0861162162162162,0.196999993158888));
#11566=CARTESIAN_POINT('Origin',(0.,-0.0741,0.169511622020438));
#11567=CARTESIAN_POINT('',(0.,-0.195901613268816,0.0885864431991444));
#11568=CARTESIAN_POINT('Origin',(0.,-1.0842021724855E-16,8.67361737988404E-17));
#11569=CARTESIAN_POINT('',(0.,-0.176331075793685,0.0472477693594289));
#11570=CARTESIAN_POINT('Origin',(0.,-0.168566504440609,0.076225544148101));
#11571=CARTESIAN_POINT('',(0.,-0.137028758388817,0.036716745150123));
#11572=CARTESIAN_POINT('',(0.,-0.137028758388817,0.036716745150123));
#11573=CARTESIAN_POINT('Origin',(0.,-0.144793329741893,0.00773897036145098));
#11574=CARTESIAN_POINT('',(0.,-0.137028758388817,-0.0367167451501231));
#11575=CARTESIAN_POINT('Origin',(0.,-0.144793329741893,-0.00773897036145102));
#11576=CARTESIAN_POINT('',(0.,-0.176331075793685,-0.047247769359429));
#11577=CARTESIAN_POINT('',(0.,-0.176331075793685,-0.0472477693594289));
#11578=CARTESIAN_POINT('',(0.,-0.195901613268816,-0.0885864431991445));
#11579=CARTESIAN_POINT('Origin',(0.,-0.168566504440609,-0.076225544148101));
#11580=CARTESIAN_POINT('',(0.,-0.0861162162162162,-0.196999993158888));
#11581=CARTESIAN_POINT('Origin',(0.,3.25260651745651E-16,3.68628738645072E-16));
#11582=CARTESIAN_POINT('',(0.,-0.0441,-0.169511622020438));
#11583=CARTESIAN_POINT('Origin',(0.,-0.0741,-0.169511622020438));
#11584=CARTESIAN_POINT('',(0.,-0.0441,-0.126701183893443));
#11585=CARTESIAN_POINT('',(0.,-0.0441,-0.126701183893443));
#11586=CARTESIAN_POINT('Origin',(0.,-0.0291,-0.126701183893443));
#11587=CARTESIAN_POINT('',(0.,0.0630085994748598,-0.101287098961308));
#11588=CARTESIAN_POINT('Origin',(0.,0.059126313798322,-0.115775986355644));
#11589=CARTESIAN_POINT('',(0.,0.232234121539853,-0.146630940937358));
#11590=CARTESIAN_POINT('',(0.,0.232234121539853,-0.146630940937358));
#11591=CARTESIAN_POINT('Origin',(0.,0.224469550186777,-0.17560871572603));
#11592=CARTESIAN_POINT('Origin',(0.06,0.224469550186777,-0.17560871572603));
#11593=CARTESIAN_POINT('',(0.06,0.232234121539853,-0.146630940937358));
#11594=CARTESIAN_POINT('Origin',(0.06,0.232234121539853,-0.146630940937358));
#11595=CARTESIAN_POINT('',(0.06,0.0630085994748598,-0.101287098961308));
#11596=CARTESIAN_POINT('Origin',(0.06,0.059126313798322,-0.115775986355644));
#11597=CARTESIAN_POINT('Origin',(0.06,-0.0291,-0.126701183893443));
#11598=CARTESIAN_POINT('',(0.06,-0.0441,-0.126701183893443));
#11599=CARTESIAN_POINT('Origin',(0.06,-0.0441,-0.126701183893443));
#11600=CARTESIAN_POINT('',(0.06,-0.0441,-0.169511622020438));
#11601=CARTESIAN_POINT('Origin',(0.06,-0.0741,-0.169511622020438));
#11602=CARTESIAN_POINT('',(0.06,-0.0861162162162162,-0.196999993158888));
#11603=CARTESIAN_POINT('Origin',(0.06,3.25260651745651E-16,3.68628738645072E-16));
#11604=CARTESIAN_POINT('',(0.06,-0.195901613268816,-0.0885864431991445));
#11605=CARTESIAN_POINT('Origin',(0.06,-0.168566504440609,-0.076225544148101));
#11606=CARTESIAN_POINT('',(0.06,-0.176331075793685,-0.047247769359429));
#11607=CARTESIAN_POINT('Origin',(0.06,-0.176331075793685,-0.0472477693594289));
#11608=CARTESIAN_POINT('',(0.06,-0.137028758388817,-0.0367167451501231));
#11609=CARTESIAN_POINT('Origin',(0.06,-0.144793329741893,-0.00773897036145102));
#11610=CARTESIAN_POINT('Origin',(0.06,-0.144793329741893,0.00773897036145098));
#11611=CARTESIAN_POINT('',(0.06,-0.137028758388817,0.036716745150123));
#11612=CARTESIAN_POINT('Origin',(0.06,-0.137028758388817,0.036716745150123));
#11613=CARTESIAN_POINT('',(0.06,-0.176331075793685,0.0472477693594289));
#11614=CARTESIAN_POINT('Origin',(0.06,-0.168566504440609,0.076225544148101));
#11615=CARTESIAN_POINT('',(0.06,-0.195901613268816,0.0885864431991444));
#11616=CARTESIAN_POINT('Origin',(0.06,-1.0842021724855E-16,8.67361737988404E-17));
#11617=CARTESIAN_POINT('',(0.06,-0.0861162162162162,0.196999993158888));
#11618=CARTESIAN_POINT('Origin',(0.06,-0.0741,0.169511622020438));
#11619=CARTESIAN_POINT('',(0.06,-0.0441,0.169511622020438));
#11620=CARTESIAN_POINT('Origin',(0.06,-0.0441,0.169511622020438));
#11621=CARTESIAN_POINT('',(0.06,-0.0441,0.126701183893443));
#11622=CARTESIAN_POINT('Origin',(0.06,-0.0291,0.126701183893443));
#11623=CARTESIAN_POINT('Origin',(0.06,0.224469550186777,0.175608715726031));
#11624=CARTESIAN_POINT('',(0.06,0.232234121539853,0.146630940937359));
#11625=CARTESIAN_POINT('Origin',(0.06,0.0630085994748597,0.101287098961308));
#11626=CARTESIAN_POINT('',(0.06,0.0630085994748597,0.101287098961308));
#11627=CARTESIAN_POINT('Origin',(0.06,0.0591263137983219,0.115775986355644));
#11628=CARTESIAN_POINT('',(0.,0.,0.));
#11629=CARTESIAN_POINT('Origin',(-5.,0.750000000000001,-6.));
#11630=CARTESIAN_POINT('',(-8.25,1.5,-6.));
#11631=CARTESIAN_POINT('Origin',(-5.,1.5,-6.));
#11632=CARTESIAN_POINT('',(-6.75,8.32667268468867E-16,-6.));
#11633=CARTESIAN_POINT('',(-7.5,0.750000000000001,-6.));
#11634=CARTESIAN_POINT('Origin',(-5.,8.32667268468867E-16,-6.));
#11635=CARTESIAN_POINT('Origin',(-5.,5.55111512312578E-16,-6.));
#11636=CARTESIAN_POINT('',(-6.75,-1.5,-6.));
#11637=CARTESIAN_POINT('',(-6.75,5.44204568301946E-16,-6.));
#11638=CARTESIAN_POINT('Origin',(-5.,-1.5,-6.));
#11639=CARTESIAN_POINT('Origin',(5.,0.750000000000001,-6.));
#11640=CARTESIAN_POINT('',(1.75,1.5,-6.));
#11641=CARTESIAN_POINT('Origin',(5.,1.5,-6.));
#11642=CARTESIAN_POINT('',(3.25,8.32667268468867E-16,-6.));
#11643=CARTESIAN_POINT('',(2.5,0.750000000000001,-6.));
#11644=CARTESIAN_POINT('Origin',(5.,8.32667268468867E-16,-6.));
#11645=CARTESIAN_POINT('Origin',(5.,5.55111512312578E-16,-6.));
#11646=CARTESIAN_POINT('',(3.25,-1.5,-6.));
#11647=CARTESIAN_POINT('',(3.25,5.44204568301946E-16,-6.));
#11648=CARTESIAN_POINT('Origin',(5.,-1.5,-6.));
#11649=CARTESIAN_POINT('Origin',(-9.,34.,-81.5));
#11650=CARTESIAN_POINT('',(-10.,34.,-78.5));
#11651=CARTESIAN_POINT('',(-9.,35.,-78.5));
#11652=CARTESIAN_POINT('Origin',(-9.,34.,-78.5));
#11653=CARTESIAN_POINT('',(-9.,35.,-81.5));
#11654=CARTESIAN_POINT('',(-9.,35.,-81.5));
#11655=CARTESIAN_POINT('',(-10.,34.,-81.5));
#11656=CARTESIAN_POINT('Origin',(-9.,34.,-81.5));
#11657=CARTESIAN_POINT('',(-10.,34.,-81.5));
#11658=CARTESIAN_POINT('Origin',(-10.,35.,-81.5));
#11659=CARTESIAN_POINT('',(9.,35.,-78.5));
#11660=CARTESIAN_POINT('',(-10.,35.,-78.5));
#11661=CARTESIAN_POINT('',(9.,35.,-81.5));
#11662=CARTESIAN_POINT('',(9.,35.,-81.5));
#11663=CARTESIAN_POINT('',(-10.,35.,-81.5));
#11664=CARTESIAN_POINT('Origin',(-2.77555756156289E-16,-21.5002209841782,
-78.5000000000001));
#11665=CARTESIAN_POINT('',(-10.,4.00000000000004,-78.5));
#11666=CARTESIAN_POINT('',(-10.,4.00000000000004,-78.5));
#11667=CARTESIAN_POINT('',(10.,4.00000000000004,-78.5));
#11668=CARTESIAN_POINT('',(-1.34664402051277E-16,4.00000000000004,-78.5));
#11669=CARTESIAN_POINT('',(10.,34.,-78.5));
#11670=CARTESIAN_POINT('',(10.,-78.0004419683565,-78.5000000000002));
#11671=CARTESIAN_POINT('Origin',(9.,34.,-78.5));
#11672=CARTESIAN_POINT('Origin',(9.,34.,-81.5));
#11673=CARTESIAN_POINT('',(10.,34.,-81.5));
#11674=CARTESIAN_POINT('',(10.,34.,-81.5));
#11675=CARTESIAN_POINT('Origin',(9.,34.,-81.5));
#11676=CARTESIAN_POINT('Origin',(10.,-2.0004419683565,-81.5));
#11677=CARTESIAN_POINT('',(10.,4.00000000000004,-81.5));
#11678=CARTESIAN_POINT('',(10.,4.00000000000004,-80.66));
#11679=CARTESIAN_POINT('',(10.,-78.0004419683565,-81.5000000000002));
#11680=CARTESIAN_POINT('Origin',(-9.,-1.5,-0.999999999999996));
#11681=CARTESIAN_POINT('',(-9.,1.5,-1.86254520578562E-16));
#11682=CARTESIAN_POINT('',(-10.,1.5,-0.999999999999996));
#11683=CARTESIAN_POINT('Origin',(-9.,1.50000000000001,-0.999999999999996));
#11684=CARTESIAN_POINT('',(-10.,-1.5,-0.999999999999996));
#11685=CARTESIAN_POINT('',(-10.,-1.5,-0.999999999999996));
#11686=CARTESIAN_POINT('',(-9.,-1.5,-1.86254520578562E-16));
#11687=CARTESIAN_POINT('Origin',(-9.,-1.49999999999999,-0.999999999999996));
#11688=CARTESIAN_POINT('',(-9.,-1.5,-1.38777878078145E-16));
#11689=CARTESIAN_POINT('Origin',(-2.77555756156289E-16,1.50000000000001,
-56.5002209841783));
#11690=CARTESIAN_POINT('',(9.,1.5,-1.86254520578562E-16));
#11691=CARTESIAN_POINT('',(-10.,1.5,-1.86254520578562E-16));
#11692=CARTESIAN_POINT('',(10.,1.5,-0.999999999999996));
#11693=CARTESIAN_POINT('Origin',(9.,1.50000000000001,-0.999999999999996));
#11694=CARTESIAN_POINT('',(10.,1.50000000000001,-76.));
#11695=CARTESIAN_POINT('',(10.,1.5,-1.86254520578562E-16));
#11696=CARTESIAN_POINT('',(-10.,1.50000000000001,-76.));
#11697=CARTESIAN_POINT('',(-1.34664402051277E-16,1.50000000000001,-76.));
#11698=CARTESIAN_POINT('',(-10.,1.50000000000001,-82.0004419683565));
#11699=CARTESIAN_POINT('Origin',(10.,-1.5,-1.86254520578562E-16));
#11700=CARTESIAN_POINT('',(9.,-1.5,-1.86254520578562E-16));
#11701=CARTESIAN_POINT('',(-10.,-1.5,-1.86254520578562E-16));
#11702=CARTESIAN_POINT('',(9.,-1.5,-1.38777878078145E-16));
#11703=CARTESIAN_POINT('Origin',(9.,-1.5,-0.999999999999996));
#11704=CARTESIAN_POINT('',(10.,-1.5,-0.999999999999996));
#11705=CARTESIAN_POINT('Origin',(9.,-1.49999999999999,-0.999999999999996));
#11706=CARTESIAN_POINT('',(10.,-1.5,-0.999999999999996));
#11707=CARTESIAN_POINT('Origin',(-10.,4.00000000000004,-81.5));
#11708=CARTESIAN_POINT('',(-10.,4.00000000000004,-81.5));
#11709=CARTESIAN_POINT('',(-10.,-78.0004419683565,-81.5000000000002));
#11710=CARTESIAN_POINT('',(-10.,4.00000000000004,-80.66));
#11711=CARTESIAN_POINT('Origin',(0.,4.00000000000003,-76.));
#11712=CARTESIAN_POINT('',(1.44013211203248E-16,4.00000000000004,-81.5));
#11713=CARTESIAN_POINT('',(10.,-1.49999999999999,-76.));
#11714=CARTESIAN_POINT('Origin',(10.,4.00000000000003,-76.));
#11715=CARTESIAN_POINT('',(-10.,-1.49999999999999,-76.));
#11716=CARTESIAN_POINT('',(1.44013211203248E-16,-1.49999999999999,-76.));
#11717=CARTESIAN_POINT('Origin',(-10.,4.00000000000003,-76.));
#11718=CARTESIAN_POINT('Origin',(10.,4.00000000000004,-78.5));
#11719=CARTESIAN_POINT('Origin',(10.,4.00000000000003,-76.));
#11720=CARTESIAN_POINT('',(10.,-0.659999999999991,-76.));
#11721=CARTESIAN_POINT('Origin',(2.77555756156289E-16,-21.5002209841782,
-81.5000000000001));
#11722=CARTESIAN_POINT('Origin',(-10.,-1.49999999999999,-82.0004419683565));
#11723=CARTESIAN_POINT('',(-10.,-0.659999999999991,-76.));
#11724=CARTESIAN_POINT('',(-10.,-1.5,-1.86254520578562E-16));
#11725=CARTESIAN_POINT('Origin',(10.,-1.49999999999999,-76.));
#11726=CARTESIAN_POINT('',(10.,-1.5,-1.86254520578562E-16));
#11727=CARTESIAN_POINT('Origin',(-10.,4.00000000000004,-81.5));
#11728=CARTESIAN_POINT('Origin',(-10.,4.00000000000003,-76.));
#11729=CARTESIAN_POINT('Origin',(0.,4.00000000000003,-76.));
#11730=CARTESIAN_POINT('Origin',(2.77555756156289E-16,-1.49999999999999,
-56.5002209841783));
#11731=CARTESIAN_POINT('',(0.,0.,0.));
#11732=CARTESIAN_POINT('Origin',(0.,0.,-7.875));
#11733=CARTESIAN_POINT('',(1.25,1.53080849893419E-16,-8.));
#11734=CARTESIAN_POINT('Origin',(0.,0.,-8.));
#11735=CARTESIAN_POINT('',(1.5,-1.83697019872103E-16,-7.75));
#11736=CARTESIAN_POINT('',(1.375,-1.68388934882761E-16,-7.875));
#11737=CARTESIAN_POINT('',(-1.5,1.83697019872103E-16,-7.75));
#11738=CARTESIAN_POINT('Origin',(0.,0.,-7.75));
#11739=CARTESIAN_POINT('Origin',(0.,0.,-7.75));
#11740=CARTESIAN_POINT('Origin',(0.,0.,-4.85));
#11741=CARTESIAN_POINT('',(-1.5,1.83697019872103E-16,-1.74142135623731));
#11742=CARTESIAN_POINT('',(-1.5,1.83697019872103E-16,-4.85));
#11743=CARTESIAN_POINT('',(1.5,3.67394039744206E-16,-1.74142135623731));
#11744=CARTESIAN_POINT('Origin',(0.,0.,-1.74142135623731));
#11745=CARTESIAN_POINT('Origin',(0.,0.,-1.74142135623731));
#11746=CARTESIAN_POINT('Origin',(0.75,0.,-8.));
#11747=CARTESIAN_POINT('Origin',(0.,0.,-1.74142135623731));
#11748=CARTESIAN_POINT('',(1.52928932188135,-3.08148791101958E-32,-1.67071067811865));
#11749=CARTESIAN_POINT('',(-1.52928932188135,1.87283927301222E-16,-1.67071067811866));
#11750=CARTESIAN_POINT('Origin',(0.,1.87283927301222E-16,-1.67071067811865));
#11751=CARTESIAN_POINT('Origin',(0.,1.87283927301222E-16,-1.67071067811865));
#11752=CARTESIAN_POINT('Origin',(1.6,-1.95943487863577E-16,-1.74142135623731));
#11753=CARTESIAN_POINT('Origin',(0.,0.,-0.95));
#11754=CARTESIAN_POINT('',(-3.,3.67394039744206E-16,-0.2));
#11755=CARTESIAN_POINT('',(-2.25,2.75545529808155E-16,-0.95));
#11756=CARTESIAN_POINT('Origin',(0.,0.,-0.2));
#11757=CARTESIAN_POINT('Origin',(-1.,-0.577350269189626,0.));
#11758=CARTESIAN_POINT('',(-1.,-0.577350269189626,-1.2));
#11759=CARTESIAN_POINT('',(2.22041216793242E-16,-1.15470053837925,-1.2));
#11760=CARTESIAN_POINT('',(-1.,-0.577350269189626,-1.2));
#11761=CARTESIAN_POINT('',(-1.,-0.577350269189626,0.));
#11762=CARTESIAN_POINT('',(-1.,-0.577350269189626,0.));
#11763=CARTESIAN_POINT('',(2.22041216793242E-16,-1.15470053837925,0.));
#11764=CARTESIAN_POINT('',(-0.187499999999999,-1.0464473629062,0.));
#11765=CARTESIAN_POINT('',(2.22041216793242E-16,-1.15470053837925,0.));
#11766=CARTESIAN_POINT('Origin',(2.22041216793242E-16,-1.15470053837925,
0.));
#11767=CARTESIAN_POINT('',(1.,-0.577350269189626,-1.2));
#11768=CARTESIAN_POINT('',(2.22041216793242E-16,-1.15470053837925,-1.2));
#11769=CARTESIAN_POINT('',(1.,-0.577350269189626,0.));
#11770=CARTESIAN_POINT('',(0.8125,-0.685603444662681,0.));
#11771=CARTESIAN_POINT('',(1.,-0.577350269189626,0.));
#11772=CARTESIAN_POINT('Origin',(1.,-0.577350269189626,0.));
#11773=CARTESIAN_POINT('',(1.,0.577350269189626,-1.2));
#11774=CARTESIAN_POINT('',(1.,-0.577350269189626,-1.2));
#11775=CARTESIAN_POINT('',(1.,0.577350269189626,0.));
#11776=CARTESIAN_POINT('',(1.,-0.288675134594813,0.));
#11777=CARTESIAN_POINT('',(1.,0.577350269189626,0.));
#11778=CARTESIAN_POINT('Origin',(1.,0.577350269189626,0.));
#11779=CARTESIAN_POINT('',(-2.22047569540347E-16,1.15470053837925,-1.2));
#11780=CARTESIAN_POINT('',(1.,0.577350269189626,-1.2));
#11781=CARTESIAN_POINT('',(-2.22047569540347E-16,1.15470053837925,0.));
#11782=CARTESIAN_POINT('',(1.3125,0.396928310067869,0.));
#11783=CARTESIAN_POINT('',(-2.22047569540347E-16,1.15470053837925,0.));
#11784=CARTESIAN_POINT('Origin',(-2.22047569540347E-16,1.15470053837925,
0.));
#11785=CARTESIAN_POINT('',(-1.,0.577350269189626,-1.2));
#11786=CARTESIAN_POINT('',(-2.22047569540347E-16,1.15470053837925,-1.2));
#11787=CARTESIAN_POINT('',(-1.,0.577350269189626,0.));
#11788=CARTESIAN_POINT('',(0.3125,1.33512249750101,0.));
#11789=CARTESIAN_POINT('',(-1.,0.577350269189626,0.));
#11790=CARTESIAN_POINT('Origin',(-1.,0.577350269189626,0.));
#11791=CARTESIAN_POINT('',(-1.,0.577350269189626,-1.2));
#11792=CARTESIAN_POINT('',(-1.,0.288675134594813,0.));
#11793=CARTESIAN_POINT('Origin',(0.,3.46944695195361E-17,-1.2));
#11794=CARTESIAN_POINT('Origin',(1.5,0.,0.));
#11795=CARTESIAN_POINT('',(-3.,3.67394039744206E-16,0.));
#11796=CARTESIAN_POINT('Origin',(0.,0.,0.));
#11797=CARTESIAN_POINT('Origin',(0.,0.,-0.1));
#11798=CARTESIAN_POINT('',(-3.,3.67394039744206E-16,-0.1));
#11799=CARTESIAN_POINT('',(0.,0.,0.));
#11800=CARTESIAN_POINT('Origin',(0.100000000000002,-1.00616989487631E-16,
0.));
#11801=CARTESIAN_POINT('',(2.27248775352962E-15,-2.98613885299934E-16,1.6));
#11802=CARTESIAN_POINT('Origin',(2.27248775352962E-15,-1.02670397436358E-16,
0.));
#11803=CARTESIAN_POINT('',(0.100000000000002,-2.84314009359734E-16,1.5));
#11804=CARTESIAN_POINT('Origin',(0.100000000000002,-2.96560477351207E-16,
1.6));
#11805=CARTESIAN_POINT('',(0.100000000000002,-1.5,-1.83697019872103E-16));
#11806=CARTESIAN_POINT('Origin',(0.100000000000002,-1.00616989487631E-16,
0.));
#11807=CARTESIAN_POINT('Origin',(0.100000000000002,-1.00616989487631E-16,
0.));
#11808=CARTESIAN_POINT('Origin',(3.125,-3.85013990386342E-17,0.));
#11809=CARTESIAN_POINT('',(4.693275,1.5,1.83697019872103E-16));
#11810=CARTESIAN_POINT('',(4.693275,-1.5,-1.83697019872103E-16));
#11811=CARTESIAN_POINT('Origin',(4.693275,-6.29831553073337E-18,0.));
#11812=CARTESIAN_POINT('Origin',(4.693275,-6.29831553073337E-18,0.));
#11813=CARTESIAN_POINT('',(3.125,-1.5,-1.83697019872103E-16));
#11814=CARTESIAN_POINT('Origin',(2.22044604925031E-15,2.125,0.));
#11815=CARTESIAN_POINT('',(2.22044604925031E-15,-2.75,-3.36777869765522E-16));
#11816=CARTESIAN_POINT('Origin',(2.22044604925031E-15,-1.02670397436358E-16,
0.));
#11817=CARTESIAN_POINT('Origin',(4.8466375,-3.14915776536668E-18,0.));
#11818=CARTESIAN_POINT('',(5.,1.193275,-1.46134040925256E-16));
#11819=CARTESIAN_POINT('Origin',(5.,1.2518544638517E-32,0.));
#11820=CARTESIAN_POINT('',(4.8466375,1.3466375,1.64915530398679E-16));
#11821=CARTESIAN_POINT('Origin',(5.,0.749999999999999,0.));
#11822=CARTESIAN_POINT('Origin',(-2.69999999999999,-1.58112412051991E-16,
0.));
#11823=CARTESIAN_POINT('',(-2.69999999999999,-4.94890281817514E-16,2.75));
#11824=CARTESIAN_POINT('',(-2.69999999999999,-2.75,-3.36777869765522E-16));
#11825=CARTESIAN_POINT('Origin',(-2.69999999999999,-1.58112412051991E-16,
0.));
#11826=CARTESIAN_POINT('Origin',(-2.69999999999999,-1.58112412051991E-16,
0.));
#11827=CARTESIAN_POINT('',(-2.99999999999999,-4.64311101689274E-16,2.45));
#11828=CARTESIAN_POINT('Origin',(-2.69999999999999,-4.58150877843093E-16,
2.45));
#11829=CARTESIAN_POINT('Origin',(-2.99999999999999,-1.64272635898173E-16,
0.));
#11830=CARTESIAN_POINT('Origin',(-2.99999999999999,2.09668783648703,0.));
#11831=CARTESIAN_POINT('',(-2.99999999999999,1.25,-0.721687836487033));
#11832=CARTESIAN_POINT('',(-2.99999999999999,1.25,0.721687836487032));
#11833=CARTESIAN_POINT('',(-2.99999999999999,1.25,0.360843918243515));
#11834=CARTESIAN_POINT('',(-2.99999999999999,1.24899038893118E-17,1.44337567297406));
#11835=CARTESIAN_POINT('',(-2.99999999999999,0.3125,1.26295371385231));
#11836=CARTESIAN_POINT('',(-2.99999999999999,-1.25,0.721687836487033));
#11837=CARTESIAN_POINT('',(-2.99999999999999,-0.937500000000001,0.902109795608791));
#11838=CARTESIAN_POINT('',(-2.99999999999999,-1.25,-0.721687836487032));
#11839=CARTESIAN_POINT('',(-2.99999999999999,-1.25,-0.360843918243516));
#11840=CARTESIAN_POINT('',(-2.99999999999999,-3.38345065348526E-16,-1.44337567297406));
#11841=CARTESIAN_POINT('',(-2.99999999999999,-0.3125,-1.26295371385231));
#11842=CARTESIAN_POINT('',(-2.99999999999999,0.9375,-0.902109795608791));
#11843=CARTESIAN_POINT('Origin',(-1.5,-1.33471516667265E-16,0.));
#11844=CARTESIAN_POINT('',(-1.5,-2.75,-3.36777869765522E-16));
#11845=CARTESIAN_POINT('Origin',(-2.99999999999999,-3.38345065348526E-16,
-1.44337567297406));
#11846=CARTESIAN_POINT('',(-1.69999999999999,5.12416876606959E-16,-1.44337567297406));
#11847=CARTESIAN_POINT('',(-1.69999999999999,-1.25,-0.721687836487032));
#11848=CARTESIAN_POINT('Ctrl Pts',(-1.69999999999999,-3.55714716941217E-15,
-1.44337567297406));
#11849=CARTESIAN_POINT('Ctrl Pts',(-1.49166666666666,-0.625000000000001,
-1.08253175473055));
#11850=CARTESIAN_POINT('Ctrl Pts',(-1.69999999999999,-1.25,-0.721687836487034));
#11851=CARTESIAN_POINT('',(-2.34999999999999,4.85722573273506E-16,-1.44337567297406));
#11852=CARTESIAN_POINT('',(-2.34999999999999,-1.25,-0.721687836487033));
#11853=CARTESIAN_POINT('Origin',(-2.99999999999999,1.25,-0.721687836487033));
#11854=CARTESIAN_POINT('',(-1.69999999999999,1.25,-0.721687836487033));
#11855=CARTESIAN_POINT('Ctrl Pts',(-1.69999999999999,1.25,-0.721687836487034));
#11856=CARTESIAN_POINT('Ctrl Pts',(-1.49166666666666,0.625,-1.08253175473055));
#11857=CARTESIAN_POINT('Ctrl Pts',(-1.69999999999999,2.89602416122155E-15,
-1.44337567297406));
#11858=CARTESIAN_POINT('',(-2.34999999999999,1.25,-0.721687836487033));
#11859=CARTESIAN_POINT('Origin',(-2.99999999999999,1.25,0.721687836487032));
#11860=CARTESIAN_POINT('',(-1.69999999999999,1.25,0.721687836487032));
#11861=CARTESIAN_POINT('Ctrl Pts',(-1.69999999999999,1.25,0.721687836487028));
#11862=CARTESIAN_POINT('Ctrl Pts',(-1.49166666666666,1.25,-9.71445146547012E-16));
#11863=CARTESIAN_POINT('Ctrl Pts',(-1.69999999999999,1.25,-0.72168783648703));
#11864=CARTESIAN_POINT('',(-2.34999999999999,1.25,0.721687836487032));
#11865=CARTESIAN_POINT('Origin',(-2.99999999999999,-6.16022384618147E-17,
1.44337567297406));
#11866=CARTESIAN_POINT('',(-1.69999999999999,2.3486112045067E-16,1.44337567297406));
#11867=CARTESIAN_POINT('Ctrl Pts',(-1.69999999999999,2.47969052698712E-15,
1.44337567297406));
#11868=CARTESIAN_POINT('Ctrl Pts',(-1.49166666666666,0.625,1.08253175473055));
#11869=CARTESIAN_POINT('Ctrl Pts',(-1.69999999999999,1.25,0.721687836487034));
#11870=CARTESIAN_POINT('',(-2.34999999999999,2.08166817117217E-16,1.44337567297406));
#11871=CARTESIAN_POINT('Origin',(-2.99999999999999,-1.25,-0.721687836487032));
#11872=CARTESIAN_POINT('',(-1.58835450315369,-1.25,-1.40947462308167E-16));
#11873=CARTESIAN_POINT('Ctrl Pts',(-1.69999999999999,-1.25,-0.721687836487029));
#11874=CARTESIAN_POINT('Ctrl Pts',(-1.58835450315369,-1.25,-0.334936490538902));
#11875=CARTESIAN_POINT('Ctrl Pts',(-1.58835450315369,-1.25,-1.28814074722915E-16));
#11876=CARTESIAN_POINT('',(-1.69999999999999,-1.25,0.721687836487032));
#11877=CARTESIAN_POINT('',(-2.34999999999999,-1.25,0.721687836487032));
#11878=CARTESIAN_POINT('Ctrl Pts',(-1.58835450315369,-1.25,-1.28814074722915E-16));
#11879=CARTESIAN_POINT('Ctrl Pts',(-1.58835450315369,-1.25,0.334936490538902));
#11880=CARTESIAN_POINT('Ctrl Pts',(-1.69999999999999,-1.25,0.721687836487029));
#11881=CARTESIAN_POINT('Origin',(-2.99999999999999,-1.25,0.721687836487033));
#11882=CARTESIAN_POINT('Ctrl Pts',(-1.69999999999999,-1.25,0.721687836487035));
#11883=CARTESIAN_POINT('Ctrl Pts',(-1.49166666666666,-0.625,1.08253175473055));
#11884=CARTESIAN_POINT('Ctrl Pts',(-1.69999999999999,-3.27959141325588E-15,
1.44337567297406));
#11885=CARTESIAN_POINT('Origin',(-1.28333333333333,-1.2902246611169E-16,
0.));
#11886=CARTESIAN_POINT('',(-0.86666666666666,-1.2046659965866E-16,0.));
#11887=CARTESIAN_POINT('',(-1.28333333333333,-0.721687836487032,-8.83812698937422E-17));
#11888=CARTESIAN_POINT('',(0.,0.,0.));
#11889=CARTESIAN_POINT('Origin',(0.,-5.,0.));
#11890=CARTESIAN_POINT('',(-4.9749371855331,-5.5,-6.12323399573678E-17));
#11891=CARTESIAN_POINT('',(-4.9749371855331,-5.,-0.500000000000001));
#11892=CARTESIAN_POINT('Origin',(-4.9749371855331,-5.,0.));
#11893=CARTESIAN_POINT('',(4.9749371855331,-5.5,6.12323399573678E-17));
#11894=CARTESIAN_POINT('',(0.,-5.5,-6.12323399573678E-17));
#11895=CARTESIAN_POINT('Origin',(4.9749371855331,-5.,0.));
#11896=CARTESIAN_POINT('',(-4.9749371855331,-5.,0.500000000000001));
#11897=CARTESIAN_POINT('Origin',(-4.9749371855331,-5.,0.));
#11898=CARTESIAN_POINT('Origin',(-4.9749371855331,-5.,0.));
#11899=CARTESIAN_POINT('Origin',(6.24500451351651E-16,-5.,0.));
#11900=CARTESIAN_POINT('',(3.18338751564812E-16,-5.,-5.));
#11901=CARTESIAN_POINT('Origin',(6.24500451351651E-16,-5.,0.));
#11902=CARTESIAN_POINT('',(3.18338751564812E-16,-5.,5.));
#11903=CARTESIAN_POINT('Origin',(6.24500451351651E-16,-5.,0.));
#11904=CARTESIAN_POINT('',(0.,0.,0.));
#11905=CARTESIAN_POINT('Origin',(0.,-10.5,40.3792402008342));
#11906=CARTESIAN_POINT('',(1.2295,-10.5,-2.));
#11907=CARTESIAN_POINT('Origin',(0.,-10.5,-2.));
#11908=CARTESIAN_POINT('',(1.2295,-10.5,2.));
#11909=CARTESIAN_POINT('',(1.2295,-10.5,40.3792402008342));
#11910=CARTESIAN_POINT('Origin',(0.,-10.5,2.));
#11911=CARTESIAN_POINT('Origin',(-1.,-0.1,-1.9));
#11912=CARTESIAN_POINT('',(-1.8,0.,-1.8));
#11913=CARTESIAN_POINT('',(1.8,0.,-1.8));
#11914=CARTESIAN_POINT('',(-1.,0.,-1.8));
#11915=CARTESIAN_POINT('',(2.,-0.2,-2.));
#11916=CARTESIAN_POINT('',(1.8,0.,-1.8));
#11917=CARTESIAN_POINT('',(-2.,-0.2,-2.));
#11918=CARTESIAN_POINT('',(-1.,-0.2,-2.));
#11919=CARTESIAN_POINT('',(-2.,-0.2,-2.));
#11920=CARTESIAN_POINT('Origin',(1.,-0.1,1.9));
#11921=CARTESIAN_POINT('',(-2.,-0.2,2.));
#11922=CARTESIAN_POINT('',(2.,-0.2,2.));
#11923=CARTESIAN_POINT('',(1.,-0.2,2.));
#11924=CARTESIAN_POINT('',(1.8,0.,1.8));
#11925=CARTESIAN_POINT('',(2.,-0.2,2.));
#11926=CARTESIAN_POINT('',(-1.8,0.,1.8));
#11927=CARTESIAN_POINT('',(1.,0.,1.8));
#11928=CARTESIAN_POINT('',(-2.,-0.2,2.));
#11929=CARTESIAN_POINT('Origin',(1.9,-0.1,-1.));
#11930=CARTESIAN_POINT('',(1.8,0.,-1.));
#11931=CARTESIAN_POINT('',(2.,-0.2,-1.));
#11932=CARTESIAN_POINT('Origin',(-1.9,-0.1,1.));
#11933=CARTESIAN_POINT('',(-1.8,0.,1.));
#11934=CARTESIAN_POINT('',(-2.,-0.2,1.));
#11935=CARTESIAN_POINT('Origin',(2.,0.,-2.));
#11936=CARTESIAN_POINT('',(2.,-20.8,2.));
#11937=CARTESIAN_POINT('',(2.,0.,2.));
#11938=CARTESIAN_POINT('',(2.,-20.8,-2.));
#11939=CARTESIAN_POINT('',(2.,-20.8,-1.));
#11940=CARTESIAN_POINT('',(2.,0.,-2.));
#11941=CARTESIAN_POINT('Origin',(2.,0.,2.));
#11942=CARTESIAN_POINT('',(-2.,-20.8,2.));
#11943=CARTESIAN_POINT('',(-2.,0.,2.));
#11944=CARTESIAN_POINT('',(1.,-20.8,2.));
#11945=CARTESIAN_POINT('Origin',(0.,0.,0.));
#11946=CARTESIAN_POINT('',(1.5,0.,-1.83697019872103E-16));
#11947=CARTESIAN_POINT('Origin',(0.,0.,0.));
#11948=CARTESIAN_POINT('Origin',(1.,-20.9,1.9));
#11949=CARTESIAN_POINT('',(-1.8,-21.,1.8));
#11950=CARTESIAN_POINT('',(1.8,-21.,1.8));
#11951=CARTESIAN_POINT('',(1.,-21.,1.8));
#11952=CARTESIAN_POINT('',(1.8,-21.,1.8));
#11953=CARTESIAN_POINT('',(-1.8,-21.,1.8));
#11954=CARTESIAN_POINT('Origin',(1.9,-20.9,-1.));
#11955=CARTESIAN_POINT('',(1.8,-21.,-1.8));
#11956=CARTESIAN_POINT('',(1.8,-21.,-1.));
#11957=CARTESIAN_POINT('',(1.8,-21.,-1.8));
#11958=CARTESIAN_POINT('Origin',(-1.9,-20.9,1.));
#11959=CARTESIAN_POINT('',(-2.,-20.8,-2.));
#11960=CARTESIAN_POINT('',(-2.,-20.8,1.));
#11961=CARTESIAN_POINT('',(-1.8,-21.,-1.8));
#11962=CARTESIAN_POINT('',(-2.,-20.8,-2.));
#11963=CARTESIAN_POINT('',(-1.8,-21.,1.));
#11964=CARTESIAN_POINT('Origin',(-1.,-20.9,-1.9));
#11965=CARTESIAN_POINT('',(-1.,-21.,-1.8));
#11966=CARTESIAN_POINT('',(-1.,-20.8,-2.));
#11967=CARTESIAN_POINT('Origin',(-2.,0.,2.));
#11968=CARTESIAN_POINT('',(-2.,0.,-2.));
#11969=CARTESIAN_POINT('Origin',(0.,-21.,0.));
#11970=CARTESIAN_POINT('Origin',(0.,20.9,0.));
#11971=CARTESIAN_POINT('',(-1.3,21.,-1.59204083889156E-16));
#11972=CARTESIAN_POINT('Origin',(0.,21.,0.));
#11973=CARTESIAN_POINT('',(-1.5,20.8,1.83697019872103E-16));
#11974=CARTESIAN_POINT('',(-1.4,20.9,1.71450551880629E-16));
#11975=CARTESIAN_POINT('',(1.5,20.8,-1.83697019872103E-16));
#11976=CARTESIAN_POINT('Origin',(0.,20.8,0.));
#11977=CARTESIAN_POINT('Origin',(0.,20.8,0.));
#11978=CARTESIAN_POINT('Origin',(0.,0.,0.));
#11979=CARTESIAN_POINT('',(1.5,0.,-1.83697019872103E-16));
#11980=CARTESIAN_POINT('Origin',(0.,21.,0.));
#11981=CARTESIAN_POINT('Origin',(-2.,0.,-2.));
#11982=CARTESIAN_POINT('',(0.,0.,0.));
#11983=CARTESIAN_POINT('Origin',(0.1533625,3.68109040507469E-17,0.));
#11984=CARTESIAN_POINT('',(0.306725,1.5,-1.83697019872103E-16));
#11985=CARTESIAN_POINT('',(0.306725000000001,-1.5,-1.83697019872103E-16));
#11986=CARTESIAN_POINT('Origin',(0.306725,7.36218081014938E-17,0.));
#11987=CARTESIAN_POINT('Origin',(0.306725,7.36218081014938E-17,0.));
#11988=CARTESIAN_POINT('',(-5.90491247628673E-17,0.968736716048436,1.18636031852523E-16));
#11989=CARTESIAN_POINT('',(0.1533625,1.23436835802422,1.51166525862313E-16));
#11990=CARTESIAN_POINT('Origin',(1.73472347597681E-16,4.62223186652937E-32,
0.));
#11991=CARTESIAN_POINT('Origin',(1.5,3.60038184537421E-16,0.));
#11992=CARTESIAN_POINT('',(2.46873671604844,1.5,1.83697019872103E-16));
#11993=CARTESIAN_POINT('',(2.46873671604844,-1.5,-1.83697019872103E-16));
#11994=CARTESIAN_POINT('Origin',(2.46873671604844,5.92559656897969E-16,
0.));
#11995=CARTESIAN_POINT('Origin',(2.46873671604844,5.92559656897969E-16,
0.));
#11996=CARTESIAN_POINT('',(1.5,-1.5,-1.83697019872103E-16));
#11997=CARTESIAN_POINT('Origin',(0.,0.75,0.));
#11998=CARTESIAN_POINT('Origin',(3.,-6.33007942187067E-16,0.866025403784432));
#11999=CARTESIAN_POINT('',(1.8,-1.59594559789866E-15,0.866025403784432));
#12000=CARTESIAN_POINT('',(1.8,-0.749999999999995,0.433012701892215));
#12001=CARTESIAN_POINT('Ctrl Pts',(1.8,1.14513462655475E-15,0.866025403784433));
#12002=CARTESIAN_POINT('Ctrl Pts',(1.675,-0.374999999999998,0.649519052838323));
#12003=CARTESIAN_POINT('Ctrl Pts',(1.8,-0.749999999999996,0.433012701892214));
#12004=CARTESIAN_POINT('',(3.,-6.33007942187067E-16,0.866025403784432));
#12005=CARTESIAN_POINT('',(2.4,-1.17961196366423E-15,0.866025403784432));
#12006=CARTESIAN_POINT('',(3.,-0.749999999999994,0.433012701892215));
#12007=CARTESIAN_POINT('',(3.,-0.187499999999999,0.757772228311378));
#12008=CARTESIAN_POINT('',(2.4,-0.749999999999994,0.433012701892215));
#12009=CARTESIAN_POINT('Origin',(3.,-0.749999999999994,0.433012701892215));
#12010=CARTESIAN_POINT('',(1.73301270189222,-0.749999999999994,-1.10331292329483E-16));
#12011=CARTESIAN_POINT('Ctrl Pts',(1.8,-0.749999999999995,0.433012701892217));
#12012=CARTESIAN_POINT('Ctrl Pts',(1.73301270189222,-0.749999999999994,
0.200961894323342));
#12013=CARTESIAN_POINT('Ctrl Pts',(1.73301270189222,-0.749999999999994,
-1.28814074722915E-16));
#12014=CARTESIAN_POINT('',(3.,-0.749999999999993,-0.433012701892217));
#12015=CARTESIAN_POINT('',(3.,-0.749999999999994,0.216506350946107));
#12016=CARTESIAN_POINT('',(1.8,-0.749999999999993,-0.433012701892217));
#12017=CARTESIAN_POINT('',(2.4,-0.749999999999993,-0.433012701892217));
#12018=CARTESIAN_POINT('Ctrl Pts',(1.73301270189222,-0.749999999999994,
-1.28814074722915E-16));
#12019=CARTESIAN_POINT('Ctrl Pts',(1.73301270189222,-0.749999999999994,
-0.200961894323343));
#12020=CARTESIAN_POINT('Ctrl Pts',(1.8,-0.749999999999993,-0.433012701892219));
#12021=CARTESIAN_POINT('Origin',(3.,0.749999999999994,0.433012701892217));
#12022=CARTESIAN_POINT('',(1.8,0.749999999999995,0.433012701892216));
#12023=CARTESIAN_POINT('Ctrl Pts',(1.8,0.749999999999996,0.433012701892215));
#12024=CARTESIAN_POINT('Ctrl Pts',(1.675,0.374999999999997,0.649519052838324));
#12025=CARTESIAN_POINT('Ctrl Pts',(1.8,-2.81003489867237E-15,0.866025403784433));
#12026=CARTESIAN_POINT('',(3.,0.749999999999994,0.433012701892217));
#12027=CARTESIAN_POINT('',(2.4,0.749999999999995,0.433012701892216));
#12028=CARTESIAN_POINT('',(3.,0.562499999999996,0.541265877365271));
#12029=CARTESIAN_POINT('Origin',(3.,-0.749999999999993,-0.433012701892217));
#12030=CARTESIAN_POINT('',(1.8,1.87350135405495E-15,-0.866025403784432));
#12031=CARTESIAN_POINT('Ctrl Pts',(1.8,-0.749999999999995,-0.433012701892216));
#12032=CARTESIAN_POINT('Ctrl Pts',(1.675,-0.374999999999996,-0.649519052838325));
#12033=CARTESIAN_POINT('Ctrl Pts',(1.8,3.85130324907858E-15,-0.866025403784433));
#12034=CARTESIAN_POINT('',(3.,8.26133892947332E-16,-0.866025403784432));
#12035=CARTESIAN_POINT('',(3.,-0.562499999999994,-0.541265877365271));
#12036=CARTESIAN_POINT('',(2.4,1.73472347597681E-15,-0.866025403784432));
#12037=CARTESIAN_POINT('Origin',(3.,0.749999999999995,-0.433012701892215));
#12038=CARTESIAN_POINT('',(1.8,0.749999999999995,-0.433012701892215));
#12039=CARTESIAN_POINT('Ctrl Pts',(1.8,0.749999999999995,-0.433012701892217));
#12040=CARTESIAN_POINT('Ctrl Pts',(1.675,0.749999999999995,1.04083408558608E-15));
#12041=CARTESIAN_POINT('Ctrl Pts',(1.8,0.749999999999994,0.433012701892219));
#12042=CARTESIAN_POINT('',(3.,0.749999999999995,-0.433012701892215));
#12043=CARTESIAN_POINT('',(2.4,0.749999999999995,-0.433012701892215));
#12044=CARTESIAN_POINT('',(3.,0.749999999999995,-0.216506350946107));
#12045=CARTESIAN_POINT('Origin',(3.,1.86499386321954E-15,-0.866025403784432));
#12046=CARTESIAN_POINT('Ctrl Pts',(1.8,-2.39370126443794E-15,-0.866025403784434));
#12047=CARTESIAN_POINT('Ctrl Pts',(1.675,0.374999999999998,-0.649519052838324));
#12048=CARTESIAN_POINT('Ctrl Pts',(1.8,0.749999999999999,-0.433012701892213));
#12049=CARTESIAN_POINT('',(3.,0.1875,-0.757772228311378));
#12050=CARTESIAN_POINT('Origin',(3.,7.20076369074842E-16,0.));
#12051=CARTESIAN_POINT('',(3.,1.193275,-1.46134040925256E-16));
#12052=CARTESIAN_POINT('Origin',(3.,7.20076369074842E-16,0.));
#12053=CARTESIAN_POINT('Origin',(2.73436835802422,6.56318012986406E-16,
0.));
#12054=CARTESIAN_POINT('',(2.73436835802422,1.3466375,1.64915530398679E-16));
#12055=CARTESIAN_POINT('Origin',(1.55,3.72039457355335E-16,0.));
#12056=CARTESIAN_POINT('',(1.3,3.12033093265765E-16,0.));
#12057=CARTESIAN_POINT('',(1.55,-0.433012701892216,-5.30287619362449E-17));
#12058=CARTESIAN_POINT('',(0.,0.,0.));
#12059=CARTESIAN_POINT('Origin',(0.,0.,0.));
#12060=CARTESIAN_POINT('',(0.,4.2,5.14351655641888E-16));
#12061=CARTESIAN_POINT('Origin',(0.,0.,0.));
#12062=CARTESIAN_POINT('',(1.6,4.2,5.14351655641888E-16));
#12063=CARTESIAN_POINT('',(0.,4.2,5.14351655641888E-16));
#12064=CARTESIAN_POINT('Origin',(1.6,0.,0.));
#12065=CARTESIAN_POINT('Origin',(0.,0.,0.));
#12066=CARTESIAN_POINT('',(1.6,8.,9.79717439317883E-16));
#12067=CARTESIAN_POINT('Origin',(1.6,0.,0.));
#12068=CARTESIAN_POINT('',(0.,8.,9.79717439317883E-16));
#12069=CARTESIAN_POINT('',(0.,8.,9.79717439317883E-16));
#12070=CARTESIAN_POINT('Origin',(0.,0.,0.));
#12071=CARTESIAN_POINT('Origin',(1.6,0.,0.));
#12072=CARTESIAN_POINT('Origin',(0.,0.,0.));
#12073=CARTESIAN_POINT('',(0.,0.,0.));
#12074=CARTESIAN_POINT('Origin',(0.100000000000002,-1.09750245701295E-16,
0.));
#12075=CARTESIAN_POINT('',(2.23779328401008E-15,-3.06802321905288E-16,1.6));
#12076=CARTESIAN_POINT('Origin',(2.23779328401008E-15,-1.10858834041712E-16,
0.));
#12077=CARTESIAN_POINT('',(0.100000000000002,-2.93447265573397E-16,1.5));
#12078=CARTESIAN_POINT('Origin',(0.100000000000002,-3.05693733564871E-16,
1.6));
#12079=CARTESIAN_POINT('',(0.100000000000002,-1.5,-1.83697019872103E-16));
#12080=CARTESIAN_POINT('Origin',(0.100000000000002,-1.09750245701295E-16,
0.));
#12081=CARTESIAN_POINT('Origin',(0.100000000000002,-1.09750245701295E-16,
0.));
#12082=CARTESIAN_POINT('Origin',(5.625,-4.85007398932488E-17,0.));
#12083=CARTESIAN_POINT('',(9.693275,1.5,1.83697019872103E-16));
#12084=CARTESIAN_POINT('',(9.693275,-1.5,-1.83697019872103E-16));
#12085=CARTESIAN_POINT('Origin',(9.693275,-3.4003175871444E-18,0.));
#12086=CARTESIAN_POINT('Origin',(9.693275,-3.4003175871444E-18,0.));
#12087=CARTESIAN_POINT('',(5.625,-1.5,-1.83697019872103E-16));
#12088=CARTESIAN_POINT('Origin',(2.22044604925031E-15,2.125,0.));
#12089=CARTESIAN_POINT('',(2.22044604925031E-15,-2.75,-3.36777869765522E-16));
#12090=CARTESIAN_POINT('Origin',(2.22044604925031E-15,-1.10858834041712E-16,
0.));
#12091=CARTESIAN_POINT('Origin',(9.8466375,-1.7001587935722E-18,0.));
#12092=CARTESIAN_POINT('',(10.,1.193275,-1.46134040925256E-16));
#12093=CARTESIAN_POINT('Origin',(10.,-1.92592994438724E-33,0.));
#12094=CARTESIAN_POINT('',(9.8466375,1.3466375,1.64915530398679E-16));
#12095=CARTESIAN_POINT('Origin',(10.,0.75,0.));
#12096=CARTESIAN_POINT('Origin',(-2.69999999999999,-1.40790719232974E-16,
0.));
#12097=CARTESIAN_POINT('',(-2.69999999999999,-4.77568588998496E-16,2.75));
#12098=CARTESIAN_POINT('',(-2.69999999999999,-2.75,-3.36777869765522E-16));
#12099=CARTESIAN_POINT('Origin',(-2.69999999999999,-1.40790719232974E-16,
0.));
#12100=CARTESIAN_POINT('Origin',(-2.69999999999999,-1.40790719232974E-16,
0.));
#12101=CARTESIAN_POINT('',(-2.99999999999999,-4.44154950045327E-16,2.45));
#12102=CARTESIAN_POINT('Origin',(-2.69999999999999,-4.40829185024076E-16,
2.45));
#12103=CARTESIAN_POINT('Origin',(-2.99999999999999,-1.44116484254225E-16,
0.));
#12104=CARTESIAN_POINT('Origin',(-2.99999999999999,2.09668783648703,0.));
#12105=CARTESIAN_POINT('',(-2.99999999999999,1.25,-0.721687836487033));
#12106=CARTESIAN_POINT('',(-2.99999999999999,1.25,0.721687836487032));
#12107=CARTESIAN_POINT('',(-2.99999999999999,1.25,0.360843918243515));
#12108=CARTESIAN_POINT('',(-2.99999999999999,3.26460555332594E-17,1.44337567297406));
#12109=CARTESIAN_POINT('',(-2.99999999999999,0.3125,1.26295371385231));
#12110=CARTESIAN_POINT('',(-2.99999999999999,-1.25,0.721687836487033));
#12111=CARTESIAN_POINT('',(-2.99999999999999,-0.937500000000001,0.902109795608791));
#12112=CARTESIAN_POINT('',(-2.99999999999999,-1.25,-0.721687836487032));
#12113=CARTESIAN_POINT('',(-2.99999999999999,-1.25,-0.360843918243516));
#12114=CARTESIAN_POINT('',(-2.99999999999999,-3.18188913704578E-16,-1.44337567297406));
#12115=CARTESIAN_POINT('',(-2.99999999999999,-0.3125,-1.26295371385231));
#12116=CARTESIAN_POINT('',(-2.99999999999999,0.9375,-0.902109795608791));
#12117=CARTESIAN_POINT('Origin',(-1.5,-1.27487659147968E-16,0.));
#12118=CARTESIAN_POINT('',(-1.5,-2.75,-3.36777869765522E-16));
#12119=CARTESIAN_POINT('Origin',(-2.99999999999999,-3.18188913704578E-16,
-1.44337567297406));
#12120=CARTESIAN_POINT('',(-1.69999999999999,5.00134221698928E-16,-1.44337567297406));
#12121=CARTESIAN_POINT('',(-1.69999999999999,-1.25,-0.721687836487033));
#12122=CARTESIAN_POINT('Ctrl Pts',(-1.69999999999999,6.75578111971239E-16,
-1.44337567297407));
#12123=CARTESIAN_POINT('Ctrl Pts',(-1.49166666666666,-0.625,-1.08253175473055));
#12124=CARTESIAN_POINT('Ctrl Pts',(-1.69999999999999,-1.25,-0.721687836487032));
#12125=CARTESIAN_POINT('',(-2.34999999999999,8.32667268468867E-16,-1.44337567297406));
#12126=CARTESIAN_POINT('',(-2.34999999999999,-1.25,-0.721687836487033));
#12127=CARTESIAN_POINT('Origin',(-2.99999999999999,1.25,-0.721687836487033));
#12128=CARTESIAN_POINT('',(-1.69999999999999,1.25,-0.721687836487033));
#12129=CARTESIAN_POINT('Ctrl Pts',(-1.69999999999999,1.25,-0.721687836487032));
#12130=CARTESIAN_POINT('Ctrl Pts',(-1.49166666666666,0.625,-1.08253175473055));
#12131=CARTESIAN_POINT('Ctrl Pts',(-1.69999999999999,-1.47547899824E-15,
-1.44337567297407));
#12132=CARTESIAN_POINT('',(-2.34999999999999,1.25,-0.721687836487033));
#12133=CARTESIAN_POINT('Origin',(-2.99999999999999,1.25,0.721687836487032));
#12134=CARTESIAN_POINT('',(-1.69999999999999,1.25,0.721687836487032));
#12135=CARTESIAN_POINT('Ctrl Pts',(-1.69999999999999,1.25,0.721687836487032));
#12136=CARTESIAN_POINT('Ctrl Pts',(-1.49166666666666,1.25,-9.71445146547012E-16));
#12137=CARTESIAN_POINT('Ctrl Pts',(-1.69999999999999,1.25,-0.721687836487034));
#12138=CARTESIAN_POINT('',(-2.34999999999999,1.25,0.721687836487033));
#12139=CARTESIAN_POINT('Origin',(-2.99999999999999,-3.32576502125134E-17,
1.44337567297406));
#12140=CARTESIAN_POINT('',(-1.69999999999999,2.22578465542639E-16,1.44337567297406));
#12141=CARTESIAN_POINT('Ctrl Pts',(-1.69999999999999,-1.12853430304464E-15,
1.44337567297407));
#12142=CARTESIAN_POINT('Ctrl Pts',(-1.49166666666666,0.625,1.08253175473055));
#12143=CARTESIAN_POINT('Ctrl Pts',(-1.69999999999999,1.25,0.721687836487032));
#12144=CARTESIAN_POINT('',(-2.34999999999999,6.93889390390723E-16,1.44337567297406));
#12145=CARTESIAN_POINT('Origin',(-2.99999999999999,-1.25,-0.721687836487032));
#12146=CARTESIAN_POINT('',(-1.58835450315369,-1.25,-1.40947462308167E-16));
#12147=CARTESIAN_POINT('Ctrl Pts',(-1.69999999999999,-1.25,-0.721687836487034));
#12148=CARTESIAN_POINT('Ctrl Pts',(-1.58835450315369,-1.25,-0.334936490538904));
#12149=CARTESIAN_POINT('Ctrl Pts',(-1.58835450315369,-1.25,-1.28814074722915E-16));
#12150=CARTESIAN_POINT('',(-1.69999999999999,-1.25,0.721687836487032));
#12151=CARTESIAN_POINT('',(-2.34999999999999,-1.25,0.721687836487031));
#12152=CARTESIAN_POINT('Ctrl Pts',(-1.58835450315369,-1.25,-1.28814074722915E-16));
#12153=CARTESIAN_POINT('Ctrl Pts',(-1.58835450315369,-1.25,0.334936490538904));
#12154=CARTESIAN_POINT('Ctrl Pts',(-1.69999999999999,-1.25,0.721687836487034));
#12155=CARTESIAN_POINT('Origin',(-2.99999999999999,-1.25,0.721687836487033));
#12156=CARTESIAN_POINT('Ctrl Pts',(-1.69999999999999,-1.25,0.721687836487032));
#12157=CARTESIAN_POINT('Ctrl Pts',(-1.49166666666666,-0.625,1.08253175473055));
#12158=CARTESIAN_POINT('Ctrl Pts',(-1.69999999999999,1.16130068524474E-15,
1.44337567297407));
#12159=CARTESIAN_POINT('Origin',(-1.28333333333333,-1.25085717743731E-16,
0.));
#12160=CARTESIAN_POINT('',(-0.86666666666666,-1.2046659965866E-16,0.));
#12161=CARTESIAN_POINT('',(-1.28333333333333,-0.721687836487032,-8.83812698937422E-17));
#12162=CARTESIAN_POINT('',(0.,0.,0.));
#12163=CARTESIAN_POINT('Ctrl Pts',(-75.9880940327248,-50.000000007656,70.5000000000002));
#12164=CARTESIAN_POINT('Ctrl Pts',(-76.2124304832846,-50.0035612400949,
70.5000000721441));
#12165=CARTESIAN_POINT('Ctrl Pts',(-76.6606565280591,-50.0106362087274,
70.602484672199));
#12166=CARTESIAN_POINT('Ctrl Pts',(-77.2014113357496,-50.0190834959442,
71.0327552535621));
#12167=CARTESIAN_POINT('Ctrl Pts',(-77.4992378003721,-50.0237062850431,
71.6545794414678));
#12168=CARTESIAN_POINT('Ctrl Pts',(-77.5032156493648,-50.0237622724529,
72.5761286435212));
#12169=CARTESIAN_POINT('Ctrl Pts',(-76.7362919255542,-50.0118877640297,
73.5494822465745));
#12170=CARTESIAN_POINT('Ctrl Pts',(-75.2425396738523,-49.988173706117,73.5443712580391));
#12171=CARTESIAN_POINT('Ctrl Pts',(-74.4712389959235,-49.9756216954623,
72.5778906925486));
#12172=CARTESIAN_POINT('Ctrl Pts',(-74.4768418657336,-49.9757194147562,
71.6542907615691));
#12173=CARTESIAN_POINT('Ctrl Pts',(-74.7746669057792,-49.9805568389337,
71.03292959145));
#12174=CARTESIAN_POINT('Ctrl Pts',(-75.3154777010604,-49.9892819154423,
70.6024404851656));
#12175=CARTESIAN_POINT('Ctrl Pts',(-75.7637575821649,-49.9964387752172,
70.4999999278563));
#12176=CARTESIAN_POINT('Ctrl Pts',(-75.9880940327247,-50.000000007656,70.5000000000002));
#12177=CARTESIAN_POINT('Ctrl Pts',(-75.9880940327249,-49.7008007058558,
70.4999999977095));
#12178=CARTESIAN_POINT('Ctrl Pts',(-76.2129083563464,-49.7036802873401,
70.4989019826936));
#12179=CARTESIAN_POINT('Ctrl Pts',(-76.6622398748104,-49.7094189559971,
70.5989670066666));
#12180=CARTESIAN_POINT('Ctrl Pts',(-77.2070278821236,-49.7162952522083,
71.0284223291377));
#12181=CARTESIAN_POINT('Ctrl Pts',(-77.5074598712789,-49.7200699362672,
71.6528235114309));
#12182=CARTESIAN_POINT('Ctrl Pts',(-77.5117544129671,-49.7201166905029,
72.5807794387701));
#12183=CARTESIAN_POINT('Ctrl Pts',(-76.7365754058214,-49.710415390236,73.5560564579053));
#12184=CARTESIAN_POINT('Ctrl Pts',(-75.2419384004347,-49.6912260442975,
73.5406310446931));
#12185=CARTESIAN_POINT('Ctrl Pts',(-74.4772481181947,-49.6811667964934,
72.5756847808622));
#12186=CARTESIAN_POINT('Ctrl Pts',(-74.4829384371529,-49.6812410019573,
71.6565295407489));
#12187=CARTESIAN_POINT('Ctrl Pts',(-74.7779728486459,-49.6851242355256,
71.0368257433942));
#12188=CARTESIAN_POINT('Ctrl Pts',(-75.3158885857749,-49.6921404563288,
70.6054654591432));
#12189=CARTESIAN_POINT('Ctrl Pts',(-75.7632797091033,-49.6979211243716,
70.5010980127253));
#12190=CARTESIAN_POINT('Ctrl Pts',(-75.9880940327249,-49.7008007058558,
70.4999999977095));
#12191=CARTESIAN_POINT('Ctrl Pts',(-75.9880939519392,-49.1830102514001,
70.7513043461895));
#12192=CARTESIAN_POINT('Ctrl Pts',(-76.1747403980004,-49.1838776265681,
70.7496111882844));
#12193=CARTESIAN_POINT('Ctrl Pts',(-76.5494875061766,-49.1856065441592,
70.8315927500725));
#12194=CARTESIAN_POINT('Ctrl Pts',(-77.0051186000416,-49.1876878385605,
71.1885366998653));
#12195=CARTESIAN_POINT('Ctrl Pts',(-77.2574135502514,-49.1888316299928,
71.7095214370997));
#12196=CARTESIAN_POINT('Ctrl Pts',(-77.2609756109866,-49.1888467899618,
72.4841736060238));
#12197=CARTESIAN_POINT('Ctrl Pts',(-76.610348909187,-49.1859020189189,73.2971512934188));
#12198=CARTESIAN_POINT('Ctrl Pts',(-75.3672136320401,-49.1801308863246,
73.2779383308015));
#12199=CARTESIAN_POINT('Ctrl Pts',(-74.7374234955128,-49.1771311894989,
72.4758427387211));
#12200=CARTESIAN_POINT('Ctrl Pts',(-74.7416540505912,-49.177154009,71.714974980295));
#12201=CARTESIAN_POINT('Ctrl Pts',(-74.9853441901933,-49.1783106485733,
71.2012406029951));
#12202=CARTESIAN_POINT('Ctrl Pts',(-75.4299142884664,-49.1804089690314,
70.8416967971276));
#12203=CARTESIAN_POINT('Ctrl Pts',(-75.8014475058779,-49.182142876232,70.7529975040945));
#12204=CARTESIAN_POINT('Ctrl Pts',(-75.9880939519392,-49.1830102514001,
70.7513043461895));
#12205=CARTESIAN_POINT('Ctrl Pts',(-75.9880937833957,-48.9999999999999,
71.27560052365));
#12206=CARTESIAN_POINT('Ctrl Pts',(-76.0963865450279,-48.9999908171463,
71.275096218959));
#12207=CARTESIAN_POINT('Ctrl Pts',(-76.3133654075138,-48.9999889698107,
71.323613544144));
#12208=CARTESIAN_POINT('Ctrl Pts',(-76.5761577581001,-48.9999792494809,
71.5310368434833));
#12209=CARTESIAN_POINT('Ctrl Pts',(-76.7213263466333,-48.9999814384157,
71.8323042569694));
#12210=CARTESIAN_POINT('Ctrl Pts',(-76.7233126129324,-48.999978982555,72.2794835908765));
#12211=CARTESIAN_POINT('Ctrl Pts',(-76.3492690057726,-48.9999875311563,
72.750340544732));
#12212=CARTESIAN_POINT('Ctrl Pts',(-75.6279345614758,-49.0000068901253,
72.7434566328112));
#12213=CARTESIAN_POINT('Ctrl Pts',(-75.2591268113509,-49.0000281298047,
72.277448326191));
#12214=CARTESIAN_POINT('Ctrl Pts',(-75.2616806013094,-49.0000220384053,
71.8338411260814));
#12215=CARTESIAN_POINT('Ctrl Pts',(-75.4042767193046,-49.000023476498,71.5348559559486));
#12216=CARTESIAN_POINT('Ctrl Pts',(-75.66377311313,-49.0000116295539,71.3266143505014));
#12217=CARTESIAN_POINT('Ctrl Pts',(-75.8798010217635,-49.0000091828535,
71.2761048283411));
#12218=CARTESIAN_POINT('Ctrl Pts',(-75.9880937833957,-48.9999999999999,
71.27560052365));
#12219=CARTESIAN_POINT('Ctrl Pts',(-75.9880937112588,-48.9999999999999,
71.5000000000002));
#12220=CARTESIAN_POINT('Ctrl Pts',(-76.0629007998762,-48.9999999999999,
71.5000000240481));
#12221=CARTESIAN_POINT('Ctrl Pts',(-76.2123654876619,-49.,71.5341615573998));
#12222=CARTESIAN_POINT('Ctrl Pts',(-76.3926836133437,-49.0000000000001,
71.6775850845208));
#12223=CARTESIAN_POINT('Ctrl Pts',(-76.4919953910498,-49.0000000000001,
71.8848598138227));
#12224=CARTESIAN_POINT('Ctrl Pts',(-76.4933217565574,-49.0000000000002,
72.1920428811738));
#12225=CARTESIAN_POINT('Ctrl Pts',(-76.2375874207387,-49.0000000000001,
72.5164940821916));
#12226=CARTESIAN_POINT('Ctrl Pts',(-75.7394817448783,-48.9999999999999,
72.5147904193465));
#12227=CARTESIAN_POINT('Ctrl Pts',(-75.4822806315199,-48.9999999999998,
72.1926302308497));
#12228=CARTESIAN_POINT('Ctrl Pts',(-75.4841490648118,-48.9999999999997,
71.8847635871898));
#12229=CARTESIAN_POINT('Ctrl Pts',(-75.5834629244105,-48.9999999999998,
71.6776431971501));
#12230=CARTESIAN_POINT('Ctrl Pts',(-75.7638030175558,-48.9999999999998,
71.5341468283886));
#12231=CARTESIAN_POINT('Ctrl Pts',(-75.9132866226415,-48.9999999999999,
71.4999999759522));
#12232=CARTESIAN_POINT('Ctrl Pts',(-75.9880937112588,-48.9999999999999,
71.5000000000002));
#12233=CARTESIAN_POINT('',(-75.9880937112588,-48.9999999999999,71.5000000000002));
#12234=CARTESIAN_POINT('',(-75.9880940327248,-50.000000007656,70.5000000000002));
#12235=CARTESIAN_POINT('Origin',(-75.9880937112584,-49.9999999999999,71.5000000000001));
#12236=CARTESIAN_POINT('',(-74.4873438088015,-49.9758876409468,72.0005578023326));
#12237=CARTESIAN_POINT('Ctrl Pts',(-75.9880940327248,-50.000000007656,70.5000000000002));
#12238=CARTESIAN_POINT('Ctrl Pts',(-76.2124304832846,-50.0035612400949,
70.5000000721441));
#12239=CARTESIAN_POINT('Ctrl Pts',(-76.6606565280591,-50.0106362087274,
70.602484672199));
#12240=CARTESIAN_POINT('Ctrl Pts',(-77.2014113357496,-50.0190834959442,
71.0327552535621));
#12241=CARTESIAN_POINT('Ctrl Pts',(-77.4992378003721,-50.0237062850431,
71.6545794414678));
#12242=CARTESIAN_POINT('Ctrl Pts',(-77.5032156493648,-50.0237622724529,
72.5761286435212));
#12243=CARTESIAN_POINT('Ctrl Pts',(-76.7362919255542,-50.0118877640297,
73.5494822465745));
#12244=CARTESIAN_POINT('Ctrl Pts',(-75.2425396738523,-49.988173706117,73.5443712580391));
#12245=CARTESIAN_POINT('Ctrl Pts',(-74.5483685307459,-49.9768768878543,
72.6745380812574));
#12246=CARTESIAN_POINT('Ctrl Pts',(-74.4870119989913,-49.975881788355,72.1129555190381));
#12247=CARTESIAN_POINT('Ctrl Pts',(-74.4873438088015,-49.9758876409468,
72.0005578023326));
#12248=CARTESIAN_POINT('Ctrl Pts',(-74.4873438088015,-49.9758876409468,
72.0005578023326));
#12249=CARTESIAN_POINT('Ctrl Pts',(-74.487675614026,-49.9758934934577,71.8881616389577));
#12250=CARTESIAN_POINT('Ctrl Pts',(-74.5264797154041,-49.9765256576902,
71.550729850946));
#12251=CARTESIAN_POINT('Ctrl Pts',(-74.7746669057792,-49.9805568389337,
71.03292959145));
#12252=CARTESIAN_POINT('Ctrl Pts',(-75.3154777010604,-49.9892819154423,
70.6024404851656));
#12253=CARTESIAN_POINT('Ctrl Pts',(-75.7637575821649,-49.9964387752172,
70.4999999278563));
#12254=CARTESIAN_POINT('Ctrl Pts',(-75.9880940327247,-50.000000007656,70.5000000000002));
#12255=CARTESIAN_POINT('Ctrl Pts',(-75.9880937112588,-48.9999999999999,
71.5000000000002));
#12256=CARTESIAN_POINT('Ctrl Pts',(-75.9132866226415,-48.9999999999999,
71.4999999759522));
#12257=CARTESIAN_POINT('Ctrl Pts',(-75.7638030175558,-48.9999999999998,
71.5341468283886));
#12258=CARTESIAN_POINT('Ctrl Pts',(-75.5834629244105,-48.9999999999998,
71.6776431971501));
#12259=CARTESIAN_POINT('Ctrl Pts',(-75.4841490648118,-48.9999999999997,
71.8847635871898));
#12260=CARTESIAN_POINT('Ctrl Pts',(-75.4822806315199,-48.9999999999998,
72.1926302308497));
#12261=CARTESIAN_POINT('Ctrl Pts',(-75.7394817448783,-48.9999999999999,
72.5147904193465));
#12262=CARTESIAN_POINT('Ctrl Pts',(-76.2375874207387,-49.0000000000001,
72.5164940821916));
#12263=CARTESIAN_POINT('Ctrl Pts',(-76.4933217565574,-49.0000000000002,
72.1920428811738));
#12264=CARTESIAN_POINT('Ctrl Pts',(-76.4919953910498,-49.0000000000001,
71.8848598138227));
#12265=CARTESIAN_POINT('Ctrl Pts',(-76.3926836133437,-49.0000000000001,
71.6775850845208));
#12266=CARTESIAN_POINT('Ctrl Pts',(-76.2123654876619,-49.,71.5341615573998));
#12267=CARTESIAN_POINT('Ctrl Pts',(-76.0629007998762,-48.9999999999999,
71.5000000240481));
#12268=CARTESIAN_POINT('Ctrl Pts',(-75.9880937112588,-48.9999999999999,
71.5000000000002));
#12269=CARTESIAN_POINT('Origin',(-76.,-49.,72.0000000000001));
#12270=CARTESIAN_POINT('Origin',(-34.,-48.9999999999999,72.0000000000001));
#12271=CARTESIAN_POINT('',(6.49999999999998,-49.0000000000005,72.0000000000001));
#12272=CARTESIAN_POINT('Origin',(-34.,-48.9999999999999,72.0000000000001));
#12273=CARTESIAN_POINT('',(7.99999999999998,-49.0000000000005,73.5000000000001));
#12274=CARTESIAN_POINT('Origin',(7.99999999999998,-48.9999999999999,72.0000000000001));
#12275=CARTESIAN_POINT('Origin',(7.99999999999998,-48.9999999999999,72.0000000000001));
#12276=CARTESIAN_POINT('Origin',(7.99999999999997,-46.9999999999999,72.0000000000001));
#12277=CARTESIAN_POINT('',(7.99999999999998,-46.9999999999993,73.5000000000001));
#12278=CARTESIAN_POINT('',(7.99999999999998,-46.9999999999999,73.5000000000001));
#12279=CARTESIAN_POINT('',(7.99999999999997,-47.,70.5000000000001));
#12280=CARTESIAN_POINT('Origin',(7.99999999999997,-46.9999999999999,72.0000000000001));
#12281=CARTESIAN_POINT('Origin',(7.99999999999997,-46.9999999999999,72.0000000000001));
#12282=CARTESIAN_POINT('Origin',(7.99999999999997,-46.9999999999999,51.0000000000001));
#12283=CARTESIAN_POINT('',(7.99999999999996,-27.4999999999999,51.0000000000001));
#12284=CARTESIAN_POINT('Origin',(7.99999999999997,-46.9999999999999,51.0000000000001));
#12285=CARTESIAN_POINT('',(7.99999999999997,-24.4999999999999,51.0000000000007));
#12286=CARTESIAN_POINT('Origin',(7.99999999999997,-25.9999999999999,51.));
#12287=CARTESIAN_POINT('Origin',(7.99999999999997,-25.9999999999999,51.));
#12288=CARTESIAN_POINT('Origin',(7.99999999999997,-25.9999999999999,49.));
#12289=CARTESIAN_POINT('',(7.99999999999998,-24.4999999999999,48.9999999999994));
#12290=CARTESIAN_POINT('',(7.99999999999998,-24.4999999999999,49.));
#12291=CARTESIAN_POINT('Origin',(7.99999999999997,-25.9999999999999,49.));
#12292=CARTESIAN_POINT('Origin',(7.99999999999997,-4.99999999999989,49.));
#12293=CARTESIAN_POINT('',(7.99999999999998,-4.99999999999868,29.5));
#12294=CARTESIAN_POINT('Origin',(7.99999999999997,-4.99999999999989,49.));
#12295=CARTESIAN_POINT('Origin',(7.99999999999998,-4.99999999999867,28.));
#12296=CARTESIAN_POINT('Origin',(7.99999999999997,-2.99999999999876,28.));
#12297=CARTESIAN_POINT('',(7.99999999999998,-2.99999999999816,29.5));
#12298=CARTESIAN_POINT('',(7.99999999999998,-2.99999999999877,29.5));
#12299=CARTESIAN_POINT('',(6.49999999999997,-2.99999999999938,28.));
#12300=CARTESIAN_POINT('Origin',(7.99999999999997,-2.99999999999876,28.));
#12301=CARTESIAN_POINT('Origin',(7.99999999999997,-2.99999999999876,28.));
#12302=CARTESIAN_POINT('Origin',(4.99999999999998,-2.99999999999998,28.));
#12303=CARTESIAN_POINT('',(4.99999999999999,-1.49999999999999,28.));
#12304=CARTESIAN_POINT('Origin',(4.99999999999998,-2.99999999999998,28.));
#12305=CARTESIAN_POINT('',(4.99999999999999,1.0633772006378E-14,29.5));
#12306=CARTESIAN_POINT('Origin',(4.99999999999998,7.25246757747162E-15,
28.));
#12307=CARTESIAN_POINT('Origin',(4.99999999999998,7.25246757747162E-15,
28.));
#12308=CARTESIAN_POINT('Origin',(3.00000000000001,7.13000289755688E-15,
28.));
#12309=CARTESIAN_POINT('',(3.00000000000001,1.05113073264632E-14,29.5));
#12310=CARTESIAN_POINT('',(3.00000000000002,1.05113073264632E-14,29.5));
#12311=CARTESIAN_POINT('',(3.00000000000001,3.56500144877844E-15,26.5));
#12312=CARTESIAN_POINT('Origin',(3.00000000000001,7.13000289755688E-15,
28.));
#12313=CARTESIAN_POINT('Origin',(3.00000000000001,7.13000289755688E-15,
28.));
#12314=CARTESIAN_POINT('Origin',(3.,6.76260885781264E-15,25.));
#12315=CARTESIAN_POINT('',(1.5,0.,25.));
#12316=CARTESIAN_POINT('Origin',(3.,6.57891183794054E-15,25.));
#12317=CARTESIAN_POINT('',(-1.5,-1.83697019872103E-16,25.));
#12318=CARTESIAN_POINT('Origin',(0.,0.,25.));
#12319=CARTESIAN_POINT('Origin',(0.,0.,25.));
#12320=CARTESIAN_POINT('Origin',(0.,0.,-25.));
#12321=CARTESIAN_POINT('',(-1.5,-1.83697019872103E-16,-25.));
#12322=CARTESIAN_POINT('Origin',(0.,0.,-25.));
#12323=CARTESIAN_POINT('Origin',(0.,0.,0.));
#12324=CARTESIAN_POINT('',(-1.5,-1.83697019872103E-16,0.));
#12325=CARTESIAN_POINT('',(0.,0.,0.));
#12326=CARTESIAN_POINT('Origin',(0.078125,0.,0.));
#12327=CARTESIAN_POINT('',(0.,1.8371330016532E-16,1.50013293868264));
#12328=CARTESIAN_POINT('Origin',(0.,0.,0.));
#12329=CARTESIAN_POINT('',(0.15625,-1.50570323955167E-16,1.2295));
#12330=CARTESIAN_POINT('',(0.078125,1.67141812060244E-16,1.36481646934132));
#12331=CARTESIAN_POINT('Origin',(0.15625,0.,0.));
#12332=CARTESIAN_POINT('Origin',(-6.33746721500764,0.,0.));
#12333=CARTESIAN_POINT('',(2.24375,-1.50570323955167E-16,-1.2295));
#12334=CARTESIAN_POINT('',(2.24375,-1.50570323955167E-16,1.2295));
#12335=CARTESIAN_POINT('Origin',(2.24375,0.,0.));
#12336=CARTESIAN_POINT('Origin',(2.24375,0.,0.));
#12337=CARTESIAN_POINT('',(-6.33746721500764,-1.50570323955167E-16,1.2295));
#12338=CARTESIAN_POINT('Origin',(0.,1.38777878078145E-16,-3.46944695195361E-16));
#12339=CARTESIAN_POINT('',(-3.46944695195361E-17,-2.3,2.81668763803891E-16));
#12340=CARTESIAN_POINT('Origin',(0.,0.,0.));
#12341=CARTESIAN_POINT('Origin',(2.321875,0.,0.));
#12342=CARTESIAN_POINT('',(2.4,1.8371330016532E-16,-1.50013293868264));
#12343=CARTESIAN_POINT('Origin',(2.4,0.,0.));
#12344=CARTESIAN_POINT('',(2.321875,1.67141812060244E-16,-1.36481646934132));
#12345=CARTESIAN_POINT('Origin',(2.4,-2.10269512239613E-17,-3.46944695195361E-16));
#12346=CARTESIAN_POINT('',(2.4,-2.3,2.81668763803891E-16));
#12347=CARTESIAN_POINT('Origin',(2.4,0.,0.));
#12348=CARTESIAN_POINT('Origin',(0.252713857098597,0.,0.));
#12349=CARTESIAN_POINT('',(0.505427714197194,1.58771324027147,2.75));
#12350=CARTESIAN_POINT('',(0.505427714197194,-1.58771324027147,2.75));
#12351=CARTESIAN_POINT('Ctrl Pts',(0.505427714197194,1.58771324027147,2.75));
#12352=CARTESIAN_POINT('Ctrl Pts',(0.0470943808638613,0.,2.75));
#12353=CARTESIAN_POINT('Ctrl Pts',(0.505427714197194,-1.58771324027147,
2.75));
#12354=CARTESIAN_POINT('',(0.505427714197194,3.17542648054294,0.));
#12355=CARTESIAN_POINT('Ctrl Pts',(0.505427714197194,3.17542648054294,1.93159287458113E-15));
#12356=CARTESIAN_POINT('Ctrl Pts',(0.0470943808638611,2.38156986040721,
1.375));
#12357=CARTESIAN_POINT('Ctrl Pts',(0.505427714197194,1.58771324027147,2.75));
#12358=CARTESIAN_POINT('',(0.505427714197194,1.58771324027148,-2.75));
#12359=CARTESIAN_POINT('Ctrl Pts',(0.505427714197194,1.58771324027148,-2.75));
#12360=CARTESIAN_POINT('Ctrl Pts',(0.0470943808638618,2.38156986040721,
-1.375));
#12361=CARTESIAN_POINT('Ctrl Pts',(0.505427714197194,3.17542648054294,2.8973893118717E-15));
#12362=CARTESIAN_POINT('',(0.505427714197194,-1.58771324027146,-2.75000000000001));
#12363=CARTESIAN_POINT('Ctrl Pts',(0.505427714197194,-1.58771324027146,
-2.75000000000001));
#12364=CARTESIAN_POINT('Ctrl Pts',(0.0470943808638631,4.63688625825361E-15,
-2.75));
#12365=CARTESIAN_POINT('Ctrl Pts',(0.505427714197194,1.58771324027147,-2.75));
#12366=CARTESIAN_POINT('',(0.505427714197194,-3.17542648054294,1.11022302462516E-15));
#12367=CARTESIAN_POINT('Ctrl Pts',(0.505427714197194,-3.17542648054294,
1.44869465593585E-15));
#12368=CARTESIAN_POINT('Ctrl Pts',(0.0470943808638597,-2.3815698604072,
-1.375));
#12369=CARTESIAN_POINT('Ctrl Pts',(0.505427714197194,-1.58771324027147,
-2.75));
#12370=CARTESIAN_POINT('',(0.252713857098597,-2.73771324027147,3.35273175668179E-16));
#12371=CARTESIAN_POINT('Ctrl Pts',(0.505427714197194,-1.58771324027147,
2.75));
#12372=CARTESIAN_POINT('Ctrl Pts',(0.0470943808638614,-2.38156986040721,
1.375));
#12373=CARTESIAN_POINT('Ctrl Pts',(0.505427714197194,-3.17542648054294,
-1.60966072881761E-16));
#12374=CARTESIAN_POINT('Origin',(2.1472861429014,0.,0.));
#12375=CARTESIAN_POINT('',(1.89457228580281,-3.17542648054294,5.55111512312578E-16));
#12376=CARTESIAN_POINT('',(2.1472861429014,-2.73771324027147,3.35273175668179E-16));
#12377=CARTESIAN_POINT('',(1.89457228580281,-1.58771324027146,-2.75000000000001));
#12378=CARTESIAN_POINT('Ctrl Pts',(1.89457228580281,-1.58771324027147,-2.75));
#12379=CARTESIAN_POINT('Ctrl Pts',(2.35290561913614,-2.3815698604072,-1.375));
#12380=CARTESIAN_POINT('Ctrl Pts',(1.89457228580281,-3.17542648054294,9.65796437290567E-16));
#12381=CARTESIAN_POINT('',(1.89457228580281,1.58771324027148,-2.75));
#12382=CARTESIAN_POINT('Ctrl Pts',(1.89457228580281,1.58771324027147,-2.75));
#12383=CARTESIAN_POINT('Ctrl Pts',(2.35290561913614,4.5553246618503E-15,
-2.75));
#12384=CARTESIAN_POINT('Ctrl Pts',(1.89457228580281,-1.58771324027146,-2.75000000000001));
#12385=CARTESIAN_POINT('',(1.89457228580281,3.17542648054294,0.));
#12386=CARTESIAN_POINT('Ctrl Pts',(1.89457228580281,3.17542648054294,3.05835538475346E-15));
#12387=CARTESIAN_POINT('Ctrl Pts',(2.35290561913614,2.38156986040721,-1.375));
#12388=CARTESIAN_POINT('Ctrl Pts',(1.89457228580281,1.58771324027148,-2.75));
#12389=CARTESIAN_POINT('',(1.89457228580281,1.58771324027147,2.75));
#12390=CARTESIAN_POINT('Ctrl Pts',(1.89457228580281,1.58771324027147,2.75));
#12391=CARTESIAN_POINT('Ctrl Pts',(2.35290561913614,2.38156986040721,1.375));
#12392=CARTESIAN_POINT('Ctrl Pts',(1.89457228580281,3.17542648054294,1.93159287458113E-15));
#12393=CARTESIAN_POINT('',(1.89457228580281,-1.58771324027147,2.75));
#12394=CARTESIAN_POINT('Ctrl Pts',(1.89457228580281,-1.58771324027147,2.75));
#12395=CARTESIAN_POINT('Ctrl Pts',(2.35290561913614,0.,2.75));
#12396=CARTESIAN_POINT('Ctrl Pts',(1.89457228580281,1.58771324027147,2.75));
#12397=CARTESIAN_POINT('Ctrl Pts',(1.89457228580281,-3.17542648054294,3.21932145763522E-16));
#12398=CARTESIAN_POINT('Ctrl Pts',(2.35290561913614,-2.38156986040721,1.375));
#12399=CARTESIAN_POINT('Ctrl Pts',(1.89457228580281,-1.58771324027147,2.75));
#12400=CARTESIAN_POINT('Origin',(0.,3.17542648054294,2.00031939987529E-15));
#12401=CARTESIAN_POINT('',(0.,3.17542648054294,2.00031939987529E-15));
#12402=CARTESIAN_POINT('',(0.,1.58771324027148,-2.75));
#12403=CARTESIAN_POINT('Origin',(0.,1.58771324027148,-2.75));
#12404=CARTESIAN_POINT('',(0.,-1.58771324027147,-2.75000000000001));
#12405=CARTESIAN_POINT('Origin',(0.,1.58771324027147,2.75));
#12406=CARTESIAN_POINT('',(0.,1.58771324027147,2.75));
#12407=CARTESIAN_POINT('Origin',(0.,-1.58771324027147,2.75));
#12408=CARTESIAN_POINT('',(0.,-1.58771324027147,2.75));
#12409=CARTESIAN_POINT('Origin',(0.,-1.58771324027147,-2.75000000000001));
#12410=CARTESIAN_POINT('',(0.,-3.17542648054294,1.29523308153465E-15));
#12411=CARTESIAN_POINT('Origin',(0.,-3.17542648054294,1.29523308153465E-15));
#12412=CARTESIAN_POINT('',(2.42121684932855,-12.4999999999993,172.499999999991));
#12413=CARTESIAN_POINT('',(2.42121684932855,-81.2499999999992,349.999999999982));
#12414=CARTESIAN_POINT('',(12.4212168493286,-12.4999999999993,354.999999999982));
#12415=CARTESIAN_POINT('',(-7.57878315067141,-12.4999999999993,354.999999999982));
#12416=CARTESIAN_POINT('',(12.4212168493285,-12.4999999999993,-11.4999999999993));
#12417=CARTESIAN_POINT('',(-7.57878315067033,-12.4999999999993,-11.4999999999994));
#12418=CARTESIAN_POINT('',(44.3712168493274,-9.99999999999946,64.2884217199967));
#12419=CARTESIAN_POINT('',(22.4212168493274,-9.99999999999945,64.2884217199967));
#12420=CARTESIAN_POINT('',(45.8212168493274,-9.99999999999932,64.2884217199971));
#12421=CARTESIAN_POINT('',(44.8312168493274,-9.99999999999931,64.2884217199971));
#12422=CARTESIAN_POINT('',(43.8212168493274,-9.99999999999945,64.2884217199967));
#12423=CARTESIAN_POINT('',(44.3712168493274,-9.99999999999945,64.2884217199967));
#12424=CARTESIAN_POINT('',(46.3712168493274,-9.99999999999945,64.2884217199967));
#12425=CARTESIAN_POINT('',(2.42121684932804,21.9500000000012,324.999999999983));
#12426=CARTESIAN_POINT('',(2.42121684932804,1.24062741038793E-12,324.999999999983));
#12427=CARTESIAN_POINT('',(2.42121684932805,23.4000000000012,324.999999999983));
#12428=CARTESIAN_POINT('',(2.42121684932806,22.4100000000012,324.999999999983));
#12429=CARTESIAN_POINT('',(2.42121684932804,21.4000000000013,324.999999999983));
#12430=CARTESIAN_POINT('',(2.42121684932804,21.9500000000013,324.999999999983));
#12431=CARTESIAN_POINT('',(2.42121684932804,23.9500000000013,324.999999999983));
#12432=CARTESIAN_POINT('',(-6.77453662987655,-48.3999999999992,105.50606713353));
#12433=CARTESIAN_POINT('',(2.68466868236366,-48.3999999999992,94.9930544891506));
#12434=CARTESIAN_POINT('',(2.42121684932884,-40.3999999999993,89.9999999999956));
#12435=CARTESIAN_POINT('',(2.42121684932883,-24.9999999999993,89.9999999999954));
#12436=CARTESIAN_POINT('',(2.42121684932883,-37.2999999999993,89.9999999999955));
#12437=CARTESIAN_POINT('',(2.42121684932885,-58.8999999999993,89.9999999999957));
#12438=CARTESIAN_POINT('',(-41.4624662209262,-36.8999999999992,112.343284453929));
#12439=CARTESIAN_POINT('',(-46.7716629097229,-35.3999999999992,106.615070899978));
#12440=CARTESIAN_POINT('',(-36.785553931413,-35.3999999999992,106.088167233908));
#12441=CARTESIAN_POINT('',(2.84273978218454,-48.3999999999992,97.9888871826435));
#12442=CARTESIAN_POINT('',(29.8303076259507,-51.725796281387,108.547916316132));
#12443=CARTESIAN_POINT('',(18.4212168493279,-37.9999999999998,94.9999999999953));
#12444=CARTESIAN_POINT('',(18.9212168493274,-19.9999999999989,94.9999999999952));
#12445=CARTESIAN_POINT('',(12.4212168493285,-12.4999999999993,-9.89999999999933));
#12446=CARTESIAN_POINT('',(-7.57878315067034,-12.4999999999993,-9.89999999999939));
#12447=CARTESIAN_POINT('',(18.4212168493279,-48.4999999999998,88.4999999999955));
#12448=CARTESIAN_POINT('',(62.0769249538548,-48.3999999999991,100.871820939819));
#12449=CARTESIAN_POINT('',(43.1033178950656,-48.3999999999991,101.872937905351));
#12450=UNCERTAINTY_MEASURE_WITH_UNIT(LENGTH_MEASURE(0.01),#12504,
'DISTANCE_ACCURACY_VALUE',
'Maximum model space distance between geometric entities at asserted c
onnectivities');
#12451=UNCERTAINTY_MEASURE_WITH_UNIT(LENGTH_MEASURE(0.01),#12504,
'DISTANCE_ACCURACY_VALUE',
'Maximum model space distance between geometric entities at asserted c
onnectivities');
#12452=UNCERTAINTY_MEASURE_WITH_UNIT(LENGTH_MEASURE(0.01),#12504,
'DISTANCE_ACCURACY_VALUE',
'Maximum model space distance between geometric entities at asserted c
onnectivities');
#12453=UNCERTAINTY_MEASURE_WITH_UNIT(LENGTH_MEASURE(0.01),#12504,
'DISTANCE_ACCURACY_VALUE',
'Maximum model space distance between geometric entities at asserted c
onnectivities');
#12454=UNCERTAINTY_MEASURE_WITH_UNIT(LENGTH_MEASURE(0.01),#12504,
'DISTANCE_ACCURACY_VALUE',
'Maximum model space distance between geometric entities at asserted c
onnectivities');
#12455=UNCERTAINTY_MEASURE_WITH_UNIT(LENGTH_MEASURE(0.01),#12504,
'DISTANCE_ACCURACY_VALUE',
'Maximum model space distance between geometric entities at asserted c
onnectivities');
#12456=UNCERTAINTY_MEASURE_WITH_UNIT(LENGTH_MEASURE(0.01),#12504,
'DISTANCE_ACCURACY_VALUE',
'Maximum model space distance between geometric entities at asserted c
onnectivities');
#12457=UNCERTAINTY_MEASURE_WITH_UNIT(LENGTH_MEASURE(0.01),#12504,
'DISTANCE_ACCURACY_VALUE',
'Maximum model space distance between geometric entities at asserted c
onnectivities');
#12458=UNCERTAINTY_MEASURE_WITH_UNIT(LENGTH_MEASURE(0.001),#12505,
'DISTANCE_ACCURACY_VALUE',
'Maximum model space distance between geometric entities at asserted c
onnectivities');
#12459=UNCERTAINTY_MEASURE_WITH_UNIT(LENGTH_MEASURE(0.001),#12505,
'DISTANCE_ACCURACY_VALUE',
'Maximum model space distance between geometric entities at asserted c
onnectivities');
#12460=UNCERTAINTY_MEASURE_WITH_UNIT(LENGTH_MEASURE(0.01),#12504,
'DISTANCE_ACCURACY_VALUE',
'Maximum model space distance between geometric entities at asserted c
onnectivities');
#12461=UNCERTAINTY_MEASURE_WITH_UNIT(LENGTH_MEASURE(0.01),#12504,
'DISTANCE_ACCURACY_VALUE',
'Maximum model space distance between geometric entities at asserted c
onnectivities');
#12462=UNCERTAINTY_MEASURE_WITH_UNIT(LENGTH_MEASURE(0.01),#12504,
'DISTANCE_ACCURACY_VALUE',
'Maximum model space distance between geometric entities at asserted c
onnectivities');
#12463=UNCERTAINTY_MEASURE_WITH_UNIT(LENGTH_MEASURE(0.01),#12504,
'DISTANCE_ACCURACY_VALUE',
'Maximum model space distance between geometric entities at asserted c
onnectivities');
#12464=UNCERTAINTY_MEASURE_WITH_UNIT(LENGTH_MEASURE(0.01),#12504,
'DISTANCE_ACCURACY_VALUE',
'Maximum model space distance between geometric entities at asserted c
onnectivities');
#12465=UNCERTAINTY_MEASURE_WITH_UNIT(LENGTH_MEASURE(0.001),#12505,
'DISTANCE_ACCURACY_VALUE',
'Maximum model space distance between geometric entities at asserted c
onnectivities');
#12466=UNCERTAINTY_MEASURE_WITH_UNIT(LENGTH_MEASURE(0.01),#12504,
'DISTANCE_ACCURACY_VALUE',
'Maximum model space distance between geometric entities at asserted c
onnectivities');
#12467=UNCERTAINTY_MEASURE_WITH_UNIT(LENGTH_MEASURE(0.01),#12504,
'DISTANCE_ACCURACY_VALUE',
'Maximum model space distance between geometric entities at asserted c
onnectivities');
#12468=UNCERTAINTY_MEASURE_WITH_UNIT(LENGTH_MEASURE(0.01),#12504,
'DISTANCE_ACCURACY_VALUE',
'Maximum model space distance between geometric entities at asserted c
onnectivities');
#12469=UNCERTAINTY_MEASURE_WITH_UNIT(LENGTH_MEASURE(0.01),#12504,
'DISTANCE_ACCURACY_VALUE',
'Maximum model space distance between geometric entities at asserted c
onnectivities');
#12470=UNCERTAINTY_MEASURE_WITH_UNIT(LENGTH_MEASURE(0.01),#12504,
'DISTANCE_ACCURACY_VALUE',
'Maximum model space distance between geometric entities at asserted c
onnectivities');
#12471=UNCERTAINTY_MEASURE_WITH_UNIT(LENGTH_MEASURE(0.01),#12504,
'DISTANCE_ACCURACY_VALUE',
'Maximum model space distance between geometric entities at asserted c
onnectivities');
#12472=UNCERTAINTY_MEASURE_WITH_UNIT(LENGTH_MEASURE(0.01),#12504,
'DISTANCE_ACCURACY_VALUE',
'Maximum model space distance between geometric entities at asserted c
onnectivities');
#12473=UNCERTAINTY_MEASURE_WITH_UNIT(LENGTH_MEASURE(0.01),#12504,
'DISTANCE_ACCURACY_VALUE',
'Maximum model space distance between geometric entities at asserted c
onnectivities');
#12474=UNCERTAINTY_MEASURE_WITH_UNIT(LENGTH_MEASURE(0.01),#12504,
'DISTANCE_ACCURACY_VALUE',
'Maximum model space distance between geometric entities at asserted c
onnectivities');
#12475=UNCERTAINTY_MEASURE_WITH_UNIT(LENGTH_MEASURE(0.01),#12504,
'DISTANCE_ACCURACY_VALUE',
'Maximum model space distance between geometric entities at asserted c
onnectivities');
#12476=UNCERTAINTY_MEASURE_WITH_UNIT(LENGTH_MEASURE(0.01),#12504,
'DISTANCE_ACCURACY_VALUE',
'Maximum model space distance between geometric entities at asserted c
onnectivities');
#12477=(
GEOMETRIC_REPRESENTATION_CONTEXT(3)
GLOBAL_UNCERTAINTY_ASSIGNED_CONTEXT((#12450))
GLOBAL_UNIT_ASSIGNED_CONTEXT((#12504,#12506,#12507))
REPRESENTATION_CONTEXT('','3D')
);
#12478=(
GEOMETRIC_REPRESENTATION_CONTEXT(3)
GLOBAL_UNCERTAINTY_ASSIGNED_CONTEXT((#12451))
GLOBAL_UNIT_ASSIGNED_CONTEXT((#12504,#12506,#12507))
REPRESENTATION_CONTEXT('','3D')
);
#12479=(
GEOMETRIC_REPRESENTATION_CONTEXT(3)
GLOBAL_UNCERTAINTY_ASSIGNED_CONTEXT((#12452))
GLOBAL_UNIT_ASSIGNED_CONTEXT((#12504,#12506,#12507))
REPRESENTATION_CONTEXT('','3D')
);
#12480=(
GEOMETRIC_REPRESENTATION_CONTEXT(3)
GLOBAL_UNCERTAINTY_ASSIGNED_CONTEXT((#12453))
GLOBAL_UNIT_ASSIGNED_CONTEXT((#12504,#12506,#12507))
REPRESENTATION_CONTEXT('','3D')
);
#12481=(
GEOMETRIC_REPRESENTATION_CONTEXT(3)
GLOBAL_UNCERTAINTY_ASSIGNED_CONTEXT((#12454))
GLOBAL_UNIT_ASSIGNED_CONTEXT((#12504,#12506,#12507))
REPRESENTATION_CONTEXT('','3D')
);
#12482=(
GEOMETRIC_REPRESENTATION_CONTEXT(3)
GLOBAL_UNCERTAINTY_ASSIGNED_CONTEXT((#12455))
GLOBAL_UNIT_ASSIGNED_CONTEXT((#12504,#12506,#12507))
REPRESENTATION_CONTEXT('','3D')
);
#12483=(
GEOMETRIC_REPRESENTATION_CONTEXT(3)
GLOBAL_UNCERTAINTY_ASSIGNED_CONTEXT((#12456))
GLOBAL_UNIT_ASSIGNED_CONTEXT((#12504,#12506,#12507))
REPRESENTATION_CONTEXT('','3D')
);
#12484=(
GEOMETRIC_REPRESENTATION_CONTEXT(3)
GLOBAL_UNCERTAINTY_ASSIGNED_CONTEXT((#12457))
GLOBAL_UNIT_ASSIGNED_CONTEXT((#12504,#12506,#12507))
REPRESENTATION_CONTEXT('','3D')
);
#12485=(
GEOMETRIC_REPRESENTATION_CONTEXT(3)
GLOBAL_UNCERTAINTY_ASSIGNED_CONTEXT((#12458))
GLOBAL_UNIT_ASSIGNED_CONTEXT((#12505,#12506,#12507))
REPRESENTATION_CONTEXT('','3D')
);
#12486=(
GEOMETRIC_REPRESENTATION_CONTEXT(3)
GLOBAL_UNCERTAINTY_ASSIGNED_CONTEXT((#12459))
GLOBAL_UNIT_ASSIGNED_CONTEXT((#12505,#12506,#12507))
REPRESENTATION_CONTEXT('','3D')
);
#12487=(
GEOMETRIC_REPRESENTATION_CONTEXT(3)
GLOBAL_UNCERTAINTY_ASSIGNED_CONTEXT((#12460))
GLOBAL_UNIT_ASSIGNED_CONTEXT((#12504,#12506,#12507))
REPRESENTATION_CONTEXT('','3D')
);
#12488=(
GEOMETRIC_REPRESENTATION_CONTEXT(3)
GLOBAL_UNCERTAINTY_ASSIGNED_CONTEXT((#12461))
GLOBAL_UNIT_ASSIGNED_CONTEXT((#12504,#12506,#12507))
REPRESENTATION_CONTEXT('','3D')
);
#12489=(
GEOMETRIC_REPRESENTATION_CONTEXT(3)
GLOBAL_UNCERTAINTY_ASSIGNED_CONTEXT((#12462))
GLOBAL_UNIT_ASSIGNED_CONTEXT((#12504,#12506,#12507))
REPRESENTATION_CONTEXT('','3D')
);
#12490=(
GEOMETRIC_REPRESENTATION_CONTEXT(3)
GLOBAL_UNCERTAINTY_ASSIGNED_CONTEXT((#12463))
GLOBAL_UNIT_ASSIGNED_CONTEXT((#12504,#12506,#12507))
REPRESENTATION_CONTEXT('','3D')
);
#12491=(
GEOMETRIC_REPRESENTATION_CONTEXT(3)
GLOBAL_UNCERTAINTY_ASSIGNED_CONTEXT((#12464))
GLOBAL_UNIT_ASSIGNED_CONTEXT((#12504,#12506,#12507))
REPRESENTATION_CONTEXT('','3D')
);
#12492=(
GEOMETRIC_REPRESENTATION_CONTEXT(3)
GLOBAL_UNCERTAINTY_ASSIGNED_CONTEXT((#12465))
GLOBAL_UNIT_ASSIGNED_CONTEXT((#12505,#12506,#12507))
REPRESENTATION_CONTEXT('','3D')
);
#12493=(
GEOMETRIC_REPRESENTATION_CONTEXT(3)
GLOBAL_UNCERTAINTY_ASSIGNED_CONTEXT((#12466))
GLOBAL_UNIT_ASSIGNED_CONTEXT((#12504,#12506,#12507))
REPRESENTATION_CONTEXT('','3D')
);
#12494=(
GEOMETRIC_REPRESENTATION_CONTEXT(3)
GLOBAL_UNCERTAINTY_ASSIGNED_CONTEXT((#12467))
GLOBAL_UNIT_ASSIGNED_CONTEXT((#12504,#12506,#12507))
REPRESENTATION_CONTEXT('','3D')
);
#12495=(
GEOMETRIC_REPRESENTATION_CONTEXT(3)
GLOBAL_UNCERTAINTY_ASSIGNED_CONTEXT((#12468))
GLOBAL_UNIT_ASSIGNED_CONTEXT((#12504,#12506,#12507))
REPRESENTATION_CONTEXT('','3D')
);
#12496=(
GEOMETRIC_REPRESENTATION_CONTEXT(3)
GLOBAL_UNCERTAINTY_ASSIGNED_CONTEXT((#12469))
GLOBAL_UNIT_ASSIGNED_CONTEXT((#12504,#12506,#12507))
REPRESENTATION_CONTEXT('','3D')
);
#12497=(
GEOMETRIC_REPRESENTATION_CONTEXT(3)
GLOBAL_UNCERTAINTY_ASSIGNED_CONTEXT((#12470))
GLOBAL_UNIT_ASSIGNED_CONTEXT((#12504,#12506,#12507))
REPRESENTATION_CONTEXT('','3D')
);
#12498=(
GEOMETRIC_REPRESENTATION_CONTEXT(3)
GLOBAL_UNCERTAINTY_ASSIGNED_CONTEXT((#12471))
GLOBAL_UNIT_ASSIGNED_CONTEXT((#12504,#12506,#12507))
REPRESENTATION_CONTEXT('','3D')
);
#12499=(
GEOMETRIC_REPRESENTATION_CONTEXT(3)
GLOBAL_UNCERTAINTY_ASSIGNED_CONTEXT((#12472))
GLOBAL_UNIT_ASSIGNED_CONTEXT((#12504,#12506,#12507))
REPRESENTATION_CONTEXT('','3D')
);
#12500=(
GEOMETRIC_REPRESENTATION_CONTEXT(3)
GLOBAL_UNCERTAINTY_ASSIGNED_CONTEXT((#12473))
GLOBAL_UNIT_ASSIGNED_CONTEXT((#12504,#12506,#12507))
REPRESENTATION_CONTEXT('','3D')
);
#12501=(
GEOMETRIC_REPRESENTATION_CONTEXT(3)
GLOBAL_UNCERTAINTY_ASSIGNED_CONTEXT((#12474))
GLOBAL_UNIT_ASSIGNED_CONTEXT((#12504,#12506,#12507))
REPRESENTATION_CONTEXT('','3D')
);
#12502=(
GEOMETRIC_REPRESENTATION_CONTEXT(3)
GLOBAL_UNCERTAINTY_ASSIGNED_CONTEXT((#12475))
GLOBAL_UNIT_ASSIGNED_CONTEXT((#12504,#12506,#12507))
REPRESENTATION_CONTEXT('','3D')
);
#12503=(
GEOMETRIC_REPRESENTATION_CONTEXT(3)
GLOBAL_UNCERTAINTY_ASSIGNED_CONTEXT((#12476))
GLOBAL_UNIT_ASSIGNED_CONTEXT((#12504,#12506,#12507))
REPRESENTATION_CONTEXT('','3D')
);
#12504=(
LENGTH_UNIT()
NAMED_UNIT(*)
SI_UNIT(.MILLI.,.METRE.)
);
#12505=(
LENGTH_UNIT()
NAMED_UNIT(*)
SI_UNIT(.CENTI.,.METRE.)
);
#12506=(
NAMED_UNIT(*)
PLANE_ANGLE_UNIT()
SI_UNIT($,.RADIAN.)
);
#12507=(
NAMED_UNIT(*)
SI_UNIT($,.STERADIAN.)
SOLID_ANGLE_UNIT()
);
#12508=SHAPE_DEFINITION_REPRESENTATION(#12534,#12598);
#12509=SHAPE_DEFINITION_REPRESENTATION(#12535,#12599);
#12510=SHAPE_DEFINITION_REPRESENTATION(#12536,#12600);
#12511=SHAPE_DEFINITION_REPRESENTATION(#12537,#12601);
#12512=SHAPE_DEFINITION_REPRESENTATION(#12538,#12602);
#12513=SHAPE_DEFINITION_REPRESENTATION(#12539,#12603);
#12514=SHAPE_DEFINITION_REPRESENTATION(#12540,#12604);
#12515=SHAPE_DEFINITION_REPRESENTATION(#12541,#12605);
#12516=SHAPE_DEFINITION_REPRESENTATION(#12542,#12606);
#12517=SHAPE_DEFINITION_REPRESENTATION(#12543,#12607);
#12518=SHAPE_DEFINITION_REPRESENTATION(#12544,#12608);
#12519=SHAPE_DEFINITION_REPRESENTATION(#12545,#12609);
#12520=SHAPE_DEFINITION_REPRESENTATION(#12546,#12610);
#12521=SHAPE_DEFINITION_REPRESENTATION(#12547,#12611);
#12522=SHAPE_DEFINITION_REPRESENTATION(#12548,#12612);
#12523=SHAPE_DEFINITION_REPRESENTATION(#12549,#12613);
#12524=SHAPE_DEFINITION_REPRESENTATION(#12550,#12614);
#12525=SHAPE_DEFINITION_REPRESENTATION(#12551,#12615);
#12526=SHAPE_DEFINITION_REPRESENTATION(#12552,#12616);
#12527=SHAPE_DEFINITION_REPRESENTATION(#12553,#12617);
#12528=SHAPE_DEFINITION_REPRESENTATION(#12554,#12618);
#12529=SHAPE_DEFINITION_REPRESENTATION(#12555,#12619);
#12530=SHAPE_DEFINITION_REPRESENTATION(#12556,#12620);
#12531=SHAPE_DEFINITION_REPRESENTATION(#12557,#12621);
#12532=SHAPE_DEFINITION_REPRESENTATION(#12558,#12622);
#12533=SHAPE_DEFINITION_REPRESENTATION(#12559,#12623);
#12534=PRODUCT_DEFINITION_SHAPE('',$,#12625);
#12535=PRODUCT_DEFINITION_SHAPE('',$,#12626);
#12536=PRODUCT_DEFINITION_SHAPE('',$,#12627);
#12537=PRODUCT_DEFINITION_SHAPE('',$,#12628);
#12538=PRODUCT_DEFINITION_SHAPE('',$,#12629);
#12539=PRODUCT_DEFINITION_SHAPE('',$,#12630);
#12540=PRODUCT_DEFINITION_SHAPE('',$,#12631);
#12541=PRODUCT_DEFINITION_SHAPE('',$,#12632);
#12542=PRODUCT_DEFINITION_SHAPE('',$,#12633);
#12543=PRODUCT_DEFINITION_SHAPE('',$,#12634);
#12544=PRODUCT_DEFINITION_SHAPE('',$,#12635);
#12545=PRODUCT_DEFINITION_SHAPE('',$,#12636);
#12546=PRODUCT_DEFINITION_SHAPE('',$,#12637);
#12547=PRODUCT_DEFINITION_SHAPE('',$,#12638);
#12548=PRODUCT_DEFINITION_SHAPE('',$,#12639);
#12549=PRODUCT_DEFINITION_SHAPE('',$,#12640);
#12550=PRODUCT_DEFINITION_SHAPE('',$,#12641);
#12551=PRODUCT_DEFINITION_SHAPE('',$,#12642);
#12552=PRODUCT_DEFINITION_SHAPE('',$,#12643);
#12553=PRODUCT_DEFINITION_SHAPE('',$,#12644);
#12554=PRODUCT_DEFINITION_SHAPE('',$,#12645);
#12555=PRODUCT_DEFINITION_SHAPE('',$,#12646);
#12556=PRODUCT_DEFINITION_SHAPE('',$,#12647);
#12557=PRODUCT_DEFINITION_SHAPE('',$,#12648);
#12558=PRODUCT_DEFINITION_SHAPE('',$,#12649);
#12559=PRODUCT_DEFINITION_SHAPE('',$,#12650);
#12560=PRODUCT_DEFINITION_SHAPE($,$,#125);
#12561=PRODUCT_DEFINITION_SHAPE($,$,#126);
#12562=PRODUCT_DEFINITION_SHAPE($,$,#127);
#12563=PRODUCT_DEFINITION_SHAPE($,$,#128);
#12564=PRODUCT_DEFINITION_SHAPE($,$,#129);
#12565=PRODUCT_DEFINITION_SHAPE($,$,#130);
#12566=PRODUCT_DEFINITION_SHAPE($,$,#131);
#12567=PRODUCT_DEFINITION_SHAPE($,$,#132);
#12568=PRODUCT_DEFINITION_SHAPE($,$,#133);
#12569=PRODUCT_DEFINITION_SHAPE($,$,#134);
#12570=PRODUCT_DEFINITION_SHAPE($,$,#135);
#12571=PRODUCT_DEFINITION_SHAPE($,$,#136);
#12572=PRODUCT_DEFINITION_SHAPE($,$,#137);
#12573=PRODUCT_DEFINITION_SHAPE($,$,#138);
#12574=PRODUCT_DEFINITION_SHAPE($,$,#139);
#12575=PRODUCT_DEFINITION_SHAPE($,$,#140);
#12576=PRODUCT_DEFINITION_SHAPE($,$,#141);
#12577=PRODUCT_DEFINITION_SHAPE($,$,#142);
#12578=PRODUCT_DEFINITION_SHAPE($,$,#143);
#12579=PRODUCT_DEFINITION_SHAPE($,$,#144);
#12580=PRODUCT_DEFINITION_SHAPE($,$,#145);
#12581=PRODUCT_DEFINITION_SHAPE($,$,#146);
#12582=PRODUCT_DEFINITION_SHAPE($,$,#147);
#12583=PRODUCT_DEFINITION_SHAPE($,$,#148);
#12584=PRODUCT_DEFINITION_SHAPE($,$,#149);
#12585=PRODUCT_DEFINITION_SHAPE($,$,#150);
#12586=PRODUCT_DEFINITION_SHAPE($,$,#151);
#12587=PRODUCT_DEFINITION_SHAPE($,$,#152);
#12588=PRODUCT_DEFINITION_SHAPE($,$,#153);
#12589=PRODUCT_DEFINITION_SHAPE($,$,#154);
#12590=PRODUCT_DEFINITION_SHAPE($,$,#155);
#12591=PRODUCT_DEFINITION_SHAPE($,$,#156);
#12592=PRODUCT_DEFINITION_SHAPE($,$,#157);
#12593=PRODUCT_DEFINITION_SHAPE($,$,#158);
#12594=PRODUCT_DEFINITION_SHAPE($,$,#159);
#12595=PRODUCT_DEFINITION_SHAPE($,$,#160);
#12596=PRODUCT_DEFINITION_SHAPE($,$,#161);
#12597=PRODUCT_DEFINITION_SHAPE($,$,#162);
#12598=SHAPE_REPRESENTATION('',(#7250,#8045,#8046,#8047,#8048,#8049,#8050,
#8051,#8052,#8053,#8054,#8055,#8056,#8057,#8058,#8059,#8060,#8061,#8062,
#8063,#8064,#8065,#8066,#8067,#8068,#8069,#8070,#8071,#8072,#8073,#8074,
#8075,#8076,#8077,#8078,#8079,#8080,#8081,#8082),#12477);
#12599=SHAPE_REPRESENTATION('',(#7251),#12478);
#12600=SHAPE_REPRESENTATION('',(#7295),#12479);
#12601=SHAPE_REPRESENTATION('',(#7321),#12480);
#12602=SHAPE_REPRESENTATION('',(#7346),#12481);
#12603=SHAPE_REPRESENTATION('',(#7374),#12482);
#12604=SHAPE_REPRESENTATION('',(#7401),#12483);
#12605=SHAPE_REPRESENTATION('',(#7422),#12484);
#12606=SHAPE_REPRESENTATION('',(#7477),#12485);
#12607=SHAPE_REPRESENTATION('',(#7506),#12486);
#12608=SHAPE_REPRESENTATION('',(#7539),#12487);
#12609=SHAPE_REPRESENTATION('',(#7558),#12488);
#12610=SHAPE_REPRESENTATION('',(#7586),#12489);
#12611=SHAPE_REPRESENTATION('',(#7653),#12490);
#12612=SHAPE_REPRESENTATION('',(#7713),#12491);
#12613=SHAPE_REPRESENTATION('',(#7741),#12492);
#12614=SHAPE_REPRESENTATION('',(#7804),#12493);
#12615=SHAPE_REPRESENTATION('',(#7845),#12494);
#12616=SHAPE_REPRESENTATION('',(#7870),#12495);
#12617=SHAPE_REPRESENTATION('',(#7898),#12496);
#12618=SHAPE_REPRESENTATION('',(#7907),#12497);
#12619=SHAPE_REPRESENTATION('',(#7932),#12498);
#12620=SHAPE_REPRESENTATION('',(#7951),#12499);
#12621=SHAPE_REPRESENTATION('',(#7960),#12500);
#12622=SHAPE_REPRESENTATION('',(#7988),#12501);
#12623=SHAPE_REPRESENTATION('',(#8024),#12502);
#12624=PRODUCT_DEFINITION_CONTEXT('part definition',#12704,'design');
#12625=PRODUCT_DEFINITION('Main Piller And Support',
'Main Piller And Support',#12651,#12624);
#12626=PRODUCT_DEFINITION('Main Piller','Main Piller',#12652,#12624);
#12627=PRODUCT_DEFINITION('Support Beam','Support Beam',#12653,#12624);
#12628=PRODUCT_DEFINITION('CSK Allen Key 6x25mm','CSK Allen Key 6x25mm',
#12654,#12624);
#12629=PRODUCT_DEFINITION('Allen Key 8x25mm','Allen Key 8x25mm',#12655,
#12624);
#12630=PRODUCT_DEFINITION('Pully Shaft','Pully Shaft',#12656,#12624);
#12631=PRODUCT_DEFINITION('M10 Hex Nut','M10 Hex Nut',#12657,#12624);
#12632=PRODUCT_DEFINITION('Pully','Pully',#12658,#12624);
#12633=PRODUCT_DEFINITION('Internal 19mm Circlips','19mm Circlips',#12659,
#12624);
#12634=PRODUCT_DEFINITION('61800 Bearing','61800 Bearing',#12660,#12624);
#12635=PRODUCT_DEFINITION('6mm Washer','6mm Washer',#12661,#12624);
#12636=PRODUCT_DEFINITION('Allen Key 6x12mm','CSK Allen Key 6x12mm',#12662,
#12624);
#12637=PRODUCT_DEFINITION('Ball Track','Ball Track',#12663,#12624);
#12638=PRODUCT_DEFINITION('Ball Track Mounting Plate',
'Ball Track Mounting Plate',#12664,#12624);
#12639=PRODUCT_DEFINITION('Ball Track Support','Ball Track Support',#12665,
#12624);
#12640=PRODUCT_DEFINITION('3mm E Clip','3mm E Clip',#12666,#12624);
#12641=PRODUCT_DEFINITION('Platform','Platform',#12667,#12624);
#12642=PRODUCT_DEFINITION('CSK Allen Key 3x8mm','CSK Allen Key 3x8mm',#12668,
#12624);
#12643=PRODUCT_DEFINITION('Allen Key 3x5mm','Allen Key 3x5mm',#12669,#12624);
#12644=PRODUCT_DEFINITION('Ball','Ball',#12670,#12624);
#12645=PRODUCT_DEFINITION('Ball Track Rest Pin','Ball Track Rest Pin',#12671,
#12624);
#12646=PRODUCT_DEFINITION('Grub Screw 3x3mm','Grub Screw 3x3mm',#12672,
#12624);
#12647=PRODUCT_DEFINITION('8mm Washer','8mm Washer',#12673,#12624);
#12648=PRODUCT_DEFINITION('Allen Key 3x10mm','Allen Key 3x10mm',#12674,
#12624);
#12649=PRODUCT_DEFINITION('Tea Lifter Arm','Tea Lifter Arm',#12675,#12624);
#12650=PRODUCT_DEFINITION('Brass M3 Hex Nut','Brass M3 Hex Nut',#12676,
#12624);
#12651=PRODUCT_DEFINITION_FORMATION('',$,#12706);
#12652=PRODUCT_DEFINITION_FORMATION('',$,#12707);
#12653=PRODUCT_DEFINITION_FORMATION('',$,#12708);
#12654=PRODUCT_DEFINITION_FORMATION('',$,#12709);
#12655=PRODUCT_DEFINITION_FORMATION('',$,#12710);
#12656=PRODUCT_DEFINITION_FORMATION('',$,#12711);
#12657=PRODUCT_DEFINITION_FORMATION('',$,#12712);
#12658=PRODUCT_DEFINITION_FORMATION('',$,#12713);
#12659=PRODUCT_DEFINITION_FORMATION('',$,#12714);
#12660=PRODUCT_DEFINITION_FORMATION('',$,#12715);
#12661=PRODUCT_DEFINITION_FORMATION('',$,#12716);
#12662=PRODUCT_DEFINITION_FORMATION('',$,#12717);
#12663=PRODUCT_DEFINITION_FORMATION('',$,#12718);
#12664=PRODUCT_DEFINITION_FORMATION('',$,#12719);
#12665=PRODUCT_DEFINITION_FORMATION('',$,#12720);
#12666=PRODUCT_DEFINITION_FORMATION('',$,#12721);
#12667=PRODUCT_DEFINITION_FORMATION('',$,#12722);
#12668=PRODUCT_DEFINITION_FORMATION('',$,#12723);
#12669=PRODUCT_DEFINITION_FORMATION('',$,#12724);
#12670=PRODUCT_DEFINITION_FORMATION('',$,#12725);
#12671=PRODUCT_DEFINITION_FORMATION('',$,#12726);
#12672=PRODUCT_DEFINITION_FORMATION('',$,#12727);
#12673=PRODUCT_DEFINITION_FORMATION('',$,#12728);
#12674=PRODUCT_DEFINITION_FORMATION('',$,#12729);
#12675=PRODUCT_DEFINITION_FORMATION('',$,#12730);
#12676=PRODUCT_DEFINITION_FORMATION('',$,#12731);
#12677=PRODUCT_RELATED_PRODUCT_CATEGORY('Main Piller And Support',
'Main Piller And Support',(#12706));
#12678=PRODUCT_RELATED_PRODUCT_CATEGORY('Main Piller','Main Piller',(#12707));
#12679=PRODUCT_RELATED_PRODUCT_CATEGORY('Support Beam','Support Beam',(#12708));
#12680=PRODUCT_RELATED_PRODUCT_CATEGORY('CSK Allen Key 6x25mm',
'CSK Allen Key 6x25mm',(#12709));
#12681=PRODUCT_RELATED_PRODUCT_CATEGORY('Allen Key 8x25mm',
'Allen Key 8x25mm',(#12710));
#12682=PRODUCT_RELATED_PRODUCT_CATEGORY('Pully Shaft','Pully Shaft',(#12711));
#12683=PRODUCT_RELATED_PRODUCT_CATEGORY('M10 Hex Nut','M10 Hex Nut',(#12712));
#12684=PRODUCT_RELATED_PRODUCT_CATEGORY('Pully','Pully',(#12713));
#12685=PRODUCT_RELATED_PRODUCT_CATEGORY('19mm Circlips','19mm Circlips',
(#12714));
#12686=PRODUCT_RELATED_PRODUCT_CATEGORY('61800 Bearing','61800 Bearing',
(#12715));
#12687=PRODUCT_RELATED_PRODUCT_CATEGORY('6mm Washer','6mm Washer',(#12716));
#12688=PRODUCT_RELATED_PRODUCT_CATEGORY('CSK Allen Key 6x12mm',
'CSK Allen Key 6x12mm',(#12717));
#12689=PRODUCT_RELATED_PRODUCT_CATEGORY('Ball Track','Ball Track',(#12718));
#12690=PRODUCT_RELATED_PRODUCT_CATEGORY('Ball Track Mounting Plate',
'Ball Track Mounting Plate',(#12719));
#12691=PRODUCT_RELATED_PRODUCT_CATEGORY('Ball Track Support',
'Ball Track Support',(#12720));
#12692=PRODUCT_RELATED_PRODUCT_CATEGORY('3mm E Clip','3mm E Clip',(#12721));
#12693=PRODUCT_RELATED_PRODUCT_CATEGORY('Platform','Platform',(#12722));
#12694=PRODUCT_RELATED_PRODUCT_CATEGORY('CSK Allen Key 3x8mm',
'CSK Allen Key 3x8mm',(#12723));
#12695=PRODUCT_RELATED_PRODUCT_CATEGORY('Allen Key 3x5mm',
'Allen Key 3x5mm',(#12724));
#12696=PRODUCT_RELATED_PRODUCT_CATEGORY('Ball','Ball',(#12725));
#12697=PRODUCT_RELATED_PRODUCT_CATEGORY('Ball Track Rest Pin',
'Ball Track Rest Pin',(#12726));
#12698=PRODUCT_RELATED_PRODUCT_CATEGORY('Grub Screw 3x3mm',
'Grub Screw 3x3mm',(#12727));
#12699=PRODUCT_RELATED_PRODUCT_CATEGORY('8mm Washer','8mm Washer',(#12728));
#12700=PRODUCT_RELATED_PRODUCT_CATEGORY('Allen Key 3x10mm',
'Allen Key 3x10mm',(#12729));
#12701=PRODUCT_RELATED_PRODUCT_CATEGORY('Tea Lifter Arm',
'Tea Lifter Arm',(#12730));
#12702=PRODUCT_RELATED_PRODUCT_CATEGORY('Brass M3 Hex Nut',
'Brass M3 Hex Nut',(#12731));
#12703=APPLICATION_PROTOCOL_DEFINITION('international standard',
'automotive_design',2009,#12704);
#12704=APPLICATION_CONTEXT(
'Core Data for Automotive Mechanical Design Process');
#12705=PRODUCT_CONTEXT('part definition',#12704,'mechanical');
#12706=PRODUCT('Main Piller And Support','Main Piller And Support',$,(#12705));
#12707=PRODUCT('Main Piller','Main Piller',$,(#12705));
#12708=PRODUCT('Support Beam','Support Beam',$,(#12705));
#12709=PRODUCT('CSK Allen Key 6x25mm','CSK Allen Key 6x25mm',
'Hexagon socket countersunk head cap screws',(#12705));
#12710=PRODUCT('Allen Key 8x25mm','Allen Key 8x25mm',
'Cylinder Head Cap Screw',(#12705));
#12711=PRODUCT('Pully Shaft','Pully Shaft',$,(#12705));
#12712=PRODUCT('M10 Hex Nut','M10 Hex Nut',
'Hexagon nuts, style 1 - Product grades A and B',(#12705));
#12713=PRODUCT('Pully','Pully',$,(#12705));
#12714=PRODUCT('Internal 19mm Circlips','19mm Circlips',$,(#12705));
#12715=PRODUCT('61800 Bearing','61800 Bearing',$,(#12705));
#12716=PRODUCT('6mm Washer','6mm Washer',$,(#12705));
#12717=PRODUCT('Allen Key 6x12mm','CSK Allen Key 6x12mm',
'Hexagon Socket Head Cap Screw',(#12705));
#12718=PRODUCT('Ball Track','Ball Track',$,(#12705));
#12719=PRODUCT('Ball Track Mounting Plate','Ball Track Mounting Plate',
$,(#12705));
#12720=PRODUCT('Ball Track Support','Ball Track Support',$,(#12705));
#12721=PRODUCT('3mm E Clip','3mm E Clip',$,(#12705));
#12722=PRODUCT('Platform','Platform',$,(#12705));
#12723=PRODUCT('CSK Allen Key 3x8mm','CSK Allen Key 3x8mm',
'Hexagon socket countersunk head cap screws',(#12705));
#12724=PRODUCT('Allen Key 3x5mm','Allen Key 3x5mm',
'Hexagon Socket Head Cap Screw',(#12705));
#12725=PRODUCT('Ball','Ball',$,(#12705));
#12726=PRODUCT('Ball Track Rest Pin','Ball Track Rest Pin',$,(#12705));
#12727=PRODUCT('Grub Screw 3x3mm','Grub Screw 3x3mm',$,(#12705));
#12728=PRODUCT('8mm Washer','8mm Washer',
'Plain washers - Normal series - Product grade A',(#12705));
#12729=PRODUCT('Allen Key 3x10mm','Allen Key 3x10mm',
'Hexagon Socket Head Cap Screw',(#12705));
#12730=PRODUCT('Tea Lifter Arm','Tea Lifter Arm',$,(#12705));
#12731=PRODUCT('Brass M3 Hex Nut','Brass M3 Hex Nut',
'Hexagon nuts, style 1 - Product grades A and B',(#12705));
ENDSEC;
END-ISO-10303-21;
