ISO-10303-21;
HEADER;
/* Generated by software containing ST-Developer
 * from STEP Tools, Inc. (www.steptools.com) 
 */

FILE_DESCRIPTION(
/* description */ (''),
/* implementation_level */ '2;1');

FILE_NAME(
/* name */ 
'S:\\Future Scope 1\\WIP\\Client Category\\Tom\\02 Progressive Work\\R
otating Assembly.stp',
/* time_stamp */ '2025-11-05T12:14:13+06:00',
/* author */ ('SD'),
/* organization */ (''),
/* preprocessor_version */ 'ST-DEVELOPER v18.1',
/* originating_system */ 'Autodesk Inventor 2021',
/* authorisation */ '');

FILE_SCHEMA (('AUTOMOTIVE_DESIGN { 1 0 10303 214 3 1 1 }'));
ENDSEC;

DATA;
#10=MECHANICAL_DESIGN_GEOMETRIC_PRESENTATION_REPRESENTATION('',(#119,#120,
#121,#122,#123,#124,#125,#126),#2765);
#11=ITEM_DEFINED_TRANSFORMATION($,$,#1412,#1553);
#12=ITEM_DEFINED_TRANSFORMATION($,$,#1432,#1554);
#13=ITEM_DEFINED_TRANSFORMATION($,$,#1446,#1555);
#14=ITEM_DEFINED_TRANSFORMATION($,$,#1462,#1556);
#15=ITEM_DEFINED_TRANSFORMATION($,$,#1486,#1557);
#16=ITEM_DEFINED_TRANSFORMATION($,$,#1496,#1558);
#17=ITEM_DEFINED_TRANSFORMATION($,$,#1496,#1559);
#18=ITEM_DEFINED_TRANSFORMATION($,$,#1517,#1560);
#19=ITEM_DEFINED_TRANSFORMATION($,$,#1534,#1561);
#20=(
REPRESENTATION_RELATIONSHIP($,$,#2798,#2797)
REPRESENTATION_RELATIONSHIP_WITH_TRANSFORMATION(#11)
SHAPE_REPRESENTATION_RELATIONSHIP()
);
#21=(
REPRESENTATION_RELATIONSHIP($,$,#2799,#2797)
REPRESENTATION_RELATIONSHIP_WITH_TRANSFORMATION(#12)
SHAPE_REPRESENTATION_RELATIONSHIP()
);
#22=(
REPRESENTATION_RELATIONSHIP($,$,#2800,#2797)
REPRESENTATION_RELATIONSHIP_WITH_TRANSFORMATION(#13)
SHAPE_REPRESENTATION_RELATIONSHIP()
);
#23=(
REPRESENTATION_RELATIONSHIP($,$,#2801,#2797)
REPRESENTATION_RELATIONSHIP_WITH_TRANSFORMATION(#14)
SHAPE_REPRESENTATION_RELATIONSHIP()
);
#24=(
REPRESENTATION_RELATIONSHIP($,$,#2802,#2797)
REPRESENTATION_RELATIONSHIP_WITH_TRANSFORMATION(#15)
SHAPE_REPRESENTATION_RELATIONSHIP()
);
#25=(
REPRESENTATION_RELATIONSHIP($,$,#2803,#2797)
REPRESENTATION_RELATIONSHIP_WITH_TRANSFORMATION(#16)
SHAPE_REPRESENTATION_RELATIONSHIP()
);
#26=(
REPRESENTATION_RELATIONSHIP($,$,#2803,#2797)
REPRESENTATION_RELATIONSHIP_WITH_TRANSFORMATION(#17)
SHAPE_REPRESENTATION_RELATIONSHIP()
);
#27=(
REPRESENTATION_RELATIONSHIP($,$,#2804,#2797)
REPRESENTATION_RELATIONSHIP_WITH_TRANSFORMATION(#18)
SHAPE_REPRESENTATION_RELATIONSHIP()
);
#28=(
REPRESENTATION_RELATIONSHIP($,$,#2805,#2797)
REPRESENTATION_RELATIONSHIP_WITH_TRANSFORMATION(#19)
SHAPE_REPRESENTATION_RELATIONSHIP()
);
#29=CONTEXT_DEPENDENT_SHAPE_REPRESENTATION(#20,#2788);
#30=CONTEXT_DEPENDENT_SHAPE_REPRESENTATION(#21,#2789);
#31=CONTEXT_DEPENDENT_SHAPE_REPRESENTATION(#22,#2790);
#32=CONTEXT_DEPENDENT_SHAPE_REPRESENTATION(#23,#2791);
#33=CONTEXT_DEPENDENT_SHAPE_REPRESENTATION(#24,#2792);
#34=CONTEXT_DEPENDENT_SHAPE_REPRESENTATION(#25,#2793);
#35=CONTEXT_DEPENDENT_SHAPE_REPRESENTATION(#26,#2794);
#36=CONTEXT_DEPENDENT_SHAPE_REPRESENTATION(#27,#2795);
#37=CONTEXT_DEPENDENT_SHAPE_REPRESENTATION(#28,#2796);
#38=NEXT_ASSEMBLY_USAGE_OCCURRENCE('Rotating Rod 370mm:1',
'Rotating Rod 370mm:1','Rotating Rod 370mm:1',#2807,#2808,
'Rotating Rod 370mm:1');
#39=NEXT_ASSEMBLY_USAGE_OCCURRENCE('Top Lock Cap:1','Top Lock Cap:1',
'Top Lock Cap:1',#2807,#2809,'Top Lock Cap:1');
#40=NEXT_ASSEMBLY_USAGE_OCCURRENCE('Lock Handel:1','Lock Handel:1',
'Lock Handel:1',#2807,#2810,'Lock Handel:1');
#41=NEXT_ASSEMBLY_USAGE_OCCURRENCE('Pendulum Arm Cap:1',
'Pendulum Arm Cap:1','Pendulum Arm Cap:1',#2807,#2811,
'Pendulum Arm Cap:1');
#42=NEXT_ASSEMBLY_USAGE_OCCURRENCE('Pendulum Arm:1','Pendulum Arm:1',
'Pendulum Arm:1',#2807,#2812,'Pendulum Arm:1');
#43=NEXT_ASSEMBLY_USAGE_OCCURRENCE('M3 Hex Nut:1','M3 Hex Nut:1',
'M3 Hex Nut:1',#2807,#2813,'M3 Hex Nut:1');
#44=NEXT_ASSEMBLY_USAGE_OCCURRENCE('M3 Hex Nut:2','M3 Hex Nut:2',
'M3 Hex Nut:2',#2807,#2813,'M3 Hex Nut:2');
#45=NEXT_ASSEMBLY_USAGE_OCCURRENCE('Lower Lock Cap:1',
'Lower Lock Cap:1','Lower Lock Cap:1',#2807,#2814,'Lower Lock Cap:1');
#46=NEXT_ASSEMBLY_USAGE_OCCURRENCE('ISO 4026 M3 x 3:1',
'ISO 4026 M3 x 3:1','ISO 4026 M3 x 3:1',#2807,#2815,'ISO 4026 M3 x 3:1');
#47=(
BOUNDED_CURVE()
B_SPLINE_CURVE(2,(#2430,#2431,#2432),.UNSPECIFIED.,.F.,.F.)
B_SPLINE_CURVE_WITH_KNOTS((3,3),(0.,0.321319937971427),.UNSPECIFIED.)
CURVE()
GEOMETRIC_REPRESENTATION_ITEM()
RATIONAL_B_SPLINE_CURVE((1.,1.15470053837925,1.))
REPRESENTATION_ITEM('')
);
#48=(
BOUNDED_CURVE()
B_SPLINE_CURVE(2,(#2434,#2435,#2436),.UNSPECIFIED.,.F.,.F.)
B_SPLINE_CURVE_WITH_KNOTS((3,3),(0.,0.321319937971428),.UNSPECIFIED.)
CURVE()
GEOMETRIC_REPRESENTATION_ITEM()
RATIONAL_B_SPLINE_CURVE((1.,1.15470053837925,1.))
REPRESENTATION_ITEM('')
);
#49=(
BOUNDED_CURVE()
B_SPLINE_CURVE(2,(#2438,#2439,#2440),.UNSPECIFIED.,.F.,.F.)
B_SPLINE_CURVE_WITH_KNOTS((3,3),(0.,0.321319937971427),.UNSPECIFIED.)
CURVE()
GEOMETRIC_REPRESENTATION_ITEM()
RATIONAL_B_SPLINE_CURVE((1.,1.15470053837925,1.))
REPRESENTATION_ITEM('')
);
#50=(
BOUNDED_CURVE()
B_SPLINE_CURVE(2,(#2442,#2443,#2444),.UNSPECIFIED.,.F.,.F.)
B_SPLINE_CURVE_WITH_KNOTS((3,3),(0.,0.321319937971427),.UNSPECIFIED.)
CURVE()
GEOMETRIC_REPRESENTATION_ITEM()
RATIONAL_B_SPLINE_CURVE((1.,1.15470053837925,1.))
REPRESENTATION_ITEM('')
);
#51=(
BOUNDED_CURVE()
B_SPLINE_CURVE(2,(#2446,#2447,#2448),.UNSPECIFIED.,.F.,.F.)
B_SPLINE_CURVE_WITH_KNOTS((3,3),(0.,0.321319937971428),.UNSPECIFIED.)
CURVE()
GEOMETRIC_REPRESENTATION_ITEM()
RATIONAL_B_SPLINE_CURVE((1.,1.15470053837925,1.))
REPRESENTATION_ITEM('')
);
#52=(
BOUNDED_CURVE()
B_SPLINE_CURVE(2,(#2450,#2451,#2452),.UNSPECIFIED.,.F.,.F.)
B_SPLINE_CURVE_WITH_KNOTS((3,3),(0.,0.321319937971427),.UNSPECIFIED.)
CURVE()
GEOMETRIC_REPRESENTATION_ITEM()
RATIONAL_B_SPLINE_CURVE((1.,1.15470053837925,1.))
REPRESENTATION_ITEM('')
);
#53=(
BOUNDED_CURVE()
B_SPLINE_CURVE(2,(#2457,#2458,#2459),.UNSPECIFIED.,.F.,.F.)
B_SPLINE_CURVE_WITH_KNOTS((3,3),(0.,0.321319937971428),.UNSPECIFIED.)
CURVE()
GEOMETRIC_REPRESENTATION_ITEM()
RATIONAL_B_SPLINE_CURVE((1.,1.15470053837925,1.))
REPRESENTATION_ITEM('')
);
#54=(
BOUNDED_CURVE()
B_SPLINE_CURVE(2,(#2461,#2462,#2463),.UNSPECIFIED.,.F.,.F.)
B_SPLINE_CURVE_WITH_KNOTS((3,3),(0.,0.321319937971427),.UNSPECIFIED.)
CURVE()
GEOMETRIC_REPRESENTATION_ITEM()
RATIONAL_B_SPLINE_CURVE((1.,1.15470053837925,1.))
REPRESENTATION_ITEM('')
);
#55=(
BOUNDED_CURVE()
B_SPLINE_CURVE(2,(#2465,#2466,#2467),.UNSPECIFIED.,.F.,.F.)
B_SPLINE_CURVE_WITH_KNOTS((3,3),(0.,0.321319937971427),.UNSPECIFIED.)
CURVE()
GEOMETRIC_REPRESENTATION_ITEM()
RATIONAL_B_SPLINE_CURVE((1.,1.15470053837925,1.))
REPRESENTATION_ITEM('')
);
#56=(
BOUNDED_CURVE()
B_SPLINE_CURVE(2,(#2469,#2470,#2471),.UNSPECIFIED.,.F.,.F.)
B_SPLINE_CURVE_WITH_KNOTS((3,3),(0.,0.321319937971428),.UNSPECIFIED.)
CURVE()
GEOMETRIC_REPRESENTATION_ITEM()
RATIONAL_B_SPLINE_CURVE((1.,1.15470053837925,1.))
REPRESENTATION_ITEM('')
);
#57=(
BOUNDED_CURVE()
B_SPLINE_CURVE(2,(#2473,#2474,#2475),.UNSPECIFIED.,.F.,.F.)
B_SPLINE_CURVE_WITH_KNOTS((3,3),(0.,0.321319937971427),.UNSPECIFIED.)
CURVE()
GEOMETRIC_REPRESENTATION_ITEM()
RATIONAL_B_SPLINE_CURVE((1.,1.15470053837925,1.))
REPRESENTATION_ITEM('')
);
#58=(
BOUNDED_CURVE()
B_SPLINE_CURVE(2,(#2476,#2477,#2478),.UNSPECIFIED.,.F.,.F.)
B_SPLINE_CURVE_WITH_KNOTS((3,3),(0.,0.321319937971427),.UNSPECIFIED.)
CURVE()
GEOMETRIC_REPRESENTATION_ITEM()
RATIONAL_B_SPLINE_CURVE((1.,1.15470053837925,1.))
REPRESENTATION_ITEM('')
);
#59=(
BOUNDED_CURVE()
B_SPLINE_CURVE(2,(#2680,#2681,#2682),.UNSPECIFIED.,.F.,.F.)
B_SPLINE_CURVE_WITH_KNOTS((3,3),(0.,0.0876327103558437),.UNSPECIFIED.)
CURVE()
GEOMETRIC_REPRESENTATION_ITEM()
RATIONAL_B_SPLINE_CURVE((1.,1.15470053837926,1.))
REPRESENTATION_ITEM('')
);
#60=(
BOUNDED_CURVE()
B_SPLINE_CURVE(2,(#2690,#2691,#2692),.UNSPECIFIED.,.F.,.F.)
B_SPLINE_CURVE_WITH_KNOTS((3,3),(0.,0.0438163551779217),.UNSPECIFIED.)
CURVE()
GEOMETRIC_REPRESENTATION_ITEM()
RATIONAL_B_SPLINE_CURVE((1.,1.07735026918962,1.07735026918962))
REPRESENTATION_ITEM('')
);
#61=(
BOUNDED_CURVE()
B_SPLINE_CURVE(2,(#2697,#2698,#2699),.UNSPECIFIED.,.F.,.F.)
B_SPLINE_CURVE_WITH_KNOTS((3,3),(0.0438163551779217,0.0876327103558436),
 .UNSPECIFIED.)
CURVE()
GEOMETRIC_REPRESENTATION_ITEM()
RATIONAL_B_SPLINE_CURVE((1.07735026918962,1.07735026918962,1.))
REPRESENTATION_ITEM('')
);
#62=(
BOUNDED_CURVE()
B_SPLINE_CURVE(2,(#2702,#2703,#2704),.UNSPECIFIED.,.F.,.F.)
B_SPLINE_CURVE_WITH_KNOTS((3,3),(0.,0.0876327103558438),.UNSPECIFIED.)
CURVE()
GEOMETRIC_REPRESENTATION_ITEM()
RATIONAL_B_SPLINE_CURVE((1.,1.15470053837925,1.))
REPRESENTATION_ITEM('')
);
#63=(
BOUNDED_CURVE()
B_SPLINE_CURVE(2,(#2710,#2711,#2712),.UNSPECIFIED.,.F.,.F.)
B_SPLINE_CURVE_WITH_KNOTS((3,3),(0.,0.0876327103558437),.UNSPECIFIED.)
CURVE()
GEOMETRIC_REPRESENTATION_ITEM()
RATIONAL_B_SPLINE_CURVE((1.,1.15470053837926,1.))
REPRESENTATION_ITEM('')
);
#64=(
BOUNDED_CURVE()
B_SPLINE_CURVE(2,(#2718,#2719,#2720),.UNSPECIFIED.,.F.,.F.)
B_SPLINE_CURVE_WITH_KNOTS((3,3),(0.,0.0876327103558436),.UNSPECIFIED.)
CURVE()
GEOMETRIC_REPRESENTATION_ITEM()
RATIONAL_B_SPLINE_CURVE((1.,1.15470053837926,1.))
REPRESENTATION_ITEM('')
);
#65=(
BOUNDED_CURVE()
B_SPLINE_CURVE(2,(#2725,#2726,#2727),.UNSPECIFIED.,.F.,.F.)
B_SPLINE_CURVE_WITH_KNOTS((3,3),(0.,0.0876327103558442),.UNSPECIFIED.)
CURVE()
GEOMETRIC_REPRESENTATION_ITEM()
RATIONAL_B_SPLINE_CURVE((1.,1.15470053837925,1.))
REPRESENTATION_ITEM('')
);
#66=CONICAL_SURFACE('',#1466,1.6,0.785398163397448);
#67=CONICAL_SURFACE('',#1474,1.6,0.785398163397448);
#68=CONICAL_SURFACE('',#1478,4.75,0.785398163397448);
#69=CONICAL_SURFACE('',#1484,4.75,0.785398163397448);
#70=CONICAL_SURFACE('',#1488,1.45,0.785398163397459);
#71=CONICAL_SURFACE('',#1497,1.36481646934132,1.0471975511966);
#72=CONICAL_SURFACE('',#1505,1.36481646934132,1.0471975511966);
#73=CONICAL_SURFACE('',#1509,2.73771324027147,1.0471975511966);
#74=CONICAL_SURFACE('',#1510,2.73771324027147,1.0471975511966);
#75=CONICAL_SURFACE('',#1535,1.23436835802422,1.0471975511966);
#76=CONICAL_SURFACE('',#1551,1.3466375,0.523598775598299);
#77=CONICAL_SURFACE('',#1552,0.433012701892216,1.0471975511966);
#78=TOROIDAL_SURFACE('',#1459,2.,1.5);
#79=TOROIDAL_SURFACE('',#1525,3.,2.);
#80=(
BOUNDED_SURFACE()
B_SPLINE_SURFACE(2,2,((#2081,#2082,#2083,#2084,#2085,#2086,#2087,#2088,
#2089),(#2090,#2091,#2092,#2093,#2094,#2095,#2096,#2097,#2098),(#2099,#2100,
#2101,#2102,#2103,#2104,#2105,#2106,#2107)),.UNSPECIFIED.,.F.,.T.,.F.)
B_SPLINE_SURFACE_WITH_KNOTS((3,3),(3,2,2,2,3),(0.,1.5707963267949),(-3.14159265358979,
-1.5707963267949,0.,1.5707963267949,3.14159265358979),.UNSPECIFIED.)
GEOMETRIC_REPRESENTATION_ITEM()
RATIONAL_B_SPLINE_SURFACE(((1.,0.707106781186548,1.,0.707106781186548,1.,
0.707106781186548,1.,0.707106781186548,1.),(0.707106781186548,0.5,0.707106781186548,
0.5,0.707106781186548,0.5,0.707106781186548,0.5,0.707106781186548),(1.,
0.707106781186548,1.,0.707106781186548,1.,0.707106781186548,1.,0.707106781186548,
1.)))
REPRESENTATION_ITEM('')
SURFACE()
);
#81=(
BOUNDED_SURFACE()
B_SPLINE_SURFACE(2,2,((#2122,#2123,#2124,#2125,#2126,#2127,#2128,#2129,
#2130),(#2131,#2132,#2133,#2134,#2135,#2136,#2137,#2138,#2139),(#2140,#2141,
#2142,#2143,#2144,#2145,#2146,#2147,#2148)),.UNSPECIFIED.,.F.,.T.,.F.)
B_SPLINE_SURFACE_WITH_KNOTS((3,3),(3,2,2,2,3),(0.,1.5707963267949),(-3.14159265358979,
-1.5707963267949,0.,1.5707963267949,3.14159265358979),.UNSPECIFIED.)
GEOMETRIC_REPRESENTATION_ITEM()
RATIONAL_B_SPLINE_SURFACE(((1.,0.707106781186548,1.,0.707106781186548,1.,
0.707106781186548,1.,0.707106781186548,1.),(0.707106781186548,0.5,0.707106781186548,
0.5,0.707106781186548,0.5,0.707106781186548,0.5,0.707106781186548),(1.,
0.707106781186548,1.,0.707106781186548,1.,0.707106781186548,1.,0.707106781186548,
1.)))
REPRESENTATION_ITEM('')
SURFACE()
);
#82=B_SPLINE_CURVE_WITH_KNOTS('',3,(#1979,#1980,#1981,#1982,#1983,#1984,
#1985,#1986,#1987,#1988,#1989,#1990,#1991,#1992),.UNSPECIFIED.,.F.,.F.,
(4,2,2,2,2,2,4),(0.,0.0330813615715053,0.0661627231430106,0.132325446286021,
0.190591348958625,0.219724300294928,0.24885725163123),.UNSPECIFIED.);
#83=B_SPLINE_CURVE_WITH_KNOTS('',3,(#1994,#1995,#1996,#1997,#1998,#1999,
#2000,#2001,#2002,#2003,#2004,#2005,#2006,#2007),.UNSPECIFIED.,.F.,.F.,
(4,2,2,2,2,2,4),(0.746571754893689,0.775704706229992,0.804837657566294,
0.863103560238898,0.929266283381909,0.962347644953414,0.995429006524919),
 .UNSPECIFIED.);
#84=B_SPLINE_CURVE_WITH_KNOTS('',3,(#2011,#2012,#2013,#2014,#2015,#2016,
#2017,#2018,#2019,#2020,#2021,#2022,#2023,#2024,#2025,#2026,#2027,#2028,
#2029,#2030,#2031,#2032,#2033,#2034,#2035,#2036),.UNSPECIFIED.,.F.,.F.,
(4,2,2,2,2,2,2,2,2,2,2,2,4),(0.,0.0540087676026066,0.108017535205213,0.162013311659953,
0.216009088114694,0.270004864569434,0.324000641024174,0.37800940862678,
0.432018176229387,0.486026943831994,0.5400357114346,0.59403148788934,0.648027264344081),
 .UNSPECIFIED.);
#85=B_SPLINE_CURVE_WITH_KNOTS('',3,(#2037,#2038,#2039,#2040,#2041,#2042,
#2043,#2044,#2045,#2046),.UNSPECIFIED.,.F.,.F.,(4,2,2,2,4),(0.648027264344081,
0.702023040798821,0.756018817253561,0.810027584856168,0.864036352458774),
 .UNSPECIFIED.);
#86=B_SPLINE_CURVE_WITH_KNOTS('',3,(#2047,#2048,#2049,#2050,#2051,#2052,
#2053,#2054,#2055,#2056,#2057,#2058,#2059,#2060,#2061,#2062,#2063,#2064,
#2065,#2066,#2067,#2068,#2069,#2070,#2071,#2072),.UNSPECIFIED.,.F.,.F.,
(4,2,2,2,2,2,2,2,2,2,2,2,4),(0.24885725163123,0.277990202967532,0.307123154303834,
0.365389056976438,0.431551780119449,0.464633141690954,0.49771450326246,
0.530795864833965,0.56387722640547,0.630039949548481,0.688305852221085,
0.717438803557387,0.746571754893689),.UNSPECIFIED.);
#87=B_SPLINE_CURVE_WITH_KNOTS('',3,(#2195,#2196,#2197,#2198,#2199,#2200,
#2201,#2202,#2203,#2204,#2205,#2206),.UNSPECIFIED.,.F.,.F.,(4,2,2,2,2,4),
(0.612065263579493,0.662012816761703,0.711960369943913,0.764023694024952,
0.790055356065471,0.81608701810599),.UNSPECIFIED.);
#88=B_SPLINE_CURVE_WITH_KNOTS('',3,(#2208,#2209,#2210,#2211,#2212,#2213,
#2214,#2215,#2216,#2217,#2218,#2219),.UNSPECIFIED.,.F.,.F.,(4,2,2,2,2,4),
(0.,0.0260316620405193,0.0520633240810386,0.104126648162077,0.154074201344287,
0.204021754526498),.UNSPECIFIED.);
#89=B_SPLINE_CURVE_WITH_KNOTS('',3,(#2221,#2222,#2223,#2224,#2225,#2226,
#2227,#2228,#2229,#2230,#2231,#2232,#2233,#2234,#2235,#2236,#2237,#2238,
#2239,#2240,#2241,#2242),.UNSPECIFIED.,.F.,.F.,(4,2,2,2,2,2,2,2,2,2,4),
(0.204021754526498,0.253969307708708,0.303916860890918,0.355980184971957,
0.382011847012476,0.408043509052995,0.434075171093514,0.460106833134034,
0.512170157215072,0.562117710397283,0.612065263579493),.UNSPECIFIED.);
#90=B_SPLINE_CURVE_WITH_KNOTS('',3,(#2267,#2268,#2269,#2270,#2271,#2272,
#2273,#2274,#2275,#2276),.UNSPECIFIED.,.F.,.F.,(4,2,2,2,4),(0.,0.0473060290043967,
0.0946120580087933,0.141911472787507,0.189210887566221),.UNSPECIFIED.);
#91=B_SPLINE_CURVE_WITH_KNOTS('',3,(#2277,#2278,#2279,#2280,#2281,#2282,
#2283,#2284,#2285,#2286,#2287,#2288,#2289,#2290,#2291,#2292,#2293,#2294,
#2295,#2296,#2297,#2298,#2299,#2300,#2301,#2302),.UNSPECIFIED.,.F.,.F.,
(4,2,2,2,2,2,2,2,2,2,2,2,4),(0.189210887566221,0.236510302344935,0.283809717123649,
0.331115746128045,0.378421775132442,0.425727804136839,0.473033833141235,
0.520333247919949,0.567632662698663,0.614932077477377,0.66223149225609,
0.709537521260487,0.756843550264884),.UNSPECIFIED.);
#92=B_SPLINE_CURVE_WITH_KNOTS('',3,(#2311,#2312,#2313,#2314,#2315,#2316,
#2317,#2318,#2319,#2320),.UNSPECIFIED.,.F.,.F.,(4,2,2,2,4),(0.,0.0189969090611843,
0.0379938181223685,0.0569819164024713,0.075970014682574),.UNSPECIFIED.);
#93=B_SPLINE_CURVE_WITH_KNOTS('',3,(#2322,#2323,#2324,#2325,#2326,#2327,
#2328,#2329,#2330,#2331),.UNSPECIFIED.,.F.,.F.,(4,2,2,2,4),(0.227910044047722,
0.246898142327825,0.265886240607927,0.284883149669112,0.303880058730296),
 .UNSPECIFIED.);
#94=B_SPLINE_CURVE_WITH_KNOTS('',3,(#2332,#2333,#2334,#2335,#2336,#2337,
#2338,#2339,#2340,#2341,#2342,#2343,#2344,#2345,#2346,#2347,#2348,#2349),
 .UNSPECIFIED.,.F.,.F.,(4,2,2,2,2,2,2,2,4),(0.075970014682574,0.0949581129626767,
0.113946211242779,0.132943120303964,0.151940029365148,0.170936938426332,
0.189933847487516,0.208921945767619,0.227910044047722),.UNSPECIFIED.);
#95=B_SPLINE_CURVE_WITH_KNOTS('',3,(#2353,#2354,#2355,#2356,#2357,#2358,
#2359,#2360,#2361,#2362,#2363,#2364,#2365,#2366,#2367,#2368,#2369,#2370,
#2371,#2372,#2373,#2374,#2375,#2376,#2377,#2378),.UNSPECIFIED.,.F.,.F.,
(4,2,2,2,2,2,2,2,2,2,2,2,4),(0.,0.0189969090611843,0.0379938181223685,0.0569819164024713,
0.075970014682574,0.0949581129626767,0.113946211242779,0.132943120303964,
0.151940029365148,0.170936938426332,0.189933847487516,0.208921945767619,
0.227910044047722),.UNSPECIFIED.);
#96=B_SPLINE_CURVE_WITH_KNOTS('',3,(#2379,#2380,#2381,#2382,#2383,#2384,
#2385,#2386,#2387,#2388),.UNSPECIFIED.,.F.,.F.,(4,2,2,2,4),(0.227910044047722,
0.246898142327825,0.265886240607927,0.284883149669112,0.303880058730296),
 .UNSPECIFIED.);
#97=B_SPLINE_CURVE_WITH_KNOTS('',3,(#2495,#2496,#2497,#2498,#2499,#2500,
#2501,#2502,#2503,#2504,#2505,#2506,#2507,#2508,#2509,#2510,#2511,#2512,
#2513,#2514,#2515,#2516,#2517,#2518,#2519,#2520,#2521,#2522),
 .UNSPECIFIED.,.F.,.F.,(4,2,2,2,2,2,2,2,2,2,2,2,2,4),(-0.160089878567193,
-0.154090403566522,-0.147757042304689,-0.138749416100509,-0.128053774618443,
-0.122451061108331,-0.119755879582794,-0.11784560364559,-0.115932001280097,
-0.113218931773947,-0.10715186540191,-0.0981971431118518,-0.0885606991244983,
-0.080053559039237),.UNSPECIFIED.);
#98=B_SPLINE_CURVE_WITH_KNOTS('',3,(#2523,#2524,#2525,#2526,#2527,#2528,
#2529,#2530,#2531,#2532,#2533,#2534,#2535,#2536,#2537,#2538,#2539,#2540,
#2541,#2542,#2543,#2544,#2545,#2546,#2547,#2548,#2549,#2550),
 .UNSPECIFIED.,.F.,.F.,(4,2,2,2,2,2,2,2,2,2,2,2,2,4),(-0.080053559039237,
-0.0787038466113815,-0.0696613314144325,-0.0612958878879792,-0.0512273619862473,
-0.0461898433983806,-0.0437508764605332,-0.0418891030516896,-0.0398984807542543,
-0.0368424920478777,-0.0291413258267027,-0.0192534910643575,-0.00934384535524075,
0.),.UNSPECIFIED.);
#99=B_SPLINE_CURVE_WITH_KNOTS('',3,(#2558,#2559,#2560,#2561,#2562,#2563,
#2564,#2565,#2566,#2567,#2568,#2569,#2570,#2571,#2572,#2573,#2574,#2575,
#2576,#2577,#2578,#2579),.UNSPECIFIED.,.F.,.F.,(4,2,2,2,2,2,2,2,2,2,4),
(0.,0.0260316620405193,0.0520633240810386,0.104126648162077,0.154074201344287,
0.204021754526498,0.253969307708708,0.303916860890918,0.355980184971957,
0.382011847012476,0.408043509052995),.UNSPECIFIED.);
#100=B_SPLINE_CURVE_WITH_KNOTS('',3,(#2580,#2581,#2582,#2583,#2584,#2585,
#2586,#2587,#2588,#2589,#2590,#2591,#2592,#2593,#2594,#2595,#2596,#2597,
#2598,#2599,#2600,#2601),.UNSPECIFIED.,.F.,.F.,(4,2,2,2,2,2,2,2,2,2,4),
(0.408043509052995,0.434075171093514,0.460106833134034,0.512170157215072,
0.562117710397283,0.612065263579493,0.662012816761703,0.711960369943913,
0.764023694024952,0.790055356065471,0.81608701810599),.UNSPECIFIED.);
#101=B_SPLINE_CURVE_WITH_KNOTS('',3,(#2605,#2606,#2607,#2608,#2609,#2610,
#2611,#2612,#2613,#2614,#2615,#2616,#2617,#2618,#2619,#2620,#2621,#2622),
 .UNSPECIFIED.,.F.,.F.,(4,2,2,2,2,2,2,2,4),(0.,0.0473060290043967,0.0946120580087934,
0.141911472787507,0.189210887566221,0.236510302344935,0.283809717123649,
0.331115746128045,0.378421775132442),.UNSPECIFIED.);
#102=B_SPLINE_CURVE_WITH_KNOTS('',3,(#2623,#2624,#2625,#2626,#2627,#2628,
#2629,#2630,#2631,#2632,#2633,#2634,#2635,#2636,#2637,#2638,#2639,#2640),
 .UNSPECIFIED.,.F.,.F.,(4,2,2,2,2,2,2,2,4),(0.378421775132442,0.425727804136839,
0.473033833141235,0.520333247919949,0.567632662698663,0.614932077477377,
0.66223149225609,0.709537521260487,0.756843550264884),.UNSPECIFIED.);
#103=SHAPE_REPRESENTATION_RELATIONSHIP('SRR','None',#2798,#111);
#104=SHAPE_REPRESENTATION_RELATIONSHIP('SRR','None',#2799,#112);
#105=SHAPE_REPRESENTATION_RELATIONSHIP('SRR','None',#2800,#113);
#106=SHAPE_REPRESENTATION_RELATIONSHIP('SRR','None',#2801,#114);
#107=SHAPE_REPRESENTATION_RELATIONSHIP('SRR','None',#2802,#115);
#108=SHAPE_REPRESENTATION_RELATIONSHIP('SRR','None',#2803,#116);
#109=SHAPE_REPRESENTATION_RELATIONSHIP('SRR','None',#2804,#117);
#110=SHAPE_REPRESENTATION_RELATIONSHIP('SRR','None',#2805,#118);
#111=ADVANCED_BREP_SHAPE_REPRESENTATION('',(#127),#2757);
#112=ADVANCED_BREP_SHAPE_REPRESENTATION('',(#128),#2758);
#113=ADVANCED_BREP_SHAPE_REPRESENTATION('',(#129),#2759);
#114=ADVANCED_BREP_SHAPE_REPRESENTATION('',(#130),#2760);
#115=ADVANCED_BREP_SHAPE_REPRESENTATION('',(#131),#2761);
#116=ADVANCED_BREP_SHAPE_REPRESENTATION('',(#132),#2762);
#117=ADVANCED_BREP_SHAPE_REPRESENTATION('',(#133),#2763);
#118=ADVANCED_BREP_SHAPE_REPRESENTATION('',(#134),#2764);
#119=STYLED_ITEM('',(#1339),#127);
#120=STYLED_ITEM('',(#1340),#128);
#121=STYLED_ITEM('',(#1340),#129);
#122=STYLED_ITEM('',(#1340),#130);
#123=STYLED_ITEM('',(#1339),#131);
#124=STYLED_ITEM('',(#1340),#132);
#125=STYLED_ITEM('',(#1340),#133);
#126=STYLED_ITEM('',(#1340),#134);
#127=MANIFOLD_SOLID_BREP('Solid2',#1242);
#128=MANIFOLD_SOLID_BREP('Solid2',#1243);
#129=MANIFOLD_SOLID_BREP('Solid1',#1244);
#130=MANIFOLD_SOLID_BREP('Solid1',#1245);
#131=MANIFOLD_SOLID_BREP('Solid1',#1246);
#132=MANIFOLD_SOLID_BREP('Solid1',#1247);
#133=MANIFOLD_SOLID_BREP('Solid1',#1248);
#134=MANIFOLD_SOLID_BREP('Solid1',#1249);
#135=FACE_BOUND('',#316,.T.);
#136=FACE_BOUND('',#317,.T.);
#137=FACE_BOUND('',#324,.T.);
#138=FACE_BOUND('',#327,.T.);
#139=FACE_BOUND('',#338,.T.);
#140=FACE_BOUND('',#339,.T.);
#141=FACE_BOUND('',#342,.T.);
#142=FACE_BOUND('',#343,.T.);
#143=FACE_BOUND('',#346,.T.);
#144=FACE_BOUND('',#353,.T.);
#145=FACE_BOUND('',#358,.T.);
#146=FACE_BOUND('',#361,.T.);
#147=FACE_BOUND('',#374,.T.);
#148=FACE_BOUND('',#376,.T.);
#149=FACE_BOUND('',#378,.T.);
#150=FACE_BOUND('',#380,.T.);
#151=FACE_BOUND('',#382,.T.);
#152=FACE_BOUND('',#393,.T.);
#153=CYLINDRICAL_SURFACE('',#1429,1.5);
#154=CYLINDRICAL_SURFACE('',#1433,1.425);
#155=CYLINDRICAL_SURFACE('',#1434,1.5);
#156=CYLINDRICAL_SURFACE('',#1442,5.);
#157=CYLINDRICAL_SURFACE('',#1451,1.5);
#158=CYLINDRICAL_SURFACE('',#1455,1.5);
#159=CYLINDRICAL_SURFACE('',#1463,0.25);
#160=CYLINDRICAL_SURFACE('',#1469,1.5);
#161=CYLINDRICAL_SURFACE('',#1481,5.);
#162=CYLINDRICAL_SURFACE('',#1485,1.25);
#163=CYLINDRICAL_SURFACE('',#1487,0.5);
#164=CYLINDRICAL_SURFACE('',#1493,1.5);
#165=CYLINDRICAL_SURFACE('',#1500,1.2295);
#166=CYLINDRICAL_SURFACE('',#1518,0.25);
#167=CYLINDRICAL_SURFACE('',#1521,1.25);
#168=CYLINDRICAL_SURFACE('',#1522,1.5);
#169=CYLINDRICAL_SURFACE('',#1530,5.);
#170=CYLINDRICAL_SURFACE('',#1539,1.5);
#171=CIRCLE('',#1415,1.5);
#172=CIRCLE('',#1417,1.5);
#173=CIRCLE('',#1419,1.5);
#174=CIRCLE('',#1422,1.5);
#175=CIRCLE('',#1425,1.5);
#176=CIRCLE('',#1427,1.5);
#177=CIRCLE('',#1428,1.5);
#178=CIRCLE('',#1430,1.5);
#179=CIRCLE('',#1435,1.5);
#180=CIRCLE('',#1436,1.5);
#181=CIRCLE('',#1438,1.);
#182=CIRCLE('',#1439,4.);
#183=CIRCLE('',#1440,5.);
#184=CIRCLE('',#1441,5.);
#185=CIRCLE('',#1443,5.);
#186=CIRCLE('',#1447,0.5);
#187=CIRCLE('',#1448,1.);
#188=CIRCLE('',#1449,1.5);
#189=CIRCLE('',#1450,1.5);
#190=CIRCLE('',#1452,1.5);
#191=CIRCLE('',#1453,1.5);
#192=CIRCLE('',#1456,1.5);
#193=CIRCLE('',#1457,1.5);
#194=CIRCLE('',#1458,1.5);
#195=CIRCLE('',#1460,0.499999999999999);
#196=CIRCLE('',#1464,0.25);
#197=CIRCLE('',#1465,0.25);
#198=CIRCLE('',#1467,1.7);
#199=CIRCLE('',#1468,1.5);
#200=CIRCLE('',#1470,1.5);
#201=CIRCLE('',#1471,1.5);
#202=CIRCLE('',#1473,4.5);
#203=CIRCLE('',#1475,1.7);
#204=CIRCLE('',#1477,4.5);
#205=CIRCLE('',#1479,5.);
#206=CIRCLE('',#1480,5.);
#207=CIRCLE('',#1482,5.);
#208=CIRCLE('',#1483,5.);
#209=CIRCLE('',#1489,1.4);
#210=CIRCLE('',#1490,1.5);
#211=CIRCLE('',#1491,1.5);
#212=CIRCLE('',#1494,1.5);
#213=CIRCLE('',#1498,1.50013293868264);
#214=CIRCLE('',#1499,1.2295);
#215=CIRCLE('',#1501,1.2295);
#216=CIRCLE('',#1502,1.2295);
#217=CIRCLE('',#1504,2.3);
#218=CIRCLE('',#1506,1.50013293868264);
#219=CIRCLE('',#1508,2.3);
#220=CIRCLE('',#1519,0.25);
#221=CIRCLE('',#1523,1.5);
#222=CIRCLE('',#1524,1.5);
#223=CIRCLE('',#1526,3.);
#224=CIRCLE('',#1527,2.);
#225=CIRCLE('',#1528,5.);
#226=CIRCLE('',#1529,5.);
#227=CIRCLE('',#1531,5.);
#228=CIRCLE('',#1536,1.5);
#229=CIRCLE('',#1537,1.5);
#230=CIRCLE('',#1538,0.968736716048436);
#231=CIRCLE('',#1540,1.5);
#232=CIRCLE('',#1541,1.5);
#233=CIRCLE('',#1550,1.193275);
#234=FACE_OUTER_BOUND('',#306,.T.);
#235=FACE_OUTER_BOUND('',#307,.T.);
#236=FACE_OUTER_BOUND('',#308,.T.);
#237=FACE_OUTER_BOUND('',#309,.T.);
#238=FACE_OUTER_BOUND('',#310,.T.);
#239=FACE_OUTER_BOUND('',#311,.T.);
#240=FACE_OUTER_BOUND('',#312,.T.);
#241=FACE_OUTER_BOUND('',#313,.T.);
#242=FACE_OUTER_BOUND('',#314,.T.);
#243=FACE_OUTER_BOUND('',#315,.T.);
#244=FACE_OUTER_BOUND('',#318,.T.);
#245=FACE_OUTER_BOUND('',#319,.T.);
#246=FACE_OUTER_BOUND('',#320,.T.);
#247=FACE_OUTER_BOUND('',#321,.T.);
#248=FACE_OUTER_BOUND('',#322,.T.);
#249=FACE_OUTER_BOUND('',#323,.T.);
#250=FACE_OUTER_BOUND('',#325,.T.);
#251=FACE_OUTER_BOUND('',#326,.T.);
#252=FACE_OUTER_BOUND('',#328,.T.);
#253=FACE_OUTER_BOUND('',#329,.T.);
#254=FACE_OUTER_BOUND('',#330,.T.);
#255=FACE_OUTER_BOUND('',#331,.T.);
#256=FACE_OUTER_BOUND('',#332,.T.);
#257=FACE_OUTER_BOUND('',#333,.T.);
#258=FACE_OUTER_BOUND('',#334,.T.);
#259=FACE_OUTER_BOUND('',#335,.T.);
#260=FACE_OUTER_BOUND('',#336,.T.);
#261=FACE_OUTER_BOUND('',#337,.T.);
#262=FACE_OUTER_BOUND('',#340,.T.);
#263=FACE_OUTER_BOUND('',#341,.T.);
#264=FACE_OUTER_BOUND('',#344,.T.);
#265=FACE_OUTER_BOUND('',#345,.T.);
#266=FACE_OUTER_BOUND('',#347,.T.);
#267=FACE_OUTER_BOUND('',#348,.T.);
#268=FACE_OUTER_BOUND('',#349,.T.);
#269=FACE_OUTER_BOUND('',#350,.T.);
#270=FACE_OUTER_BOUND('',#351,.T.);
#271=FACE_OUTER_BOUND('',#352,.T.);
#272=FACE_OUTER_BOUND('',#354,.T.);
#273=FACE_OUTER_BOUND('',#355,.T.);
#274=FACE_OUTER_BOUND('',#356,.T.);
#275=FACE_OUTER_BOUND('',#357,.T.);
#276=FACE_OUTER_BOUND('',#359,.T.);
#277=FACE_OUTER_BOUND('',#360,.T.);
#278=FACE_OUTER_BOUND('',#362,.T.);
#279=FACE_OUTER_BOUND('',#363,.T.);
#280=FACE_OUTER_BOUND('',#364,.T.);
#281=FACE_OUTER_BOUND('',#365,.T.);
#282=FACE_OUTER_BOUND('',#366,.T.);
#283=FACE_OUTER_BOUND('',#367,.T.);
#284=FACE_OUTER_BOUND('',#368,.T.);
#285=FACE_OUTER_BOUND('',#369,.T.);
#286=FACE_OUTER_BOUND('',#370,.T.);
#287=FACE_OUTER_BOUND('',#371,.T.);
#288=FACE_OUTER_BOUND('',#372,.T.);
#289=FACE_OUTER_BOUND('',#373,.T.);
#290=FACE_OUTER_BOUND('',#375,.T.);
#291=FACE_OUTER_BOUND('',#377,.T.);
#292=FACE_OUTER_BOUND('',#379,.T.);
#293=FACE_OUTER_BOUND('',#381,.T.);
#294=FACE_OUTER_BOUND('',#383,.T.);
#295=FACE_OUTER_BOUND('',#384,.T.);
#296=FACE_OUTER_BOUND('',#385,.T.);
#297=FACE_OUTER_BOUND('',#386,.T.);
#298=FACE_OUTER_BOUND('',#387,.T.);
#299=FACE_OUTER_BOUND('',#388,.T.);
#300=FACE_OUTER_BOUND('',#389,.T.);
#301=FACE_OUTER_BOUND('',#390,.T.);
#302=FACE_OUTER_BOUND('',#391,.T.);
#303=FACE_OUTER_BOUND('',#392,.T.);
#304=FACE_OUTER_BOUND('',#394,.T.);
#305=FACE_OUTER_BOUND('',#395,.T.);
#306=EDGE_LOOP('',(#800,#801,#802,#803));
#307=EDGE_LOOP('',(#804,#805));
#308=EDGE_LOOP('',(#806,#807));
#309=EDGE_LOOP('',(#808,#809));
#310=EDGE_LOOP('',(#810,#811,#812,#813));
#311=EDGE_LOOP('',(#814,#815));
#312=EDGE_LOOP('',(#816,#817,#818,#819));
#313=EDGE_LOOP('',(#820,#821));
#314=EDGE_LOOP('',(#822,#823,#824));
#315=EDGE_LOOP('',(#825,#826,#827,#828,#829,#830,#831,#832));
#316=EDGE_LOOP('',(#833,#834,#835,#836));
#317=EDGE_LOOP('',(#837,#838,#839,#840));
#318=EDGE_LOOP('',(#841));
#319=EDGE_LOOP('',(#842,#843,#844,#845,#846,#847,#848));
#320=EDGE_LOOP('',(#849,#850,#851,#852,#853,#854,#855,#856,#857));
#321=EDGE_LOOP('',(#858));
#322=EDGE_LOOP('',(#859,#860,#861,#862,#863));
#323=EDGE_LOOP('',(#864,#865,#866,#867,#868));
#324=EDGE_LOOP('',(#869,#870));
#325=EDGE_LOOP('',(#871));
#326=EDGE_LOOP('',(#872));
#327=EDGE_LOOP('',(#873));
#328=EDGE_LOOP('',(#874,#875,#876,#877,#878));
#329=EDGE_LOOP('',(#879,#880,#881,#882,#883,#884));
#330=EDGE_LOOP('',(#885));
#331=EDGE_LOOP('',(#886,#887,#888,#889,#890));
#332=EDGE_LOOP('',(#891,#892,#893,#894,#895,#896));
#333=EDGE_LOOP('',(#897));
#334=EDGE_LOOP('',(#898,#899,#900,#901));
#335=EDGE_LOOP('',(#902,#903,#904,#905));
#336=EDGE_LOOP('',(#906,#907,#908,#909,#910,#911,#912,#913,#914,#915));
#337=EDGE_LOOP('',(#916));
#338=EDGE_LOOP('',(#917));
#339=EDGE_LOOP('',(#918));
#340=EDGE_LOOP('',(#919,#920,#921,#922,#923));
#341=EDGE_LOOP('',(#924));
#342=EDGE_LOOP('',(#925));
#343=EDGE_LOOP('',(#926));
#344=EDGE_LOOP('',(#927,#928,#929,#930,#931));
#345=EDGE_LOOP('',(#932,#933,#934,#935,#936,#937));
#346=EDGE_LOOP('',(#938,#939));
#347=EDGE_LOOP('',(#940,#941,#942,#943,#944));
#348=EDGE_LOOP('',(#945,#946,#947,#948,#949,#950,#951));
#349=EDGE_LOOP('',(#952,#953,#954,#955,#956,#957,#958));
#350=EDGE_LOOP('',(#959,#960,#961,#962,#963));
#351=EDGE_LOOP('',(#964));
#352=EDGE_LOOP('',(#965,#966,#967,#968,#969,#970,#971,#972,#973,#974));
#353=EDGE_LOOP('',(#975,#976));
#354=EDGE_LOOP('',(#977));
#355=EDGE_LOOP('',(#978,#979,#980,#981));
#356=EDGE_LOOP('',(#982,#983,#984,#985,#986));
#357=EDGE_LOOP('',(#987));
#358=EDGE_LOOP('',(#988));
#359=EDGE_LOOP('',(#989,#990,#991,#992,#993));
#360=EDGE_LOOP('',(#994));
#361=EDGE_LOOP('',(#995));
#362=EDGE_LOOP('',(#996,#997,#998,#999,#1000,#1001,#1002,#1003,#1004));
#363=EDGE_LOOP('',(#1005,#1006,#1007,#1008,#1009,#1010,#1011,#1012,#1013));
#364=EDGE_LOOP('',(#1014,#1015,#1016,#1017));
#365=EDGE_LOOP('',(#1018,#1019,#1020,#1021));
#366=EDGE_LOOP('',(#1022,#1023,#1024,#1025));
#367=EDGE_LOOP('',(#1026,#1027,#1028,#1029));
#368=EDGE_LOOP('',(#1030,#1031,#1032,#1033));
#369=EDGE_LOOP('',(#1034,#1035,#1036,#1037));
#370=EDGE_LOOP('',(#1038,#1039,#1040,#1041,#1042));
#371=EDGE_LOOP('',(#1043));
#372=EDGE_LOOP('',(#1044,#1045,#1046,#1047,#1048,#1049));
#373=EDGE_LOOP('',(#1050,#1051,#1052,#1053));
#374=EDGE_LOOP('',(#1054,#1055));
#375=EDGE_LOOP('',(#1056,#1057,#1058,#1059,#1060));
#376=EDGE_LOOP('',(#1061,#1062));
#377=EDGE_LOOP('',(#1063,#1064,#1065,#1066,#1067));
#378=EDGE_LOOP('',(#1068,#1069));
#379=EDGE_LOOP('',(#1070));
#380=EDGE_LOOP('',(#1071));
#381=EDGE_LOOP('',(#1072));
#382=EDGE_LOOP('',(#1073));
#383=EDGE_LOOP('',(#1074,#1075,#1076,#1077,#1078));
#384=EDGE_LOOP('',(#1079,#1080,#1081,#1082,#1083,#1084));
#385=EDGE_LOOP('',(#1085));
#386=EDGE_LOOP('',(#1086,#1087,#1088,#1089));
#387=EDGE_LOOP('',(#1090,#1091,#1092,#1093,#1094));
#388=EDGE_LOOP('',(#1095,#1096,#1097,#1098));
#389=EDGE_LOOP('',(#1099,#1100,#1101,#1102));
#390=EDGE_LOOP('',(#1103,#1104,#1105,#1106));
#391=EDGE_LOOP('',(#1107,#1108,#1109,#1110));
#392=EDGE_LOOP('',(#1111));
#393=EDGE_LOOP('',(#1112,#1113,#1114,#1115,#1116,#1117));
#394=EDGE_LOOP('',(#1118,#1119,#1120,#1121,#1122));
#395=EDGE_LOOP('',(#1123,#1124,#1125,#1126,#1127,#1128,#1129,#1130,#1131));
#396=LINE('',#1932,#459);
#397=LINE('',#1934,#460);
#398=LINE('',#1936,#461);
#399=LINE('',#1937,#462);
#400=LINE('',#1946,#463);
#401=LINE('',#1949,#464);
#402=LINE('',#1951,#465);
#403=LINE('',#1952,#466);
#404=LINE('',#1957,#467);
#405=LINE('',#1960,#468);
#406=LINE('',#1962,#469);
#407=LINE('',#1963,#470);
#408=LINE('',#1972,#471);
#409=LINE('',#2009,#472);
#410=LINE('',#2076,#473);
#411=LINE('',#2078,#474);
#412=LINE('',#2117,#475);
#413=LINE('',#2161,#476);
#414=LINE('',#2167,#477);
#415=LINE('',#2179,#478);
#416=LINE('',#2185,#479);
#417=LINE('',#2193,#480);
#418=LINE('',#2220,#481);
#419=LINE('',#2249,#482);
#420=LINE('',#2255,#483);
#421=LINE('',#2264,#484);
#422=LINE('',#2304,#485);
#423=LINE('',#2306,#486);
#424=LINE('',#2351,#487);
#425=LINE('',#2393,#488);
#426=LINE('',#2401,#489);
#427=LINE('',#2402,#490);
#428=LINE('',#2409,#491);
#429=LINE('',#2416,#492);
#430=LINE('',#2423,#493);
#431=LINE('',#2449,#494);
#432=LINE('',#2455,#495);
#433=LINE('',#2480,#496);
#434=LINE('',#2481,#497);
#435=LINE('',#2483,#498);
#436=LINE('',#2485,#499);
#437=LINE('',#2487,#500);
#438=LINE('',#2489,#501);
#439=LINE('',#2552,#502);
#440=LINE('',#2603,#503);
#441=LINE('',#2645,#504);
#442=LINE('',#2657,#505);
#443=LINE('',#2668,#506);
#444=LINE('',#2675,#507);
#445=LINE('',#2684,#508);
#446=LINE('',#2686,#509);
#447=LINE('',#2687,#510);
#448=LINE('',#2694,#511);
#449=LINE('',#2696,#512);
#450=LINE('',#2706,#513);
#451=LINE('',#2707,#514);
#452=LINE('',#2714,#515);
#453=LINE('',#2715,#516);
#454=LINE('',#2722,#517);
#455=LINE('',#2723,#518);
#456=LINE('',#2728,#519);
#457=LINE('',#2733,#520);
#458=LINE('',#2736,#521);
#459=VECTOR('',#1568,10.);
#460=VECTOR('',#1569,10.);
#461=VECTOR('',#1570,10.);
#462=VECTOR('',#1571,10.);
#463=VECTOR('',#1584,10.);
#464=VECTOR('',#1587,10.);
#465=VECTOR('',#1588,10.);
#466=VECTOR('',#1589,10.);
#467=VECTOR('',#1594,10.);
#468=VECTOR('',#1597,10.);
#469=VECTOR('',#1598,10.);
#470=VECTOR('',#1599,10.);
#471=VECTOR('',#1612,1.5);
#472=VECTOR('',#1621,1.425);
#473=VECTOR('',#1626,1.5);
#474=VECTOR('',#1627,1.5);
#475=VECTOR('',#1642,5.);
#476=VECTOR('',#1665,1.5);
#477=VECTOR('',#1672,1.5);
#478=VECTOR('',#1689,0.25);
#479=VECTOR('',#1696,1.6);
#480=VECTOR('',#1705,1.5);
#481=VECTOR('',#1706,1.5);
#482=VECTOR('',#1715,1.6);
#483=VECTOR('',#1722,4.75);
#484=VECTOR('',#1733,5.);
#485=VECTOR('',#1736,4.75);
#486=VECTOR('',#1739,1.25);
#487=VECTOR('',#1744,0.5);
#488=VECTOR('',#1749,1.45);
#489=VECTOR('',#1760,1.5);
#490=VECTOR('',#1761,1.5);
#491=VECTOR('',#1770,1.36481646934132);
#492=VECTOR('',#1779,1.2295);
#493=VECTOR('',#1788,1.36481646934132);
#494=VECTOR('',#1795,2.73771324027147);
#495=VECTOR('',#1798,2.73771324027147);
#496=VECTOR('',#1801,10.);
#497=VECTOR('',#1802,10.);
#498=VECTOR('',#1805,10.);
#499=VECTOR('',#1808,10.);
#500=VECTOR('',#1811,10.);
#501=VECTOR('',#1814,10.);
#502=VECTOR('',#1821,0.25);
#503=VECTOR('',#1828,1.25);
#504=VECTOR('',#1833,1.5);
#505=VECTOR('',#1848,5.);
#506=VECTOR('',#1863,1.23436835802422);
#507=VECTOR('',#1872,1.5);
#508=VECTOR('',#1877,10.);
#509=VECTOR('',#1878,10.);
#510=VECTOR('',#1879,10.);
#511=VECTOR('',#1882,10.);
#512=VECTOR('',#1883,10.);
#513=VECTOR('',#1886,10.);
#514=VECTOR('',#1887,10.);
#515=VECTOR('',#1890,10.);
#516=VECTOR('',#1891,10.);
#517=VECTOR('',#1894,10.);
#518=VECTOR('',#1895,10.);
#519=VECTOR('',#1898,10.);
#520=VECTOR('',#1905,1.3466375);
#521=VECTOR('',#1908,0.433012701892216);
#522=VERTEX_POINT('',#1930);
#523=VERTEX_POINT('',#1931);
#524=VERTEX_POINT('',#1933);
#525=VERTEX_POINT('',#1935);
#526=VERTEX_POINT('',#1943);
#527=VERTEX_POINT('',#1944);
#528=VERTEX_POINT('',#1948);
#529=VERTEX_POINT('',#1950);
#530=VERTEX_POINT('',#1954);
#531=VERTEX_POINT('',#1955);
#532=VERTEX_POINT('',#1959);
#533=VERTEX_POINT('',#1961);
#534=VERTEX_POINT('',#1967);
#535=VERTEX_POINT('',#1971);
#536=VERTEX_POINT('',#1977);
#537=VERTEX_POINT('',#1978);
#538=VERTEX_POINT('',#1993);
#539=VERTEX_POINT('',#2008);
#540=VERTEX_POINT('',#2010);
#541=VERTEX_POINT('',#2074);
#542=VERTEX_POINT('',#2077);
#543=VERTEX_POINT('',#2108);
#544=VERTEX_POINT('',#2110);
#545=VERTEX_POINT('',#2112);
#546=VERTEX_POINT('',#2116);
#547=VERTEX_POINT('',#2149);
#548=VERTEX_POINT('',#2151);
#549=VERTEX_POINT('',#2153);
#550=VERTEX_POINT('',#2157);
#551=VERTEX_POINT('',#2158);
#552=VERTEX_POINT('',#2164);
#553=VERTEX_POINT('',#2166);
#554=VERTEX_POINT('',#2168);
#555=VERTEX_POINT('',#2176);
#556=VERTEX_POINT('',#2178);
#557=VERTEX_POINT('',#2182);
#558=VERTEX_POINT('',#2184);
#559=VERTEX_POINT('',#2188);
#560=VERTEX_POINT('',#2189);
#561=VERTEX_POINT('',#2192);
#562=VERTEX_POINT('',#2194);
#563=VERTEX_POINT('',#2207);
#564=VERTEX_POINT('',#2244);
#565=VERTEX_POINT('',#2247);
#566=VERTEX_POINT('',#2251);
#567=VERTEX_POINT('',#2254);
#568=VERTEX_POINT('',#2256);
#569=VERTEX_POINT('',#2260);
#570=VERTEX_POINT('',#2261);
#571=VERTEX_POINT('',#2265);
#572=VERTEX_POINT('',#2266);
#573=VERTEX_POINT('',#2309);
#574=VERTEX_POINT('',#2310);
#575=VERTEX_POINT('',#2321);
#576=VERTEX_POINT('',#2350);
#577=VERTEX_POINT('',#2352);
#578=VERTEX_POINT('',#2390);
#579=VERTEX_POINT('',#2392);
#580=VERTEX_POINT('',#2394);
#581=VERTEX_POINT('',#2399);
#582=VERTEX_POINT('',#2406);
#583=VERTEX_POINT('',#2408);
#584=VERTEX_POINT('',#2412);
#585=VERTEX_POINT('',#2413);
#586=VERTEX_POINT('',#2418);
#587=VERTEX_POINT('',#2421);
#588=VERTEX_POINT('',#2425);
#589=VERTEX_POINT('',#2428);
#590=VERTEX_POINT('',#2429);
#591=VERTEX_POINT('',#2433);
#592=VERTEX_POINT('',#2437);
#593=VERTEX_POINT('',#2441);
#594=VERTEX_POINT('',#2445);
#595=VERTEX_POINT('',#2454);
#596=VERTEX_POINT('',#2456);
#597=VERTEX_POINT('',#2460);
#598=VERTEX_POINT('',#2464);
#599=VERTEX_POINT('',#2468);
#600=VERTEX_POINT('',#2472);
#601=VERTEX_POINT('',#2493);
#602=VERTEX_POINT('',#2494);
#603=VERTEX_POINT('',#2551);
#604=VERTEX_POINT('',#2556);
#605=VERTEX_POINT('',#2557);
#606=VERTEX_POINT('',#2602);
#607=VERTEX_POINT('',#2604);
#608=VERTEX_POINT('',#2642);
#609=VERTEX_POINT('',#2644);
#610=VERTEX_POINT('',#2648);
#611=VERTEX_POINT('',#2650);
#612=VERTEX_POINT('',#2652);
#613=VERTEX_POINT('',#2656);
#614=VERTEX_POINT('',#2663);
#615=VERTEX_POINT('',#2664);
#616=VERTEX_POINT('',#2667);
#617=VERTEX_POINT('',#2671);
#618=VERTEX_POINT('',#2672);
#619=VERTEX_POINT('',#2678);
#620=VERTEX_POINT('',#2679);
#621=VERTEX_POINT('',#2683);
#622=VERTEX_POINT('',#2685);
#623=VERTEX_POINT('',#2689);
#624=VERTEX_POINT('',#2693);
#625=VERTEX_POINT('',#2695);
#626=VERTEX_POINT('',#2701);
#627=VERTEX_POINT('',#2705);
#628=VERTEX_POINT('',#2709);
#629=VERTEX_POINT('',#2713);
#630=VERTEX_POINT('',#2717);
#631=VERTEX_POINT('',#2721);
#632=VERTEX_POINT('',#2730);
#633=VERTEX_POINT('',#2735);
#634=EDGE_CURVE('',#522,#523,#396,.T.);
#635=EDGE_CURVE('',#522,#524,#397,.T.);
#636=EDGE_CURVE('',#525,#524,#398,.T.);
#637=EDGE_CURVE('',#525,#523,#399,.T.);
#638=EDGE_CURVE('',#523,#525,#171,.T.);
#639=EDGE_CURVE('',#524,#522,#172,.T.);
#640=EDGE_CURVE('',#526,#527,#173,.T.);
#641=EDGE_CURVE('',#526,#527,#400,.T.);
#642=EDGE_CURVE('',#527,#528,#401,.T.);
#643=EDGE_CURVE('',#529,#526,#402,.T.);
#644=EDGE_CURVE('',#528,#529,#403,.T.);
#645=EDGE_CURVE('',#530,#531,#174,.T.);
#646=EDGE_CURVE('',#531,#530,#404,.T.);
#647=EDGE_CURVE('',#532,#530,#405,.T.);
#648=EDGE_CURVE('',#533,#532,#406,.T.);
#649=EDGE_CURVE('',#531,#533,#407,.T.);
#650=EDGE_CURVE('',#533,#532,#175,.T.);
#651=EDGE_CURVE('',#529,#534,#176,.T.);
#652=EDGE_CURVE('',#534,#528,#177,.T.);
#653=EDGE_CURVE('',#534,#535,#408,.T.);
#654=EDGE_CURVE('',#535,#535,#178,.T.);
#655=EDGE_CURVE('',#536,#537,#82,.T.);
#656=EDGE_CURVE('',#538,#536,#83,.T.);
#657=EDGE_CURVE('',#538,#539,#409,.T.);
#658=EDGE_CURVE('',#540,#539,#84,.T.);
#659=EDGE_CURVE('',#539,#540,#85,.T.);
#660=EDGE_CURVE('',#537,#538,#86,.T.);
#661=EDGE_CURVE('',#541,#541,#179,.T.);
#662=EDGE_CURVE('',#541,#538,#410,.T.);
#663=EDGE_CURVE('',#537,#542,#411,.T.);
#664=EDGE_CURVE('',#542,#542,#180,.T.);
#665=EDGE_CURVE('',#543,#543,#181,.T.);
#666=EDGE_CURVE('',#543,#544,#182,.T.);
#667=EDGE_CURVE('',#544,#545,#183,.T.);
#668=EDGE_CURVE('',#545,#544,#184,.T.);
#669=EDGE_CURVE('',#545,#546,#412,.T.);
#670=EDGE_CURVE('',#546,#546,#185,.T.);
#671=EDGE_CURVE('',#547,#547,#186,.T.);
#672=EDGE_CURVE('',#547,#548,#187,.T.);
#673=EDGE_CURVE('',#548,#549,#188,.T.);
#674=EDGE_CURVE('',#549,#548,#189,.T.);
#675=EDGE_CURVE('',#550,#551,#190,.T.);
#676=EDGE_CURVE('',#551,#550,#191,.T.);
#677=EDGE_CURVE('',#551,#549,#413,.T.);
#678=EDGE_CURVE('',#552,#552,#192,.T.);
#679=EDGE_CURVE('',#552,#553,#414,.T.);
#680=EDGE_CURVE('',#553,#554,#193,.T.);
#681=EDGE_CURVE('',#554,#553,#194,.T.);
#682=EDGE_CURVE('',#554,#550,#195,.T.);
#683=EDGE_CURVE('',#555,#555,#196,.T.);
#684=EDGE_CURVE('',#555,#556,#415,.T.);
#685=EDGE_CURVE('',#556,#556,#197,.T.);
#686=EDGE_CURVE('',#557,#557,#198,.T.);
#687=EDGE_CURVE('',#557,#558,#416,.T.);
#688=EDGE_CURVE('',#558,#558,#199,.T.);
#689=EDGE_CURVE('',#559,#560,#200,.T.);
#690=EDGE_CURVE('',#560,#559,#201,.T.);
#691=EDGE_CURVE('',#560,#561,#417,.T.);
#692=EDGE_CURVE('',#561,#562,#87,.T.);
#693=EDGE_CURVE('',#562,#563,#88,.T.);
#694=EDGE_CURVE('',#563,#558,#418,.T.);
#695=EDGE_CURVE('',#563,#561,#89,.T.);
#696=EDGE_CURVE('',#564,#564,#202,.T.);
#697=EDGE_CURVE('',#565,#565,#203,.T.);
#698=EDGE_CURVE('',#565,#559,#419,.T.);
#699=EDGE_CURVE('',#566,#566,#204,.T.);
#700=EDGE_CURVE('',#564,#567,#420,.T.);
#701=EDGE_CURVE('',#567,#568,#205,.T.);
#702=EDGE_CURVE('',#568,#567,#206,.T.);
#703=EDGE_CURVE('',#569,#570,#207,.T.);
#704=EDGE_CURVE('',#570,#569,#208,.T.);
#705=EDGE_CURVE('',#570,#568,#421,.T.);
#706=EDGE_CURVE('',#571,#572,#90,.T.);
#707=EDGE_CURVE('',#572,#571,#91,.T.);
#708=EDGE_CURVE('',#566,#569,#422,.T.);
#709=EDGE_CURVE('',#563,#572,#423,.T.);
#710=EDGE_CURVE('',#573,#574,#92,.T.);
#711=EDGE_CURVE('',#575,#573,#93,.T.);
#712=EDGE_CURVE('',#574,#575,#94,.T.);
#713=EDGE_CURVE('',#574,#576,#424,.T.);
#714=EDGE_CURVE('',#577,#576,#95,.T.);
#715=EDGE_CURVE('',#576,#577,#96,.T.);
#716=EDGE_CURVE('',#578,#578,#209,.T.);
#717=EDGE_CURVE('',#578,#579,#425,.T.);
#718=EDGE_CURVE('',#579,#580,#210,.T.);
#719=EDGE_CURVE('',#580,#579,#211,.T.);
#720=EDGE_CURVE('',#581,#581,#212,.T.);
#721=EDGE_CURVE('',#581,#575,#426,.T.);
#722=EDGE_CURVE('',#574,#580,#427,.T.);
#723=EDGE_CURVE('',#582,#582,#213,.T.);
#724=EDGE_CURVE('',#582,#583,#428,.T.);
#725=EDGE_CURVE('',#583,#583,#214,.T.);
#726=EDGE_CURVE('',#584,#585,#215,.T.);
#727=EDGE_CURVE('',#585,#584,#216,.T.);
#728=EDGE_CURVE('',#585,#583,#429,.T.);
#729=EDGE_CURVE('',#586,#586,#217,.T.);
#730=EDGE_CURVE('',#587,#587,#218,.T.);
#731=EDGE_CURVE('',#587,#584,#430,.T.);
#732=EDGE_CURVE('',#588,#588,#219,.T.);
#733=EDGE_CURVE('',#589,#590,#47,.T.);
#734=EDGE_CURVE('',#591,#589,#48,.T.);
#735=EDGE_CURVE('',#592,#591,#49,.T.);
#736=EDGE_CURVE('',#593,#592,#50,.T.);
#737=EDGE_CURVE('',#594,#593,#51,.T.);
#738=EDGE_CURVE('',#594,#586,#431,.T.);
#739=EDGE_CURVE('',#590,#594,#52,.T.);
#740=EDGE_CURVE('',#588,#595,#432,.T.);
#741=EDGE_CURVE('',#596,#595,#53,.T.);
#742=EDGE_CURVE('',#597,#596,#54,.T.);
#743=EDGE_CURVE('',#598,#597,#55,.T.);
#744=EDGE_CURVE('',#599,#598,#56,.T.);
#745=EDGE_CURVE('',#600,#599,#57,.T.);
#746=EDGE_CURVE('',#595,#600,#58,.T.);
#747=EDGE_CURVE('',#591,#598,#433,.T.);
#748=EDGE_CURVE('',#592,#597,#434,.T.);
#749=EDGE_CURVE('',#593,#596,#435,.T.);
#750=EDGE_CURVE('',#589,#599,#436,.T.);
#751=EDGE_CURVE('',#590,#600,#437,.T.);
#752=EDGE_CURVE('',#594,#595,#438,.T.);
#753=EDGE_CURVE('',#601,#602,#97,.T.);
#754=EDGE_CURVE('',#602,#601,#98,.T.);
#755=EDGE_CURVE('',#602,#603,#439,.T.);
#756=EDGE_CURVE('',#603,#603,#220,.T.);
#757=EDGE_CURVE('',#604,#605,#99,.T.);
#758=EDGE_CURVE('',#605,#604,#100,.T.);
#759=EDGE_CURVE('',#605,#606,#440,.T.);
#760=EDGE_CURVE('',#607,#606,#101,.T.);
#761=EDGE_CURVE('',#606,#607,#102,.T.);
#762=EDGE_CURVE('',#608,#608,#221,.T.);
#763=EDGE_CURVE('',#608,#609,#441,.T.);
#764=EDGE_CURVE('',#609,#609,#222,.T.);
#765=EDGE_CURVE('',#610,#610,#223,.T.);
#766=EDGE_CURVE('',#610,#611,#224,.T.);
#767=EDGE_CURVE('',#611,#612,#225,.T.);
#768=EDGE_CURVE('',#612,#611,#226,.T.);
#769=EDGE_CURVE('',#612,#613,#442,.T.);
#770=EDGE_CURVE('',#613,#613,#227,.T.);
#771=EDGE_CURVE('',#614,#615,#228,.T.);
#772=EDGE_CURVE('',#615,#614,#229,.T.);
#773=EDGE_CURVE('',#614,#616,#443,.T.);
#774=EDGE_CURVE('',#616,#616,#230,.T.);
#775=EDGE_CURVE('',#617,#618,#231,.T.);
#776=EDGE_CURVE('',#618,#617,#232,.T.);
#777=EDGE_CURVE('',#618,#615,#444,.T.);
#778=EDGE_CURVE('',#619,#620,#59,.T.);
#779=EDGE_CURVE('',#619,#621,#445,.T.);
#780=EDGE_CURVE('',#622,#621,#446,.T.);
#781=EDGE_CURVE('',#620,#622,#447,.T.);
#782=EDGE_CURVE('',#620,#623,#60,.T.);
#783=EDGE_CURVE('',#624,#622,#448,.T.);
#784=EDGE_CURVE('',#625,#624,#449,.T.);
#785=EDGE_CURVE('',#623,#625,#61,.T.);
#786=EDGE_CURVE('',#626,#619,#62,.T.);
#787=EDGE_CURVE('',#627,#626,#450,.T.);
#788=EDGE_CURVE('',#621,#627,#451,.T.);
#789=EDGE_CURVE('',#625,#628,#63,.T.);
#790=EDGE_CURVE('',#629,#624,#452,.T.);
#791=EDGE_CURVE('',#628,#629,#453,.T.);
#792=EDGE_CURVE('',#630,#626,#64,.T.);
#793=EDGE_CURVE('',#630,#631,#454,.T.);
#794=EDGE_CURVE('',#627,#631,#455,.T.);
#795=EDGE_CURVE('',#628,#630,#65,.T.);
#796=EDGE_CURVE('',#631,#629,#456,.T.);
#797=EDGE_CURVE('',#632,#632,#233,.T.);
#798=EDGE_CURVE('',#632,#617,#457,.T.);
#799=EDGE_CURVE('',#623,#633,#458,.T.);
#800=ORIENTED_EDGE('',*,*,#634,.F.);
#801=ORIENTED_EDGE('',*,*,#635,.T.);
#802=ORIENTED_EDGE('',*,*,#636,.F.);
#803=ORIENTED_EDGE('',*,*,#637,.T.);
#804=ORIENTED_EDGE('',*,*,#638,.F.);
#805=ORIENTED_EDGE('',*,*,#637,.F.);
#806=ORIENTED_EDGE('',*,*,#639,.F.);
#807=ORIENTED_EDGE('',*,*,#635,.F.);
#808=ORIENTED_EDGE('',*,*,#640,.F.);
#809=ORIENTED_EDGE('',*,*,#641,.T.);
#810=ORIENTED_EDGE('',*,*,#642,.F.);
#811=ORIENTED_EDGE('',*,*,#641,.F.);
#812=ORIENTED_EDGE('',*,*,#643,.F.);
#813=ORIENTED_EDGE('',*,*,#644,.F.);
#814=ORIENTED_EDGE('',*,*,#645,.F.);
#815=ORIENTED_EDGE('',*,*,#646,.F.);
#816=ORIENTED_EDGE('',*,*,#647,.F.);
#817=ORIENTED_EDGE('',*,*,#648,.F.);
#818=ORIENTED_EDGE('',*,*,#649,.F.);
#819=ORIENTED_EDGE('',*,*,#646,.T.);
#820=ORIENTED_EDGE('',*,*,#650,.F.);
#821=ORIENTED_EDGE('',*,*,#648,.T.);
#822=ORIENTED_EDGE('',*,*,#644,.T.);
#823=ORIENTED_EDGE('',*,*,#651,.T.);
#824=ORIENTED_EDGE('',*,*,#652,.T.);
#825=ORIENTED_EDGE('',*,*,#642,.T.);
#826=ORIENTED_EDGE('',*,*,#652,.F.);
#827=ORIENTED_EDGE('',*,*,#653,.T.);
#828=ORIENTED_EDGE('',*,*,#654,.F.);
#829=ORIENTED_EDGE('',*,*,#653,.F.);
#830=ORIENTED_EDGE('',*,*,#651,.F.);
#831=ORIENTED_EDGE('',*,*,#643,.T.);
#832=ORIENTED_EDGE('',*,*,#640,.T.);
#833=ORIENTED_EDGE('',*,*,#638,.T.);
#834=ORIENTED_EDGE('',*,*,#636,.T.);
#835=ORIENTED_EDGE('',*,*,#639,.T.);
#836=ORIENTED_EDGE('',*,*,#634,.T.);
#837=ORIENTED_EDGE('',*,*,#649,.T.);
#838=ORIENTED_EDGE('',*,*,#650,.T.);
#839=ORIENTED_EDGE('',*,*,#647,.T.);
#840=ORIENTED_EDGE('',*,*,#645,.T.);
#841=ORIENTED_EDGE('',*,*,#654,.T.);
#842=ORIENTED_EDGE('',*,*,#655,.F.);
#843=ORIENTED_EDGE('',*,*,#656,.F.);
#844=ORIENTED_EDGE('',*,*,#657,.T.);
#845=ORIENTED_EDGE('',*,*,#658,.F.);
#846=ORIENTED_EDGE('',*,*,#659,.F.);
#847=ORIENTED_EDGE('',*,*,#657,.F.);
#848=ORIENTED_EDGE('',*,*,#660,.F.);
#849=ORIENTED_EDGE('',*,*,#661,.F.);
#850=ORIENTED_EDGE('',*,*,#662,.T.);
#851=ORIENTED_EDGE('',*,*,#656,.T.);
#852=ORIENTED_EDGE('',*,*,#655,.T.);
#853=ORIENTED_EDGE('',*,*,#663,.T.);
#854=ORIENTED_EDGE('',*,*,#664,.F.);
#855=ORIENTED_EDGE('',*,*,#663,.F.);
#856=ORIENTED_EDGE('',*,*,#660,.T.);
#857=ORIENTED_EDGE('',*,*,#662,.F.);
#858=ORIENTED_EDGE('',*,*,#664,.T.);
#859=ORIENTED_EDGE('',*,*,#665,.T.);
#860=ORIENTED_EDGE('',*,*,#666,.T.);
#861=ORIENTED_EDGE('',*,*,#667,.T.);
#862=ORIENTED_EDGE('',*,*,#668,.T.);
#863=ORIENTED_EDGE('',*,*,#666,.F.);
#864=ORIENTED_EDGE('',*,*,#667,.F.);
#865=ORIENTED_EDGE('',*,*,#668,.F.);
#866=ORIENTED_EDGE('',*,*,#669,.T.);
#867=ORIENTED_EDGE('',*,*,#670,.F.);
#868=ORIENTED_EDGE('',*,*,#669,.F.);
#869=ORIENTED_EDGE('',*,*,#658,.T.);
#870=ORIENTED_EDGE('',*,*,#659,.T.);
#871=ORIENTED_EDGE('',*,*,#665,.F.);
#872=ORIENTED_EDGE('',*,*,#670,.T.);
#873=ORIENTED_EDGE('',*,*,#661,.T.);
#874=ORIENTED_EDGE('',*,*,#671,.T.);
#875=ORIENTED_EDGE('',*,*,#672,.T.);
#876=ORIENTED_EDGE('',*,*,#673,.T.);
#877=ORIENTED_EDGE('',*,*,#674,.T.);
#878=ORIENTED_EDGE('',*,*,#672,.F.);
#879=ORIENTED_EDGE('',*,*,#675,.F.);
#880=ORIENTED_EDGE('',*,*,#676,.F.);
#881=ORIENTED_EDGE('',*,*,#677,.T.);
#882=ORIENTED_EDGE('',*,*,#673,.F.);
#883=ORIENTED_EDGE('',*,*,#674,.F.);
#884=ORIENTED_EDGE('',*,*,#677,.F.);
#885=ORIENTED_EDGE('',*,*,#671,.F.);
#886=ORIENTED_EDGE('',*,*,#678,.F.);
#887=ORIENTED_EDGE('',*,*,#679,.T.);
#888=ORIENTED_EDGE('',*,*,#680,.T.);
#889=ORIENTED_EDGE('',*,*,#681,.T.);
#890=ORIENTED_EDGE('',*,*,#679,.F.);
#891=ORIENTED_EDGE('',*,*,#681,.F.);
#892=ORIENTED_EDGE('',*,*,#682,.T.);
#893=ORIENTED_EDGE('',*,*,#675,.T.);
#894=ORIENTED_EDGE('',*,*,#676,.T.);
#895=ORIENTED_EDGE('',*,*,#682,.F.);
#896=ORIENTED_EDGE('',*,*,#680,.F.);
#897=ORIENTED_EDGE('',*,*,#678,.T.);
#898=ORIENTED_EDGE('',*,*,#683,.F.);
#899=ORIENTED_EDGE('',*,*,#684,.T.);
#900=ORIENTED_EDGE('',*,*,#685,.F.);
#901=ORIENTED_EDGE('',*,*,#684,.F.);
#902=ORIENTED_EDGE('',*,*,#686,.T.);
#903=ORIENTED_EDGE('',*,*,#687,.T.);
#904=ORIENTED_EDGE('',*,*,#688,.T.);
#905=ORIENTED_EDGE('',*,*,#687,.F.);
#906=ORIENTED_EDGE('',*,*,#689,.F.);
#907=ORIENTED_EDGE('',*,*,#690,.F.);
#908=ORIENTED_EDGE('',*,*,#691,.T.);
#909=ORIENTED_EDGE('',*,*,#692,.T.);
#910=ORIENTED_EDGE('',*,*,#693,.T.);
#911=ORIENTED_EDGE('',*,*,#694,.T.);
#912=ORIENTED_EDGE('',*,*,#688,.F.);
#913=ORIENTED_EDGE('',*,*,#694,.F.);
#914=ORIENTED_EDGE('',*,*,#695,.T.);
#915=ORIENTED_EDGE('',*,*,#691,.F.);
#916=ORIENTED_EDGE('',*,*,#696,.F.);
#917=ORIENTED_EDGE('',*,*,#685,.T.);
#918=ORIENTED_EDGE('',*,*,#686,.F.);
#919=ORIENTED_EDGE('',*,*,#697,.T.);
#920=ORIENTED_EDGE('',*,*,#698,.T.);
#921=ORIENTED_EDGE('',*,*,#689,.T.);
#922=ORIENTED_EDGE('',*,*,#690,.T.);
#923=ORIENTED_EDGE('',*,*,#698,.F.);
#924=ORIENTED_EDGE('',*,*,#699,.F.);
#925=ORIENTED_EDGE('',*,*,#683,.T.);
#926=ORIENTED_EDGE('',*,*,#697,.F.);
#927=ORIENTED_EDGE('',*,*,#696,.T.);
#928=ORIENTED_EDGE('',*,*,#700,.T.);
#929=ORIENTED_EDGE('',*,*,#701,.T.);
#930=ORIENTED_EDGE('',*,*,#702,.T.);
#931=ORIENTED_EDGE('',*,*,#700,.F.);
#932=ORIENTED_EDGE('',*,*,#703,.F.);
#933=ORIENTED_EDGE('',*,*,#704,.F.);
#934=ORIENTED_EDGE('',*,*,#705,.T.);
#935=ORIENTED_EDGE('',*,*,#701,.F.);
#936=ORIENTED_EDGE('',*,*,#702,.F.);
#937=ORIENTED_EDGE('',*,*,#705,.F.);
#938=ORIENTED_EDGE('',*,*,#706,.T.);
#939=ORIENTED_EDGE('',*,*,#707,.T.);
#940=ORIENTED_EDGE('',*,*,#699,.T.);
#941=ORIENTED_EDGE('',*,*,#708,.T.);
#942=ORIENTED_EDGE('',*,*,#703,.T.);
#943=ORIENTED_EDGE('',*,*,#704,.T.);
#944=ORIENTED_EDGE('',*,*,#708,.F.);
#945=ORIENTED_EDGE('',*,*,#693,.F.);
#946=ORIENTED_EDGE('',*,*,#692,.F.);
#947=ORIENTED_EDGE('',*,*,#695,.F.);
#948=ORIENTED_EDGE('',*,*,#709,.T.);
#949=ORIENTED_EDGE('',*,*,#706,.F.);
#950=ORIENTED_EDGE('',*,*,#707,.F.);
#951=ORIENTED_EDGE('',*,*,#709,.F.);
#952=ORIENTED_EDGE('',*,*,#710,.F.);
#953=ORIENTED_EDGE('',*,*,#711,.F.);
#954=ORIENTED_EDGE('',*,*,#712,.F.);
#955=ORIENTED_EDGE('',*,*,#713,.T.);
#956=ORIENTED_EDGE('',*,*,#714,.F.);
#957=ORIENTED_EDGE('',*,*,#715,.F.);
#958=ORIENTED_EDGE('',*,*,#713,.F.);
#959=ORIENTED_EDGE('',*,*,#716,.T.);
#960=ORIENTED_EDGE('',*,*,#717,.T.);
#961=ORIENTED_EDGE('',*,*,#718,.T.);
#962=ORIENTED_EDGE('',*,*,#719,.T.);
#963=ORIENTED_EDGE('',*,*,#717,.F.);
#964=ORIENTED_EDGE('',*,*,#716,.F.);
#965=ORIENTED_EDGE('',*,*,#720,.F.);
#966=ORIENTED_EDGE('',*,*,#721,.T.);
#967=ORIENTED_EDGE('',*,*,#711,.T.);
#968=ORIENTED_EDGE('',*,*,#710,.T.);
#969=ORIENTED_EDGE('',*,*,#722,.T.);
#970=ORIENTED_EDGE('',*,*,#718,.F.);
#971=ORIENTED_EDGE('',*,*,#719,.F.);
#972=ORIENTED_EDGE('',*,*,#722,.F.);
#973=ORIENTED_EDGE('',*,*,#712,.T.);
#974=ORIENTED_EDGE('',*,*,#721,.F.);
#975=ORIENTED_EDGE('',*,*,#714,.T.);
#976=ORIENTED_EDGE('',*,*,#715,.T.);
#977=ORIENTED_EDGE('',*,*,#720,.T.);
#978=ORIENTED_EDGE('',*,*,#723,.T.);
#979=ORIENTED_EDGE('',*,*,#724,.T.);
#980=ORIENTED_EDGE('',*,*,#725,.T.);
#981=ORIENTED_EDGE('',*,*,#724,.F.);
#982=ORIENTED_EDGE('',*,*,#726,.F.);
#983=ORIENTED_EDGE('',*,*,#727,.F.);
#984=ORIENTED_EDGE('',*,*,#728,.T.);
#985=ORIENTED_EDGE('',*,*,#725,.F.);
#986=ORIENTED_EDGE('',*,*,#728,.F.);
#987=ORIENTED_EDGE('',*,*,#729,.T.);
#988=ORIENTED_EDGE('',*,*,#723,.F.);
#989=ORIENTED_EDGE('',*,*,#730,.T.);
#990=ORIENTED_EDGE('',*,*,#731,.T.);
#991=ORIENTED_EDGE('',*,*,#726,.T.);
#992=ORIENTED_EDGE('',*,*,#727,.T.);
#993=ORIENTED_EDGE('',*,*,#731,.F.);
#994=ORIENTED_EDGE('',*,*,#732,.T.);
#995=ORIENTED_EDGE('',*,*,#730,.F.);
#996=ORIENTED_EDGE('',*,*,#733,.F.);
#997=ORIENTED_EDGE('',*,*,#734,.F.);
#998=ORIENTED_EDGE('',*,*,#735,.F.);
#999=ORIENTED_EDGE('',*,*,#736,.F.);
#1000=ORIENTED_EDGE('',*,*,#737,.F.);
#1001=ORIENTED_EDGE('',*,*,#738,.T.);
#1002=ORIENTED_EDGE('',*,*,#729,.F.);
#1003=ORIENTED_EDGE('',*,*,#738,.F.);
#1004=ORIENTED_EDGE('',*,*,#739,.F.);
#1005=ORIENTED_EDGE('',*,*,#732,.F.);
#1006=ORIENTED_EDGE('',*,*,#740,.T.);
#1007=ORIENTED_EDGE('',*,*,#741,.F.);
#1008=ORIENTED_EDGE('',*,*,#742,.F.);
#1009=ORIENTED_EDGE('',*,*,#743,.F.);
#1010=ORIENTED_EDGE('',*,*,#744,.F.);
#1011=ORIENTED_EDGE('',*,*,#745,.F.);
#1012=ORIENTED_EDGE('',*,*,#746,.F.);
#1013=ORIENTED_EDGE('',*,*,#740,.F.);
#1014=ORIENTED_EDGE('',*,*,#735,.T.);
#1015=ORIENTED_EDGE('',*,*,#747,.T.);
#1016=ORIENTED_EDGE('',*,*,#743,.T.);
#1017=ORIENTED_EDGE('',*,*,#748,.F.);
#1018=ORIENTED_EDGE('',*,*,#736,.T.);
#1019=ORIENTED_EDGE('',*,*,#748,.T.);
#1020=ORIENTED_EDGE('',*,*,#742,.T.);
#1021=ORIENTED_EDGE('',*,*,#749,.F.);
#1022=ORIENTED_EDGE('',*,*,#734,.T.);
#1023=ORIENTED_EDGE('',*,*,#750,.T.);
#1024=ORIENTED_EDGE('',*,*,#744,.T.);
#1025=ORIENTED_EDGE('',*,*,#747,.F.);
#1026=ORIENTED_EDGE('',*,*,#733,.T.);
#1027=ORIENTED_EDGE('',*,*,#751,.T.);
#1028=ORIENTED_EDGE('',*,*,#745,.T.);
#1029=ORIENTED_EDGE('',*,*,#750,.F.);
#1030=ORIENTED_EDGE('',*,*,#737,.T.);
#1031=ORIENTED_EDGE('',*,*,#749,.T.);
#1032=ORIENTED_EDGE('',*,*,#741,.T.);
#1033=ORIENTED_EDGE('',*,*,#752,.F.);
#1034=ORIENTED_EDGE('',*,*,#739,.T.);
#1035=ORIENTED_EDGE('',*,*,#752,.T.);
#1036=ORIENTED_EDGE('',*,*,#746,.T.);
#1037=ORIENTED_EDGE('',*,*,#751,.F.);
#1038=ORIENTED_EDGE('',*,*,#753,.F.);
#1039=ORIENTED_EDGE('',*,*,#754,.F.);
#1040=ORIENTED_EDGE('',*,*,#755,.T.);
#1041=ORIENTED_EDGE('',*,*,#756,.T.);
#1042=ORIENTED_EDGE('',*,*,#755,.F.);
#1043=ORIENTED_EDGE('',*,*,#756,.F.);
#1044=ORIENTED_EDGE('',*,*,#757,.F.);
#1045=ORIENTED_EDGE('',*,*,#758,.F.);
#1046=ORIENTED_EDGE('',*,*,#759,.T.);
#1047=ORIENTED_EDGE('',*,*,#760,.F.);
#1048=ORIENTED_EDGE('',*,*,#761,.F.);
#1049=ORIENTED_EDGE('',*,*,#759,.F.);
#1050=ORIENTED_EDGE('',*,*,#762,.F.);
#1051=ORIENTED_EDGE('',*,*,#763,.T.);
#1052=ORIENTED_EDGE('',*,*,#764,.F.);
#1053=ORIENTED_EDGE('',*,*,#763,.F.);
#1054=ORIENTED_EDGE('',*,*,#757,.T.);
#1055=ORIENTED_EDGE('',*,*,#758,.T.);
#1056=ORIENTED_EDGE('',*,*,#765,.T.);
#1057=ORIENTED_EDGE('',*,*,#766,.T.);
#1058=ORIENTED_EDGE('',*,*,#767,.T.);
#1059=ORIENTED_EDGE('',*,*,#768,.T.);
#1060=ORIENTED_EDGE('',*,*,#766,.F.);
#1061=ORIENTED_EDGE('',*,*,#753,.T.);
#1062=ORIENTED_EDGE('',*,*,#754,.T.);
#1063=ORIENTED_EDGE('',*,*,#767,.F.);
#1064=ORIENTED_EDGE('',*,*,#768,.F.);
#1065=ORIENTED_EDGE('',*,*,#769,.T.);
#1066=ORIENTED_EDGE('',*,*,#770,.F.);
#1067=ORIENTED_EDGE('',*,*,#769,.F.);
#1068=ORIENTED_EDGE('',*,*,#760,.T.);
#1069=ORIENTED_EDGE('',*,*,#761,.T.);
#1070=ORIENTED_EDGE('',*,*,#765,.F.);
#1071=ORIENTED_EDGE('',*,*,#764,.T.);
#1072=ORIENTED_EDGE('',*,*,#770,.T.);
#1073=ORIENTED_EDGE('',*,*,#762,.T.);
#1074=ORIENTED_EDGE('',*,*,#771,.T.);
#1075=ORIENTED_EDGE('',*,*,#772,.T.);
#1076=ORIENTED_EDGE('',*,*,#773,.T.);
#1077=ORIENTED_EDGE('',*,*,#774,.T.);
#1078=ORIENTED_EDGE('',*,*,#773,.F.);
#1079=ORIENTED_EDGE('',*,*,#775,.F.);
#1080=ORIENTED_EDGE('',*,*,#776,.F.);
#1081=ORIENTED_EDGE('',*,*,#777,.T.);
#1082=ORIENTED_EDGE('',*,*,#771,.F.);
#1083=ORIENTED_EDGE('',*,*,#772,.F.);
#1084=ORIENTED_EDGE('',*,*,#777,.F.);
#1085=ORIENTED_EDGE('',*,*,#774,.F.);
#1086=ORIENTED_EDGE('',*,*,#778,.F.);
#1087=ORIENTED_EDGE('',*,*,#779,.T.);
#1088=ORIENTED_EDGE('',*,*,#780,.F.);
#1089=ORIENTED_EDGE('',*,*,#781,.F.);
#1090=ORIENTED_EDGE('',*,*,#782,.F.);
#1091=ORIENTED_EDGE('',*,*,#781,.T.);
#1092=ORIENTED_EDGE('',*,*,#783,.F.);
#1093=ORIENTED_EDGE('',*,*,#784,.F.);
#1094=ORIENTED_EDGE('',*,*,#785,.F.);
#1095=ORIENTED_EDGE('',*,*,#786,.F.);
#1096=ORIENTED_EDGE('',*,*,#787,.F.);
#1097=ORIENTED_EDGE('',*,*,#788,.F.);
#1098=ORIENTED_EDGE('',*,*,#779,.F.);
#1099=ORIENTED_EDGE('',*,*,#789,.F.);
#1100=ORIENTED_EDGE('',*,*,#784,.T.);
#1101=ORIENTED_EDGE('',*,*,#790,.F.);
#1102=ORIENTED_EDGE('',*,*,#791,.F.);
#1103=ORIENTED_EDGE('',*,*,#792,.F.);
#1104=ORIENTED_EDGE('',*,*,#793,.T.);
#1105=ORIENTED_EDGE('',*,*,#794,.F.);
#1106=ORIENTED_EDGE('',*,*,#787,.T.);
#1107=ORIENTED_EDGE('',*,*,#795,.F.);
#1108=ORIENTED_EDGE('',*,*,#791,.T.);
#1109=ORIENTED_EDGE('',*,*,#796,.F.);
#1110=ORIENTED_EDGE('',*,*,#793,.F.);
#1111=ORIENTED_EDGE('',*,*,#797,.F.);
#1112=ORIENTED_EDGE('',*,*,#794,.T.);
#1113=ORIENTED_EDGE('',*,*,#796,.T.);
#1114=ORIENTED_EDGE('',*,*,#790,.T.);
#1115=ORIENTED_EDGE('',*,*,#783,.T.);
#1116=ORIENTED_EDGE('',*,*,#780,.T.);
#1117=ORIENTED_EDGE('',*,*,#788,.T.);
#1118=ORIENTED_EDGE('',*,*,#797,.T.);
#1119=ORIENTED_EDGE('',*,*,#798,.T.);
#1120=ORIENTED_EDGE('',*,*,#775,.T.);
#1121=ORIENTED_EDGE('',*,*,#776,.T.);
#1122=ORIENTED_EDGE('',*,*,#798,.F.);
#1123=ORIENTED_EDGE('',*,*,#792,.T.);
#1124=ORIENTED_EDGE('',*,*,#786,.T.);
#1125=ORIENTED_EDGE('',*,*,#778,.T.);
#1126=ORIENTED_EDGE('',*,*,#782,.T.);
#1127=ORIENTED_EDGE('',*,*,#799,.T.);
#1128=ORIENTED_EDGE('',*,*,#799,.F.);
#1129=ORIENTED_EDGE('',*,*,#785,.T.);
#1130=ORIENTED_EDGE('',*,*,#789,.T.);
#1131=ORIENTED_EDGE('',*,*,#795,.T.);
#1132=PLANE('',#1413);
#1133=PLANE('',#1414);
#1134=PLANE('',#1416);
#1135=PLANE('',#1418);
#1136=PLANE('',#1420);
#1137=PLANE('',#1421);
#1138=PLANE('',#1423);
#1139=PLANE('',#1424);
#1140=PLANE('',#1426);
#1141=PLANE('',#1431);
#1142=PLANE('',#1437);
#1143=PLANE('',#1444);
#1144=PLANE('',#1445);
#1145=PLANE('',#1454);
#1146=PLANE('',#1461);
#1147=PLANE('',#1472);
#1148=PLANE('',#1476);
#1149=PLANE('',#1492);
#1150=PLANE('',#1495);
#1151=PLANE('',#1503);
#1152=PLANE('',#1507);
#1153=PLANE('',#1511);
#1154=PLANE('',#1512);
#1155=PLANE('',#1513);
#1156=PLANE('',#1514);
#1157=PLANE('',#1515);
#1158=PLANE('',#1516);
#1159=PLANE('',#1520);
#1160=PLANE('',#1532);
#1161=PLANE('',#1533);
#1162=PLANE('',#1542);
#1163=PLANE('',#1543);
#1164=PLANE('',#1544);
#1165=PLANE('',#1545);
#1166=PLANE('',#1546);
#1167=PLANE('',#1547);
#1168=PLANE('',#1548);
#1169=PLANE('',#1549);
#1170=ADVANCED_FACE('',(#234),#1132,.F.);
#1171=ADVANCED_FACE('',(#235),#1133,.F.);
#1172=ADVANCED_FACE('',(#236),#1134,.F.);
#1173=ADVANCED_FACE('',(#237),#1135,.F.);
#1174=ADVANCED_FACE('',(#238),#1136,.F.);
#1175=ADVANCED_FACE('',(#239),#1137,.F.);
#1176=ADVANCED_FACE('',(#240),#1138,.F.);
#1177=ADVANCED_FACE('',(#241),#1139,.F.);
#1178=ADVANCED_FACE('',(#242),#1140,.T.);
#1179=ADVANCED_FACE('',(#243,#135,#136),#153,.T.);
#1180=ADVANCED_FACE('',(#244),#1141,.F.);
#1181=ADVANCED_FACE('',(#245),#154,.F.);
#1182=ADVANCED_FACE('',(#246),#155,.F.);
#1183=ADVANCED_FACE('',(#247),#1142,.T.);
#1184=ADVANCED_FACE('',(#248),#80,.F.);
#1185=ADVANCED_FACE('',(#249,#137),#156,.T.);
#1186=ADVANCED_FACE('',(#250),#1143,.T.);
#1187=ADVANCED_FACE('',(#251,#138),#1144,.F.);
#1188=ADVANCED_FACE('',(#252),#81,.F.);
#1189=ADVANCED_FACE('',(#253),#157,.T.);
#1190=ADVANCED_FACE('',(#254),#1145,.T.);
#1191=ADVANCED_FACE('',(#255),#158,.T.);
#1192=ADVANCED_FACE('',(#256),#78,.T.);
#1193=ADVANCED_FACE('',(#257),#1146,.F.);
#1194=ADVANCED_FACE('',(#258),#159,.F.);
#1195=ADVANCED_FACE('',(#259),#66,.F.);
#1196=ADVANCED_FACE('',(#260),#160,.F.);
#1197=ADVANCED_FACE('',(#261,#139,#140),#1147,.F.);
#1198=ADVANCED_FACE('',(#262),#67,.F.);
#1199=ADVANCED_FACE('',(#263,#141,#142),#1148,.T.);
#1200=ADVANCED_FACE('',(#264),#68,.T.);
#1201=ADVANCED_FACE('',(#265,#143),#161,.T.);
#1202=ADVANCED_FACE('',(#266),#69,.T.);
#1203=ADVANCED_FACE('',(#267),#162,.F.);
#1204=ADVANCED_FACE('',(#268),#163,.F.);
#1205=ADVANCED_FACE('',(#269),#70,.T.);
#1206=ADVANCED_FACE('',(#270),#1149,.F.);
#1207=ADVANCED_FACE('',(#271,#144),#164,.T.);
#1208=ADVANCED_FACE('',(#272),#1150,.T.);
#1209=ADVANCED_FACE('',(#273),#71,.F.);
#1210=ADVANCED_FACE('',(#274),#165,.F.);
#1211=ADVANCED_FACE('',(#275,#145),#1151,.F.);
#1212=ADVANCED_FACE('',(#276),#72,.F.);
#1213=ADVANCED_FACE('',(#277,#146),#1152,.T.);
#1214=ADVANCED_FACE('',(#278),#73,.T.);
#1215=ADVANCED_FACE('',(#279),#74,.T.);
#1216=ADVANCED_FACE('',(#280),#1153,.T.);
#1217=ADVANCED_FACE('',(#281),#1154,.T.);
#1218=ADVANCED_FACE('',(#282),#1155,.T.);
#1219=ADVANCED_FACE('',(#283),#1156,.T.);
#1220=ADVANCED_FACE('',(#284),#1157,.T.);
#1221=ADVANCED_FACE('',(#285),#1158,.T.);
#1222=ADVANCED_FACE('',(#286),#166,.F.);
#1223=ADVANCED_FACE('',(#287),#1159,.T.);
#1224=ADVANCED_FACE('',(#288),#167,.F.);
#1225=ADVANCED_FACE('',(#289,#147),#168,.F.);
#1226=ADVANCED_FACE('',(#290,#148),#79,.T.);
#1227=ADVANCED_FACE('',(#291,#149),#169,.T.);
#1228=ADVANCED_FACE('',(#292,#150),#1160,.T.);
#1229=ADVANCED_FACE('',(#293,#151),#1161,.F.);
#1230=ADVANCED_FACE('',(#294),#75,.T.);
#1231=ADVANCED_FACE('',(#295),#170,.T.);
#1232=ADVANCED_FACE('',(#296),#1162,.T.);
#1233=ADVANCED_FACE('',(#297),#1163,.F.);
#1234=ADVANCED_FACE('',(#298),#1164,.F.);
#1235=ADVANCED_FACE('',(#299),#1165,.F.);
#1236=ADVANCED_FACE('',(#300),#1166,.F.);
#1237=ADVANCED_FACE('',(#301),#1167,.F.);
#1238=ADVANCED_FACE('',(#302),#1168,.F.);
#1239=ADVANCED_FACE('',(#303,#152),#1169,.F.);
#1240=ADVANCED_FACE('',(#304),#76,.T.);
#1241=ADVANCED_FACE('',(#305),#77,.F.);
#1242=CLOSED_SHELL('',(#1170,#1171,#1172,#1173,#1174,#1175,#1176,#1177,
#1178,#1179,#1180));
#1243=CLOSED_SHELL('',(#1181,#1182,#1183,#1184,#1185,#1186,#1187));
#1244=CLOSED_SHELL('',(#1188,#1189,#1190,#1191,#1192,#1193));
#1245=CLOSED_SHELL('',(#1194,#1195,#1196,#1197,#1198,#1199,#1200,#1201,
#1202,#1203));
#1246=CLOSED_SHELL('',(#1204,#1205,#1206,#1207,#1208));
#1247=CLOSED_SHELL('',(#1209,#1210,#1211,#1212,#1213,#1214,#1215,#1216,
#1217,#1218,#1219,#1220,#1221));
#1248=CLOSED_SHELL('',(#1222,#1223,#1224,#1225,#1226,#1227,#1228,#1229));
#1249=CLOSED_SHELL('',(#1230,#1231,#1232,#1233,#1234,#1235,#1236,#1237,
#1238,#1239,#1240,#1241));
#1250=DERIVED_UNIT_ELEMENT(#1266,1.);
#1251=DERIVED_UNIT_ELEMENT(#2767,3.);
#1252=DERIVED_UNIT_ELEMENT(#1266,1.);
#1253=DERIVED_UNIT_ELEMENT(#2767,3.);
#1254=DERIVED_UNIT_ELEMENT(#1266,1.);
#1255=DERIVED_UNIT_ELEMENT(#2767,3.);
#1256=DERIVED_UNIT_ELEMENT(#1266,1.);
#1257=DERIVED_UNIT_ELEMENT(#2767,3.);
#1258=DERIVED_UNIT_ELEMENT(#1266,1.);
#1259=DERIVED_UNIT_ELEMENT(#2767,3.);
#1260=DERIVED_UNIT_ELEMENT(#1266,1.);
#1261=DERIVED_UNIT_ELEMENT(#2767,3.);
#1262=DERIVED_UNIT_ELEMENT(#1266,1.);
#1263=DERIVED_UNIT_ELEMENT(#2767,3.);
#1264=DERIVED_UNIT_ELEMENT(#1266,1.);
#1265=DERIVED_UNIT_ELEMENT(#2767,3.);
#1266=(
MASS_UNIT()
NAMED_UNIT(*)
SI_UNIT($,.GRAM.)
);
#1267=DERIVED_UNIT((#1250,#1251));
#1268=DERIVED_UNIT((#1252,#1253));
#1269=DERIVED_UNIT((#1254,#1255));
#1270=DERIVED_UNIT((#1256,#1257));
#1271=DERIVED_UNIT((#1258,#1259));
#1272=DERIVED_UNIT((#1260,#1261));
#1273=DERIVED_UNIT((#1262,#1263));
#1274=DERIVED_UNIT((#1264,#1265));
#1275=MEASURE_REPRESENTATION_ITEM('density measure',
POSITIVE_RATIO_MEASURE(8.874),#1267);
#1276=MEASURE_REPRESENTATION_ITEM('density measure',
POSITIVE_RATIO_MEASURE(7.85),#1268);
#1277=MEASURE_REPRESENTATION_ITEM('density measure',
POSITIVE_RATIO_MEASURE(7.85),#1269);
#1278=MEASURE_REPRESENTATION_ITEM('density measure',
POSITIVE_RATIO_MEASURE(8.),#1270);
#1279=MEASURE_REPRESENTATION_ITEM('density measure',
POSITIVE_RATIO_MEASURE(8.874),#1271);
#1280=MEASURE_REPRESENTATION_ITEM('density measure',
POSITIVE_RATIO_MEASURE(7.75),#1272);
#1281=MEASURE_REPRESENTATION_ITEM('density measure',
POSITIVE_RATIO_MEASURE(7.85),#1273);
#1282=MEASURE_REPRESENTATION_ITEM('density measure',
POSITIVE_RATIO_MEASURE(7.75),#1274);
#1283=PROPERTY_DEFINITION_REPRESENTATION(#1323,#1299);
#1284=PROPERTY_DEFINITION_REPRESENTATION(#1324,#1300);
#1285=PROPERTY_DEFINITION_REPRESENTATION(#1325,#1301);
#1286=PROPERTY_DEFINITION_REPRESENTATION(#1326,#1302);
#1287=PROPERTY_DEFINITION_REPRESENTATION(#1327,#1303);
#1288=PROPERTY_DEFINITION_REPRESENTATION(#1328,#1304);
#1289=PROPERTY_DEFINITION_REPRESENTATION(#1329,#1305);
#1290=PROPERTY_DEFINITION_REPRESENTATION(#1330,#1306);
#1291=PROPERTY_DEFINITION_REPRESENTATION(#1331,#1307);
#1292=PROPERTY_DEFINITION_REPRESENTATION(#1332,#1308);
#1293=PROPERTY_DEFINITION_REPRESENTATION(#1333,#1309);
#1294=PROPERTY_DEFINITION_REPRESENTATION(#1334,#1310);
#1295=PROPERTY_DEFINITION_REPRESENTATION(#1335,#1311);
#1296=PROPERTY_DEFINITION_REPRESENTATION(#1336,#1312);
#1297=PROPERTY_DEFINITION_REPRESENTATION(#1337,#1313);
#1298=PROPERTY_DEFINITION_REPRESENTATION(#1338,#1314);
#1299=REPRESENTATION('material name',(#1315),#2757);
#1300=REPRESENTATION('density',(#1275),#2757);
#1301=REPRESENTATION('material name',(#1316),#2758);
#1302=REPRESENTATION('density',(#1276),#2758);
#1303=REPRESENTATION('material name',(#1317),#2759);
#1304=REPRESENTATION('density',(#1277),#2759);
#1305=REPRESENTATION('material name',(#1318),#2760);
#1306=REPRESENTATION('density',(#1278),#2760);
#1307=REPRESENTATION('material name',(#1319),#2761);
#1308=REPRESENTATION('density',(#1279),#2761);
#1309=REPRESENTATION('material name',(#1320),#2762);
#1310=REPRESENTATION('density',(#1280),#2762);
#1311=REPRESENTATION('material name',(#1321),#2763);
#1312=REPRESENTATION('density',(#1281),#2763);
#1313=REPRESENTATION('material name',(#1322),#2764);
#1314=REPRESENTATION('density',(#1282),#2764);
#1315=DESCRIPTIVE_REPRESENTATION_ITEM('Bronze, Soft Tin',
'Bronze, Soft Tin');
#1316=DESCRIPTIVE_REPRESENTATION_ITEM('Mild Steel S355 J2',
'Mild Steel S355 J2');
#1317=DESCRIPTIVE_REPRESENTATION_ITEM('Mild Steel S355 J2',
'Mild Steel S355 J2');
#1318=DESCRIPTIVE_REPRESENTATION_ITEM('Stainless Steel',
'Stainless Steel');
#1319=DESCRIPTIVE_REPRESENTATION_ITEM('Bronze, Soft Tin',
'Bronze, Soft Tin');
#1320=DESCRIPTIVE_REPRESENTATION_ITEM('Stainless Steel, 440C',
'Stainless Steel, 440C');
#1321=DESCRIPTIVE_REPRESENTATION_ITEM('Mild Steel S355 J2',
'Mild Steel S355 J2');
#1322=DESCRIPTIVE_REPRESENTATION_ITEM('Stainless Steel, 440C',
'Stainless Steel, 440C');
#1323=PROPERTY_DEFINITION('material property','material name',#2808);
#1324=PROPERTY_DEFINITION('material property','density of part',#2808);
#1325=PROPERTY_DEFINITION('material property','material name',#2809);
#1326=PROPERTY_DEFINITION('material property','density of part',#2809);
#1327=PROPERTY_DEFINITION('material property','material name',#2810);
#1328=PROPERTY_DEFINITION('material property','density of part',#2810);
#1329=PROPERTY_DEFINITION('material property','material name',#2811);
#1330=PROPERTY_DEFINITION('material property','density of part',#2811);
#1331=PROPERTY_DEFINITION('material property','material name',#2812);
#1332=PROPERTY_DEFINITION('material property','density of part',#2812);
#1333=PROPERTY_DEFINITION('material property','material name',#2813);
#1334=PROPERTY_DEFINITION('material property','density of part',#2813);
#1335=PROPERTY_DEFINITION('material property','material name',#2814);
#1336=PROPERTY_DEFINITION('material property','density of part',#2814);
#1337=PROPERTY_DEFINITION('material property','material name',#2815);
#1338=PROPERTY_DEFINITION('material property','density of part',#2815);
#1339=PRESENTATION_STYLE_ASSIGNMENT((#1341));
#1340=PRESENTATION_STYLE_ASSIGNMENT((#1342));
#1341=SURFACE_STYLE_USAGE(.BOTH.,#1347);
#1342=SURFACE_STYLE_USAGE(.BOTH.,#1348);
#1343=SURFACE_STYLE_RENDERING_WITH_PROPERTIES($,#1355,(#1345));
#1344=SURFACE_STYLE_RENDERING_WITH_PROPERTIES($,#1356,(#1346));
#1345=SURFACE_STYLE_TRANSPARENT(0.);
#1346=SURFACE_STYLE_TRANSPARENT(0.);
#1347=SURFACE_SIDE_STYLE('',(#1349,#1343));
#1348=SURFACE_SIDE_STYLE('',(#1350,#1344));
#1349=SURFACE_STYLE_FILL_AREA(#1351);
#1350=SURFACE_STYLE_FILL_AREA(#1352);
#1351=FILL_AREA_STYLE('',(#1353));
#1352=FILL_AREA_STYLE('',(#1354));
#1353=FILL_AREA_STYLE_COLOUR('',#1355);
#1354=FILL_AREA_STYLE_COLOUR('',#1356);
#1355=COLOUR_RGB('',0.643137254901961,0.52156862745098,0.384313725490196);
#1356=COLOUR_RGB('',0.745098039215686,0.737254901960784,0.729411764705882);
#1357=DATE_TIME_ROLE('creation_date');
#1358=DATE_TIME_ROLE('creation_date');
#1359=DATE_TIME_ROLE('creation_date');
#1360=DATE_TIME_ROLE('creation_date');
#1361=DATE_TIME_ROLE('creation_date');
#1362=DATE_TIME_ROLE('creation_date');
#1363=DATE_TIME_ROLE('creation_date');
#1364=DATE_TIME_ROLE('creation_date');
#1365=DATE_TIME_ROLE('creation_date');
#1366=APPLIED_DATE_AND_TIME_ASSIGNMENT(#1375,#1357,(#2807));
#1367=APPLIED_DATE_AND_TIME_ASSIGNMENT(#1376,#1358,(#2808));
#1368=APPLIED_DATE_AND_TIME_ASSIGNMENT(#1377,#1359,(#2809));
#1369=APPLIED_DATE_AND_TIME_ASSIGNMENT(#1378,#1360,(#2810));
#1370=APPLIED_DATE_AND_TIME_ASSIGNMENT(#1379,#1361,(#2811));
#1371=APPLIED_DATE_AND_TIME_ASSIGNMENT(#1380,#1362,(#2812));
#1372=APPLIED_DATE_AND_TIME_ASSIGNMENT(#1381,#1363,(#2813));
#1373=APPLIED_DATE_AND_TIME_ASSIGNMENT(#1382,#1364,(#2814));
#1374=APPLIED_DATE_AND_TIME_ASSIGNMENT(#1383,#1365,(#2815));
#1375=DATE_AND_TIME(#1384,#1393);
#1376=DATE_AND_TIME(#1385,#1394);
#1377=DATE_AND_TIME(#1386,#1395);
#1378=DATE_AND_TIME(#1387,#1396);
#1379=DATE_AND_TIME(#1388,#1397);
#1380=DATE_AND_TIME(#1389,#1398);
#1381=DATE_AND_TIME(#1390,#1399);
#1382=DATE_AND_TIME(#1391,#1400);
#1383=DATE_AND_TIME(#1392,#1401);
#1384=CALENDAR_DATE(2025,16,9);
#1385=CALENDAR_DATE(2025,16,9);
#1386=CALENDAR_DATE(2025,16,9);
#1387=CALENDAR_DATE(2025,16,9);
#1388=CALENDAR_DATE(2025,16,9);
#1389=CALENDAR_DATE(2025,16,9);
#1390=CALENDAR_DATE(2020,21,1);
#1391=CALENDAR_DATE(2025,16,9);
#1392=CALENDAR_DATE(2020,21,1);
#1393=LOCAL_TIME(0,0,0.,#1402);
#1394=LOCAL_TIME(0,0,0.,#1403);
#1395=LOCAL_TIME(0,0,0.,#1404);
#1396=LOCAL_TIME(0,0,0.,#1405);
#1397=LOCAL_TIME(0,0,0.,#1406);
#1398=LOCAL_TIME(0,0,0.,#1407);
#1399=LOCAL_TIME(0,0,0.,#1408);
#1400=LOCAL_TIME(0,0,0.,#1409);
#1401=LOCAL_TIME(0,0,0.,#1410);
#1402=COORDINATED_UNIVERSAL_TIME_OFFSET(0,0,.BEHIND.);
#1403=COORDINATED_UNIVERSAL_TIME_OFFSET(0,0,.BEHIND.);
#1404=COORDINATED_UNIVERSAL_TIME_OFFSET(0,0,.BEHIND.);
#1405=COORDINATED_UNIVERSAL_TIME_OFFSET(0,0,.BEHIND.);
#1406=COORDINATED_UNIVERSAL_TIME_OFFSET(0,0,.BEHIND.);
#1407=COORDINATED_UNIVERSAL_TIME_OFFSET(0,0,.BEHIND.);
#1408=COORDINATED_UNIVERSAL_TIME_OFFSET(0,0,.BEHIND.);
#1409=COORDINATED_UNIVERSAL_TIME_OFFSET(0,0,.BEHIND.);
#1410=COORDINATED_UNIVERSAL_TIME_OFFSET(0,0,.BEHIND.);
#1411=AXIS2_PLACEMENT_3D('placement',#1927,#1562,#1563);
#1412=AXIS2_PLACEMENT_3D('placement',#1928,#1564,#1565);
#1413=AXIS2_PLACEMENT_3D('',#1929,#1566,#1567);
#1414=AXIS2_PLACEMENT_3D('',#1938,#1572,#1573);
#1415=AXIS2_PLACEMENT_3D('',#1939,#1574,#1575);
#1416=AXIS2_PLACEMENT_3D('',#1940,#1576,#1577);
#1417=AXIS2_PLACEMENT_3D('',#1941,#1578,#1579);
#1418=AXIS2_PLACEMENT_3D('',#1942,#1580,#1581);
#1419=AXIS2_PLACEMENT_3D('',#1945,#1582,#1583);
#1420=AXIS2_PLACEMENT_3D('',#1947,#1585,#1586);
#1421=AXIS2_PLACEMENT_3D('',#1953,#1590,#1591);
#1422=AXIS2_PLACEMENT_3D('',#1956,#1592,#1593);
#1423=AXIS2_PLACEMENT_3D('',#1958,#1595,#1596);
#1424=AXIS2_PLACEMENT_3D('',#1964,#1600,#1601);
#1425=AXIS2_PLACEMENT_3D('',#1965,#1602,#1603);
#1426=AXIS2_PLACEMENT_3D('',#1966,#1604,#1605);
#1427=AXIS2_PLACEMENT_3D('',#1968,#1606,#1607);
#1428=AXIS2_PLACEMENT_3D('',#1969,#1608,#1609);
#1429=AXIS2_PLACEMENT_3D('',#1970,#1610,#1611);
#1430=AXIS2_PLACEMENT_3D('',#1973,#1613,#1614);
#1431=AXIS2_PLACEMENT_3D('',#1974,#1615,#1616);
#1432=AXIS2_PLACEMENT_3D('placement',#1975,#1617,#1618);
#1433=AXIS2_PLACEMENT_3D('',#1976,#1619,#1620);
#1434=AXIS2_PLACEMENT_3D('',#2073,#1622,#1623);
#1435=AXIS2_PLACEMENT_3D('',#2075,#1624,#1625);
#1436=AXIS2_PLACEMENT_3D('',#2079,#1628,#1629);
#1437=AXIS2_PLACEMENT_3D('',#2080,#1630,#1631);
#1438=AXIS2_PLACEMENT_3D('',#2109,#1632,#1633);
#1439=AXIS2_PLACEMENT_3D('',#2111,#1634,#1635);
#1440=AXIS2_PLACEMENT_3D('',#2113,#1636,#1637);
#1441=AXIS2_PLACEMENT_3D('',#2114,#1638,#1639);
#1442=AXIS2_PLACEMENT_3D('',#2115,#1640,#1641);
#1443=AXIS2_PLACEMENT_3D('',#2118,#1643,#1644);
#1444=AXIS2_PLACEMENT_3D('',#2119,#1645,#1646);
#1445=AXIS2_PLACEMENT_3D('',#2120,#1647,#1648);
#1446=AXIS2_PLACEMENT_3D('placement',#2121,#1649,#1650);
#1447=AXIS2_PLACEMENT_3D('',#2150,#1651,#1652);
#1448=AXIS2_PLACEMENT_3D('',#2152,#1653,#1654);
#1449=AXIS2_PLACEMENT_3D('',#2154,#1655,#1656);
#1450=AXIS2_PLACEMENT_3D('',#2155,#1657,#1658);
#1451=AXIS2_PLACEMENT_3D('',#2156,#1659,#1660);
#1452=AXIS2_PLACEMENT_3D('',#2159,#1661,#1662);
#1453=AXIS2_PLACEMENT_3D('',#2160,#1663,#1664);
#1454=AXIS2_PLACEMENT_3D('',#2162,#1666,#1667);
#1455=AXIS2_PLACEMENT_3D('',#2163,#1668,#1669);
#1456=AXIS2_PLACEMENT_3D('',#2165,#1670,#1671);
#1457=AXIS2_PLACEMENT_3D('',#2169,#1673,#1674);
#1458=AXIS2_PLACEMENT_3D('',#2170,#1675,#1676);
#1459=AXIS2_PLACEMENT_3D('',#2171,#1677,#1678);
#1460=AXIS2_PLACEMENT_3D('',#2172,#1679,#1680);
#1461=AXIS2_PLACEMENT_3D('',#2173,#1681,#1682);
#1462=AXIS2_PLACEMENT_3D('placement',#2174,#1683,#1684);
#1463=AXIS2_PLACEMENT_3D('',#2175,#1685,#1686);
#1464=AXIS2_PLACEMENT_3D('',#2177,#1687,#1688);
#1465=AXIS2_PLACEMENT_3D('',#2180,#1690,#1691);
#1466=AXIS2_PLACEMENT_3D('',#2181,#1692,#1693);
#1467=AXIS2_PLACEMENT_3D('',#2183,#1694,#1695);
#1468=AXIS2_PLACEMENT_3D('',#2186,#1697,#1698);
#1469=AXIS2_PLACEMENT_3D('',#2187,#1699,#1700);
#1470=AXIS2_PLACEMENT_3D('',#2190,#1701,#1702);
#1471=AXIS2_PLACEMENT_3D('',#2191,#1703,#1704);
#1472=AXIS2_PLACEMENT_3D('',#2243,#1707,#1708);
#1473=AXIS2_PLACEMENT_3D('',#2245,#1709,#1710);
#1474=AXIS2_PLACEMENT_3D('',#2246,#1711,#1712);
#1475=AXIS2_PLACEMENT_3D('',#2248,#1713,#1714);
#1476=AXIS2_PLACEMENT_3D('',#2250,#1716,#1717);
#1477=AXIS2_PLACEMENT_3D('',#2252,#1718,#1719);
#1478=AXIS2_PLACEMENT_3D('',#2253,#1720,#1721);
#1479=AXIS2_PLACEMENT_3D('',#2257,#1723,#1724);
#1480=AXIS2_PLACEMENT_3D('',#2258,#1725,#1726);
#1481=AXIS2_PLACEMENT_3D('',#2259,#1727,#1728);
#1482=AXIS2_PLACEMENT_3D('',#2262,#1729,#1730);
#1483=AXIS2_PLACEMENT_3D('',#2263,#1731,#1732);
#1484=AXIS2_PLACEMENT_3D('',#2303,#1734,#1735);
#1485=AXIS2_PLACEMENT_3D('',#2305,#1737,#1738);
#1486=AXIS2_PLACEMENT_3D('placement',#2307,#1740,#1741);
#1487=AXIS2_PLACEMENT_3D('',#2308,#1742,#1743);
#1488=AXIS2_PLACEMENT_3D('',#2389,#1745,#1746);
#1489=AXIS2_PLACEMENT_3D('',#2391,#1747,#1748);
#1490=AXIS2_PLACEMENT_3D('',#2395,#1750,#1751);
#1491=AXIS2_PLACEMENT_3D('',#2396,#1752,#1753);
#1492=AXIS2_PLACEMENT_3D('',#2397,#1754,#1755);
#1493=AXIS2_PLACEMENT_3D('',#2398,#1756,#1757);
#1494=AXIS2_PLACEMENT_3D('',#2400,#1758,#1759);
#1495=AXIS2_PLACEMENT_3D('',#2403,#1762,#1763);
#1496=AXIS2_PLACEMENT_3D('placement',#2404,#1764,#1765);
#1497=AXIS2_PLACEMENT_3D('',#2405,#1766,#1767);
#1498=AXIS2_PLACEMENT_3D('',#2407,#1768,#1769);
#1499=AXIS2_PLACEMENT_3D('',#2410,#1771,#1772);
#1500=AXIS2_PLACEMENT_3D('',#2411,#1773,#1774);
#1501=AXIS2_PLACEMENT_3D('',#2414,#1775,#1776);
#1502=AXIS2_PLACEMENT_3D('',#2415,#1777,#1778);
#1503=AXIS2_PLACEMENT_3D('',#2417,#1780,#1781);
#1504=AXIS2_PLACEMENT_3D('',#2419,#1782,#1783);
#1505=AXIS2_PLACEMENT_3D('',#2420,#1784,#1785);
#1506=AXIS2_PLACEMENT_3D('',#2422,#1786,#1787);
#1507=AXIS2_PLACEMENT_3D('',#2424,#1789,#1790);
#1508=AXIS2_PLACEMENT_3D('',#2426,#1791,#1792);
#1509=AXIS2_PLACEMENT_3D('',#2427,#1793,#1794);
#1510=AXIS2_PLACEMENT_3D('',#2453,#1796,#1797);
#1511=AXIS2_PLACEMENT_3D('',#2479,#1799,#1800);
#1512=AXIS2_PLACEMENT_3D('',#2482,#1803,#1804);
#1513=AXIS2_PLACEMENT_3D('',#2484,#1806,#1807);
#1514=AXIS2_PLACEMENT_3D('',#2486,#1809,#1810);
#1515=AXIS2_PLACEMENT_3D('',#2488,#1812,#1813);
#1516=AXIS2_PLACEMENT_3D('',#2490,#1815,#1816);
#1517=AXIS2_PLACEMENT_3D('placement',#2491,#1817,#1818);
#1518=AXIS2_PLACEMENT_3D('',#2492,#1819,#1820);
#1519=AXIS2_PLACEMENT_3D('',#2553,#1822,#1823);
#1520=AXIS2_PLACEMENT_3D('',#2554,#1824,#1825);
#1521=AXIS2_PLACEMENT_3D('',#2555,#1826,#1827);
#1522=AXIS2_PLACEMENT_3D('',#2641,#1829,#1830);
#1523=AXIS2_PLACEMENT_3D('',#2643,#1831,#1832);
#1524=AXIS2_PLACEMENT_3D('',#2646,#1834,#1835);
#1525=AXIS2_PLACEMENT_3D('',#2647,#1836,#1837);
#1526=AXIS2_PLACEMENT_3D('',#2649,#1838,#1839);
#1527=AXIS2_PLACEMENT_3D('',#2651,#1840,#1841);
#1528=AXIS2_PLACEMENT_3D('',#2653,#1842,#1843);
#1529=AXIS2_PLACEMENT_3D('',#2654,#1844,#1845);
#1530=AXIS2_PLACEMENT_3D('',#2655,#1846,#1847);
#1531=AXIS2_PLACEMENT_3D('',#2658,#1849,#1850);
#1532=AXIS2_PLACEMENT_3D('',#2659,#1851,#1852);
#1533=AXIS2_PLACEMENT_3D('',#2660,#1853,#1854);
#1534=AXIS2_PLACEMENT_3D('placement',#2661,#1855,#1856);
#1535=AXIS2_PLACEMENT_3D('',#2662,#1857,#1858);
#1536=AXIS2_PLACEMENT_3D('',#2665,#1859,#1860);
#1537=AXIS2_PLACEMENT_3D('',#2666,#1861,#1862);
#1538=AXIS2_PLACEMENT_3D('',#2669,#1864,#1865);
#1539=AXIS2_PLACEMENT_3D('',#2670,#1866,#1867);
#1540=AXIS2_PLACEMENT_3D('',#2673,#1868,#1869);
#1541=AXIS2_PLACEMENT_3D('',#2674,#1870,#1871);
#1542=AXIS2_PLACEMENT_3D('',#2676,#1873,#1874);
#1543=AXIS2_PLACEMENT_3D('',#2677,#1875,#1876);
#1544=AXIS2_PLACEMENT_3D('',#2688,#1880,#1881);
#1545=AXIS2_PLACEMENT_3D('',#2700,#1884,#1885);
#1546=AXIS2_PLACEMENT_3D('',#2708,#1888,#1889);
#1547=AXIS2_PLACEMENT_3D('',#2716,#1892,#1893);
#1548=AXIS2_PLACEMENT_3D('',#2724,#1896,#1897);
#1549=AXIS2_PLACEMENT_3D('',#2729,#1899,#1900);
#1550=AXIS2_PLACEMENT_3D('',#2731,#1901,#1902);
#1551=AXIS2_PLACEMENT_3D('',#2732,#1903,#1904);
#1552=AXIS2_PLACEMENT_3D('',#2734,#1906,#1907);
#1553=AXIS2_PLACEMENT_3D('',#2737,#1909,#1910);
#1554=AXIS2_PLACEMENT_3D('',#2738,#1911,#1912);
#1555=AXIS2_PLACEMENT_3D('',#2739,#1913,#1914);
#1556=AXIS2_PLACEMENT_3D('',#2740,#1915,#1916);
#1557=AXIS2_PLACEMENT_3D('',#2741,#1917,#1918);
#1558=AXIS2_PLACEMENT_3D('',#2742,#1919,#1920);
#1559=AXIS2_PLACEMENT_3D('',#2743,#1921,#1922);
#1560=AXIS2_PLACEMENT_3D('',#2744,#1923,#1924);
#1561=AXIS2_PLACEMENT_3D('',#2745,#1925,#1926);
#1562=DIRECTION('axis',(0.,0.,1.));
#1563=DIRECTION('refdir',(1.,0.,0.));
#1564=DIRECTION('axis',(0.,0.,1.));
#1565=DIRECTION('refdir',(1.,0.,0.));
#1566=DIRECTION('center_axis',(0.,2.45174251271389E-16,-1.));
#1567=DIRECTION('ref_axis',(0.,-1.,-2.45174251271389E-16));
#1568=DIRECTION('',(0.,1.,0.));
#1569=DIRECTION('',(1.,0.,0.));
#1570=DIRECTION('',(0.,-1.,0.));
#1571=DIRECTION('',(-1.,0.,0.));
#1572=DIRECTION('center_axis',(0.,1.,0.));
#1573=DIRECTION('ref_axis',(0.,0.,-1.));
#1574=DIRECTION('center_axis',(0.,1.,0.));
#1575=DIRECTION('ref_axis',(-1.,0.,0.));
#1576=DIRECTION('center_axis',(0.,-1.,0.));
#1577=DIRECTION('ref_axis',(0.,0.,1.));
#1578=DIRECTION('center_axis',(0.,-1.,0.));
#1579=DIRECTION('ref_axis',(-1.,0.,0.));
#1580=DIRECTION('center_axis',(0.,-1.,0.));
#1581=DIRECTION('ref_axis',(0.,0.,1.));
#1582=DIRECTION('center_axis',(0.,-1.,0.));
#1583=DIRECTION('ref_axis',(-1.,0.,0.));
#1584=DIRECTION('',(1.,0.,0.));
#1585=DIRECTION('center_axis',(0.,-5.34192228695453E-17,1.));
#1586=DIRECTION('ref_axis',(0.,1.,5.34192228695453E-17));
#1587=DIRECTION('',(0.,1.,0.));
#1588=DIRECTION('',(0.,-1.,0.));
#1589=DIRECTION('',(-1.,0.,0.));
#1590=DIRECTION('center_axis',(0.,-1.,0.));
#1591=DIRECTION('ref_axis',(0.,0.,1.));
#1592=DIRECTION('center_axis',(0.,-1.,0.));
#1593=DIRECTION('ref_axis',(-1.,0.,0.));
#1594=DIRECTION('',(1.,0.,0.));
#1595=DIRECTION('center_axis',(0.,2.37904933848248E-16,-1.));
#1596=DIRECTION('ref_axis',(0.,-1.,-2.37904933848248E-16));
#1597=DIRECTION('',(0.,-1.,0.));
#1598=DIRECTION('',(1.,0.,0.));
#1599=DIRECTION('',(0.,1.,0.));
#1600=DIRECTION('center_axis',(0.,1.,0.));
#1601=DIRECTION('ref_axis',(0.,0.,-1.));
#1602=DIRECTION('center_axis',(0.,1.,0.));
#1603=DIRECTION('ref_axis',(-1.,0.,0.));
#1604=DIRECTION('center_axis',(0.,1.,0.));
#1605=DIRECTION('ref_axis',(0.,0.,1.));
#1606=DIRECTION('center_axis',(0.,1.,0.));
#1607=DIRECTION('ref_axis',(-1.,0.,0.));
#1608=DIRECTION('center_axis',(0.,1.,0.));
#1609=DIRECTION('ref_axis',(-1.,0.,0.));
#1610=DIRECTION('center_axis',(0.,1.,0.));
#1611=DIRECTION('ref_axis',(-1.,0.,0.));
#1612=DIRECTION('',(0.,-1.,0.));
#1613=DIRECTION('center_axis',(0.,-1.,0.));
#1614=DIRECTION('ref_axis',(-1.,0.,0.));
#1615=DIRECTION('center_axis',(0.,1.,0.));
#1616=DIRECTION('ref_axis',(0.,0.,1.));
#1617=DIRECTION('axis',(0.,0.,1.));
#1618=DIRECTION('refdir',(1.,0.,0.));
#1619=DIRECTION('center_axis',(1.,0.,0.));
#1620=DIRECTION('ref_axis',(0.,1.,0.));
#1621=DIRECTION('',(-1.,0.,0.));
#1622=DIRECTION('center_axis',(0.,-1.,0.));
#1623=DIRECTION('ref_axis',(1.,0.,0.));
#1624=DIRECTION('center_axis',(0.,1.,0.));
#1625=DIRECTION('ref_axis',(1.,0.,0.));
#1626=DIRECTION('',(0.,1.,0.));
#1627=DIRECTION('',(0.,1.,0.));
#1628=DIRECTION('center_axis',(0.,-1.,0.));
#1629=DIRECTION('ref_axis',(1.,0.,0.));
#1630=DIRECTION('center_axis',(0.,-1.,0.));
#1631=DIRECTION('ref_axis',(1.,0.,0.));
#1632=DIRECTION('center_axis',(0.,-1.,0.));
#1633=DIRECTION('ref_axis',(1.,0.,1.22464679914735E-16));
#1634=DIRECTION('center_axis',(-1.,0.,1.22464679914735E-16));
#1635=DIRECTION('ref_axis',(-1.22464679914735E-16,0.,-1.));
#1636=DIRECTION('center_axis',(0.,1.,0.));
#1637=DIRECTION('ref_axis',(1.,0.,1.22464679914735E-16));
#1638=DIRECTION('center_axis',(0.,1.,0.));
#1639=DIRECTION('ref_axis',(1.,0.,1.22464679914735E-16));
#1640=DIRECTION('center_axis',(0.,1.,0.));
#1641=DIRECTION('ref_axis',(-1.,0.,0.));
#1642=DIRECTION('',(0.,-1.,0.));
#1643=DIRECTION('center_axis',(0.,-1.,0.));
#1644=DIRECTION('ref_axis',(-1.,0.,0.));
#1645=DIRECTION('center_axis',(0.,1.,0.));
#1646=DIRECTION('ref_axis',(0.,0.,1.));
#1647=DIRECTION('center_axis',(0.,1.,0.));
#1648=DIRECTION('ref_axis',(0.,0.,1.));
#1649=DIRECTION('axis',(0.,0.,1.));
#1650=DIRECTION('refdir',(1.,0.,0.));
#1651=DIRECTION('center_axis',(0.,-1.,0.));
#1652=DIRECTION('ref_axis',(1.,0.,1.22464679914735E-16));
#1653=DIRECTION('center_axis',(-1.,0.,1.22464679914735E-16));
#1654=DIRECTION('ref_axis',(-1.22464679914735E-16,0.,-1.));
#1655=DIRECTION('center_axis',(0.,1.,0.));
#1656=DIRECTION('ref_axis',(1.,0.,1.22464679914735E-16));
#1657=DIRECTION('center_axis',(0.,1.,0.));
#1658=DIRECTION('ref_axis',(1.,0.,1.22464679914735E-16));
#1659=DIRECTION('center_axis',(6.93889390390723E-17,-1.,0.));
#1660=DIRECTION('ref_axis',(-1.,-6.93889390390723E-17,0.));
#1661=DIRECTION('center_axis',(0.,-1.,0.));
#1662=DIRECTION('ref_axis',(-1.,0.,0.));
#1663=DIRECTION('center_axis',(0.,-1.,0.));
#1664=DIRECTION('ref_axis',(-1.,0.,0.));
#1665=DIRECTION('',(-6.93889390390723E-17,1.,0.));
#1666=DIRECTION('center_axis',(0.,1.,0.));
#1667=DIRECTION('ref_axis',(0.,0.,1.));
#1668=DIRECTION('center_axis',(-1.,-2.46716227694479E-16,0.));
#1669=DIRECTION('ref_axis',(-2.46716227694479E-16,1.,0.));
#1670=DIRECTION('center_axis',(-1.,-2.83276944882399E-16,0.));
#1671=DIRECTION('ref_axis',(-2.83276944882399E-16,1.,0.));
#1672=DIRECTION('',(1.,2.46716227694479E-16,0.));
#1673=DIRECTION('center_axis',(-1.,-2.83276944882399E-16,0.));
#1674=DIRECTION('ref_axis',(-2.83276944882399E-16,1.,0.));
#1675=DIRECTION('center_axis',(-1.,-2.83276944882399E-16,0.));
#1676=DIRECTION('ref_axis',(-2.83276944882399E-16,1.,0.));
#1677=DIRECTION('center_axis',(0.,0.,-1.));
#1678=DIRECTION('ref_axis',(-1.,0.,0.));
#1679=DIRECTION('center_axis',(0.,0.,1.));
#1680=DIRECTION('ref_axis',(-1.,0.,0.));
#1681=DIRECTION('center_axis',(1.,2.83276944882399E-16,0.));
#1682=DIRECTION('ref_axis',(0.,0.,1.));
#1683=DIRECTION('axis',(0.,0.,1.));
#1684=DIRECTION('refdir',(1.,0.,0.));
#1685=DIRECTION('center_axis',(0.,1.,0.));
#1686=DIRECTION('ref_axis',(1.,0.,0.));
#1687=DIRECTION('center_axis',(0.,-1.,0.));
#1688=DIRECTION('ref_axis',(1.,0.,0.));
#1689=DIRECTION('',(0.,-1.,0.));
#1690=DIRECTION('center_axis',(0.,1.,0.));
#1691=DIRECTION('ref_axis',(1.,0.,0.));
#1692=DIRECTION('center_axis',(0.,-1.,0.));
#1693=DIRECTION('ref_axis',(1.,0.,0.));
#1694=DIRECTION('center_axis',(0.,-1.,0.));
#1695=DIRECTION('ref_axis',(1.,0.,0.));
#1696=DIRECTION('',(0.707106781186548,0.707106781186548,8.65956056235493E-17));
#1697=DIRECTION('center_axis',(0.,1.,0.));
#1698=DIRECTION('ref_axis',(1.,0.,0.));
#1699=DIRECTION('center_axis',(0.,-1.,0.));
#1700=DIRECTION('ref_axis',(1.,0.,0.));
#1701=DIRECTION('center_axis',(0.,-1.,0.));
#1702=DIRECTION('ref_axis',(-1.,0.,0.));
#1703=DIRECTION('center_axis',(0.,-1.,0.));
#1704=DIRECTION('ref_axis',(-1.,0.,0.));
#1705=DIRECTION('',(0.,-1.,0.));
#1706=DIRECTION('',(0.,-1.,0.));
#1707=DIRECTION('center_axis',(0.,1.,0.));
#1708=DIRECTION('ref_axis',(0.,0.,1.));
#1709=DIRECTION('center_axis',(0.,1.,0.));
#1710=DIRECTION('ref_axis',(1.,0.,0.));
#1711=DIRECTION('center_axis',(0.,1.,0.));
#1712=DIRECTION('ref_axis',(-1.,0.,0.));
#1713=DIRECTION('center_axis',(0.,1.,0.));
#1714=DIRECTION('ref_axis',(-1.,0.,0.));
#1715=DIRECTION('',(-0.707106781186548,-0.707106781186548,8.65956056235493E-17));
#1716=DIRECTION('center_axis',(0.,1.,0.));
#1717=DIRECTION('ref_axis',(0.,0.,1.));
#1718=DIRECTION('center_axis',(0.,-1.,0.));
#1719=DIRECTION('ref_axis',(1.,0.,0.));
#1720=DIRECTION('center_axis',(0.,1.,0.));
#1721=DIRECTION('ref_axis',(1.,0.,0.));
#1722=DIRECTION('',(-0.707106781186548,0.707106781186548,-8.65956056235493E-17));
#1723=DIRECTION('center_axis',(0.,-1.,0.));
#1724=DIRECTION('ref_axis',(1.,0.,0.));
#1725=DIRECTION('center_axis',(0.,-1.,0.));
#1726=DIRECTION('ref_axis',(1.,0.,0.));
#1727=DIRECTION('center_axis',(0.,1.,0.));
#1728=DIRECTION('ref_axis',(-1.,0.,0.));
#1729=DIRECTION('center_axis',(0.,1.,0.));
#1730=DIRECTION('ref_axis',(1.,0.,0.));
#1731=DIRECTION('center_axis',(0.,1.,0.));
#1732=DIRECTION('ref_axis',(1.,0.,0.));
#1733=DIRECTION('',(0.,-1.,0.));
#1734=DIRECTION('center_axis',(0.,-1.,0.));
#1735=DIRECTION('ref_axis',(1.,0.,0.));
#1736=DIRECTION('',(-0.707106781186548,-0.707106781186548,8.65956056235493E-17));
#1737=DIRECTION('center_axis',(-1.,0.,0.));
#1738=DIRECTION('ref_axis',(0.,1.,0.));
#1739=DIRECTION('',(-1.,0.,0.));
#1740=DIRECTION('axis',(0.,0.,1.));
#1741=DIRECTION('refdir',(1.,0.,0.));
#1742=DIRECTION('center_axis',(1.,0.,0.));
#1743=DIRECTION('ref_axis',(0.,1.,0.));
#1744=DIRECTION('',(-1.,0.,0.));
#1745=DIRECTION('center_axis',(0.,1.,0.));
#1746=DIRECTION('ref_axis',(1.,0.,0.));
#1747=DIRECTION('center_axis',(0.,1.,0.));
#1748=DIRECTION('ref_axis',(1.,0.,0.));
#1749=DIRECTION('',(-0.707106781186555,0.70710678118654,-8.65956056235503E-17));
#1750=DIRECTION('center_axis',(0.,-1.,0.));
#1751=DIRECTION('ref_axis',(1.,0.,0.));
#1752=DIRECTION('center_axis',(0.,-1.,0.));
#1753=DIRECTION('ref_axis',(1.,0.,0.));
#1754=DIRECTION('center_axis',(0.,1.,0.));
#1755=DIRECTION('ref_axis',(0.,0.,1.));
#1756=DIRECTION('center_axis',(0.,1.,0.));
#1757=DIRECTION('ref_axis',(-1.,0.,0.));
#1758=DIRECTION('center_axis',(0.,1.,0.));
#1759=DIRECTION('ref_axis',(-1.,0.,0.));
#1760=DIRECTION('',(0.,-1.,0.));
#1761=DIRECTION('',(0.,-1.,0.));
#1762=DIRECTION('center_axis',(0.,1.,0.));
#1763=DIRECTION('ref_axis',(0.,0.,1.));
#1764=DIRECTION('axis',(0.,0.,1.));
#1765=DIRECTION('refdir',(1.,0.,0.));
#1766=DIRECTION('center_axis',(-1.,0.,0.));
#1767=DIRECTION('ref_axis',(0.,0.,-1.));
#1768=DIRECTION('center_axis',(-1.,0.,0.));
#1769=DIRECTION('ref_axis',(0.,0.,-1.));
#1770=DIRECTION('',(0.5,-1.06057523872491E-16,-0.866025403784439));
#1771=DIRECTION('center_axis',(1.,0.,0.));
#1772=DIRECTION('ref_axis',(0.,0.,-1.));
#1773=DIRECTION('center_axis',(1.,0.,0.));
#1774=DIRECTION('ref_axis',(0.,0.,-1.));
#1775=DIRECTION('center_axis',(-1.,0.,0.));
#1776=DIRECTION('ref_axis',(0.,0.,1.));
#1777=DIRECTION('center_axis',(-1.,0.,0.));
#1778=DIRECTION('ref_axis',(0.,0.,1.));
#1779=DIRECTION('',(-1.,0.,0.));
#1780=DIRECTION('center_axis',(1.,0.,0.));
#1781=DIRECTION('ref_axis',(0.,0.,-1.));
#1782=DIRECTION('center_axis',(-1.,0.,0.));
#1783=DIRECTION('ref_axis',(0.,1.,0.));
#1784=DIRECTION('center_axis',(1.,0.,0.));
#1785=DIRECTION('ref_axis',(0.,0.,1.));
#1786=DIRECTION('center_axis',(1.,0.,0.));
#1787=DIRECTION('ref_axis',(0.,0.,1.));
#1788=DIRECTION('',(-0.5,-1.06057523872491E-16,0.866025403784439));
#1789=DIRECTION('center_axis',(1.,0.,0.));
#1790=DIRECTION('ref_axis',(0.,0.,-1.));
#1791=DIRECTION('center_axis',(1.,0.,0.));
#1792=DIRECTION('ref_axis',(0.,1.,0.));
#1793=DIRECTION('center_axis',(1.,0.,0.));
#1794=DIRECTION('ref_axis',(0.,1.,0.));
#1795=DIRECTION('',(-0.5,0.866025403784439,-1.06057523872491E-16));
#1796=DIRECTION('center_axis',(-1.,0.,0.));
#1797=DIRECTION('ref_axis',(0.,1.,0.));
#1798=DIRECTION('',(-0.5,-0.866025403784439,1.06057523872491E-16));
#1799=DIRECTION('center_axis',(0.,0.866025403784439,-0.499999999999999));
#1800=DIRECTION('ref_axis',(0.,0.499999999999999,0.866025403784439));
#1801=DIRECTION('',(1.,0.,0.));
#1802=DIRECTION('',(1.,0.,0.));
#1803=DIRECTION('center_axis',(0.,1.74814789671233E-15,-1.));
#1804=DIRECTION('ref_axis',(-1.,0.,0.));
#1805=DIRECTION('',(1.,0.,0.));
#1806=DIRECTION('center_axis',(0.,0.866025403784438,0.5));
#1807=DIRECTION('ref_axis',(1.,0.,0.));
#1808=DIRECTION('',(1.,0.,0.));
#1809=DIRECTION('center_axis',(0.,0.,1.));
#1810=DIRECTION('ref_axis',(1.,0.,0.));
#1811=DIRECTION('',(1.,0.,0.));
#1812=DIRECTION('center_axis',(0.,-0.866025403784438,-0.5));
#1813=DIRECTION('ref_axis',(-1.,0.,0.));
#1814=DIRECTION('',(1.,0.,0.));
#1815=DIRECTION('center_axis',(0.,-0.866025403784439,0.5));
#1816=DIRECTION('ref_axis',(0.,-0.5,-0.866025403784439));
#1817=DIRECTION('axis',(0.,0.,1.));
#1818=DIRECTION('refdir',(1.,0.,0.));
#1819=DIRECTION('center_axis',(0.,-1.,0.));
#1820=DIRECTION('ref_axis',(1.,0.,0.));
#1821=DIRECTION('',(0.,-1.,0.));
#1822=DIRECTION('center_axis',(0.,-1.,0.));
#1823=DIRECTION('ref_axis',(1.,0.,0.));
#1824=DIRECTION('center_axis',(0.,1.,0.));
#1825=DIRECTION('ref_axis',(0.,0.,1.));
#1826=DIRECTION('center_axis',(0.,0.,1.));
#1827=DIRECTION('ref_axis',(1.,0.,0.));
#1828=DIRECTION('',(0.,0.,1.));
#1829=DIRECTION('center_axis',(0.,1.,0.));
#1830=DIRECTION('ref_axis',(1.,0.,0.));
#1831=DIRECTION('center_axis',(0.,1.,0.));
#1832=DIRECTION('ref_axis',(1.,0.,0.));
#1833=DIRECTION('',(0.,1.,0.));
#1834=DIRECTION('center_axis',(0.,-1.,0.));
#1835=DIRECTION('ref_axis',(1.,0.,0.));
#1836=DIRECTION('center_axis',(0.,1.,0.));
#1837=DIRECTION('ref_axis',(0.,0.,1.));
#1838=DIRECTION('center_axis',(0.,-1.,0.));
#1839=DIRECTION('ref_axis',(1.,0.,1.22464679914735E-16));
#1840=DIRECTION('center_axis',(-1.,0.,1.22464679914735E-16));
#1841=DIRECTION('ref_axis',(-1.22464679914735E-16,0.,-1.));
#1842=DIRECTION('center_axis',(0.,1.,0.));
#1843=DIRECTION('ref_axis',(1.,0.,1.22464679914735E-16));
#1844=DIRECTION('center_axis',(0.,1.,0.));
#1845=DIRECTION('ref_axis',(1.,0.,1.22464679914735E-16));
#1846=DIRECTION('center_axis',(0.,1.,0.));
#1847=DIRECTION('ref_axis',(-1.,0.,0.));
#1848=DIRECTION('',(0.,-1.,0.));
#1849=DIRECTION('center_axis',(0.,-1.,0.));
#1850=DIRECTION('ref_axis',(-1.,0.,0.));
#1851=DIRECTION('center_axis',(0.,1.,0.));
#1852=DIRECTION('ref_axis',(0.,0.,1.));
#1853=DIRECTION('center_axis',(0.,1.,0.));
#1854=DIRECTION('ref_axis',(0.,0.,1.));
#1855=DIRECTION('axis',(0.,0.,1.));
#1856=DIRECTION('refdir',(1.,0.,0.));
#1857=DIRECTION('center_axis',(1.,2.40025456358281E-16,0.));
#1858=DIRECTION('ref_axis',(2.39991810294813E-16,-1.,0.));
#1859=DIRECTION('center_axis',(-1.,-2.40025456358281E-16,0.));
#1860=DIRECTION('ref_axis',(2.39970080843458E-16,-1.,0.));
#1861=DIRECTION('center_axis',(-1.,-2.40025456358281E-16,0.));
#1862=DIRECTION('ref_axis',(2.39970080843458E-16,-1.,0.));
#1863=DIRECTION('',(-0.5,-0.866025403784439,-1.06057523872491E-16));
#1864=DIRECTION('center_axis',(1.,2.40025456358281E-16,0.));
#1865=DIRECTION('ref_axis',(2.40025456358281E-16,-1.,0.));
#1866=DIRECTION('center_axis',(1.,2.40025456358281E-16,0.));
#1867=DIRECTION('ref_axis',(-2.39970080843458E-16,1.,0.));
#1868=DIRECTION('center_axis',(1.,2.40025456358281E-16,0.));
#1869=DIRECTION('ref_axis',(2.39970080843458E-16,-1.,0.));
#1870=DIRECTION('center_axis',(1.,2.40025456358281E-16,0.));
#1871=DIRECTION('ref_axis',(2.39970080843458E-16,-1.,0.));
#1872=DIRECTION('',(-1.,-2.40025456358281E-16,0.));
#1873=DIRECTION('center_axis',(-1.,-2.40025456358281E-16,0.));
#1874=DIRECTION('ref_axis',(0.,0.,1.));
#1875=DIRECTION('center_axis',(1.2335811384724E-16,-0.500000000000001,0.866025403784438));
#1876=DIRECTION('ref_axis',(1.,0.,-1.42441680472857E-16));
#1877=DIRECTION('',(1.,2.40025456358281E-16,0.));
#1878=DIRECTION('',(-2.07868142761224E-16,0.866025403784438,0.500000000000001));
#1879=DIRECTION('',(1.,2.40025456358281E-16,0.));
#1880=DIRECTION('center_axis',(2.46716227694479E-16,-1.,-1.44222201478768E-15));
#1881=DIRECTION('ref_axis',(0.,1.44222201478768E-15,-1.));
#1882=DIRECTION('',(3.46169997269373E-31,-1.44222201478768E-15,1.));
#1883=DIRECTION('',(1.,2.40025456358281E-16,0.));
#1884=DIRECTION('center_axis',(-1.23358113847239E-16,0.499999999999999,
0.866025403784439));
#1885=DIRECTION('ref_axis',(1.,0.,1.42441680472856E-16));
#1886=DIRECTION('',(-1.,-2.40025456358281E-16,0.));
#1887=DIRECTION('',(-2.07868142761224E-16,0.866025403784439,-0.499999999999999));
#1888=DIRECTION('center_axis',(1.23358113847239E-16,-0.499999999999999,
-0.866025403784439));
#1889=DIRECTION('ref_axis',(-1.,0.,-1.42441680472856E-16));
#1890=DIRECTION('',(2.07868142761224E-16,-0.866025403784439,0.499999999999999));
#1891=DIRECTION('',(1.,2.40025456358281E-16,0.));
#1892=DIRECTION('center_axis',(-2.46716227694479E-16,1.,1.44222201478768E-15));
#1893=DIRECTION('ref_axis',(0.,-1.44222201478768E-15,1.));
#1894=DIRECTION('',(1.,2.40025456358281E-16,0.));
#1895=DIRECTION('',(-3.46169997269373E-31,1.44222201478768E-15,-1.));
#1896=DIRECTION('center_axis',(-1.2335811384724E-16,0.500000000000001,-0.866025403784438));
#1897=DIRECTION('ref_axis',(-1.,0.,1.42441680472857E-16));
#1898=DIRECTION('',(2.07868142761224E-16,-0.866025403784438,-0.500000000000001));
#1899=DIRECTION('center_axis',(-1.,-2.40025456358281E-16,0.));
#1900=DIRECTION('ref_axis',(0.,0.,1.));
#1901=DIRECTION('center_axis',(-1.,-2.40025456358281E-16,0.));
#1902=DIRECTION('ref_axis',(2.40025456358281E-16,-1.,0.));
#1903=DIRECTION('center_axis',(-1.,-2.40025456358281E-16,0.));
#1904=DIRECTION('ref_axis',(2.39994615366465E-16,-1.,0.));
#1905=DIRECTION('',(-0.866025403784439,0.5,6.12323399573677E-17));
#1906=DIRECTION('center_axis',(1.,2.40025456358281E-16,0.));
#1907=DIRECTION('ref_axis',(-2.39970080843458E-16,1.,0.));
#1908=DIRECTION('',(-0.500000000000001,0.866025403784438,1.06057523872491E-16));
#1909=DIRECTION('',(0.,0.,1.));
#1910=DIRECTION('',(1.,0.,0.));
#1911=DIRECTION('',(-1.,0.,-5.5511151231258E-17));
#1912=DIRECTION('',(-5.5511151231258E-17,0.,1.));
#1913=DIRECTION('',(1.,6.84227765783602E-48,4.37545287673684E-17));
#1914=DIRECTION('',(4.37545287673684E-17,-2.46716227694479E-16,-1.));
#1915=DIRECTION('',(1.,0.,0.));
#1916=DIRECTION('',(0.,0.,-1.));
#1917=DIRECTION('',(-0.511235159706873,-0.859440871427167,0.));
#1918=DIRECTION('',(-0.859440871427167,0.511235159706873,0.));
#1919=DIRECTION('',(-0.940647800316261,-0.339384318671591,-4.11576012388996E-17));
#1920=DIRECTION('',(-4.37545287673684E-17,9.86076131526265E-32,1.));
#1921=DIRECTION('',(-0.738906454807838,-0.673808022394593,-2.99971504761225E-17));
#1922=DIRECTION('',(-4.04730744804497E-17,-1.35549731621239E-19,1.));
#1923=DIRECTION('',(0.,0.,1.));
#1924=DIRECTION('',(-1.,0.,0.));
#1925=DIRECTION('',(0.989950125744536,-0.141416931583092,-2.46519032881566E-32));
#1926=DIRECTION('',(3.39436635400195E-17,2.3761323070377E-16,1.));
#1927=CARTESIAN_POINT('',(0.,0.,0.));
#1928=CARTESIAN_POINT('',(0.,0.,0.));
#1929=CARTESIAN_POINT('Origin',(0.,151.,0.500000000000038));
#1930=CARTESIAN_POINT('',(-1.41421356237308,136.,0.500000000000035));
#1931=CARTESIAN_POINT('',(-1.41421356237308,151.,0.500000000000038));
#1932=CARTESIAN_POINT('',(-1.41421356237309,0.,0.500000000000001));
#1933=CARTESIAN_POINT('',(1.41421356237308,136.,0.500000000000035));
#1934=CARTESIAN_POINT('',(0.,136.,0.500000000000035));
#1935=CARTESIAN_POINT('',(1.41421356237308,151.,0.500000000000038));
#1936=CARTESIAN_POINT('',(1.41421356237309,0.,0.500000000000001));
#1937=CARTESIAN_POINT('',(0.,151.,0.500000000000038));
#1938=CARTESIAN_POINT('Origin',(0.,151.,1.5));
#1939=CARTESIAN_POINT('Origin',(0.,151.,0.));
#1940=CARTESIAN_POINT('Origin',(0.,136.,0.500000000000035));
#1941=CARTESIAN_POINT('Origin',(0.,136.,0.));
#1942=CARTESIAN_POINT('Origin',(0.,178.,-1.5));
#1943=CARTESIAN_POINT('',(-1.4142135623731,178.,-0.499999999999986));
#1944=CARTESIAN_POINT('',(1.4142135623731,178.,-0.499999999999986));
#1945=CARTESIAN_POINT('Origin',(0.,178.,0.));
#1946=CARTESIAN_POINT('',(0.,178.,-0.499999999999986));
#1947=CARTESIAN_POINT('Origin',(0.,178.,-0.499999999999986));
#1948=CARTESIAN_POINT('',(1.4142135623731,185.,-0.499999999999986));
#1949=CARTESIAN_POINT('',(1.4142135623731,0.,-0.499999999999996));
#1950=CARTESIAN_POINT('',(-1.4142135623731,185.,-0.499999999999986));
#1951=CARTESIAN_POINT('',(-1.4142135623731,0.,-0.499999999999996));
#1952=CARTESIAN_POINT('',(0.,185.,-0.499999999999986));
#1953=CARTESIAN_POINT('Origin',(0.,-3.99999999999999,0.499999999999973));
#1954=CARTESIAN_POINT('',(1.4142135623731,-3.99999999999999,0.499999999999973));
#1955=CARTESIAN_POINT('',(-1.4142135623731,-3.99999999999999,0.499999999999973));
#1956=CARTESIAN_POINT('Origin',(0.,-3.99999999999999,0.));
#1957=CARTESIAN_POINT('',(0.,-3.99999999999999,0.499999999999973));
#1958=CARTESIAN_POINT('Origin',(0.,3.00000000000001,0.499999999999975));
#1959=CARTESIAN_POINT('',(1.4142135623731,3.00000000000001,0.499999999999975));
#1960=CARTESIAN_POINT('',(1.4142135623731,0.,0.499999999999974));
#1961=CARTESIAN_POINT('',(-1.4142135623731,3.00000000000001,0.499999999999975));
#1962=CARTESIAN_POINT('',(0.,3.00000000000001,0.499999999999975));
#1963=CARTESIAN_POINT('',(-1.4142135623731,0.,0.499999999999974));
#1964=CARTESIAN_POINT('Origin',(0.,3.00000000000001,4.5));
#1965=CARTESIAN_POINT('Origin',(0.,3.00000000000001,0.));
#1966=CARTESIAN_POINT('Origin',(0.,185.,0.));
#1967=CARTESIAN_POINT('',(1.5,185.,-1.83697019872103E-16));
#1968=CARTESIAN_POINT('Origin',(0.,185.,0.));
#1969=CARTESIAN_POINT('Origin',(0.,185.,0.));
#1970=CARTESIAN_POINT('Origin',(0.,0.,0.));
#1971=CARTESIAN_POINT('',(1.5,-185.,-1.83697019872103E-16));
#1972=CARTESIAN_POINT('',(1.5,0.,-1.83697019872103E-16));
#1973=CARTESIAN_POINT('Origin',(0.,-185.,0.));
#1974=CARTESIAN_POINT('Origin',(0.,-185.,0.));
#1975=CARTESIAN_POINT('',(0.,0.,0.));
#1976=CARTESIAN_POINT('Origin',(-5.2,-1.5,0.));
#1977=CARTESIAN_POINT('',(-0.46837484987988,-1.5,1.425));
#1978=CARTESIAN_POINT('',(-1.5,-0.0749999999999998,-9.18485099360515E-17));
#1979=CARTESIAN_POINT('Ctrl Pts',(-0.46837484987988,-1.5,1.425));
#1980=CARTESIAN_POINT('Ctrl Pts',(-0.46837484987988,-1.38972879476165,1.425));
#1981=CARTESIAN_POINT('Ctrl Pts',(-0.505002842837005,-1.29647439634183,
1.41336081181327));
#1982=CARTESIAN_POINT('Ctrl Pts',(-0.60009803220801,-1.11722538719631,1.37568061066635));
#1983=CARTESIAN_POINT('Ctrl Pts',(-0.659869999607643,-1.0320561592814,1.34902439221777));
#1984=CARTESIAN_POINT('Ctrl Pts',(-0.851056052027924,-0.781203263112314,
1.24373311030934));
#1985=CARTESIAN_POINT('Ctrl Pts',(-0.992120229290892,-0.623649861131785,
1.13890418751345));
#1986=CARTESIAN_POINT('Ctrl Pts',(-1.21600110545734,-0.376764319520705,
0.892018645902366));
#1987=CARTESIAN_POINT('Ctrl Pts',(-1.31774156154335,-0.268043417328595,
0.740954607141987));
#1988=CARTESIAN_POINT('Ctrl Pts',(-1.42443316739999,-0.154712987898247,
0.479431314771369));
#1989=CARTESIAN_POINT('Ctrl Pts',(-1.45262742590719,-0.124939548433935,
0.38649974541398));
#1990=CARTESIAN_POINT('Ctrl Pts',(-1.4904091832946,-0.0850847381281557,
0.195338328014511));
#1991=CARTESIAN_POINT('Ctrl Pts',(-1.5,-0.0749999999999998,0.0971098377876739));
#1992=CARTESIAN_POINT('Ctrl Pts',(-1.5,-0.0749999999999998,0.));
#1993=CARTESIAN_POINT('',(-1.5,-2.925,-1.91339492997857E-16));
#1994=CARTESIAN_POINT('Ctrl Pts',(-1.5,-2.925,-2.08166817117217E-16));
#1995=CARTESIAN_POINT('Ctrl Pts',(-1.5,-2.925,0.0971098377876735));
#1996=CARTESIAN_POINT('Ctrl Pts',(-1.4904091832946,-2.91491526187184,0.195338328014511));
#1997=CARTESIAN_POINT('Ctrl Pts',(-1.45262742590719,-2.87506045156606,0.38649974541398));
#1998=CARTESIAN_POINT('Ctrl Pts',(-1.42443316739999,-2.84528701210175,0.479431314771369));
#1999=CARTESIAN_POINT('Ctrl Pts',(-1.31774156154335,-2.7319565826714,0.740954607141987));
#2000=CARTESIAN_POINT('Ctrl Pts',(-1.21600110545734,-2.62323568047929,0.892018645902366));
#2001=CARTESIAN_POINT('Ctrl Pts',(-0.992120229290892,-2.37635013886821,
1.13890418751345));
#2002=CARTESIAN_POINT('Ctrl Pts',(-0.851056052027924,-2.21879673688769,
1.24373311030934));
#2003=CARTESIAN_POINT('Ctrl Pts',(-0.659869999607643,-1.9679438407186,1.34902439221777));
#2004=CARTESIAN_POINT('Ctrl Pts',(-0.600098032208011,-1.88277461280369,
1.37568061066635));
#2005=CARTESIAN_POINT('Ctrl Pts',(-0.505002842837006,-1.70352560365817,
1.41336081181327));
#2006=CARTESIAN_POINT('Ctrl Pts',(-0.46837484987988,-1.61027120523835,1.425));
#2007=CARTESIAN_POINT('Ctrl Pts',(-0.46837484987988,-1.5,1.425));
#2008=CARTESIAN_POINT('',(-5.,-2.925,-1.74512168878498E-16));
#2009=CARTESIAN_POINT('',(-5.2,-2.925,-1.74512168878498E-16));
#2010=CARTESIAN_POINT('',(-4.79263758279301,-1.5,-1.425));
#2011=CARTESIAN_POINT('Ctrl Pts',(-4.79263758279301,-1.5,-1.425));
#2012=CARTESIAN_POINT('Ctrl Pts',(-4.79263758279301,-1.31997077465798,-1.425));
#2013=CARTESIAN_POINT('Ctrl Pts',(-4.80384163917744,-1.12867370339091,-1.38881590123143));
#2014=CARTESIAN_POINT('Ctrl Pts',(-4.84359649320505,-0.777908481615026,
-1.24309167348581));
#2015=CARTESIAN_POINT('Ctrl Pts',(-4.87149774095207,-0.618346533537206,
-1.13360085991887));
#2016=CARTESIAN_POINT('Ctrl Pts',(-4.92332884607135,-0.3664294415117,-0.881683767893361));
#2017=CARTESIAN_POINT('Ctrl Pts',(-4.95072693618578,-0.256915109969834,
-0.722109407915262));
#2018=CARTESIAN_POINT('Ctrl Pts',(-4.98931617821833,-0.111173585253223,
-0.371299428608087));
#2019=CARTESIAN_POINT('Ctrl Pts',(-5.,-0.0749999999999998,-0.1799859215158));
#2020=CARTESIAN_POINT('Ctrl Pts',(-5.,-0.0749999999999998,0.1799859215158));
#2021=CARTESIAN_POINT('Ctrl Pts',(-4.98931617821833,-0.111173585253223,
0.371299428608087));
#2022=CARTESIAN_POINT('Ctrl Pts',(-4.95072693618578,-0.256915109969834,
0.722109407915262));
#2023=CARTESIAN_POINT('Ctrl Pts',(-4.92332884607135,-0.3664294415117,0.881683767893361));
#2024=CARTESIAN_POINT('Ctrl Pts',(-4.87149774095207,-0.618346533537206,
1.13360085991887));
#2025=CARTESIAN_POINT('Ctrl Pts',(-4.84359649320505,-0.777908481615026,
1.24309167348581));
#2026=CARTESIAN_POINT('Ctrl Pts',(-4.80384163917744,-1.12867370339091,1.38881590123143));
#2027=CARTESIAN_POINT('Ctrl Pts',(-4.79263758279301,-1.31997077465798,1.425));
#2028=CARTESIAN_POINT('Ctrl Pts',(-4.79263758279301,-1.68002922534202,1.425));
#2029=CARTESIAN_POINT('Ctrl Pts',(-4.80384163917744,-1.87132629660909,1.38881590123143));
#2030=CARTESIAN_POINT('Ctrl Pts',(-4.84359649320505,-2.22209151838497,1.24309167348581));
#2031=CARTESIAN_POINT('Ctrl Pts',(-4.87149774095207,-2.38165346646279,1.13360085991887));
#2032=CARTESIAN_POINT('Ctrl Pts',(-4.92332884607135,-2.6335705584883,0.881683767893361));
#2033=CARTESIAN_POINT('Ctrl Pts',(-4.95072693618578,-2.74308489003016,0.722109407915263));
#2034=CARTESIAN_POINT('Ctrl Pts',(-4.98931617821833,-2.88882641474678,0.371299428608087));
#2035=CARTESIAN_POINT('Ctrl Pts',(-5.,-2.925,0.179985921515801));
#2036=CARTESIAN_POINT('Ctrl Pts',(-5.,-2.925,3.12250225675825E-16));
#2037=CARTESIAN_POINT('Ctrl Pts',(-5.,-2.925,2.77555756156289E-16));
#2038=CARTESIAN_POINT('Ctrl Pts',(-5.,-2.925,-0.1799859215158));
#2039=CARTESIAN_POINT('Ctrl Pts',(-4.98931617821833,-2.88882641474678,-0.371299428608087));
#2040=CARTESIAN_POINT('Ctrl Pts',(-4.95072693618578,-2.74308489003017,-0.722109407915262));
#2041=CARTESIAN_POINT('Ctrl Pts',(-4.92332884607135,-2.6335705584883,-0.88168376789336));
#2042=CARTESIAN_POINT('Ctrl Pts',(-4.87149774095207,-2.38165346646279,-1.13360085991887));
#2043=CARTESIAN_POINT('Ctrl Pts',(-4.84359649320505,-2.22209151838497,-1.24309167348581));
#2044=CARTESIAN_POINT('Ctrl Pts',(-4.80384163917744,-1.87132629660909,-1.38881590123143));
#2045=CARTESIAN_POINT('Ctrl Pts',(-4.79263758279301,-1.68002922534202,-1.425));
#2046=CARTESIAN_POINT('Ctrl Pts',(-4.79263758279301,-1.5,-1.425));
#2047=CARTESIAN_POINT('Ctrl Pts',(-1.5,-0.0749999999999998,0.));
#2048=CARTESIAN_POINT('Ctrl Pts',(-1.5,-0.0749999999999998,-0.0971098377876739));
#2049=CARTESIAN_POINT('Ctrl Pts',(-1.4904091832946,-0.0850847381281557,
-0.195338328014511));
#2050=CARTESIAN_POINT('Ctrl Pts',(-1.45262742590719,-0.124939548433935,
-0.38649974541398));
#2051=CARTESIAN_POINT('Ctrl Pts',(-1.42443316739999,-0.154712987898247,
-0.479431314771369));
#2052=CARTESIAN_POINT('Ctrl Pts',(-1.31774156154335,-0.268043417328595,
-0.740954607141987));
#2053=CARTESIAN_POINT('Ctrl Pts',(-1.21600110545734,-0.376764319520705,
-0.892018645902366));
#2054=CARTESIAN_POINT('Ctrl Pts',(-0.992120229290892,-0.623649861131785,
-1.13890418751345));
#2055=CARTESIAN_POINT('Ctrl Pts',(-0.851056052027924,-0.781203263112315,
-1.24373311030934));
#2056=CARTESIAN_POINT('Ctrl Pts',(-0.659869999607643,-1.0320561592814,-1.34902439221777));
#2057=CARTESIAN_POINT('Ctrl Pts',(-0.60009803220801,-1.11722538719631,-1.37568061066635));
#2058=CARTESIAN_POINT('Ctrl Pts',(-0.505002842837005,-1.29647439634183,
-1.41336081181327));
#2059=CARTESIAN_POINT('Ctrl Pts',(-0.46837484987988,-1.38972879476165,-1.425));
#2060=CARTESIAN_POINT('Ctrl Pts',(-0.46837484987988,-1.61027120523835,-1.425));
#2061=CARTESIAN_POINT('Ctrl Pts',(-0.505002842837005,-1.70352560365817,
-1.41336081181327));
#2062=CARTESIAN_POINT('Ctrl Pts',(-0.60009803220801,-1.88277461280369,-1.37568061066635));
#2063=CARTESIAN_POINT('Ctrl Pts',(-0.659869999607643,-1.9679438407186,-1.34902439221777));
#2064=CARTESIAN_POINT('Ctrl Pts',(-0.851056052027924,-2.21879673688768,
-1.24373311030934));
#2065=CARTESIAN_POINT('Ctrl Pts',(-0.992120229290892,-2.37635013886821,
-1.13890418751345));
#2066=CARTESIAN_POINT('Ctrl Pts',(-1.21600110545734,-2.62323568047929,-0.892018645902366));
#2067=CARTESIAN_POINT('Ctrl Pts',(-1.31774156154335,-2.7319565826714,-0.740954607141987));
#2068=CARTESIAN_POINT('Ctrl Pts',(-1.42443316739999,-2.84528701210175,-0.479431314771369));
#2069=CARTESIAN_POINT('Ctrl Pts',(-1.45262742590719,-2.87506045156606,-0.38649974541398));
#2070=CARTESIAN_POINT('Ctrl Pts',(-1.4904091832946,-2.91491526187184,-0.195338328014511));
#2071=CARTESIAN_POINT('Ctrl Pts',(-1.5,-2.925,-0.0971098377876739));
#2072=CARTESIAN_POINT('Ctrl Pts',(-1.5,-2.925,-2.08166817117217E-16));
#2073=CARTESIAN_POINT('Origin',(0.,-1.5,0.));
#2074=CARTESIAN_POINT('',(-1.5,-5.,-1.83697019872103E-16));
#2075=CARTESIAN_POINT('Origin',(0.,-5.,0.));
#2076=CARTESIAN_POINT('',(-1.5,-1.5,-1.83697019872103E-16));
#2077=CARTESIAN_POINT('',(-1.5,2.,-1.83697019872103E-16));
#2078=CARTESIAN_POINT('',(-1.5,-1.5,-1.83697019872103E-16));
#2079=CARTESIAN_POINT('Origin',(0.,2.,0.));
#2080=CARTESIAN_POINT('Origin',(0.,2.,0.));
#2081=CARTESIAN_POINT('Ctrl Pts',(0.,1.,-5.));
#2082=CARTESIAN_POINT('Ctrl Pts',(-5.,1.,-5.));
#2083=CARTESIAN_POINT('Ctrl Pts',(-5.,1.,0.));
#2084=CARTESIAN_POINT('Ctrl Pts',(-5.,1.,5.));
#2085=CARTESIAN_POINT('Ctrl Pts',(0.,1.,5.));
#2086=CARTESIAN_POINT('Ctrl Pts',(5.,1.,5.));
#2087=CARTESIAN_POINT('Ctrl Pts',(5.,1.,0.));
#2088=CARTESIAN_POINT('Ctrl Pts',(5.,1.,-5.));
#2089=CARTESIAN_POINT('Ctrl Pts',(0.,1.,-5.));
#2090=CARTESIAN_POINT('Ctrl Pts',(0.,5.,-5.));
#2091=CARTESIAN_POINT('Ctrl Pts',(-5.,5.,-5.));
#2092=CARTESIAN_POINT('Ctrl Pts',(-5.,5.,0.));
#2093=CARTESIAN_POINT('Ctrl Pts',(-5.,5.,5.));
#2094=CARTESIAN_POINT('Ctrl Pts',(0.,5.,5.));
#2095=CARTESIAN_POINT('Ctrl Pts',(5.,5.,5.));
#2096=CARTESIAN_POINT('Ctrl Pts',(5.,5.,0.));
#2097=CARTESIAN_POINT('Ctrl Pts',(5.,5.,-5.));
#2098=CARTESIAN_POINT('Ctrl Pts',(0.,5.,-5.));
#2099=CARTESIAN_POINT('Ctrl Pts',(0.,5.,-1.));
#2100=CARTESIAN_POINT('Ctrl Pts',(-1.,5.,-1.));
#2101=CARTESIAN_POINT('Ctrl Pts',(-1.,5.,0.));
#2102=CARTESIAN_POINT('Ctrl Pts',(-1.,5.,1.));
#2103=CARTESIAN_POINT('Ctrl Pts',(0.,5.,1.));
#2104=CARTESIAN_POINT('Ctrl Pts',(1.,5.,1.));
#2105=CARTESIAN_POINT('Ctrl Pts',(1.,5.,0.));
#2106=CARTESIAN_POINT('Ctrl Pts',(1.,5.,-1.));
#2107=CARTESIAN_POINT('Ctrl Pts',(0.,5.,-1.));
#2108=CARTESIAN_POINT('',(-1.22464679914735E-16,5.,-1.));
#2109=CARTESIAN_POINT('Origin',(0.,5.,0.));
#2110=CARTESIAN_POINT('',(-6.12323399573677E-16,1.,-5.));
#2111=CARTESIAN_POINT('Origin',(-1.22464679914735E-16,1.,-1.));
#2112=CARTESIAN_POINT('',(5.,1.,-6.12323399573677E-16));
#2113=CARTESIAN_POINT('Origin',(0.,1.,0.));
#2114=CARTESIAN_POINT('Origin',(0.,1.,0.));
#2115=CARTESIAN_POINT('Origin',(0.,0.,0.));
#2116=CARTESIAN_POINT('',(5.,-5.,-6.12323399573677E-16));
#2117=CARTESIAN_POINT('',(5.,0.,-6.12323399573677E-16));
#2118=CARTESIAN_POINT('Origin',(0.,-5.,0.));
#2119=CARTESIAN_POINT('Origin',(0.,5.,0.));
#2120=CARTESIAN_POINT('Origin',(0.,-5.,0.));
#2121=CARTESIAN_POINT('',(0.,0.,0.));
#2122=CARTESIAN_POINT('Ctrl Pts',(6.93889390390723E-17,-1.,-1.5));
#2123=CARTESIAN_POINT('Ctrl Pts',(-1.5,-1.,-1.5));
#2124=CARTESIAN_POINT('Ctrl Pts',(-1.5,-1.,0.));
#2125=CARTESIAN_POINT('Ctrl Pts',(-1.5,-1.,1.5));
#2126=CARTESIAN_POINT('Ctrl Pts',(6.93889390390723E-17,-1.,1.5));
#2127=CARTESIAN_POINT('Ctrl Pts',(1.5,-1.,1.5));
#2128=CARTESIAN_POINT('Ctrl Pts',(1.5,-1.,0.));
#2129=CARTESIAN_POINT('Ctrl Pts',(1.5,-1.,-1.5));
#2130=CARTESIAN_POINT('Ctrl Pts',(6.93889390390723E-17,-1.,-1.5));
#2131=CARTESIAN_POINT('Ctrl Pts',(6.93889390390723E-17,3.06161699786838E-17,
-1.5));
#2132=CARTESIAN_POINT('Ctrl Pts',(-1.5,3.06161699786838E-17,-1.5));
#2133=CARTESIAN_POINT('Ctrl Pts',(-1.5,0.,0.));
#2134=CARTESIAN_POINT('Ctrl Pts',(-1.5,-3.06161699786838E-17,1.5));
#2135=CARTESIAN_POINT('Ctrl Pts',(6.93889390390723E-17,-3.06161699786838E-17,
1.5));
#2136=CARTESIAN_POINT('Ctrl Pts',(1.5,-3.06161699786838E-17,1.5));
#2137=CARTESIAN_POINT('Ctrl Pts',(1.5,0.,0.));
#2138=CARTESIAN_POINT('Ctrl Pts',(1.5,3.06161699786838E-17,-1.5));
#2139=CARTESIAN_POINT('Ctrl Pts',(6.93889390390723E-17,3.06161699786838E-17,
-1.5));
#2140=CARTESIAN_POINT('Ctrl Pts',(6.93889390390723E-17,0.,-0.5));
#2141=CARTESIAN_POINT('Ctrl Pts',(-0.5,0.,-0.5));
#2142=CARTESIAN_POINT('Ctrl Pts',(-0.5,0.,0.));
#2143=CARTESIAN_POINT('Ctrl Pts',(-0.5,0.,0.5));
#2144=CARTESIAN_POINT('Ctrl Pts',(6.93889390390723E-17,0.,0.5));
#2145=CARTESIAN_POINT('Ctrl Pts',(0.5,0.,0.5));
#2146=CARTESIAN_POINT('Ctrl Pts',(0.5,0.,0.));
#2147=CARTESIAN_POINT('Ctrl Pts',(0.5,0.,-0.5));
#2148=CARTESIAN_POINT('Ctrl Pts',(6.93889390390723E-17,0.,-0.5));
#2149=CARTESIAN_POINT('',(8.1565990817046E-18,0.,-0.5));
#2150=CARTESIAN_POINT('Origin',(6.93889390390723E-17,0.,0.));
#2151=CARTESIAN_POINT('',(-1.14308080833031E-16,-1.,-1.5));
#2152=CARTESIAN_POINT('Origin',(8.1565990817046E-18,-1.,-0.5));
#2153=CARTESIAN_POINT('',(1.5,-1.,1.83697019872103E-16));
#2154=CARTESIAN_POINT('Origin',(6.93889390390723E-17,-1.,0.));
#2155=CARTESIAN_POINT('Origin',(6.93889390390723E-17,-1.,0.));
#2156=CARTESIAN_POINT('Origin',(0.,0.,0.));
#2157=CARTESIAN_POINT('',(-1.5,-8.,0.));
#2158=CARTESIAN_POINT('',(1.5,-8.,1.83697019872103E-16));
#2159=CARTESIAN_POINT('Origin',(5.55111512312578E-16,-8.,0.));
#2160=CARTESIAN_POINT('Origin',(5.55111512312578E-16,-8.,0.));
#2161=CARTESIAN_POINT('',(1.5,1.04083408558608E-16,1.83697019872103E-16));
#2162=CARTESIAN_POINT('Origin',(0.,0.,0.));
#2163=CARTESIAN_POINT('Origin',(-2.,-10.,0.));
#2164=CARTESIAN_POINT('',(-20.,-11.5,1.83697019872103E-16));
#2165=CARTESIAN_POINT('Origin',(-20.,-10.,0.));
#2166=CARTESIAN_POINT('',(-2.,-11.5,1.83697019872103E-16));
#2167=CARTESIAN_POINT('',(-2.,-11.5,1.83697019872103E-16));
#2168=CARTESIAN_POINT('',(-2.,-8.5,0.));
#2169=CARTESIAN_POINT('Origin',(-2.,-10.,0.));
#2170=CARTESIAN_POINT('Origin',(-2.,-10.,0.));
#2171=CARTESIAN_POINT('Origin',(-2.,-8.,0.));
#2172=CARTESIAN_POINT('Origin',(-2.,-8.,1.83697019872103E-16));
#2173=CARTESIAN_POINT('Origin',(-20.,-10.,0.));
#2174=CARTESIAN_POINT('',(0.,0.,0.));
#2175=CARTESIAN_POINT('Origin',(0.,-12.3631637646,3.));
#2176=CARTESIAN_POINT('',(-0.25,3.,3.));
#2177=CARTESIAN_POINT('Origin',(0.,3.,3.));
#2178=CARTESIAN_POINT('',(-0.25,-3.,3.));
#2179=CARTESIAN_POINT('',(-0.25,-12.3631637646,3.));
#2180=CARTESIAN_POINT('Origin',(0.,-3.,3.));
#2181=CARTESIAN_POINT('Origin',(0.,-2.9,0.));
#2182=CARTESIAN_POINT('',(-1.7,-3.,-2.0818995585505E-16));
#2183=CARTESIAN_POINT('Origin',(0.,-3.,0.));
#2184=CARTESIAN_POINT('',(-1.5,-2.8,1.83697019872103E-16));
#2185=CARTESIAN_POINT('',(-1.6,-2.9,-1.95943487863577E-16));
#2186=CARTESIAN_POINT('Origin',(0.,-2.8,0.));
#2187=CARTESIAN_POINT('Origin',(0.,3.,0.));
#2188=CARTESIAN_POINT('',(1.5,2.8,1.83697019872103E-16));
#2189=CARTESIAN_POINT('',(-1.5,2.8,-1.83697019872103E-16));
#2190=CARTESIAN_POINT('Origin',(0.,2.8,0.));
#2191=CARTESIAN_POINT('Origin',(0.,2.8,0.));
#2192=CARTESIAN_POINT('',(-1.5,1.25,-6.58276577963994E-17));
#2193=CARTESIAN_POINT('',(-1.5,3.,-1.83697019872103E-16));
#2194=CARTESIAN_POINT('',(-0.82915619758885,0.,-1.25));
#2195=CARTESIAN_POINT('Ctrl Pts',(-1.5,1.25,3.46944695195361E-17));
#2196=CARTESIAN_POINT('Ctrl Pts',(-1.5,1.25,-0.166491843940701));
#2197=CARTESIAN_POINT('Ctrl Pts',(-1.47030878941013,1.2148146452181,-0.33830543469847));
#2198=CARTESIAN_POINT('Ctrl Pts',(-1.36413553461512,1.08389686908703,-0.644509590624832));
#2199=CARTESIAN_POINT('Ctrl Pts',(-1.28823137590803,0.988516412419769,-0.7792505405466));
#2200=CARTESIAN_POINT('Ctrl Pts',(-1.13237601279511,0.774818304995321,-0.992948647971048));
#2201=CARTESIAN_POINT('Ctrl Pts',(-1.03937824653931,0.639940357040646,-1.08610098785052));
#2202=CARTESIAN_POINT('Ctrl Pts',(-0.924819916802826,0.414693939870477,
-1.18202736899835));
#2203=CARTESIAN_POINT('Ctrl Pts',(-0.891082305756661,0.335711099972688,
-1.20698832546715));
#2204=CARTESIAN_POINT('Ctrl Pts',(-0.843145321188763,0.171778063137239,
-1.24096077215459));
#2205=CARTESIAN_POINT('Ctrl Pts',(-0.82915619758885,0.0867722068017311,
-1.25));
#2206=CARTESIAN_POINT('Ctrl Pts',(-0.82915619758885,0.,-1.25));
#2207=CARTESIAN_POINT('',(-1.5,-1.25,2.0908516002441E-17));
#2208=CARTESIAN_POINT('Ctrl Pts',(-0.82915619758885,0.,-1.25));
#2209=CARTESIAN_POINT('Ctrl Pts',(-0.82915619758885,-0.086772206801731,
-1.25));
#2210=CARTESIAN_POINT('Ctrl Pts',(-0.843145321188762,-0.171778063137238,
-1.24096077215459));
#2211=CARTESIAN_POINT('Ctrl Pts',(-0.89108230575666,-0.335711099972688,
-1.20698832546715));
#2212=CARTESIAN_POINT('Ctrl Pts',(-0.924819916802826,-0.414693939870477,
-1.18202736899835));
#2213=CARTESIAN_POINT('Ctrl Pts',(-1.03937824653931,-0.639940357040646,
-1.08610098785052));
#2214=CARTESIAN_POINT('Ctrl Pts',(-1.13237601279511,-0.774818304995321,
-0.992948647971048));
#2215=CARTESIAN_POINT('Ctrl Pts',(-1.28823137590803,-0.988516412419769,
-0.7792505405466));
#2216=CARTESIAN_POINT('Ctrl Pts',(-1.36413553461512,-1.08389686908703,-0.644509590624832));
#2217=CARTESIAN_POINT('Ctrl Pts',(-1.47030878941013,-1.2148146452181,-0.33830543469847));
#2218=CARTESIAN_POINT('Ctrl Pts',(-1.5,-1.25,-0.166491843940701));
#2219=CARTESIAN_POINT('Ctrl Pts',(-1.5,-1.25,3.46944695195361E-17));
#2220=CARTESIAN_POINT('',(-1.5,3.,-1.83697019872103E-16));
#2221=CARTESIAN_POINT('Ctrl Pts',(-1.5,-1.25,1.90819582357449E-16));
#2222=CARTESIAN_POINT('Ctrl Pts',(-1.5,-1.25,0.166491843940701));
#2223=CARTESIAN_POINT('Ctrl Pts',(-1.47030878941013,-1.2148146452181,0.33830543469847));
#2224=CARTESIAN_POINT('Ctrl Pts',(-1.36413553461512,-1.08389686908703,0.644509590624832));
#2225=CARTESIAN_POINT('Ctrl Pts',(-1.28823137590803,-0.988516412419769,
0.7792505405466));
#2226=CARTESIAN_POINT('Ctrl Pts',(-1.13237601279511,-0.774818304995321,
0.992948647971048));
#2227=CARTESIAN_POINT('Ctrl Pts',(-1.03937824653931,-0.639940357040646,
1.08610098785052));
#2228=CARTESIAN_POINT('Ctrl Pts',(-0.924819916802826,-0.414693939870477,
1.18202736899835));
#2229=CARTESIAN_POINT('Ctrl Pts',(-0.89108230575666,-0.335711099972688,
1.20698832546715));
#2230=CARTESIAN_POINT('Ctrl Pts',(-0.843145321188763,-0.171778063137238,
1.24096077215459));
#2231=CARTESIAN_POINT('Ctrl Pts',(-0.82915619758885,-0.0867722068017309,
1.25));
#2232=CARTESIAN_POINT('Ctrl Pts',(-0.82915619758885,0.0867722068017309,
1.25));
#2233=CARTESIAN_POINT('Ctrl Pts',(-0.843145321188763,0.171778063137238,
1.24096077215459));
#2234=CARTESIAN_POINT('Ctrl Pts',(-0.89108230575666,0.335711099972688,1.20698832546715));
#2235=CARTESIAN_POINT('Ctrl Pts',(-0.924819916802826,0.414693939870477,
1.18202736899835));
#2236=CARTESIAN_POINT('Ctrl Pts',(-1.03937824653931,0.639940357040646,1.08610098785052));
#2237=CARTESIAN_POINT('Ctrl Pts',(-1.13237601279511,0.774818304995321,0.992948647971048));
#2238=CARTESIAN_POINT('Ctrl Pts',(-1.28823137590803,0.988516412419769,0.7792505405466));
#2239=CARTESIAN_POINT('Ctrl Pts',(-1.36413553461512,1.08389686908703,0.644509590624832));
#2240=CARTESIAN_POINT('Ctrl Pts',(-1.47030878941013,1.2148146452181,0.33830543469847));
#2241=CARTESIAN_POINT('Ctrl Pts',(-1.5,1.25,0.166491843940701));
#2242=CARTESIAN_POINT('Ctrl Pts',(-1.5,1.25,3.46944695195361E-17));
#2243=CARTESIAN_POINT('Origin',(0.,-3.,0.));
#2244=CARTESIAN_POINT('',(-4.5,-3.,5.51091059616309E-16));
#2245=CARTESIAN_POINT('Origin',(0.,-3.,0.));
#2246=CARTESIAN_POINT('Origin',(0.,2.9,0.));
#2247=CARTESIAN_POINT('',(1.7,3.,-2.0818995585505E-16));
#2248=CARTESIAN_POINT('Origin',(0.,3.,0.));
#2249=CARTESIAN_POINT('',(1.6,2.9,-1.95943487863577E-16));
#2250=CARTESIAN_POINT('Origin',(0.,3.,0.));
#2251=CARTESIAN_POINT('',(-4.5,3.,-5.51091059616309E-16));
#2252=CARTESIAN_POINT('Origin',(0.,3.,0.));
#2253=CARTESIAN_POINT('Origin',(0.,-2.75,0.));
#2254=CARTESIAN_POINT('',(-5.,-2.5,-6.12323399573677E-16));
#2255=CARTESIAN_POINT('',(-4.75,-2.75,-5.81707229594993E-16));
#2256=CARTESIAN_POINT('',(5.,-2.5,-6.12323399573677E-16));
#2257=CARTESIAN_POINT('Origin',(0.,-2.5,0.));
#2258=CARTESIAN_POINT('Origin',(0.,-2.5,0.));
#2259=CARTESIAN_POINT('Origin',(0.,0.,0.));
#2260=CARTESIAN_POINT('',(-5.,2.5,6.12323399573677E-16));
#2261=CARTESIAN_POINT('',(5.,2.5,-6.12323399573677E-16));
#2262=CARTESIAN_POINT('Origin',(0.,2.5,0.));
#2263=CARTESIAN_POINT('Origin',(0.,2.5,0.));
#2264=CARTESIAN_POINT('',(5.,0.,-6.12323399573677E-16));
#2265=CARTESIAN_POINT('',(-4.84122918275927,6.93889390390723E-17,1.25));
#2266=CARTESIAN_POINT('',(-5.,-1.25,1.53080849893419E-16));
#2267=CARTESIAN_POINT('Ctrl Pts',(-4.84122918275927,6.93889390390723E-17,
1.25));
#2268=CARTESIAN_POINT('Ctrl Pts',(-4.84122918275927,-0.157686763347989,
1.25));
#2269=CARTESIAN_POINT('Ctrl Pts',(-4.84973579332106,-0.325402135013125,
1.21834881761244));
#2270=CARTESIAN_POINT('Ctrl Pts',(-4.88005597223663,-0.633163356288041,
1.09057998139517));
#2271=CARTESIAN_POINT('Ctrl Pts',(-4.90138825645426,-0.773270568184096,
0.994496384782273));
#2272=CARTESIAN_POINT('Ctrl Pts',(-4.94111880834681,-0.994480919126958,
0.773286033839411));
#2273=CARTESIAN_POINT('Ctrl Pts',(-4.96215629725421,-1.09057657413409,0.633172380752555));
#2274=CARTESIAN_POINT('Ctrl Pts',(-4.99179575122445,-1.21835421378757,0.325388319770619));
#2275=CARTESIAN_POINT('Ctrl Pts',(-5.,-1.25,0.157664715929046));
#2276=CARTESIAN_POINT('Ctrl Pts',(-5.,-1.25,-1.38777878078145E-16));
#2277=CARTESIAN_POINT('Ctrl Pts',(-5.,-1.25,-1.38777878078145E-16));
#2278=CARTESIAN_POINT('Ctrl Pts',(-5.,-1.25,-0.157664715929046));
#2279=CARTESIAN_POINT('Ctrl Pts',(-4.99179575122445,-1.21835421378757,-0.32538831977062));
#2280=CARTESIAN_POINT('Ctrl Pts',(-4.96215629725421,-1.09057657413409,-0.633172380752555));
#2281=CARTESIAN_POINT('Ctrl Pts',(-4.94111880834681,-0.994480919126958,
-0.773286033839411));
#2282=CARTESIAN_POINT('Ctrl Pts',(-4.90138825645426,-0.773270568184096,
-0.994496384782273));
#2283=CARTESIAN_POINT('Ctrl Pts',(-4.88005597223663,-0.633163356288041,
-1.09057998139517));
#2284=CARTESIAN_POINT('Ctrl Pts',(-4.84973579332106,-0.325402135013125,
-1.21834881761244));
#2285=CARTESIAN_POINT('Ctrl Pts',(-4.84122918275927,-0.157686763347989,
-1.25));
#2286=CARTESIAN_POINT('Ctrl Pts',(-4.84122918275927,0.157686763347989,-1.25));
#2287=CARTESIAN_POINT('Ctrl Pts',(-4.84973579332106,0.325402135013125,-1.21834881761244));
#2288=CARTESIAN_POINT('Ctrl Pts',(-4.88005597223663,0.633163356288041,-1.09057998139517));
#2289=CARTESIAN_POINT('Ctrl Pts',(-4.90138825645426,0.773270568184096,-0.994496384782273));
#2290=CARTESIAN_POINT('Ctrl Pts',(-4.94111880834681,0.994480919126958,-0.773286033839411));
#2291=CARTESIAN_POINT('Ctrl Pts',(-4.96215629725421,1.09057657413409,-0.633172380752555));
#2292=CARTESIAN_POINT('Ctrl Pts',(-4.99179575122445,1.21835421378757,-0.325388319770619));
#2293=CARTESIAN_POINT('Ctrl Pts',(-5.,1.25,-0.157664715929046));
#2294=CARTESIAN_POINT('Ctrl Pts',(-5.,1.25,0.157664715929046));
#2295=CARTESIAN_POINT('Ctrl Pts',(-4.99179575122445,1.21835421378757,0.325388319770619));
#2296=CARTESIAN_POINT('Ctrl Pts',(-4.96215629725421,1.09057657413409,0.633172380752555));
#2297=CARTESIAN_POINT('Ctrl Pts',(-4.94111880834681,0.994480919126958,0.773286033839411));
#2298=CARTESIAN_POINT('Ctrl Pts',(-4.90138825645426,0.773270568184096,0.994496384782273));
#2299=CARTESIAN_POINT('Ctrl Pts',(-4.88005597223663,0.633163356288041,1.09057998139517));
#2300=CARTESIAN_POINT('Ctrl Pts',(-4.84973579332106,0.325402135013126,1.21834881761244));
#2301=CARTESIAN_POINT('Ctrl Pts',(-4.84122918275927,0.157686763347989,1.25));
#2302=CARTESIAN_POINT('Ctrl Pts',(-4.84122918275927,0.,1.25));
#2303=CARTESIAN_POINT('Origin',(0.,2.75,0.));
#2304=CARTESIAN_POINT('',(-4.75,2.75,5.81707229594993E-16));
#2305=CARTESIAN_POINT('Origin',(0.,0.,0.));
#2306=CARTESIAN_POINT('',(0.,-1.25,1.53080849893419E-16));
#2307=CARTESIAN_POINT('',(0.,0.,0.));
#2308=CARTESIAN_POINT('Origin',(0.,-41.,0.));
#2309=CARTESIAN_POINT('',(1.4142135623731,-41.,-0.5));
#2310=CARTESIAN_POINT('',(1.5,-41.5,-6.12323399573677E-17));
#2311=CARTESIAN_POINT('Ctrl Pts',(1.4142135623731,-41.,-0.5));
#2312=CARTESIAN_POINT('Ctrl Pts',(1.4142135623731,-41.0633230302039,-0.5));
#2313=CARTESIAN_POINT('Ctrl Pts',(1.41891339143563,-41.1305009867318,-0.487245169634408));
#2314=CARTESIAN_POINT('Ctrl Pts',(1.43546520638116,-41.2535265899788,-0.43607645381318));
#2315=CARTESIAN_POINT('Ctrl Pts',(1.44703442803149,-41.3094215411867,-0.397685239999852));
#2316=CARTESIAN_POINT('Ctrl Pts',(1.46843655507841,-41.3976647716141,-0.309442009572505));
#2317=CARTESIAN_POINT('Ctrl Pts',(1.4797184776517,-41.4360717430583,-0.253538905978701));
#2318=CARTESIAN_POINT('Ctrl Pts',(1.49560118971728,-41.4872522104015,-0.130483068610428));
#2319=CARTESIAN_POINT('Ctrl Pts',(1.5,-41.5,-0.0632936609336757));
#2320=CARTESIAN_POINT('Ctrl Pts',(1.5,-41.5,7.80625564189563E-17));
#2321=CARTESIAN_POINT('',(1.5,-40.5,-1.04858936005878E-16));
#2322=CARTESIAN_POINT('Ctrl Pts',(1.5,-40.5,-2.60208521396521E-17));
#2323=CARTESIAN_POINT('Ctrl Pts',(1.5,-40.5,-0.0632936609336757));
#2324=CARTESIAN_POINT('Ctrl Pts',(1.49560118971728,-40.5127477895985,-0.130483068610428));
#2325=CARTESIAN_POINT('Ctrl Pts',(1.4797184776517,-40.5639282569417,-0.253538905978701));
#2326=CARTESIAN_POINT('Ctrl Pts',(1.46843655507841,-40.602335228386,-0.309442009572505));
#2327=CARTESIAN_POINT('Ctrl Pts',(1.44703442803149,-40.6905784588133,-0.397685239999852));
#2328=CARTESIAN_POINT('Ctrl Pts',(1.43546520638116,-40.7464734100212,-0.43607645381318));
#2329=CARTESIAN_POINT('Ctrl Pts',(1.41891339143563,-40.8694990132683,-0.487245169634408));
#2330=CARTESIAN_POINT('Ctrl Pts',(1.4142135623731,-40.9366769697961,-0.5));
#2331=CARTESIAN_POINT('Ctrl Pts',(1.4142135623731,-41.,-0.5));
#2332=CARTESIAN_POINT('Ctrl Pts',(1.5,-41.5,7.80625564189563E-17));
#2333=CARTESIAN_POINT('Ctrl Pts',(1.5,-41.5,0.0632936609336758));
#2334=CARTESIAN_POINT('Ctrl Pts',(1.49560118971728,-41.4872522104015,0.130483068610428));
#2335=CARTESIAN_POINT('Ctrl Pts',(1.4797184776517,-41.4360717430583,0.253538905978701));
#2336=CARTESIAN_POINT('Ctrl Pts',(1.46843655507841,-41.3976647716141,0.309442009572505));
#2337=CARTESIAN_POINT('Ctrl Pts',(1.44703442803149,-41.3094215411867,0.397685239999852));
#2338=CARTESIAN_POINT('Ctrl Pts',(1.43546520638116,-41.2535265899788,0.43607645381318));
#2339=CARTESIAN_POINT('Ctrl Pts',(1.41891339143563,-41.1305009867318,0.487245169634408));
#2340=CARTESIAN_POINT('Ctrl Pts',(1.4142135623731,-41.0633230302039,0.5));
#2341=CARTESIAN_POINT('Ctrl Pts',(1.4142135623731,-40.9366769697961,0.5));
#2342=CARTESIAN_POINT('Ctrl Pts',(1.41891339143563,-40.8694990132683,0.487245169634408));
#2343=CARTESIAN_POINT('Ctrl Pts',(1.43546520638116,-40.7464734100212,0.43607645381318));
#2344=CARTESIAN_POINT('Ctrl Pts',(1.44703442803149,-40.6905784588133,0.397685239999852));
#2345=CARTESIAN_POINT('Ctrl Pts',(1.46843655507841,-40.602335228386,0.309442009572505));
#2346=CARTESIAN_POINT('Ctrl Pts',(1.4797184776517,-40.5639282569417,0.253538905978701));
#2347=CARTESIAN_POINT('Ctrl Pts',(1.49560118971728,-40.5127477895985,0.130483068610428));
#2348=CARTESIAN_POINT('Ctrl Pts',(1.5,-40.5,0.0632936609336758));
#2349=CARTESIAN_POINT('Ctrl Pts',(1.5,-40.5,-2.60208521396521E-17));
#2350=CARTESIAN_POINT('',(-1.5,-41.5,-6.12323399573677E-17));
#2351=CARTESIAN_POINT('',(0.,-41.5,-6.12323399573677E-17));
#2352=CARTESIAN_POINT('',(-1.4142135623731,-41.,-0.5));
#2353=CARTESIAN_POINT('Ctrl Pts',(-1.4142135623731,-41.,-0.5));
#2354=CARTESIAN_POINT('Ctrl Pts',(-1.4142135623731,-40.9366769697961,-0.5));
#2355=CARTESIAN_POINT('Ctrl Pts',(-1.41891339143563,-40.8694990132683,-0.487245169634408));
#2356=CARTESIAN_POINT('Ctrl Pts',(-1.43546520638116,-40.7464734100212,-0.43607645381318));
#2357=CARTESIAN_POINT('Ctrl Pts',(-1.44703442803149,-40.6905784588133,-0.397685239999852));
#2358=CARTESIAN_POINT('Ctrl Pts',(-1.46843655507841,-40.602335228386,-0.309442009572505));
#2359=CARTESIAN_POINT('Ctrl Pts',(-1.4797184776517,-40.5639282569417,-0.253538905978701));
#2360=CARTESIAN_POINT('Ctrl Pts',(-1.49560118971728,-40.5127477895985,-0.130483068610428));
#2361=CARTESIAN_POINT('Ctrl Pts',(-1.5,-40.5,-0.0632936609336757));
#2362=CARTESIAN_POINT('Ctrl Pts',(-1.5,-40.5,0.0632936609336757));
#2363=CARTESIAN_POINT('Ctrl Pts',(-1.49560118971728,-40.5127477895985,0.130483068610428));
#2364=CARTESIAN_POINT('Ctrl Pts',(-1.4797184776517,-40.5639282569417,0.253538905978701));
#2365=CARTESIAN_POINT('Ctrl Pts',(-1.46843655507841,-40.602335228386,0.309442009572505));
#2366=CARTESIAN_POINT('Ctrl Pts',(-1.44703442803149,-40.6905784588133,0.397685239999852));
#2367=CARTESIAN_POINT('Ctrl Pts',(-1.43546520638116,-40.7464734100212,0.43607645381318));
#2368=CARTESIAN_POINT('Ctrl Pts',(-1.41891339143563,-40.8694990132683,0.487245169634408));
#2369=CARTESIAN_POINT('Ctrl Pts',(-1.4142135623731,-40.9366769697961,0.5));
#2370=CARTESIAN_POINT('Ctrl Pts',(-1.4142135623731,-41.0633230302039,0.5));
#2371=CARTESIAN_POINT('Ctrl Pts',(-1.41891339143563,-41.1305009867318,0.487245169634408));
#2372=CARTESIAN_POINT('Ctrl Pts',(-1.43546520638116,-41.2535265899788,0.43607645381318));
#2373=CARTESIAN_POINT('Ctrl Pts',(-1.44703442803149,-41.3094215411867,0.397685239999852));
#2374=CARTESIAN_POINT('Ctrl Pts',(-1.46843655507841,-41.3976647716141,0.309442009572505));
#2375=CARTESIAN_POINT('Ctrl Pts',(-1.4797184776517,-41.4360717430583,0.253538905978701));
#2376=CARTESIAN_POINT('Ctrl Pts',(-1.49560118971728,-41.4872522104015,0.130483068610428));
#2377=CARTESIAN_POINT('Ctrl Pts',(-1.5,-41.5,0.0632936609336758));
#2378=CARTESIAN_POINT('Ctrl Pts',(-1.5,-41.5,8.67361737988404E-17));
#2379=CARTESIAN_POINT('Ctrl Pts',(-1.5,-41.5,8.67361737988404E-17));
#2380=CARTESIAN_POINT('Ctrl Pts',(-1.5,-41.5,-0.0632936609336757));
#2381=CARTESIAN_POINT('Ctrl Pts',(-1.49560118971728,-41.4872522104015,-0.130483068610428));
#2382=CARTESIAN_POINT('Ctrl Pts',(-1.4797184776517,-41.4360717430583,-0.253538905978701));
#2383=CARTESIAN_POINT('Ctrl Pts',(-1.46843655507841,-41.3976647716141,-0.309442009572505));
#2384=CARTESIAN_POINT('Ctrl Pts',(-1.44703442803149,-41.3094215411867,-0.397685239999852));
#2385=CARTESIAN_POINT('Ctrl Pts',(-1.43546520638116,-41.2535265899788,-0.436076453813185));
#2386=CARTESIAN_POINT('Ctrl Pts',(-1.41891339143563,-41.1305009867318,-0.48724516963441));
#2387=CARTESIAN_POINT('Ctrl Pts',(-1.4142135623731,-41.0633230302039,-0.5));
#2388=CARTESIAN_POINT('Ctrl Pts',(-1.4142135623731,-41.,-0.5));
#2389=CARTESIAN_POINT('Origin',(0.,-45.95,0.));
#2390=CARTESIAN_POINT('',(-1.4,-46.,1.71450551880629E-16));
#2391=CARTESIAN_POINT('Origin',(0.,-46.,0.));
#2392=CARTESIAN_POINT('',(-1.5,-45.9,-1.83697019872103E-16));
#2393=CARTESIAN_POINT('',(-1.45,-45.95,-1.77573785876366E-16));
#2394=CARTESIAN_POINT('',(1.5,-45.9,-1.83697019872103E-16));
#2395=CARTESIAN_POINT('Origin',(0.,-45.9,0.));
#2396=CARTESIAN_POINT('Origin',(0.,-45.9,0.));
#2397=CARTESIAN_POINT('Origin',(0.,-46.,0.));
#2398=CARTESIAN_POINT('Origin',(0.,0.,0.));
#2399=CARTESIAN_POINT('',(1.5,46.,-1.83697019872103E-16));
#2400=CARTESIAN_POINT('Origin',(0.,46.,0.));
#2401=CARTESIAN_POINT('',(1.5,0.,-1.83697019872103E-16));
#2402=CARTESIAN_POINT('',(1.5,0.,-1.83697019872103E-16));
#2403=CARTESIAN_POINT('Origin',(0.,46.,0.));
#2404=CARTESIAN_POINT('',(0.,0.,0.));
#2405=CARTESIAN_POINT('Origin',(0.078125,0.,0.));
#2406=CARTESIAN_POINT('',(0.,1.8371330016532E-16,1.50013293868264));
#2407=CARTESIAN_POINT('Origin',(0.,0.,0.));
#2408=CARTESIAN_POINT('',(0.15625,-1.50570323955167E-16,1.2295));
#2409=CARTESIAN_POINT('',(0.078125,1.67141812060244E-16,1.36481646934132));
#2410=CARTESIAN_POINT('Origin',(0.15625,0.,0.));
#2411=CARTESIAN_POINT('Origin',(-6.33746721500764,0.,0.));
#2412=CARTESIAN_POINT('',(2.24375,-1.50570323955167E-16,-1.2295));
#2413=CARTESIAN_POINT('',(2.24375,-1.50570323955167E-16,1.2295));
#2414=CARTESIAN_POINT('Origin',(2.24375,0.,0.));
#2415=CARTESIAN_POINT('Origin',(2.24375,0.,0.));
#2416=CARTESIAN_POINT('',(-6.33746721500764,-1.50570323955167E-16,1.2295));
#2417=CARTESIAN_POINT('Origin',(0.,1.38777878078145E-16,-3.46944695195361E-16));
#2418=CARTESIAN_POINT('',(-3.46944695195361E-17,-2.3,2.81668763803891E-16));
#2419=CARTESIAN_POINT('Origin',(0.,0.,0.));
#2420=CARTESIAN_POINT('Origin',(2.321875,0.,0.));
#2421=CARTESIAN_POINT('',(2.4,1.8371330016532E-16,-1.50013293868264));
#2422=CARTESIAN_POINT('Origin',(2.4,0.,0.));
#2423=CARTESIAN_POINT('',(2.321875,1.67141812060244E-16,-1.36481646934132));
#2424=CARTESIAN_POINT('Origin',(2.4,-2.10269512239613E-17,-3.46944695195361E-16));
#2425=CARTESIAN_POINT('',(2.4,-2.3,2.81668763803891E-16));
#2426=CARTESIAN_POINT('Origin',(2.4,0.,0.));
#2427=CARTESIAN_POINT('Origin',(0.252713857098597,0.,0.));
#2428=CARTESIAN_POINT('',(0.505427714197194,1.58771324027147,2.75));
#2429=CARTESIAN_POINT('',(0.505427714197194,-1.58771324027147,2.75));
#2430=CARTESIAN_POINT('Ctrl Pts',(0.505427714197194,1.58771324027147,2.75));
#2431=CARTESIAN_POINT('Ctrl Pts',(0.0470943808638613,0.,2.75));
#2432=CARTESIAN_POINT('Ctrl Pts',(0.505427714197194,-1.58771324027147,2.75));
#2433=CARTESIAN_POINT('',(0.505427714197194,3.17542648054294,0.));
#2434=CARTESIAN_POINT('Ctrl Pts',(0.505427714197194,3.17542648054294,1.93159287458113E-15));
#2435=CARTESIAN_POINT('Ctrl Pts',(0.0470943808638611,2.38156986040721,1.375));
#2436=CARTESIAN_POINT('Ctrl Pts',(0.505427714197194,1.58771324027147,2.75));
#2437=CARTESIAN_POINT('',(0.505427714197194,1.58771324027148,-2.75));
#2438=CARTESIAN_POINT('Ctrl Pts',(0.505427714197194,1.58771324027148,-2.75));
#2439=CARTESIAN_POINT('Ctrl Pts',(0.0470943808638618,2.38156986040721,-1.375));
#2440=CARTESIAN_POINT('Ctrl Pts',(0.505427714197194,3.17542648054294,2.8973893118717E-15));
#2441=CARTESIAN_POINT('',(0.505427714197194,-1.58771324027146,-2.75000000000001));
#2442=CARTESIAN_POINT('Ctrl Pts',(0.505427714197194,-1.58771324027146,-2.75000000000001));
#2443=CARTESIAN_POINT('Ctrl Pts',(0.0470943808638631,4.63688625825361E-15,
-2.75));
#2444=CARTESIAN_POINT('Ctrl Pts',(0.505427714197194,1.58771324027147,-2.75));
#2445=CARTESIAN_POINT('',(0.505427714197194,-3.17542648054294,1.11022302462516E-15));
#2446=CARTESIAN_POINT('Ctrl Pts',(0.505427714197194,-3.17542648054294,1.44869465593585E-15));
#2447=CARTESIAN_POINT('Ctrl Pts',(0.0470943808638597,-2.3815698604072,-1.375));
#2448=CARTESIAN_POINT('Ctrl Pts',(0.505427714197194,-1.58771324027147,-2.75));
#2449=CARTESIAN_POINT('',(0.252713857098597,-2.73771324027147,3.35273175668179E-16));
#2450=CARTESIAN_POINT('Ctrl Pts',(0.505427714197194,-1.58771324027147,2.75));
#2451=CARTESIAN_POINT('Ctrl Pts',(0.0470943808638614,-2.38156986040721,
1.375));
#2452=CARTESIAN_POINT('Ctrl Pts',(0.505427714197194,-3.17542648054294,-1.60966072881761E-16));
#2453=CARTESIAN_POINT('Origin',(2.1472861429014,0.,0.));
#2454=CARTESIAN_POINT('',(1.89457228580281,-3.17542648054294,5.55111512312578E-16));
#2455=CARTESIAN_POINT('',(2.1472861429014,-2.73771324027147,3.35273175668179E-16));
#2456=CARTESIAN_POINT('',(1.89457228580281,-1.58771324027146,-2.75000000000001));
#2457=CARTESIAN_POINT('Ctrl Pts',(1.89457228580281,-1.58771324027147,-2.75));
#2458=CARTESIAN_POINT('Ctrl Pts',(2.35290561913614,-2.3815698604072,-1.375));
#2459=CARTESIAN_POINT('Ctrl Pts',(1.89457228580281,-3.17542648054294,9.65796437290567E-16));
#2460=CARTESIAN_POINT('',(1.89457228580281,1.58771324027148,-2.75));
#2461=CARTESIAN_POINT('Ctrl Pts',(1.89457228580281,1.58771324027147,-2.75));
#2462=CARTESIAN_POINT('Ctrl Pts',(2.35290561913614,4.5553246618503E-15,
-2.75));
#2463=CARTESIAN_POINT('Ctrl Pts',(1.89457228580281,-1.58771324027146,-2.75000000000001));
#2464=CARTESIAN_POINT('',(1.89457228580281,3.17542648054294,0.));
#2465=CARTESIAN_POINT('Ctrl Pts',(1.89457228580281,3.17542648054294,3.05835538475346E-15));
#2466=CARTESIAN_POINT('Ctrl Pts',(2.35290561913614,2.38156986040721,-1.375));
#2467=CARTESIAN_POINT('Ctrl Pts',(1.89457228580281,1.58771324027148,-2.75));
#2468=CARTESIAN_POINT('',(1.89457228580281,1.58771324027147,2.75));
#2469=CARTESIAN_POINT('Ctrl Pts',(1.89457228580281,1.58771324027147,2.75));
#2470=CARTESIAN_POINT('Ctrl Pts',(2.35290561913614,2.38156986040721,1.375));
#2471=CARTESIAN_POINT('Ctrl Pts',(1.89457228580281,3.17542648054294,1.93159287458113E-15));
#2472=CARTESIAN_POINT('',(1.89457228580281,-1.58771324027147,2.75));
#2473=CARTESIAN_POINT('Ctrl Pts',(1.89457228580281,-1.58771324027147,2.75));
#2474=CARTESIAN_POINT('Ctrl Pts',(2.35290561913614,0.,2.75));
#2475=CARTESIAN_POINT('Ctrl Pts',(1.89457228580281,1.58771324027147,2.75));
#2476=CARTESIAN_POINT('Ctrl Pts',(1.89457228580281,-3.17542648054294,3.21932145763522E-16));
#2477=CARTESIAN_POINT('Ctrl Pts',(2.35290561913614,-2.38156986040721,1.375));
#2478=CARTESIAN_POINT('Ctrl Pts',(1.89457228580281,-1.58771324027147,2.75));
#2479=CARTESIAN_POINT('Origin',(0.,3.17542648054294,2.00031939987529E-15));
#2480=CARTESIAN_POINT('',(0.,3.17542648054294,2.00031939987529E-15));
#2481=CARTESIAN_POINT('',(0.,1.58771324027148,-2.75));
#2482=CARTESIAN_POINT('Origin',(0.,1.58771324027148,-2.75));
#2483=CARTESIAN_POINT('',(0.,-1.58771324027147,-2.75000000000001));
#2484=CARTESIAN_POINT('Origin',(0.,1.58771324027147,2.75));
#2485=CARTESIAN_POINT('',(0.,1.58771324027147,2.75));
#2486=CARTESIAN_POINT('Origin',(0.,-1.58771324027147,2.75));
#2487=CARTESIAN_POINT('',(0.,-1.58771324027147,2.75));
#2488=CARTESIAN_POINT('Origin',(0.,-1.58771324027147,-2.75000000000001));
#2489=CARTESIAN_POINT('',(0.,-3.17542648054294,1.29523308153465E-15));
#2490=CARTESIAN_POINT('Origin',(0.,-3.17542648054294,1.29523308153465E-15));
#2491=CARTESIAN_POINT('',(0.,0.,0.));
#2492=CARTESIAN_POINT('Origin',(3.5,8.5,0.));
#2493=CARTESIAN_POINT('',(3.75,3.35404962177392,2.29621274840129E-16));
#2494=CARTESIAN_POINT('',(3.25,3.48431348329844,-1.67334152349851E-17));
#2495=CARTESIAN_POINT('Ctrl Pts',(3.75,3.35404962177392,2.29621274840129E-16));
#2496=CARTESIAN_POINT('Ctrl Pts',(3.75,3.35404962177392,0.0199982500022348));
#2497=CARTESIAN_POINT('Ctrl Pts',(3.74760176989872,3.35495881922623,0.0398773248958489));
#2498=CARTESIAN_POINT('Ctrl Pts',(3.73789969587914,3.35859058769621,0.0796616052335197));
#2499=CARTESIAN_POINT('Ctrl Pts',(3.73038850889957,3.36138862427838,0.099268521409736));
#2500=CARTESIAN_POINT('Ctrl Pts',(3.70666927081766,3.37002799031201,0.143749415669588));
#2501=CARTESIAN_POINT('Ctrl Pts',(3.68833674962846,3.37657662800471,0.166965698550572));
#2502=CARTESIAN_POINT('Ctrl Pts',(3.64084153769698,3.39271184963723,0.209426975470095));
#2503=CARTESIAN_POINT('Ctrl Pts',(3.61065762264671,3.40249667762593,0.22679068434141));
#2504=CARTESIAN_POINT('Ctrl Pts',(3.56094612717961,3.41736324098249,0.243123673235336));
#2505=CARTESIAN_POINT('Ctrl Pts',(3.54327648240004,3.42244225037002,0.246885755681481));
#2506=CARTESIAN_POINT('Ctrl Pts',(3.5166963051002,3.42973682066022,0.249592749722352));
#2507=CARTESIAN_POINT('Ctrl Pts',(3.50801142075761,3.43206747082802,0.250023070918654));
#2508=CARTESIAN_POINT('Ctrl Pts',(3.49314230591394,3.43596500341086,0.249982019859773));
#2509=CARTESIAN_POINT('Ctrl Pts',(3.48697048630188,3.4375556096218,0.249736754338292));
#2510=CARTESIAN_POINT('Ctrl Pts',(3.47463263576877,3.44068068968246,0.248786745490106));
#2511=CARTESIAN_POINT('Ctrl Pts',(3.4684703548984,3.44221411749512,0.248081489016631));
#2512=CARTESIAN_POINT('Ctrl Pts',(3.45363125695884,3.44584091212967,0.24581988634977));
#2513=CARTESIAN_POINT('Ctrl Pts',(3.44498928473677,3.447898093957,0.244032570452793));
#2514=CARTESIAN_POINT('Ctrl Pts',(3.41733351398646,3.45430967460267,0.236762924210289));
#2515=CARTESIAN_POINT('Ctrl Pts',(3.39880769723957,3.45833350780228,0.229471618491346));
#2516=CARTESIAN_POINT('Ctrl Pts',(3.3553872861424,3.46721295548334,0.206039405224302));
#2517=CARTESIAN_POINT('Ctrl Pts',(3.33205354324487,3.47147046127224,0.187551000145738));
#2518=CARTESIAN_POINT('Ctrl Pts',(3.29130532152995,3.47836345728456,0.141305448135889));
#2519=CARTESIAN_POINT('Ctrl Pts',(3.27491869926864,3.48079409525752,0.113441920883233));
#2520=CARTESIAN_POINT('Ctrl Pts',(3.25481052447391,3.4836786375127,0.0564390726631539));
#2521=CARTESIAN_POINT('Ctrl Pts',(3.25,3.48431348329844,0.0283069057674056));
#2522=CARTESIAN_POINT('Ctrl Pts',(3.25,3.48431348329844,-2.85066049128631E-18));
#2523=CARTESIAN_POINT('Ctrl Pts',(3.25,3.48431348329844,-2.85066049128631E-18));
#2524=CARTESIAN_POINT('Ctrl Pts',(3.25,3.48431348329844,-0.00449107245507741));
#2525=CARTESIAN_POINT('Ctrl Pts',(3.25012101808653,3.48429707576543,-0.00898654348691483));
#2526=CARTESIAN_POINT('Ctrl Pts',(3.25199007947983,3.48404310928157,-0.0435958545237236));
#2527=CARTESIAN_POINT('Ctrl Pts',(3.25905402552295,3.48310243807051,-0.0731538710195208));
#2528=CARTESIAN_POINT('Ctrl Pts',(3.28240281517874,3.47966523885782,-0.126203228349253));
#2529=CARTESIAN_POINT('Ctrl Pts',(3.29777747335476,3.47730538302333,-0.149580829174949));
#2530=CARTESIAN_POINT('Ctrl Pts',(3.33929252427717,3.47019152590838,-0.194386698694095));
#2531=CARTESIAN_POINT('Ctrl Pts',(3.36649095641454,3.46511338010904,-0.213925614722842));
#2532=CARTESIAN_POINT('Ctrl Pts',(3.41155858936044,3.45555277314992,-0.234415608286543));
#2533=CARTESIAN_POINT('Ctrl Pts',(3.42717075854629,3.45207021759774,-0.239717715402209));
#2534=CARTESIAN_POINT('Ctrl Pts',(3.4508606382024,3.4465007741629,-0.245251513947336));
#2535=CARTESIAN_POINT('Ctrl Pts',(3.45865687074811,3.44462416742775,-0.246684616008443));
#2536=CARTESIAN_POINT('Ctrl Pts',(3.47247755169921,3.44121853713946,-0.248553746404924));
#2537=CARTESIAN_POINT('Ctrl Pts',(3.47848045752505,3.43971341870661,-0.249144902934253));
#2538=CARTESIAN_POINT('Ctrl Pts',(3.49091875007694,3.43654095955659,-0.249917984128006));
#2539=CARTESIAN_POINT('Ctrl Pts',(3.49735132369548,3.43487061470584,-0.250068508286572));
#2540=CARTESIAN_POINT('Ctrl Pts',(3.51363683597245,3.43056726138676,-0.249822562447342));
#2541=CARTESIAN_POINT('Ctrl Pts',(3.52346664207678,3.4279003178451,-0.249090413677572));
#2542=CARTESIAN_POINT('Ctrl Pts',(3.55777746470438,3.4183569187913,-0.244491249632662));
#2543=CARTESIAN_POINT('Ctrl Pts',(3.58169124856805,3.41127280804314,-0.237567560875315));
#2544=CARTESIAN_POINT('Ctrl Pts',(3.63304539354095,3.39529473864383,-0.214026836223834));
#2545=CARTESIAN_POINT('Ctrl Pts',(3.65928155293667,3.3865460243046,-0.195342964570742));
#2546=CARTESIAN_POINT('Ctrl Pts',(3.70349705310637,3.37122841111977,-0.148737967778984));
#2547=CARTESIAN_POINT('Ctrl Pts',(3.72112450028722,3.36479474870318,-0.121145460566989));
#2548=CARTESIAN_POINT('Ctrl Pts',(3.74418782757888,3.3562647387197,-0.0618516246148664));
#2549=CARTESIAN_POINT('Ctrl Pts',(3.75,3.35404962177392,-0.0311461511841356));
#2550=CARTESIAN_POINT('Ctrl Pts',(3.75,3.35404962177392,2.29621274840129E-16));
#2551=CARTESIAN_POINT('',(3.25,-0.499999999999998,-3.06161699786838E-17));
#2552=CARTESIAN_POINT('',(3.25,8.5,-3.06161699786838E-17));
#2553=CARTESIAN_POINT('Origin',(3.5,-0.499999999999999,0.));
#2554=CARTESIAN_POINT('Origin',(3.5,-0.499999999999999,0.));
#2555=CARTESIAN_POINT('Origin',(0.,-1.,0.));
#2556=CARTESIAN_POINT('',(1.25,-1.,0.82915619758885));
#2557=CARTESIAN_POINT('',(-1.25,-1.,0.82915619758885));
#2558=CARTESIAN_POINT('Ctrl Pts',(1.25,-1.,0.82915619758885));
#2559=CARTESIAN_POINT('Ctrl Pts',(1.25,-0.913227793198269,0.82915619758885));
#2560=CARTESIAN_POINT('Ctrl Pts',(1.24096077215459,-0.828221936862762,0.843145321188762));
#2561=CARTESIAN_POINT('Ctrl Pts',(1.20698832546715,-0.664288900027312,0.89108230575666));
#2562=CARTESIAN_POINT('Ctrl Pts',(1.18202736899835,-0.585306060129523,0.924819916802826));
#2563=CARTESIAN_POINT('Ctrl Pts',(1.08610098785052,-0.360059642959354,1.03937824653931));
#2564=CARTESIAN_POINT('Ctrl Pts',(0.992948647971048,-0.225181695004679,
1.13237601279511));
#2565=CARTESIAN_POINT('Ctrl Pts',(0.7792505405466,-0.0114835875802315,1.28823137590803));
#2566=CARTESIAN_POINT('Ctrl Pts',(0.644509590624832,0.0838968690870253,
1.36413553461512));
#2567=CARTESIAN_POINT('Ctrl Pts',(0.33830543469847,0.214814645218101,1.47030878941013));
#2568=CARTESIAN_POINT('Ctrl Pts',(0.166491843940701,0.25,1.5));
#2569=CARTESIAN_POINT('Ctrl Pts',(-0.166491843940701,0.25,1.5));
#2570=CARTESIAN_POINT('Ctrl Pts',(-0.33830543469847,0.214814645218101,1.47030878941013));
#2571=CARTESIAN_POINT('Ctrl Pts',(-0.644509590624832,0.0838968690870253,
1.36413553461512));
#2572=CARTESIAN_POINT('Ctrl Pts',(-0.779250540546601,-0.011483587580232,
1.28823137590803));
#2573=CARTESIAN_POINT('Ctrl Pts',(-0.992948647971048,-0.225181695004679,
1.13237601279511));
#2574=CARTESIAN_POINT('Ctrl Pts',(-1.08610098785052,-0.360059642959355,
1.03937824653931));
#2575=CARTESIAN_POINT('Ctrl Pts',(-1.18202736899835,-0.585306060129524,
0.924819916802826));
#2576=CARTESIAN_POINT('Ctrl Pts',(-1.20698832546715,-0.664288900027312,
0.89108230575666));
#2577=CARTESIAN_POINT('Ctrl Pts',(-1.24096077215459,-0.828221936862762,
0.843145321188763));
#2578=CARTESIAN_POINT('Ctrl Pts',(-1.25,-0.913227793198269,0.82915619758885));
#2579=CARTESIAN_POINT('Ctrl Pts',(-1.25,-1.,0.82915619758885));
#2580=CARTESIAN_POINT('Ctrl Pts',(-1.25,-1.,0.82915619758885));
#2581=CARTESIAN_POINT('Ctrl Pts',(-1.25,-1.08677220680173,0.82915619758885));
#2582=CARTESIAN_POINT('Ctrl Pts',(-1.24096077215459,-1.17177806313724,0.843145321188762));
#2583=CARTESIAN_POINT('Ctrl Pts',(-1.20698832546715,-1.33571109997269,0.89108230575666));
#2584=CARTESIAN_POINT('Ctrl Pts',(-1.18202736899835,-1.41469393987048,0.924819916802826));
#2585=CARTESIAN_POINT('Ctrl Pts',(-1.08610098785052,-1.63994035704065,1.03937824653931));
#2586=CARTESIAN_POINT('Ctrl Pts',(-0.992948647971048,-1.77481830499532,
1.13237601279511));
#2587=CARTESIAN_POINT('Ctrl Pts',(-0.7792505405466,-1.98851641241977,1.28823137590803));
#2588=CARTESIAN_POINT('Ctrl Pts',(-0.644509590624832,-2.08389686908703,
1.36413553461512));
#2589=CARTESIAN_POINT('Ctrl Pts',(-0.33830543469847,-2.2148146452181,1.47030878941013));
#2590=CARTESIAN_POINT('Ctrl Pts',(-0.166491843940701,-2.25,1.5));
#2591=CARTESIAN_POINT('Ctrl Pts',(0.166491843940701,-2.25,1.5));
#2592=CARTESIAN_POINT('Ctrl Pts',(0.33830543469847,-2.2148146452181,1.47030878941013));
#2593=CARTESIAN_POINT('Ctrl Pts',(0.644509590624832,-2.08389686908703,1.36413553461512));
#2594=CARTESIAN_POINT('Ctrl Pts',(0.7792505405466,-1.98851641241977,1.28823137590803));
#2595=CARTESIAN_POINT('Ctrl Pts',(0.992948647971048,-1.77481830499532,1.13237601279511));
#2596=CARTESIAN_POINT('Ctrl Pts',(1.08610098785052,-1.63994035704065,1.03937824653931));
#2597=CARTESIAN_POINT('Ctrl Pts',(1.18202736899835,-1.41469393987048,0.924819916802826));
#2598=CARTESIAN_POINT('Ctrl Pts',(1.20698832546715,-1.33571109997269,0.891082305756661));
#2599=CARTESIAN_POINT('Ctrl Pts',(1.24096077215459,-1.17177806313724,0.843145321188763));
#2600=CARTESIAN_POINT('Ctrl Pts',(1.25,-1.08677220680173,0.82915619758885));
#2601=CARTESIAN_POINT('Ctrl Pts',(1.25,-1.,0.82915619758885));
#2602=CARTESIAN_POINT('',(-1.25,-1.,4.84122918275927));
#2603=CARTESIAN_POINT('',(-1.25,-1.,0.));
#2604=CARTESIAN_POINT('',(1.25,-1.,4.84122918275927));
#2605=CARTESIAN_POINT('Ctrl Pts',(1.25,-1.,4.84122918275927));
#2606=CARTESIAN_POINT('Ctrl Pts',(1.25,-1.15768676334799,4.84122918275927));
#2607=CARTESIAN_POINT('Ctrl Pts',(1.21834881761244,-1.32540213501313,4.84973579332106));
#2608=CARTESIAN_POINT('Ctrl Pts',(1.09057998139517,-1.63316335628804,4.88005597223663));
#2609=CARTESIAN_POINT('Ctrl Pts',(0.994496384782273,-1.7732705681841,4.90138825645426));
#2610=CARTESIAN_POINT('Ctrl Pts',(0.773286033839411,-1.99448091912696,4.94111880834681));
#2611=CARTESIAN_POINT('Ctrl Pts',(0.633172380752555,-2.09057657413409,4.96215629725421));
#2612=CARTESIAN_POINT('Ctrl Pts',(0.325388319770619,-2.21835421378757,4.99179575122445));
#2613=CARTESIAN_POINT('Ctrl Pts',(0.157664715929046,-2.25,5.));
#2614=CARTESIAN_POINT('Ctrl Pts',(-0.157664715929046,-2.25,5.));
#2615=CARTESIAN_POINT('Ctrl Pts',(-0.325388319770619,-2.21835421378757,
4.99179575122445));
#2616=CARTESIAN_POINT('Ctrl Pts',(-0.633172380752555,-2.09057657413409,
4.96215629725421));
#2617=CARTESIAN_POINT('Ctrl Pts',(-0.773286033839412,-1.99448091912696,
4.94111880834681));
#2618=CARTESIAN_POINT('Ctrl Pts',(-0.994496384782273,-1.7732705681841,4.90138825645426));
#2619=CARTESIAN_POINT('Ctrl Pts',(-1.09057998139517,-1.63316335628804,4.88005597223663));
#2620=CARTESIAN_POINT('Ctrl Pts',(-1.21834881761244,-1.32540213501313,4.84973579332105));
#2621=CARTESIAN_POINT('Ctrl Pts',(-1.25,-1.15768676334799,4.84122918275927));
#2622=CARTESIAN_POINT('Ctrl Pts',(-1.25,-1.,4.84122918275927));
#2623=CARTESIAN_POINT('Ctrl Pts',(-1.25,-1.,4.84122918275927));
#2624=CARTESIAN_POINT('Ctrl Pts',(-1.25,-0.842313236652012,4.84122918275927));
#2625=CARTESIAN_POINT('Ctrl Pts',(-1.21834881761244,-0.674597864986875,
4.84973579332105));
#2626=CARTESIAN_POINT('Ctrl Pts',(-1.09057998139517,-0.366836643711959,
4.88005597223663));
#2627=CARTESIAN_POINT('Ctrl Pts',(-0.994496384782273,-0.226729431815904,
4.90138825645426));
#2628=CARTESIAN_POINT('Ctrl Pts',(-0.773286033839411,-0.00551908087304265,
4.9411188083468));
#2629=CARTESIAN_POINT('Ctrl Pts',(-0.633172380752555,0.0905765741340891,
4.96215629725421));
#2630=CARTESIAN_POINT('Ctrl Pts',(-0.325388319770619,0.218354213787568,
4.99179575122445));
#2631=CARTESIAN_POINT('Ctrl Pts',(-0.157664715929046,0.25,5.));
#2632=CARTESIAN_POINT('Ctrl Pts',(0.157664715929046,0.25,5.));
#2633=CARTESIAN_POINT('Ctrl Pts',(0.325388319770619,0.218354213787568,4.99179575122445));
#2634=CARTESIAN_POINT('Ctrl Pts',(0.633172380752555,0.090576574134089,4.96215629725421));
#2635=CARTESIAN_POINT('Ctrl Pts',(0.773286033839411,-0.00551908087304268,
4.9411188083468));
#2636=CARTESIAN_POINT('Ctrl Pts',(0.994496384782273,-0.226729431815905,
4.90138825645426));
#2637=CARTESIAN_POINT('Ctrl Pts',(1.09057998139517,-0.36683664371196,4.88005597223663));
#2638=CARTESIAN_POINT('Ctrl Pts',(1.21834881761244,-0.674597864986876,4.84973579332105));
#2639=CARTESIAN_POINT('Ctrl Pts',(1.25,-0.842313236652012,4.84122918275927));
#2640=CARTESIAN_POINT('Ctrl Pts',(1.25,-1.,4.84122918275927));
#2641=CARTESIAN_POINT('Origin',(0.,-3.5,0.));
#2642=CARTESIAN_POINT('',(-1.5,-3.5,1.83697019872103E-16));
#2643=CARTESIAN_POINT('Origin',(0.,-3.5,0.));
#2644=CARTESIAN_POINT('',(-1.5,3.5,-1.83697019872103E-16));
#2645=CARTESIAN_POINT('',(-1.5,-3.5,1.83697019872103E-16));
#2646=CARTESIAN_POINT('Origin',(0.,3.5,0.));
#2647=CARTESIAN_POINT('Origin',(0.,1.5,0.));
#2648=CARTESIAN_POINT('',(-3.67394039744206E-16,3.5,-3.));
#2649=CARTESIAN_POINT('Origin',(0.,3.5,0.));
#2650=CARTESIAN_POINT('',(-6.12323399573677E-16,1.5,-5.));
#2651=CARTESIAN_POINT('Origin',(-3.67394039744206E-16,1.5,-3.));
#2652=CARTESIAN_POINT('',(5.,1.5,-6.12323399573677E-16));
#2653=CARTESIAN_POINT('Origin',(0.,1.5,0.));
#2654=CARTESIAN_POINT('Origin',(0.,1.5,0.));
#2655=CARTESIAN_POINT('Origin',(0.,0.,0.));
#2656=CARTESIAN_POINT('',(5.,-3.5,-6.12323399573677E-16));
#2657=CARTESIAN_POINT('',(5.,0.,-6.12323399573677E-16));
#2658=CARTESIAN_POINT('Origin',(0.,-3.5,0.));
#2659=CARTESIAN_POINT('Origin',(0.,3.5,0.));
#2660=CARTESIAN_POINT('Origin',(0.,-3.5,0.));
#2661=CARTESIAN_POINT('',(0.,0.,0.));
#2662=CARTESIAN_POINT('Origin',(0.1533625,3.68109040507469E-17,0.));
#2663=CARTESIAN_POINT('',(0.306725,1.5,-1.83697019872103E-16));
#2664=CARTESIAN_POINT('',(0.306725000000001,-1.5,-1.83697019872103E-16));
#2665=CARTESIAN_POINT('Origin',(0.306725,7.36218081014938E-17,0.));
#2666=CARTESIAN_POINT('Origin',(0.306725,7.36218081014938E-17,0.));
#2667=CARTESIAN_POINT('',(-5.90491247628673E-17,0.968736716048436,1.18636031852523E-16));
#2668=CARTESIAN_POINT('',(0.1533625,1.23436835802422,1.51166525862313E-16));
#2669=CARTESIAN_POINT('Origin',(1.73472347597681E-16,4.62223186652937E-32,
0.));
#2670=CARTESIAN_POINT('Origin',(1.5,3.60038184537421E-16,0.));
#2671=CARTESIAN_POINT('',(2.46873671604844,1.5,1.83697019872103E-16));
#2672=CARTESIAN_POINT('',(2.46873671604844,-1.5,-1.83697019872103E-16));
#2673=CARTESIAN_POINT('Origin',(2.46873671604844,5.92559656897969E-16,0.));
#2674=CARTESIAN_POINT('Origin',(2.46873671604844,5.92559656897969E-16,0.));
#2675=CARTESIAN_POINT('',(1.5,-1.5,-1.83697019872103E-16));
#2676=CARTESIAN_POINT('Origin',(0.,0.75,0.));
#2677=CARTESIAN_POINT('Origin',(3.,-6.33007942187067E-16,0.866025403784432));
#2678=CARTESIAN_POINT('',(1.8,-1.59594559789866E-15,0.866025403784432));
#2679=CARTESIAN_POINT('',(1.8,-0.749999999999995,0.433012701892215));
#2680=CARTESIAN_POINT('Ctrl Pts',(1.8,1.14513462655475E-15,0.866025403784433));
#2681=CARTESIAN_POINT('Ctrl Pts',(1.675,-0.374999999999998,0.649519052838323));
#2682=CARTESIAN_POINT('Ctrl Pts',(1.8,-0.749999999999996,0.433012701892214));
#2683=CARTESIAN_POINT('',(3.,-6.33007942187067E-16,0.866025403784432));
#2684=CARTESIAN_POINT('',(2.4,-1.17961196366423E-15,0.866025403784432));
#2685=CARTESIAN_POINT('',(3.,-0.749999999999994,0.433012701892215));
#2686=CARTESIAN_POINT('',(3.,-0.187499999999999,0.757772228311378));
#2687=CARTESIAN_POINT('',(2.4,-0.749999999999994,0.433012701892215));
#2688=CARTESIAN_POINT('Origin',(3.,-0.749999999999994,0.433012701892215));
#2689=CARTESIAN_POINT('',(1.73301270189222,-0.749999999999994,-1.10331292329483E-16));
#2690=CARTESIAN_POINT('Ctrl Pts',(1.8,-0.749999999999995,0.433012701892217));
#2691=CARTESIAN_POINT('Ctrl Pts',(1.73301270189222,-0.749999999999994,0.200961894323342));
#2692=CARTESIAN_POINT('Ctrl Pts',(1.73301270189222,-0.749999999999994,-1.28814074722915E-16));
#2693=CARTESIAN_POINT('',(3.,-0.749999999999993,-0.433012701892217));
#2694=CARTESIAN_POINT('',(3.,-0.749999999999994,0.216506350946107));
#2695=CARTESIAN_POINT('',(1.8,-0.749999999999993,-0.433012701892217));
#2696=CARTESIAN_POINT('',(2.4,-0.749999999999993,-0.433012701892217));
#2697=CARTESIAN_POINT('Ctrl Pts',(1.73301270189222,-0.749999999999994,-1.28814074722915E-16));
#2698=CARTESIAN_POINT('Ctrl Pts',(1.73301270189222,-0.749999999999994,-0.200961894323343));
#2699=CARTESIAN_POINT('Ctrl Pts',(1.8,-0.749999999999993,-0.433012701892219));
#2700=CARTESIAN_POINT('Origin',(3.,0.749999999999994,0.433012701892217));
#2701=CARTESIAN_POINT('',(1.8,0.749999999999995,0.433012701892216));
#2702=CARTESIAN_POINT('Ctrl Pts',(1.8,0.749999999999996,0.433012701892215));
#2703=CARTESIAN_POINT('Ctrl Pts',(1.675,0.374999999999997,0.649519052838324));
#2704=CARTESIAN_POINT('Ctrl Pts',(1.8,-2.81003489867237E-15,0.866025403784433));
#2705=CARTESIAN_POINT('',(3.,0.749999999999994,0.433012701892217));
#2706=CARTESIAN_POINT('',(2.4,0.749999999999995,0.433012701892216));
#2707=CARTESIAN_POINT('',(3.,0.562499999999996,0.541265877365271));
#2708=CARTESIAN_POINT('Origin',(3.,-0.749999999999993,-0.433012701892217));
#2709=CARTESIAN_POINT('',(1.8,1.87350135405495E-15,-0.866025403784432));
#2710=CARTESIAN_POINT('Ctrl Pts',(1.8,-0.749999999999995,-0.433012701892216));
#2711=CARTESIAN_POINT('Ctrl Pts',(1.675,-0.374999999999996,-0.649519052838325));
#2712=CARTESIAN_POINT('Ctrl Pts',(1.8,3.85130324907858E-15,-0.866025403784433));
#2713=CARTESIAN_POINT('',(3.,8.26133892947332E-16,-0.866025403784432));
#2714=CARTESIAN_POINT('',(3.,-0.562499999999994,-0.541265877365271));
#2715=CARTESIAN_POINT('',(2.4,1.73472347597681E-15,-0.866025403784432));
#2716=CARTESIAN_POINT('Origin',(3.,0.749999999999995,-0.433012701892215));
#2717=CARTESIAN_POINT('',(1.8,0.749999999999995,-0.433012701892215));
#2718=CARTESIAN_POINT('Ctrl Pts',(1.8,0.749999999999995,-0.433012701892217));
#2719=CARTESIAN_POINT('Ctrl Pts',(1.675,0.749999999999995,1.04083408558608E-15));
#2720=CARTESIAN_POINT('Ctrl Pts',(1.8,0.749999999999994,0.433012701892219));
#2721=CARTESIAN_POINT('',(3.,0.749999999999995,-0.433012701892215));
#2722=CARTESIAN_POINT('',(2.4,0.749999999999995,-0.433012701892215));
#2723=CARTESIAN_POINT('',(3.,0.749999999999995,-0.216506350946107));
#2724=CARTESIAN_POINT('Origin',(3.,1.86499386321954E-15,-0.866025403784432));
#2725=CARTESIAN_POINT('Ctrl Pts',(1.8,-2.39370126443794E-15,-0.866025403784434));
#2726=CARTESIAN_POINT('Ctrl Pts',(1.675,0.374999999999998,-0.649519052838324));
#2727=CARTESIAN_POINT('Ctrl Pts',(1.8,0.749999999999999,-0.433012701892213));
#2728=CARTESIAN_POINT('',(3.,0.1875,-0.757772228311378));
#2729=CARTESIAN_POINT('Origin',(3.,7.20076369074842E-16,0.));
#2730=CARTESIAN_POINT('',(3.,1.193275,-1.46134040925256E-16));
#2731=CARTESIAN_POINT('Origin',(3.,7.20076369074842E-16,0.));
#2732=CARTESIAN_POINT('Origin',(2.73436835802422,6.56318012986406E-16,0.));
#2733=CARTESIAN_POINT('',(2.73436835802422,1.3466375,1.64915530398679E-16));
#2734=CARTESIAN_POINT('Origin',(1.55,3.72039457355335E-16,0.));
#2735=CARTESIAN_POINT('',(1.3,3.12033093265765E-16,0.));
#2736=CARTESIAN_POINT('',(1.55,-0.433012701892216,-5.30287619362449E-17));
#2737=CARTESIAN_POINT('',(0.,0.,0.));
#2738=CARTESIAN_POINT('',(0.,183.,0.));
#2739=CARTESIAN_POINT('',(1.13797860024079E-15,191.5,-20.5));
#2740=CARTESIAN_POINT('',(0.,148.,0.));
#2741=CARTESIAN_POINT('',(0.,148.,46.5));
#2742=CARTESIAN_POINT('',(7.97023896410133E-15,181.5,-7.39999999999999));
#2743=CARTESIAN_POINT('',(2.62290189567693E-14,148.,4.99427602668386));
#2744=CARTESIAN_POINT('',(0.,-0.499999999999993,0.));
#2745=CARTESIAN_POINT('',(0.,0.500000000000007,0.499999999999974));
#2746=UNCERTAINTY_MEASURE_WITH_UNIT(LENGTH_MEASURE(0.01),#2766,
'DISTANCE_ACCURACY_VALUE',
'Maximum model space distance between geometric entities at asserted c
onnectivities');
#2747=UNCERTAINTY_MEASURE_WITH_UNIT(LENGTH_MEASURE(0.01),#2766,
'DISTANCE_ACCURACY_VALUE',
'Maximum model space distance between geometric entities at asserted c
onnectivities');
#2748=UNCERTAINTY_MEASURE_WITH_UNIT(LENGTH_MEASURE(0.01),#2766,
'DISTANCE_ACCURACY_VALUE',
'Maximum model space distance between geometric entities at asserted c
onnectivities');
#2749=UNCERTAINTY_MEASURE_WITH_UNIT(LENGTH_MEASURE(0.01),#2766,
'DISTANCE_ACCURACY_VALUE',
'Maximum model space distance between geometric entities at asserted c
onnectivities');
#2750=UNCERTAINTY_MEASURE_WITH_UNIT(LENGTH_MEASURE(0.01),#2766,
'DISTANCE_ACCURACY_VALUE',
'Maximum model space distance between geometric entities at asserted c
onnectivities');
#2751=UNCERTAINTY_MEASURE_WITH_UNIT(LENGTH_MEASURE(0.01),#2766,
'DISTANCE_ACCURACY_VALUE',
'Maximum model space distance between geometric entities at asserted c
onnectivities');
#2752=UNCERTAINTY_MEASURE_WITH_UNIT(LENGTH_MEASURE(0.01),#2766,
'DISTANCE_ACCURACY_VALUE',
'Maximum model space distance between geometric entities at asserted c
onnectivities');
#2753=UNCERTAINTY_MEASURE_WITH_UNIT(LENGTH_MEASURE(0.01),#2766,
'DISTANCE_ACCURACY_VALUE',
'Maximum model space distance between geometric entities at asserted c
onnectivities');
#2754=UNCERTAINTY_MEASURE_WITH_UNIT(LENGTH_MEASURE(0.01),#2766,
'DISTANCE_ACCURACY_VALUE',
'Maximum model space distance between geometric entities at asserted c
onnectivities');
#2755=UNCERTAINTY_MEASURE_WITH_UNIT(LENGTH_MEASURE(0.01),#2766,
'DISTANCE_ACCURACY_VALUE',
'Maximum model space distance between geometric entities at asserted c
onnectivities');
#2756=(
GEOMETRIC_REPRESENTATION_CONTEXT(3)
GLOBAL_UNCERTAINTY_ASSIGNED_CONTEXT((#2746))
GLOBAL_UNIT_ASSIGNED_CONTEXT((#2766,#2768,#2769))
REPRESENTATION_CONTEXT('','3D')
);
#2757=(
GEOMETRIC_REPRESENTATION_CONTEXT(3)
GLOBAL_UNCERTAINTY_ASSIGNED_CONTEXT((#2747))
GLOBAL_UNIT_ASSIGNED_CONTEXT((#2766,#2768,#2769))
REPRESENTATION_CONTEXT('','3D')
);
#2758=(
GEOMETRIC_REPRESENTATION_CONTEXT(3)
GLOBAL_UNCERTAINTY_ASSIGNED_CONTEXT((#2748))
GLOBAL_UNIT_ASSIGNED_CONTEXT((#2766,#2768,#2769))
REPRESENTATION_CONTEXT('','3D')
);
#2759=(
GEOMETRIC_REPRESENTATION_CONTEXT(3)
GLOBAL_UNCERTAINTY_ASSIGNED_CONTEXT((#2749))
GLOBAL_UNIT_ASSIGNED_CONTEXT((#2766,#2768,#2769))
REPRESENTATION_CONTEXT('','3D')
);
#2760=(
GEOMETRIC_REPRESENTATION_CONTEXT(3)
GLOBAL_UNCERTAINTY_ASSIGNED_CONTEXT((#2750))
GLOBAL_UNIT_ASSIGNED_CONTEXT((#2766,#2768,#2769))
REPRESENTATION_CONTEXT('','3D')
);
#2761=(
GEOMETRIC_REPRESENTATION_CONTEXT(3)
GLOBAL_UNCERTAINTY_ASSIGNED_CONTEXT((#2751))
GLOBAL_UNIT_ASSIGNED_CONTEXT((#2766,#2768,#2769))
REPRESENTATION_CONTEXT('','3D')
);
#2762=(
GEOMETRIC_REPRESENTATION_CONTEXT(3)
GLOBAL_UNCERTAINTY_ASSIGNED_CONTEXT((#2752))
GLOBAL_UNIT_ASSIGNED_CONTEXT((#2766,#2768,#2769))
REPRESENTATION_CONTEXT('','3D')
);
#2763=(
GEOMETRIC_REPRESENTATION_CONTEXT(3)
GLOBAL_UNCERTAINTY_ASSIGNED_CONTEXT((#2753))
GLOBAL_UNIT_ASSIGNED_CONTEXT((#2766,#2768,#2769))
REPRESENTATION_CONTEXT('','3D')
);
#2764=(
GEOMETRIC_REPRESENTATION_CONTEXT(3)
GLOBAL_UNCERTAINTY_ASSIGNED_CONTEXT((#2754))
GLOBAL_UNIT_ASSIGNED_CONTEXT((#2766,#2768,#2769))
REPRESENTATION_CONTEXT('','3D')
);
#2765=(
GEOMETRIC_REPRESENTATION_CONTEXT(3)
GLOBAL_UNCERTAINTY_ASSIGNED_CONTEXT((#2755))
GLOBAL_UNIT_ASSIGNED_CONTEXT((#2766,#2768,#2769))
REPRESENTATION_CONTEXT('','3D')
);
#2766=(
LENGTH_UNIT()
NAMED_UNIT(*)
SI_UNIT(.MILLI.,.METRE.)
);
#2767=(
LENGTH_UNIT()
NAMED_UNIT(*)
SI_UNIT(.CENTI.,.METRE.)
);
#2768=(
NAMED_UNIT(*)
PLANE_ANGLE_UNIT()
SI_UNIT($,.RADIAN.)
);
#2769=(
NAMED_UNIT(*)
SI_UNIT($,.STERADIAN.)
SOLID_ANGLE_UNIT()
);
#2770=SHAPE_DEFINITION_REPRESENTATION(#2779,#2797);
#2771=SHAPE_DEFINITION_REPRESENTATION(#2780,#2798);
#2772=SHAPE_DEFINITION_REPRESENTATION(#2781,#2799);
#2773=SHAPE_DEFINITION_REPRESENTATION(#2782,#2800);
#2774=SHAPE_DEFINITION_REPRESENTATION(#2783,#2801);
#2775=SHAPE_DEFINITION_REPRESENTATION(#2784,#2802);
#2776=SHAPE_DEFINITION_REPRESENTATION(#2785,#2803);
#2777=SHAPE_DEFINITION_REPRESENTATION(#2786,#2804);
#2778=SHAPE_DEFINITION_REPRESENTATION(#2787,#2805);
#2779=PRODUCT_DEFINITION_SHAPE('',$,#2807);
#2780=PRODUCT_DEFINITION_SHAPE('',$,#2808);
#2781=PRODUCT_DEFINITION_SHAPE('',$,#2809);
#2782=PRODUCT_DEFINITION_SHAPE('',$,#2810);
#2783=PRODUCT_DEFINITION_SHAPE('',$,#2811);
#2784=PRODUCT_DEFINITION_SHAPE('',$,#2812);
#2785=PRODUCT_DEFINITION_SHAPE('',$,#2813);
#2786=PRODUCT_DEFINITION_SHAPE('',$,#2814);
#2787=PRODUCT_DEFINITION_SHAPE('',$,#2815);
#2788=PRODUCT_DEFINITION_SHAPE($,$,#38);
#2789=PRODUCT_DEFINITION_SHAPE($,$,#39);
#2790=PRODUCT_DEFINITION_SHAPE($,$,#40);
#2791=PRODUCT_DEFINITION_SHAPE($,$,#41);
#2792=PRODUCT_DEFINITION_SHAPE($,$,#42);
#2793=PRODUCT_DEFINITION_SHAPE($,$,#43);
#2794=PRODUCT_DEFINITION_SHAPE($,$,#44);
#2795=PRODUCT_DEFINITION_SHAPE($,$,#45);
#2796=PRODUCT_DEFINITION_SHAPE($,$,#46);
#2797=SHAPE_REPRESENTATION('',(#1411,#1553,#1554,#1555,#1556,#1557,#1558,
#1559,#1560,#1561),#2756);
#2798=SHAPE_REPRESENTATION('',(#1412),#2757);
#2799=SHAPE_REPRESENTATION('',(#1432),#2758);
#2800=SHAPE_REPRESENTATION('',(#1446),#2759);
#2801=SHAPE_REPRESENTATION('',(#1462),#2760);
#2802=SHAPE_REPRESENTATION('',(#1486),#2761);
#2803=SHAPE_REPRESENTATION('',(#1496),#2762);
#2804=SHAPE_REPRESENTATION('',(#1517),#2763);
#2805=SHAPE_REPRESENTATION('',(#1534),#2764);
#2806=PRODUCT_DEFINITION_CONTEXT('part definition',#2835,'design');
#2807=PRODUCT_DEFINITION('Rotating Assembly','Rotating Assembly',#2816,
#2806);
#2808=PRODUCT_DEFINITION('Rotating Rod 370mm','Rotating Rod 370mm',#2817,
#2806);
#2809=PRODUCT_DEFINITION('Top Lock Cap','Top Lock Cap',#2818,#2806);
#2810=PRODUCT_DEFINITION('Lock Handel','Lock Handel',#2819,#2806);
#2811=PRODUCT_DEFINITION('Pendulum Arm Cap','Pendulum Arm Cap',#2820,#2806);
#2812=PRODUCT_DEFINITION('Pendulum Arm','Pendulum Arm',#2821,#2806);
#2813=PRODUCT_DEFINITION('M3 Hex Nut','M3 Hex Nut',#2822,#2806);
#2814=PRODUCT_DEFINITION('Lower Lock Cap','Lower Lock Cap',#2823,#2806);
#2815=PRODUCT_DEFINITION('Grub Screw 3x3mm','Grub Screw 3x3mm',#2824,#2806);
#2816=PRODUCT_DEFINITION_FORMATION('',$,#2837);
#2817=PRODUCT_DEFINITION_FORMATION('',$,#2838);
#2818=PRODUCT_DEFINITION_FORMATION('',$,#2839);
#2819=PRODUCT_DEFINITION_FORMATION('',$,#2840);
#2820=PRODUCT_DEFINITION_FORMATION('',$,#2841);
#2821=PRODUCT_DEFINITION_FORMATION('',$,#2842);
#2822=PRODUCT_DEFINITION_FORMATION('',$,#2843);
#2823=PRODUCT_DEFINITION_FORMATION('',$,#2844);
#2824=PRODUCT_DEFINITION_FORMATION('',$,#2845);
#2825=PRODUCT_RELATED_PRODUCT_CATEGORY('Rotating Assembly',
'Rotating Assembly',(#2837));
#2826=PRODUCT_RELATED_PRODUCT_CATEGORY('Rotating Rod 370mm',
'Rotating Rod 370mm',(#2838));
#2827=PRODUCT_RELATED_PRODUCT_CATEGORY('Top Lock Cap','Top Lock Cap',(#2839));
#2828=PRODUCT_RELATED_PRODUCT_CATEGORY('Lock Handel','Lock Handel',(#2840));
#2829=PRODUCT_RELATED_PRODUCT_CATEGORY('Pendulum Arm Cap',
'Pendulum Arm Cap',(#2841));
#2830=PRODUCT_RELATED_PRODUCT_CATEGORY('Pendulum Arm','Pendulum Arm',(#2842));
#2831=PRODUCT_RELATED_PRODUCT_CATEGORY('M3 Hex Nut','M3 Hex Nut',(#2843));
#2832=PRODUCT_RELATED_PRODUCT_CATEGORY('Lower Lock Cap',
'Lower Lock Cap',(#2844));
#2833=PRODUCT_RELATED_PRODUCT_CATEGORY('Grub Screw 3x3mm',
'Grub Screw 3x3mm',(#2845));
#2834=APPLICATION_PROTOCOL_DEFINITION('international standard',
'automotive_design',2009,#2835);
#2835=APPLICATION_CONTEXT(
'Core Data for Automotive Mechanical Design Process');
#2836=PRODUCT_CONTEXT('part definition',#2835,'mechanical');
#2837=PRODUCT('Rotating Assembly','Rotating Assembly',$,(#2836));
#2838=PRODUCT('Rotating Rod 370mm','Rotating Rod 370mm',$,(#2836));
#2839=PRODUCT('Top Lock Cap','Top Lock Cap',$,(#2836));
#2840=PRODUCT('Lock Handel','Lock Handel',$,(#2836));
#2841=PRODUCT('Pendulum Arm Cap','Pendulum Arm Cap',$,(#2836));
#2842=PRODUCT('Pendulum Arm','Pendulum Arm',$,(#2836));
#2843=PRODUCT('M3 Hex Nut','M3 Hex Nut',
'Hexagon nuts, style 1 - Product grades A and B',(#2836));
#2844=PRODUCT('Lower Lock Cap','Lower Lock Cap',$,(#2836));
#2845=PRODUCT('Grub Screw 3x3mm','Grub Screw 3x3mm',$,(#2836));
ENDSEC;
END-ISO-10303-21;
