ISO-10303-21;
HEADER;
/* Generated by software containing ST-Developer
 * from STEP Tools, Inc. (www.steptools.com) 
 */

FILE_DESCRIPTION(
/* description */ (''),
/* implementation_level */ '2;1');

FILE_NAME(
/* name */ 
'S:\\Future Scope 1\\WIP\\Client Category\\Tom\\02 Progressive Work\\S
teeping Complete Notification Contraption.stp',
/* time_stamp */ '2025-11-05T12:14:17+06:00',
/* author */ ('SD'),
/* organization */ (''),
/* preprocessor_version */ 'ST-DEVELOPER v18.1',
/* originating_system */ 'Autodesk Inventor 2021',
/* authorisation */ '');

FILE_SCHEMA (('AUTOMOTIVE_DESIGN { 1 0 10303 214 3 1 1 }'));
ENDSEC;

DATA;
#10=MECHANICAL_DESIGN_GEOMETRIC_PRESENTATION_REPRESENTATION('',(#124,#125,
#126,#127,#128,#129,#130,#131,#132,#133,#134,#135),#4195);
#11=ITEM_DEFINED_TRANSFORMATION($,$,#2461,#2739);
#12=ITEM_DEFINED_TRANSFORMATION($,$,#2507,#2740);
#13=ITEM_DEFINED_TRANSFORMATION($,$,#2538,#2741);
#14=ITEM_DEFINED_TRANSFORMATION($,$,#2566,#2742);
#15=ITEM_DEFINED_TRANSFORMATION($,$,#2585,#2743);
#16=ITEM_DEFINED_TRANSFORMATION($,$,#2597,#2744);
#17=ITEM_DEFINED_TRANSFORMATION($,$,#2603,#2745);
#18=ITEM_DEFINED_TRANSFORMATION($,$,#2659,#2746);
#19=ITEM_DEFINED_TRANSFORMATION($,$,#2612,#2747);
#20=ITEM_DEFINED_TRANSFORMATION($,$,#2640,#2748);
#21=ITEM_DEFINED_TRANSFORMATION($,$,#2659,#2749);
#22=ITEM_DEFINED_TRANSFORMATION($,$,#2680,#2750);
#23=ITEM_DEFINED_TRANSFORMATION($,$,#2714,#2751);
#24=(
REPRESENTATION_RELATIONSHIP($,$,#4240,#4239)
REPRESENTATION_RELATIONSHIP_WITH_TRANSFORMATION(#11)
SHAPE_REPRESENTATION_RELATIONSHIP()
);
#25=(
REPRESENTATION_RELATIONSHIP($,$,#4241,#4239)
REPRESENTATION_RELATIONSHIP_WITH_TRANSFORMATION(#12)
SHAPE_REPRESENTATION_RELATIONSHIP()
);
#26=(
REPRESENTATION_RELATIONSHIP($,$,#4242,#4239)
REPRESENTATION_RELATIONSHIP_WITH_TRANSFORMATION(#13)
SHAPE_REPRESENTATION_RELATIONSHIP()
);
#27=(
REPRESENTATION_RELATIONSHIP($,$,#4243,#4239)
REPRESENTATION_RELATIONSHIP_WITH_TRANSFORMATION(#14)
SHAPE_REPRESENTATION_RELATIONSHIP()
);
#28=(
REPRESENTATION_RELATIONSHIP($,$,#4244,#4239)
REPRESENTATION_RELATIONSHIP_WITH_TRANSFORMATION(#15)
SHAPE_REPRESENTATION_RELATIONSHIP()
);
#29=(
REPRESENTATION_RELATIONSHIP($,$,#4245,#4239)
REPRESENTATION_RELATIONSHIP_WITH_TRANSFORMATION(#16)
SHAPE_REPRESENTATION_RELATIONSHIP()
);
#30=(
REPRESENTATION_RELATIONSHIP($,$,#4246,#4239)
REPRESENTATION_RELATIONSHIP_WITH_TRANSFORMATION(#17)
SHAPE_REPRESENTATION_RELATIONSHIP()
);
#31=(
REPRESENTATION_RELATIONSHIP($,$,#4249,#4239)
REPRESENTATION_RELATIONSHIP_WITH_TRANSFORMATION(#18)
SHAPE_REPRESENTATION_RELATIONSHIP()
);
#32=(
REPRESENTATION_RELATIONSHIP($,$,#4247,#4239)
REPRESENTATION_RELATIONSHIP_WITH_TRANSFORMATION(#19)
SHAPE_REPRESENTATION_RELATIONSHIP()
);
#33=(
REPRESENTATION_RELATIONSHIP($,$,#4248,#4239)
REPRESENTATION_RELATIONSHIP_WITH_TRANSFORMATION(#20)
SHAPE_REPRESENTATION_RELATIONSHIP()
);
#34=(
REPRESENTATION_RELATIONSHIP($,$,#4249,#4239)
REPRESENTATION_RELATIONSHIP_WITH_TRANSFORMATION(#21)
SHAPE_REPRESENTATION_RELATIONSHIP()
);
#35=(
REPRESENTATION_RELATIONSHIP($,$,#4250,#4239)
REPRESENTATION_RELATIONSHIP_WITH_TRANSFORMATION(#22)
SHAPE_REPRESENTATION_RELATIONSHIP()
);
#36=(
REPRESENTATION_RELATIONSHIP($,$,#4251,#4239)
REPRESENTATION_RELATIONSHIP_WITH_TRANSFORMATION(#23)
SHAPE_REPRESENTATION_RELATIONSHIP()
);
#37=CONTEXT_DEPENDENT_SHAPE_REPRESENTATION(#24,#4226);
#38=CONTEXT_DEPENDENT_SHAPE_REPRESENTATION(#25,#4227);
#39=CONTEXT_DEPENDENT_SHAPE_REPRESENTATION(#26,#4228);
#40=CONTEXT_DEPENDENT_SHAPE_REPRESENTATION(#27,#4229);
#41=CONTEXT_DEPENDENT_SHAPE_REPRESENTATION(#28,#4230);
#42=CONTEXT_DEPENDENT_SHAPE_REPRESENTATION(#29,#4231);
#43=CONTEXT_DEPENDENT_SHAPE_REPRESENTATION(#30,#4232);
#44=CONTEXT_DEPENDENT_SHAPE_REPRESENTATION(#31,#4233);
#45=CONTEXT_DEPENDENT_SHAPE_REPRESENTATION(#32,#4234);
#46=CONTEXT_DEPENDENT_SHAPE_REPRESENTATION(#33,#4235);
#47=CONTEXT_DEPENDENT_SHAPE_REPRESENTATION(#34,#4236);
#48=CONTEXT_DEPENDENT_SHAPE_REPRESENTATION(#35,#4237);
#49=CONTEXT_DEPENDENT_SHAPE_REPRESENTATION(#36,#4238);
#50=NEXT_ASSEMBLY_USAGE_OCCURRENCE('Bell Support Beam:1',
'Bell Support Beam:1','Bell Support Beam:1',#4253,#4254,
'Bell Support Beam:1');
#51=NEXT_ASSEMBLY_USAGE_OCCURRENCE('Bell:1','Bell:1','Bell:1',#4253,#4255,
'Bell:1');
#52=NEXT_ASSEMBLY_USAGE_OCCURRENCE('Allen Key 4x25mm:3',
'Allen Key 4x25mm:3','Allen Key 4x25mm:3',#4253,#4256,
'Allen Key 4x25mm:3');
#53=NEXT_ASSEMBLY_USAGE_OCCURRENCE('Shallow Dish:1','Shallow Dish:1',
'Shallow Dish:1',#4253,#4257,'Shallow Dish:1');
#54=NEXT_ASSEMBLY_USAGE_OCCURRENCE('Magnet:1','Magnet:1','Magnet:1',#4253,
#4258,'Magnet:1');
#55=NEXT_ASSEMBLY_USAGE_OCCURRENCE('Foam Pad:1','Foam Pad:1',
'Foam Pad:1',#4253,#4259,'Foam Pad:1');
#56=NEXT_ASSEMBLY_USAGE_OCCURRENCE('ISO 7089 4:1','ISO 7089 4:1',
'ISO 7089 4:1',#4253,#4260,'ISO 7089 4:1');
#57=NEXT_ASSEMBLY_USAGE_OCCURRENCE('M3 Hex Nut:1','M3 Hex Nut:1',
'M3 Hex Nut:1',#4253,#4263,'M3 Hex Nut:1');
#58=NEXT_ASSEMBLY_USAGE_OCCURRENCE('ISO 4762 M3 x 5:1',
'ISO 4762 M3 x 5:1','ISO 4762 M3 x 5:1',#4253,#4261,'ISO 4762 M3 x 5:1');
#59=NEXT_ASSEMBLY_USAGE_OCCURRENCE('3mm Rubber Washer:1',
'3mm Rubber Washer:1','3mm Rubber Washer:1',#4253,#4262,
'3mm Rubber Washer:1');
#60=NEXT_ASSEMBLY_USAGE_OCCURRENCE('M3 Hex Nut:2','M3 Hex Nut:2',
'M3 Hex Nut:2',#4253,#4263,'M3 Hex Nut:2');
#61=NEXT_ASSEMBLY_USAGE_OCCURRENCE('Bell Support Piller:1',
'Bell Support Piller:1','Bell Support Piller:1',#4253,#4264,
'Bell Support Piller:1');
#62=NEXT_ASSEMBLY_USAGE_OCCURRENCE('ISO 10642 M4x20:1',
'ISO 10642 M4x20:1','ISO 10642 M4x20:1',#4253,#4265,'ISO 10642 M4x20:1');
#63=(
BOUNDED_CURVE()
B_SPLINE_CURVE(2,(#3702,#3703,#3704),.UNSPECIFIED.,.F.,.F.)
B_SPLINE_CURVE_WITH_KNOTS((3,3),(0.,0.175265420711688),.UNSPECIFIED.)
CURVE()
GEOMETRIC_REPRESENTATION_ITEM()
RATIONAL_B_SPLINE_CURVE((1.,1.15470053837925,1.))
REPRESENTATION_ITEM('')
);
#64=(
BOUNDED_CURVE()
B_SPLINE_CURVE(2,(#3709,#3710,#3711),.UNSPECIFIED.,.F.,.F.)
B_SPLINE_CURVE_WITH_KNOTS((3,3),(0.,0.175265420711687),.UNSPECIFIED.)
CURVE()
GEOMETRIC_REPRESENTATION_ITEM()
RATIONAL_B_SPLINE_CURVE((1.,1.15470053837925,1.))
REPRESENTATION_ITEM('')
);
#65=(
BOUNDED_CURVE()
B_SPLINE_CURVE(2,(#3715,#3716,#3717),.UNSPECIFIED.,.F.,.F.)
B_SPLINE_CURVE_WITH_KNOTS((3,3),(0.,0.175265420711687),.UNSPECIFIED.)
CURVE()
GEOMETRIC_REPRESENTATION_ITEM()
RATIONAL_B_SPLINE_CURVE((1.,1.15470053837925,1.))
REPRESENTATION_ITEM('')
);
#66=(
BOUNDED_CURVE()
B_SPLINE_CURVE(2,(#3721,#3722,#3723),.UNSPECIFIED.,.F.,.F.)
B_SPLINE_CURVE_WITH_KNOTS((3,3),(0.,0.175265420711688),.UNSPECIFIED.)
CURVE()
GEOMETRIC_REPRESENTATION_ITEM()
RATIONAL_B_SPLINE_CURVE((1.,1.15470053837925,1.))
REPRESENTATION_ITEM('')
);
#67=(
BOUNDED_CURVE()
B_SPLINE_CURVE(2,(#3727,#3728,#3729),.UNSPECIFIED.,.F.,.F.)
B_SPLINE_CURVE_WITH_KNOTS((3,3),(0.,0.0876327103558437),.UNSPECIFIED.)
CURVE()
GEOMETRIC_REPRESENTATION_ITEM()
RATIONAL_B_SPLINE_CURVE((1.,1.07735026918962,1.07735026918962))
REPRESENTATION_ITEM('')
);
#68=(
BOUNDED_CURVE()
B_SPLINE_CURVE(2,(#3732,#3733,#3734),.UNSPECIFIED.,.F.,.F.)
B_SPLINE_CURVE_WITH_KNOTS((3,3),(0.0876327103558437,0.175265420711687),
 .UNSPECIFIED.)
CURVE()
GEOMETRIC_REPRESENTATION_ITEM()
RATIONAL_B_SPLINE_CURVE((1.07735026918962,1.07735026918962,1.))
REPRESENTATION_ITEM('')
);
#69=(
BOUNDED_CURVE()
B_SPLINE_CURVE(2,(#3736,#3737,#3738),.UNSPECIFIED.,.F.,.F.)
B_SPLINE_CURVE_WITH_KNOTS((3,3),(0.,0.175265420711687),.UNSPECIFIED.)
CURVE()
GEOMETRIC_REPRESENTATION_ITEM()
RATIONAL_B_SPLINE_CURVE((1.,1.15470053837925,1.))
REPRESENTATION_ITEM('')
);
#70=(
BOUNDED_CURVE()
B_SPLINE_CURVE(2,(#3870,#3871,#3872),.UNSPECIFIED.,.F.,.F.)
B_SPLINE_CURVE_WITH_KNOTS((3,3),(0.,0.146054517259739),.UNSPECIFIED.)
CURVE()
GEOMETRIC_REPRESENTATION_ITEM()
RATIONAL_B_SPLINE_CURVE((1.,1.15470053837925,1.))
REPRESENTATION_ITEM('')
);
#71=(
BOUNDED_CURVE()
B_SPLINE_CURVE(2,(#3877,#3878,#3879),.UNSPECIFIED.,.F.,.F.)
B_SPLINE_CURVE_WITH_KNOTS((3,3),(0.,0.146054517259739),.UNSPECIFIED.)
CURVE()
GEOMETRIC_REPRESENTATION_ITEM()
RATIONAL_B_SPLINE_CURVE((1.,1.15470053837925,1.))
REPRESENTATION_ITEM('')
);
#72=(
BOUNDED_CURVE()
B_SPLINE_CURVE(2,(#3883,#3884,#3885),.UNSPECIFIED.,.F.,.F.)
B_SPLINE_CURVE_WITH_KNOTS((3,3),(0.,0.146054517259739),.UNSPECIFIED.)
CURVE()
GEOMETRIC_REPRESENTATION_ITEM()
RATIONAL_B_SPLINE_CURVE((1.,1.15470053837925,1.))
REPRESENTATION_ITEM('')
);
#73=(
BOUNDED_CURVE()
B_SPLINE_CURVE(2,(#3889,#3890,#3891),.UNSPECIFIED.,.F.,.F.)
B_SPLINE_CURVE_WITH_KNOTS((3,3),(0.,0.146054517259739),.UNSPECIFIED.)
CURVE()
GEOMETRIC_REPRESENTATION_ITEM()
RATIONAL_B_SPLINE_CURVE((1.,1.15470053837925,1.))
REPRESENTATION_ITEM('')
);
#74=(
BOUNDED_CURVE()
B_SPLINE_CURVE(2,(#3895,#3896,#3897),.UNSPECIFIED.,.F.,.F.)
B_SPLINE_CURVE_WITH_KNOTS((3,3),(0.,0.0730272586298696),.UNSPECIFIED.)
CURVE()
GEOMETRIC_REPRESENTATION_ITEM()
RATIONAL_B_SPLINE_CURVE((1.,1.07735026918963,1.07735026918963))
REPRESENTATION_ITEM('')
);
#75=(
BOUNDED_CURVE()
B_SPLINE_CURVE(2,(#3900,#3901,#3902),.UNSPECIFIED.,.F.,.F.)
B_SPLINE_CURVE_WITH_KNOTS((3,3),(0.0730272586298696,0.146054517259739),
 .UNSPECIFIED.)
CURVE()
GEOMETRIC_REPRESENTATION_ITEM()
RATIONAL_B_SPLINE_CURVE((1.07735026918963,1.07735026918963,1.))
REPRESENTATION_ITEM('')
);
#76=(
BOUNDED_CURVE()
B_SPLINE_CURVE(2,(#3904,#3905,#3906),.UNSPECIFIED.,.F.,.F.)
B_SPLINE_CURVE_WITH_KNOTS((3,3),(0.,0.146054517259739),.UNSPECIFIED.)
CURVE()
GEOMETRIC_REPRESENTATION_ITEM()
RATIONAL_B_SPLINE_CURVE((1.,1.15470053837925,1.))
REPRESENTATION_ITEM('')
);
#77=(
BOUNDED_CURVE()
B_SPLINE_CURVE(2,(#3971,#3972,#3973),.UNSPECIFIED.,.F.,.F.)
B_SPLINE_CURVE_WITH_KNOTS((3,3),(0.,0.321319937971427),.UNSPECIFIED.)
CURVE()
GEOMETRIC_REPRESENTATION_ITEM()
RATIONAL_B_SPLINE_CURVE((1.,1.15470053837925,1.))
REPRESENTATION_ITEM('')
);
#78=(
BOUNDED_CURVE()
B_SPLINE_CURVE(2,(#3975,#3976,#3977),.UNSPECIFIED.,.F.,.F.)
B_SPLINE_CURVE_WITH_KNOTS((3,3),(0.,0.321319937971428),.UNSPECIFIED.)
CURVE()
GEOMETRIC_REPRESENTATION_ITEM()
RATIONAL_B_SPLINE_CURVE((1.,1.15470053837925,1.))
REPRESENTATION_ITEM('')
);
#79=(
BOUNDED_CURVE()
B_SPLINE_CURVE(2,(#3979,#3980,#3981),.UNSPECIFIED.,.F.,.F.)
B_SPLINE_CURVE_WITH_KNOTS((3,3),(0.,0.321319937971427),.UNSPECIFIED.)
CURVE()
GEOMETRIC_REPRESENTATION_ITEM()
RATIONAL_B_SPLINE_CURVE((1.,1.15470053837925,1.))
REPRESENTATION_ITEM('')
);
#80=(
BOUNDED_CURVE()
B_SPLINE_CURVE(2,(#3983,#3984,#3985),.UNSPECIFIED.,.F.,.F.)
B_SPLINE_CURVE_WITH_KNOTS((3,3),(0.,0.321319937971427),.UNSPECIFIED.)
CURVE()
GEOMETRIC_REPRESENTATION_ITEM()
RATIONAL_B_SPLINE_CURVE((1.,1.15470053837925,1.))
REPRESENTATION_ITEM('')
);
#81=(
BOUNDED_CURVE()
B_SPLINE_CURVE(2,(#3987,#3988,#3989),.UNSPECIFIED.,.F.,.F.)
B_SPLINE_CURVE_WITH_KNOTS((3,3),(0.,0.321319937971428),.UNSPECIFIED.)
CURVE()
GEOMETRIC_REPRESENTATION_ITEM()
RATIONAL_B_SPLINE_CURVE((1.,1.15470053837925,1.))
REPRESENTATION_ITEM('')
);
#82=(
BOUNDED_CURVE()
B_SPLINE_CURVE(2,(#3991,#3992,#3993),.UNSPECIFIED.,.F.,.F.)
B_SPLINE_CURVE_WITH_KNOTS((3,3),(0.,0.321319937971427),.UNSPECIFIED.)
CURVE()
GEOMETRIC_REPRESENTATION_ITEM()
RATIONAL_B_SPLINE_CURVE((1.,1.15470053837925,1.))
REPRESENTATION_ITEM('')
);
#83=(
BOUNDED_CURVE()
B_SPLINE_CURVE(2,(#3998,#3999,#4000),.UNSPECIFIED.,.F.,.F.)
B_SPLINE_CURVE_WITH_KNOTS((3,3),(0.,0.321319937971428),.UNSPECIFIED.)
CURVE()
GEOMETRIC_REPRESENTATION_ITEM()
RATIONAL_B_SPLINE_CURVE((1.,1.15470053837925,1.))
REPRESENTATION_ITEM('')
);
#84=(
BOUNDED_CURVE()
B_SPLINE_CURVE(2,(#4002,#4003,#4004),.UNSPECIFIED.,.F.,.F.)
B_SPLINE_CURVE_WITH_KNOTS((3,3),(0.,0.321319937971427),.UNSPECIFIED.)
CURVE()
GEOMETRIC_REPRESENTATION_ITEM()
RATIONAL_B_SPLINE_CURVE((1.,1.15470053837925,1.))
REPRESENTATION_ITEM('')
);
#85=(
BOUNDED_CURVE()
B_SPLINE_CURVE(2,(#4006,#4007,#4008),.UNSPECIFIED.,.F.,.F.)
B_SPLINE_CURVE_WITH_KNOTS((3,3),(0.,0.321319937971427),.UNSPECIFIED.)
CURVE()
GEOMETRIC_REPRESENTATION_ITEM()
RATIONAL_B_SPLINE_CURVE((1.,1.15470053837925,1.))
REPRESENTATION_ITEM('')
);
#86=(
BOUNDED_CURVE()
B_SPLINE_CURVE(2,(#4010,#4011,#4012),.UNSPECIFIED.,.F.,.F.)
B_SPLINE_CURVE_WITH_KNOTS((3,3),(0.,0.321319937971428),.UNSPECIFIED.)
CURVE()
GEOMETRIC_REPRESENTATION_ITEM()
RATIONAL_B_SPLINE_CURVE((1.,1.15470053837925,1.))
REPRESENTATION_ITEM('')
);
#87=(
BOUNDED_CURVE()
B_SPLINE_CURVE(2,(#4014,#4015,#4016),.UNSPECIFIED.,.F.,.F.)
B_SPLINE_CURVE_WITH_KNOTS((3,3),(0.,0.321319937971427),.UNSPECIFIED.)
CURVE()
GEOMETRIC_REPRESENTATION_ITEM()
RATIONAL_B_SPLINE_CURVE((1.,1.15470053837925,1.))
REPRESENTATION_ITEM('')
);
#88=(
BOUNDED_CURVE()
B_SPLINE_CURVE(2,(#4017,#4018,#4019),.UNSPECIFIED.,.F.,.F.)
B_SPLINE_CURVE_WITH_KNOTS((3,3),(0.,0.321319937971427),.UNSPECIFIED.)
CURVE()
GEOMETRIC_REPRESENTATION_ITEM()
RATIONAL_B_SPLINE_CURVE((1.,1.15470053837925,1.))
REPRESENTATION_ITEM('')
);
#89=TOROIDAL_SURFACE('',#2539,2.1,0.1);
#90=TOROIDAL_SURFACE('',#2552,3.1,0.4);
#91=TOROIDAL_SURFACE('',#2613,1.6,0.1);
#92=TOROIDAL_SURFACE('',#2626,2.45,0.3);
#93=TOROIDAL_SURFACE('',#2689,5.99999999999999,2.);
#94=TOROIDAL_SURFACE('',#2693,5.99999999999999,1.5);
#95=TOROIDAL_SURFACE('',#2696,5.99999999999999,1.5);
#96=TOROIDAL_SURFACE('',#2703,6.00000000000001,1.5);
#97=TOROIDAL_SURFACE('',#2706,6.00000000000001,1.5);
#98=TOROIDAL_SURFACE('',#2709,6.00000000000001,2.);
#99=TOROIDAL_SURFACE('',#2723,2.2,0.2);
#100=SHAPE_REPRESENTATION_RELATIONSHIP('SRR','None',#4240,#112);
#101=SHAPE_REPRESENTATION_RELATIONSHIP('SRR','None',#4241,#113);
#102=SHAPE_REPRESENTATION_RELATIONSHIP('SRR','None',#4242,#114);
#103=SHAPE_REPRESENTATION_RELATIONSHIP('SRR','None',#4243,#115);
#104=SHAPE_REPRESENTATION_RELATIONSHIP('SRR','None',#4244,#116);
#105=SHAPE_REPRESENTATION_RELATIONSHIP('SRR','None',#4245,#117);
#106=SHAPE_REPRESENTATION_RELATIONSHIP('SRR','None',#4246,#118);
#107=SHAPE_REPRESENTATION_RELATIONSHIP('SRR','None',#4247,#119);
#108=SHAPE_REPRESENTATION_RELATIONSHIP('SRR','None',#4248,#120);
#109=SHAPE_REPRESENTATION_RELATIONSHIP('SRR','None',#4249,#121);
#110=SHAPE_REPRESENTATION_RELATIONSHIP('SRR','None',#4250,#122);
#111=SHAPE_REPRESENTATION_RELATIONSHIP('SRR','None',#4251,#123);
#112=ADVANCED_BREP_SHAPE_REPRESENTATION('',(#136),#4183);
#113=ADVANCED_BREP_SHAPE_REPRESENTATION('',(#137),#4184);
#114=ADVANCED_BREP_SHAPE_REPRESENTATION('',(#138),#4185);
#115=ADVANCED_BREP_SHAPE_REPRESENTATION('',(#139),#4186);
#116=ADVANCED_BREP_SHAPE_REPRESENTATION('',(#140),#4187);
#117=ADVANCED_BREP_SHAPE_REPRESENTATION('',(#141),#4188);
#118=ADVANCED_BREP_SHAPE_REPRESENTATION('',(#142),#4189);
#119=ADVANCED_BREP_SHAPE_REPRESENTATION('',(#143),#4190);
#120=ADVANCED_BREP_SHAPE_REPRESENTATION('',(#144),#4191);
#121=ADVANCED_BREP_SHAPE_REPRESENTATION('',(#145),#4192);
#122=ADVANCED_BREP_SHAPE_REPRESENTATION('',(#146),#4193);
#123=ADVANCED_BREP_SHAPE_REPRESENTATION('',(#147),#4194);
#124=STYLED_ITEM('',(#2339),#136);
#125=STYLED_ITEM('',(#2339),#137);
#126=STYLED_ITEM('',(#2340),#138);
#127=STYLED_ITEM('',(#2339),#139);
#128=STYLED_ITEM('',(#2341),#140);
#129=STYLED_ITEM('',(#2342),#141);
#130=STYLED_ITEM('',(#2340),#142);
#131=STYLED_ITEM('',(#2340),#143);
#132=STYLED_ITEM('',(#2343),#144);
#133=STYLED_ITEM('',(#2340),#145);
#134=STYLED_ITEM('',(#2340),#146);
#135=STYLED_ITEM('',(#2340),#147);
#136=MANIFOLD_SOLID_BREP('Solid1',#2194);
#137=MANIFOLD_SOLID_BREP('Solid1',#2195);
#138=MANIFOLD_SOLID_BREP('Solid1',#2196);
#139=MANIFOLD_SOLID_BREP('Solid2',#2197);
#140=MANIFOLD_SOLID_BREP('Solid1',#2198);
#141=MANIFOLD_SOLID_BREP('Solid1',#2199);
#142=MANIFOLD_SOLID_BREP('Solid1',#2200);
#143=MANIFOLD_SOLID_BREP('Solid1',#2201);
#144=MANIFOLD_SOLID_BREP('Solid1',#2202);
#145=MANIFOLD_SOLID_BREP('Solid1',#2203);
#146=MANIFOLD_SOLID_BREP('Solid1',#2204);
#147=MANIFOLD_SOLID_BREP('Solid1',#2205);
#148=FACE_BOUND('',#507,.T.);
#149=FACE_BOUND('',#508,.T.);
#150=FACE_BOUND('',#518,.T.);
#151=FACE_BOUND('',#519,.T.);
#152=FACE_BOUND('',#530,.T.);
#153=FACE_BOUND('',#533,.T.);
#154=FACE_BOUND('',#538,.T.);
#155=FACE_BOUND('',#546,.T.);
#156=FACE_BOUND('',#551,.T.);
#157=FACE_BOUND('',#565,.T.);
#158=FACE_BOUND('',#580,.T.);
#159=FACE_BOUND('',#582,.T.);
#160=FACE_BOUND('',#586,.T.);
#161=FACE_BOUND('',#591,.T.);
#162=FACE_BOUND('',#602,.T.);
#163=FACE_BOUND('',#608,.T.);
#164=FACE_BOUND('',#613,.T.);
#165=FACE_BOUND('',#616,.T.);
#166=FACE_BOUND('',#637,.T.);
#167=FACE_BOUND('',#639,.T.);
#168=FACE_BOUND('',#653,.T.);
#169=CYLINDRICAL_SURFACE('',#2475,5.);
#170=CYLINDRICAL_SURFACE('',#2494,10.);
#171=CYLINDRICAL_SURFACE('',#2499,5.);
#172=CYLINDRICAL_SURFACE('',#2501,1.75);
#173=CYLINDRICAL_SURFACE('',#2503,1.75);
#174=CYLINDRICAL_SURFACE('',#2506,2.25);
#175=CYLINDRICAL_SURFACE('',#2511,1.75);
#176=CYLINDRICAL_SURFACE('',#2523,6.);
#177=CYLINDRICAL_SURFACE('',#2537,4.96044118693145);
#178=CYLINDRICAL_SURFACE('',#2544,2.);
#179=CYLINDRICAL_SURFACE('',#2558,3.5);
#180=CYLINDRICAL_SURFACE('',#2571,17.5);
#181=CYLINDRICAL_SURFACE('',#2581,16.5);
#182=CYLINDRICAL_SURFACE('',#2590,12.5);
#183=CYLINDRICAL_SURFACE('',#2600,16.5);
#184=CYLINDRICAL_SURFACE('',#2604,2.15);
#185=CYLINDRICAL_SURFACE('',#2607,4.5);
#186=CYLINDRICAL_SURFACE('',#2618,1.5);
#187=CYLINDRICAL_SURFACE('',#2632,2.75);
#188=CYLINDRICAL_SURFACE('',#2646,1.6);
#189=CYLINDRICAL_SURFACE('',#2651,3.5);
#190=CYLINDRICAL_SURFACE('',#2663,1.2295);
#191=CYLINDRICAL_SURFACE('',#2683,1.621);
#192=CYLINDRICAL_SURFACE('',#2687,1.621);
#193=CYLINDRICAL_SURFACE('',#2700,5.99999999999999);
#194=CYLINDRICAL_SURFACE('',#2719,2.);
#195=CYLINDRICAL_SURFACE('',#2738,4.);
#196=CIRCLE('',#2464,10.);
#197=CIRCLE('',#2465,9.5);
#198=CIRCLE('',#2468,5.);
#199=CIRCLE('',#2469,4.5);
#200=CIRCLE('',#2472,5.);
#201=CIRCLE('',#2473,4.5);
#202=CIRCLE('',#2476,5.);
#203=CIRCLE('',#2479,2.25);
#204=CIRCLE('',#2480,1.75);
#205=CIRCLE('',#2481,1.75);
#206=CIRCLE('',#2484,10.);
#207=CIRCLE('',#2485,9.5);
#208=CIRCLE('',#2488,5.);
#209=CIRCLE('',#2489,4.5);
#210=CIRCLE('',#2492,4.5);
#211=CIRCLE('',#2496,4.75);
#212=CIRCLE('',#2497,1.75);
#213=CIRCLE('',#2498,1.75);
#214=CIRCLE('',#2505,2.25);
#215=CIRCLE('',#2509,1.85);
#216=CIRCLE('',#2510,1.75);
#217=CIRCLE('',#2512,1.75);
#218=CIRCLE('',#2513,1.75);
#219=CIRCLE('',#2515,4.96044118693146);
#220=CIRCLE('',#2517,1.85);
#221=CIRCLE('',#2519,5.9);
#222=CIRCLE('',#2521,6.);
#223=CIRCLE('',#2522,6.);
#224=CIRCLE('',#2524,6.);
#225=CIRCLE('',#2526,13.4810519307327);
#226=CIRCLE('',#2527,13.4810519307327);
#227=CIRCLE('',#2528,13.6233137569068);
#228=CIRCLE('',#2530,14.5266916758675);
#229=CIRCLE('',#2532,4.96044118693145);
#230=CIRCLE('',#2534,14.5844298496934);
#231=CIRCLE('',#2535,14.5844298496934);
#232=CIRCLE('',#2540,2.1);
#233=CIRCLE('',#2541,0.1);
#234=CIRCLE('',#2542,2.);
#235=CIRCLE('',#2543,2.);
#236=CIRCLE('',#2545,2.);
#237=CIRCLE('',#2546,2.);
#238=CIRCLE('',#2548,3.5);
#239=CIRCLE('',#2550,1.570585);
#240=CIRCLE('',#2553,3.5);
#241=CIRCLE('',#2554,3.5);
#242=CIRCLE('',#2555,0.4);
#243=CIRCLE('',#2556,3.1);
#244=CIRCLE('',#2568,17.3);
#245=CIRCLE('',#2569,17.5);
#246=CIRCLE('',#2570,17.5);
#247=CIRCLE('',#2572,17.5);
#248=CIRCLE('',#2573,17.5);
#249=CIRCLE('',#2576,16.7);
#250=CIRCLE('',#2577,16.5);
#251=CIRCLE('',#2578,16.5);
#252=CIRCLE('',#2580,17.3);
#253=CIRCLE('',#2582,16.5);
#254=CIRCLE('',#2587,12.3);
#255=CIRCLE('',#2588,12.5);
#256=CIRCLE('',#2589,12.5);
#257=CIRCLE('',#2591,12.5);
#258=CIRCLE('',#2592,12.5);
#259=CIRCLE('',#2595,12.3);
#260=CIRCLE('',#2599,16.5);
#261=CIRCLE('',#2601,16.5);
#262=CIRCLE('',#2605,2.15);
#263=CIRCLE('',#2606,2.15);
#264=CIRCLE('',#2608,4.5);
#265=CIRCLE('',#2609,4.5);
#266=CIRCLE('',#2614,1.6);
#267=CIRCLE('',#2615,0.1);
#268=CIRCLE('',#2616,1.5);
#269=CIRCLE('',#2617,1.5);
#270=CIRCLE('',#2619,1.5);
#271=CIRCLE('',#2620,1.5);
#272=CIRCLE('',#2622,2.75);
#273=CIRCLE('',#2624,1.193275);
#274=CIRCLE('',#2627,2.75);
#275=CIRCLE('',#2628,2.75);
#276=CIRCLE('',#2629,0.3);
#277=CIRCLE('',#2630,2.45);
#278=CIRCLE('',#2642,1.6);
#279=CIRCLE('',#2643,1.65);
#280=CIRCLE('',#2645,3.45);
#281=CIRCLE('',#2647,1.6);
#282=CIRCLE('',#2649,3.5);
#283=CIRCLE('',#2650,3.5);
#284=CIRCLE('',#2652,3.5);
#285=CIRCLE('',#2653,3.5);
#286=CIRCLE('',#2655,1.65);
#287=CIRCLE('',#2657,3.45);
#288=CIRCLE('',#2661,1.50013293868264);
#289=CIRCLE('',#2662,1.2295);
#290=CIRCLE('',#2664,1.2295);
#291=CIRCLE('',#2665,1.2295);
#292=CIRCLE('',#2667,2.3);
#293=CIRCLE('',#2669,1.50013293868264);
#294=CIRCLE('',#2671,2.3);
#295=CIRCLE('',#2682,1.621);
#296=CIRCLE('',#2684,1.621);
#297=CIRCLE('',#2686,1.621);
#298=CIRCLE('',#2688,1.621);
#299=CIRCLE('',#2690,5.99999999999999);
#300=CIRCLE('',#2691,2.);
#301=CIRCLE('',#2692,5.99999999999999);
#302=CIRCLE('',#2694,1.5);
#303=CIRCLE('',#2695,5.99999999999999);
#304=CIRCLE('',#2697,6.);
#305=CIRCLE('',#2698,6.);
#306=CIRCLE('',#2699,1.5);
#307=CIRCLE('',#2701,6.);
#308=CIRCLE('',#2702,6.);
#309=CIRCLE('',#2704,6.00000000000001);
#310=CIRCLE('',#2705,1.5);
#311=CIRCLE('',#2707,1.5);
#312=CIRCLE('',#2708,6.00000000000001);
#313=CIRCLE('',#2710,6.00000000000001);
#314=CIRCLE('',#2711,2.);
#315=CIRCLE('',#2716,1.65);
#316=CIRCLE('',#2717,2.);
#317=CIRCLE('',#2718,2.);
#318=CIRCLE('',#2720,2.);
#319=CIRCLE('',#2721,2.);
#320=CIRCLE('',#2724,2.05857864376269);
#321=CIRCLE('',#2725,2.05857864376269);
#322=CIRCLE('',#2726,0.2);
#323=CIRCLE('',#2728,4.);
#324=CIRCLE('',#2737,4.);
#325=CONICAL_SURFACE('',#2463,9.75,0.785398163397436);
#326=CONICAL_SURFACE('',#2467,4.75,0.785398163397436);
#327=CONICAL_SURFACE('',#2471,4.75,0.785398163397445);
#328=CONICAL_SURFACE('',#2483,9.75,0.785398163397439);
#329=CONICAL_SURFACE('',#2487,4.75,0.785398163397443);
#330=CONICAL_SURFACE('',#2491,4.75,0.785398163397437);
#331=CONICAL_SURFACE('',#2504,3.5,0.785398163397448);
#332=CONICAL_SURFACE('',#2508,1.8,0.785398163397429);
#333=CONICAL_SURFACE('',#2516,1.8,0.785398163397459);
#334=CONICAL_SURFACE('',#2520,5.95,0.785398163397448);
#335=CONICAL_SURFACE('',#2525,13.5521828438198,1.00356431989676);
#336=CONICAL_SURFACE('',#2531,9.24187747191912,0.436332312998582);
#337=CONICAL_SURFACE('',#2533,14.5555607627804,0.567232006898147);
#338=CONICAL_SURFACE('',#2536,10.3133458379337,0.436332312998582);
#339=CONICAL_SURFACE('',#2549,1.7852925,0.785398163397447);
#340=CONICAL_SURFACE('',#2565,0.866025403784439,1.0471975511966);
#341=CONICAL_SURFACE('',#2567,17.4,0.785398163397448);
#342=CONICAL_SURFACE('',#2575,16.6,0.785398163397448);
#343=CONICAL_SURFACE('',#2583,17.4,0.785398163397448);
#344=CONICAL_SURFACE('',#2586,12.4,0.785398163397449);
#345=CONICAL_SURFACE('',#2594,12.4,0.785398163397449);
#346=CONICAL_SURFACE('',#2623,1.3466375,0.785398163397446);
#347=CONICAL_SURFACE('',#2639,0.721687836487032,1.0471975511966);
#348=CONICAL_SURFACE('',#2641,1.625,0.785398163397449);
#349=CONICAL_SURFACE('',#2648,3.475,0.785398163397449);
#350=CONICAL_SURFACE('',#2654,1.625,0.785398163397448);
#351=CONICAL_SURFACE('',#2658,3.475,0.785398163397448);
#352=CONICAL_SURFACE('',#2660,1.36481646934132,1.0471975511966);
#353=CONICAL_SURFACE('',#2668,1.36481646934132,1.0471975511966);
#354=CONICAL_SURFACE('',#2672,2.73771324027147,1.0471975511966);
#355=CONICAL_SURFACE('',#2673,2.73771324027147,1.0471975511966);
#356=CONICAL_SURFACE('',#2681,0.8105,1.02974425867665);
#357=CONICAL_SURFACE('',#2685,0.8105,1.02974425867665);
#358=CONICAL_SURFACE('',#2715,1.825,0.785398163397448);
#359=CONICAL_SURFACE('',#2727,3.,0.785398163397448);
#360=FACE_OUTER_BOUND('',#497,.T.);
#361=FACE_OUTER_BOUND('',#498,.T.);
#362=FACE_OUTER_BOUND('',#499,.T.);
#363=FACE_OUTER_BOUND('',#500,.T.);
#364=FACE_OUTER_BOUND('',#501,.T.);
#365=FACE_OUTER_BOUND('',#502,.T.);
#366=FACE_OUTER_BOUND('',#503,.T.);
#367=FACE_OUTER_BOUND('',#504,.T.);
#368=FACE_OUTER_BOUND('',#505,.T.);
#369=FACE_OUTER_BOUND('',#506,.T.);
#370=FACE_OUTER_BOUND('',#509,.T.);
#371=FACE_OUTER_BOUND('',#510,.T.);
#372=FACE_OUTER_BOUND('',#511,.T.);
#373=FACE_OUTER_BOUND('',#512,.T.);
#374=FACE_OUTER_BOUND('',#513,.T.);
#375=FACE_OUTER_BOUND('',#514,.T.);
#376=FACE_OUTER_BOUND('',#515,.T.);
#377=FACE_OUTER_BOUND('',#516,.T.);
#378=FACE_OUTER_BOUND('',#517,.T.);
#379=FACE_OUTER_BOUND('',#520,.T.);
#380=FACE_OUTER_BOUND('',#521,.T.);
#381=FACE_OUTER_BOUND('',#522,.T.);
#382=FACE_OUTER_BOUND('',#523,.T.);
#383=FACE_OUTER_BOUND('',#524,.T.);
#384=FACE_OUTER_BOUND('',#525,.T.);
#385=FACE_OUTER_BOUND('',#526,.T.);
#386=FACE_OUTER_BOUND('',#527,.T.);
#387=FACE_OUTER_BOUND('',#528,.T.);
#388=FACE_OUTER_BOUND('',#529,.T.);
#389=FACE_OUTER_BOUND('',#531,.T.);
#390=FACE_OUTER_BOUND('',#532,.T.);
#391=FACE_OUTER_BOUND('',#534,.T.);
#392=FACE_OUTER_BOUND('',#535,.T.);
#393=FACE_OUTER_BOUND('',#536,.T.);
#394=FACE_OUTER_BOUND('',#537,.T.);
#395=FACE_OUTER_BOUND('',#539,.T.);
#396=FACE_OUTER_BOUND('',#540,.T.);
#397=FACE_OUTER_BOUND('',#541,.T.);
#398=FACE_OUTER_BOUND('',#542,.T.);
#399=FACE_OUTER_BOUND('',#543,.T.);
#400=FACE_OUTER_BOUND('',#544,.T.);
#401=FACE_OUTER_BOUND('',#545,.T.);
#402=FACE_OUTER_BOUND('',#547,.T.);
#403=FACE_OUTER_BOUND('',#548,.T.);
#404=FACE_OUTER_BOUND('',#549,.T.);
#405=FACE_OUTER_BOUND('',#550,.T.);
#406=FACE_OUTER_BOUND('',#552,.T.);
#407=FACE_OUTER_BOUND('',#553,.T.);
#408=FACE_OUTER_BOUND('',#554,.T.);
#409=FACE_OUTER_BOUND('',#555,.T.);
#410=FACE_OUTER_BOUND('',#556,.T.);
#411=FACE_OUTER_BOUND('',#557,.T.);
#412=FACE_OUTER_BOUND('',#558,.T.);
#413=FACE_OUTER_BOUND('',#559,.T.);
#414=FACE_OUTER_BOUND('',#560,.T.);
#415=FACE_OUTER_BOUND('',#561,.T.);
#416=FACE_OUTER_BOUND('',#562,.T.);
#417=FACE_OUTER_BOUND('',#563,.T.);
#418=FACE_OUTER_BOUND('',#564,.T.);
#419=FACE_OUTER_BOUND('',#566,.T.);
#420=FACE_OUTER_BOUND('',#567,.T.);
#421=FACE_OUTER_BOUND('',#568,.T.);
#422=FACE_OUTER_BOUND('',#569,.T.);
#423=FACE_OUTER_BOUND('',#570,.T.);
#424=FACE_OUTER_BOUND('',#571,.T.);
#425=FACE_OUTER_BOUND('',#572,.T.);
#426=FACE_OUTER_BOUND('',#573,.T.);
#427=FACE_OUTER_BOUND('',#574,.T.);
#428=FACE_OUTER_BOUND('',#575,.T.);
#429=FACE_OUTER_BOUND('',#576,.T.);
#430=FACE_OUTER_BOUND('',#577,.T.);
#431=FACE_OUTER_BOUND('',#578,.T.);
#432=FACE_OUTER_BOUND('',#579,.T.);
#433=FACE_OUTER_BOUND('',#581,.T.);
#434=FACE_OUTER_BOUND('',#583,.T.);
#435=FACE_OUTER_BOUND('',#584,.T.);
#436=FACE_OUTER_BOUND('',#585,.T.);
#437=FACE_OUTER_BOUND('',#587,.T.);
#438=FACE_OUTER_BOUND('',#588,.T.);
#439=FACE_OUTER_BOUND('',#589,.T.);
#440=FACE_OUTER_BOUND('',#590,.T.);
#441=FACE_OUTER_BOUND('',#592,.T.);
#442=FACE_OUTER_BOUND('',#593,.T.);
#443=FACE_OUTER_BOUND('',#594,.T.);
#444=FACE_OUTER_BOUND('',#595,.T.);
#445=FACE_OUTER_BOUND('',#596,.T.);
#446=FACE_OUTER_BOUND('',#597,.T.);
#447=FACE_OUTER_BOUND('',#598,.T.);
#448=FACE_OUTER_BOUND('',#599,.T.);
#449=FACE_OUTER_BOUND('',#600,.T.);
#450=FACE_OUTER_BOUND('',#601,.T.);
#451=FACE_OUTER_BOUND('',#603,.T.);
#452=FACE_OUTER_BOUND('',#604,.T.);
#453=FACE_OUTER_BOUND('',#605,.T.);
#454=FACE_OUTER_BOUND('',#606,.T.);
#455=FACE_OUTER_BOUND('',#607,.T.);
#456=FACE_OUTER_BOUND('',#609,.T.);
#457=FACE_OUTER_BOUND('',#610,.T.);
#458=FACE_OUTER_BOUND('',#611,.T.);
#459=FACE_OUTER_BOUND('',#612,.T.);
#460=FACE_OUTER_BOUND('',#614,.T.);
#461=FACE_OUTER_BOUND('',#615,.T.);
#462=FACE_OUTER_BOUND('',#617,.T.);
#463=FACE_OUTER_BOUND('',#618,.T.);
#464=FACE_OUTER_BOUND('',#619,.T.);
#465=FACE_OUTER_BOUND('',#620,.T.);
#466=FACE_OUTER_BOUND('',#621,.T.);
#467=FACE_OUTER_BOUND('',#622,.T.);
#468=FACE_OUTER_BOUND('',#623,.T.);
#469=FACE_OUTER_BOUND('',#624,.T.);
#470=FACE_OUTER_BOUND('',#625,.T.);
#471=FACE_OUTER_BOUND('',#626,.T.);
#472=FACE_OUTER_BOUND('',#627,.T.);
#473=FACE_OUTER_BOUND('',#628,.T.);
#474=FACE_OUTER_BOUND('',#629,.T.);
#475=FACE_OUTER_BOUND('',#630,.T.);
#476=FACE_OUTER_BOUND('',#631,.T.);
#477=FACE_OUTER_BOUND('',#632,.T.);
#478=FACE_OUTER_BOUND('',#633,.T.);
#479=FACE_OUTER_BOUND('',#634,.T.);
#480=FACE_OUTER_BOUND('',#635,.T.);
#481=FACE_OUTER_BOUND('',#636,.T.);
#482=FACE_OUTER_BOUND('',#638,.T.);
#483=FACE_OUTER_BOUND('',#640,.T.);
#484=FACE_OUTER_BOUND('',#641,.T.);
#485=FACE_OUTER_BOUND('',#642,.T.);
#486=FACE_OUTER_BOUND('',#643,.T.);
#487=FACE_OUTER_BOUND('',#644,.T.);
#488=FACE_OUTER_BOUND('',#645,.T.);
#489=FACE_OUTER_BOUND('',#646,.T.);
#490=FACE_OUTER_BOUND('',#647,.T.);
#491=FACE_OUTER_BOUND('',#648,.T.);
#492=FACE_OUTER_BOUND('',#649,.T.);
#493=FACE_OUTER_BOUND('',#650,.T.);
#494=FACE_OUTER_BOUND('',#651,.T.);
#495=FACE_OUTER_BOUND('',#652,.T.);
#496=FACE_OUTER_BOUND('',#654,.T.);
#497=EDGE_LOOP('',(#1409,#1410,#1411,#1412));
#498=EDGE_LOOP('',(#1413,#1414,#1415,#1416));
#499=EDGE_LOOP('',(#1417,#1418,#1419,#1420));
#500=EDGE_LOOP('',(#1421,#1422,#1423,#1424));
#501=EDGE_LOOP('',(#1425,#1426,#1427,#1428));
#502=EDGE_LOOP('',(#1429,#1430,#1431,#1432));
#503=EDGE_LOOP('',(#1433,#1434,#1435,#1436));
#504=EDGE_LOOP('',(#1437,#1438,#1439,#1440));
#505=EDGE_LOOP('',(#1441,#1442,#1443,#1444));
#506=EDGE_LOOP('',(#1445,#1446,#1447,#1448,#1449,#1450));
#507=EDGE_LOOP('',(#1451));
#508=EDGE_LOOP('',(#1452,#1453,#1454,#1455));
#509=EDGE_LOOP('',(#1456,#1457,#1458,#1459));
#510=EDGE_LOOP('',(#1460,#1461,#1462,#1463));
#511=EDGE_LOOP('',(#1464,#1465,#1466,#1467));
#512=EDGE_LOOP('',(#1468,#1469,#1470,#1471));
#513=EDGE_LOOP('',(#1472,#1473,#1474,#1475));
#514=EDGE_LOOP('',(#1476,#1477,#1478,#1479));
#515=EDGE_LOOP('',(#1480,#1481,#1482,#1483));
#516=EDGE_LOOP('',(#1484,#1485,#1486,#1487));
#517=EDGE_LOOP('',(#1488,#1489,#1490,#1491,#1492,#1493));
#518=EDGE_LOOP('',(#1494));
#519=EDGE_LOOP('',(#1495,#1496,#1497,#1498));
#520=EDGE_LOOP('',(#1499,#1500,#1501,#1502));
#521=EDGE_LOOP('',(#1503,#1504,#1505,#1506));
#522=EDGE_LOOP('',(#1507,#1508,#1509,#1510));
#523=EDGE_LOOP('',(#1511,#1512,#1513,#1514));
#524=EDGE_LOOP('',(#1515,#1516,#1517,#1518));
#525=EDGE_LOOP('',(#1519,#1520,#1521,#1522));
#526=EDGE_LOOP('',(#1523,#1524,#1525,#1526));
#527=EDGE_LOOP('',(#1527,#1528,#1529,#1530));
#528=EDGE_LOOP('',(#1531,#1532,#1533,#1534,#1535));
#529=EDGE_LOOP('',(#1536));
#530=EDGE_LOOP('',(#1537));
#531=EDGE_LOOP('',(#1538,#1539,#1540,#1541,#1542));
#532=EDGE_LOOP('',(#1543));
#533=EDGE_LOOP('',(#1544));
#534=EDGE_LOOP('',(#1545,#1546,#1547,#1548,#1549));
#535=EDGE_LOOP('',(#1550,#1551,#1552,#1553,#1554));
#536=EDGE_LOOP('',(#1555,#1556,#1557,#1558,#1559));
#537=EDGE_LOOP('',(#1560));
#538=EDGE_LOOP('',(#1561));
#539=EDGE_LOOP('',(#1562,#1563,#1564,#1565,#1566));
#540=EDGE_LOOP('',(#1567,#1568,#1569,#1570,#1571));
#541=EDGE_LOOP('',(#1572,#1573,#1574,#1575,#1576));
#542=EDGE_LOOP('',(#1577,#1578,#1579,#1580));
#543=EDGE_LOOP('',(#1581,#1582,#1583,#1584,#1585));
#544=EDGE_LOOP('',(#1586,#1587,#1588,#1589,#1590,#1591));
#545=EDGE_LOOP('',(#1592));
#546=EDGE_LOOP('',(#1593));
#547=EDGE_LOOP('',(#1594,#1595,#1596,#1597,#1598));
#548=EDGE_LOOP('',(#1599));
#549=EDGE_LOOP('',(#1600,#1601,#1602,#1603,#1604));
#550=EDGE_LOOP('',(#1605));
#551=EDGE_LOOP('',(#1606,#1607,#1608,#1609,#1610,#1611));
#552=EDGE_LOOP('',(#1612,#1613,#1614,#1615,#1616));
#553=EDGE_LOOP('',(#1617,#1618,#1619,#1620));
#554=EDGE_LOOP('',(#1621,#1622,#1623,#1624));
#555=EDGE_LOOP('',(#1625,#1626,#1627,#1628));
#556=EDGE_LOOP('',(#1629,#1630,#1631,#1632));
#557=EDGE_LOOP('',(#1633,#1634,#1635,#1636,#1637));
#558=EDGE_LOOP('',(#1638,#1639,#1640,#1641));
#559=EDGE_LOOP('',(#1642,#1643,#1644,#1645,#1646,#1647,#1648,#1649,#1650));
#560=EDGE_LOOP('',(#1651,#1652,#1653,#1654,#1655));
#561=EDGE_LOOP('',(#1656,#1657,#1658,#1659,#1660,#1661));
#562=EDGE_LOOP('',(#1662));
#563=EDGE_LOOP('',(#1663,#1664,#1665,#1666,#1667));
#564=EDGE_LOOP('',(#1668));
#565=EDGE_LOOP('',(#1669));
#566=EDGE_LOOP('',(#1670,#1671,#1672,#1673,#1674));
#567=EDGE_LOOP('',(#1675,#1676,#1677,#1678,#1679));
#568=EDGE_LOOP('',(#1680));
#569=EDGE_LOOP('',(#1681,#1682,#1683,#1684,#1685));
#570=EDGE_LOOP('',(#1686,#1687,#1688,#1689,#1690,#1691));
#571=EDGE_LOOP('',(#1692));
#572=EDGE_LOOP('',(#1693,#1694,#1695,#1696,#1697));
#573=EDGE_LOOP('',(#1698));
#574=EDGE_LOOP('',(#1699));
#575=EDGE_LOOP('',(#1700,#1701,#1702,#1703));
#576=EDGE_LOOP('',(#1704));
#577=EDGE_LOOP('',(#1705,#1706,#1707,#1708));
#578=EDGE_LOOP('',(#1709,#1710,#1711,#1712));
#579=EDGE_LOOP('',(#1713));
#580=EDGE_LOOP('',(#1714));
#581=EDGE_LOOP('',(#1715));
#582=EDGE_LOOP('',(#1716));
#583=EDGE_LOOP('',(#1717,#1718,#1719,#1720,#1721));
#584=EDGE_LOOP('',(#1722,#1723,#1724,#1725,#1726,#1727));
#585=EDGE_LOOP('',(#1728));
#586=EDGE_LOOP('',(#1729));
#587=EDGE_LOOP('',(#1730,#1731,#1732,#1733,#1734));
#588=EDGE_LOOP('',(#1735));
#589=EDGE_LOOP('',(#1736,#1737,#1738,#1739,#1740));
#590=EDGE_LOOP('',(#1741));
#591=EDGE_LOOP('',(#1742,#1743,#1744,#1745,#1746,#1747));
#592=EDGE_LOOP('',(#1748,#1749,#1750,#1751,#1752));
#593=EDGE_LOOP('',(#1753,#1754,#1755,#1756));
#594=EDGE_LOOP('',(#1757,#1758,#1759,#1760));
#595=EDGE_LOOP('',(#1761,#1762,#1763,#1764));
#596=EDGE_LOOP('',(#1765,#1766,#1767,#1768));
#597=EDGE_LOOP('',(#1769,#1770,#1771,#1772,#1773));
#598=EDGE_LOOP('',(#1774,#1775,#1776,#1777));
#599=EDGE_LOOP('',(#1778,#1779,#1780,#1781,#1782,#1783,#1784,#1785,#1786));
#600=EDGE_LOOP('',(#1787,#1788,#1789,#1790));
#601=EDGE_LOOP('',(#1791));
#602=EDGE_LOOP('',(#1792));
#603=EDGE_LOOP('',(#1793,#1794,#1795,#1796));
#604=EDGE_LOOP('',(#1797,#1798,#1799,#1800,#1801));
#605=EDGE_LOOP('',(#1802,#1803,#1804,#1805,#1806,#1807));
#606=EDGE_LOOP('',(#1808,#1809,#1810,#1811));
#607=EDGE_LOOP('',(#1812));
#608=EDGE_LOOP('',(#1813));
#609=EDGE_LOOP('',(#1814,#1815,#1816,#1817,#1818));
#610=EDGE_LOOP('',(#1819,#1820,#1821,#1822));
#611=EDGE_LOOP('',(#1823,#1824,#1825,#1826,#1827));
#612=EDGE_LOOP('',(#1828));
#613=EDGE_LOOP('',(#1829));
#614=EDGE_LOOP('',(#1830,#1831,#1832,#1833,#1834));
#615=EDGE_LOOP('',(#1835));
#616=EDGE_LOOP('',(#1836));
#617=EDGE_LOOP('',(#1837,#1838,#1839,#1840,#1841,#1842,#1843,#1844,#1845));
#618=EDGE_LOOP('',(#1846,#1847,#1848,#1849,#1850,#1851,#1852,#1853,#1854));
#619=EDGE_LOOP('',(#1855,#1856,#1857,#1858));
#620=EDGE_LOOP('',(#1859,#1860,#1861,#1862));
#621=EDGE_LOOP('',(#1863,#1864,#1865,#1866));
#622=EDGE_LOOP('',(#1867,#1868,#1869,#1870));
#623=EDGE_LOOP('',(#1871,#1872,#1873,#1874));
#624=EDGE_LOOP('',(#1875,#1876,#1877,#1878));
#625=EDGE_LOOP('',(#1879,#1880,#1881));
#626=EDGE_LOOP('',(#1882,#1883,#1884,#1885));
#627=EDGE_LOOP('',(#1886,#1887,#1888));
#628=EDGE_LOOP('',(#1889,#1890,#1891,#1892));
#629=EDGE_LOOP('',(#1893,#1894,#1895,#1896));
#630=EDGE_LOOP('',(#1897,#1898,#1899,#1900));
#631=EDGE_LOOP('',(#1901,#1902,#1903,#1904,#1905));
#632=EDGE_LOOP('',(#1906,#1907,#1908,#1909,#1910,#1911));
#633=EDGE_LOOP('',(#1912,#1913,#1914,#1915,#1916));
#634=EDGE_LOOP('',(#1917,#1918,#1919,#1920));
#635=EDGE_LOOP('',(#1921,#1922,#1923,#1924));
#636=EDGE_LOOP('',(#1925));
#637=EDGE_LOOP('',(#1926));
#638=EDGE_LOOP('',(#1927));
#639=EDGE_LOOP('',(#1928));
#640=EDGE_LOOP('',(#1929,#1930,#1931,#1932,#1933));
#641=EDGE_LOOP('',(#1934,#1935,#1936,#1937,#1938,#1939));
#642=EDGE_LOOP('',(#1940));
#643=EDGE_LOOP('',(#1941,#1942,#1943,#1944,#1945,#1946));
#644=EDGE_LOOP('',(#1947,#1948,#1949,#1950,#1951));
#645=EDGE_LOOP('',(#1952,#1953,#1954,#1955));
#646=EDGE_LOOP('',(#1956,#1957,#1958,#1959));
#647=EDGE_LOOP('',(#1960,#1961,#1962,#1963));
#648=EDGE_LOOP('',(#1964,#1965,#1966,#1967));
#649=EDGE_LOOP('',(#1968,#1969,#1970,#1971));
#650=EDGE_LOOP('',(#1972,#1973,#1974,#1975));
#651=EDGE_LOOP('',(#1976,#1977,#1978,#1979,#1980,#1981));
#652=EDGE_LOOP('',(#1982));
#653=EDGE_LOOP('',(#1983,#1984,#1985,#1986,#1987,#1988));
#654=EDGE_LOOP('',(#1989,#1990,#1991,#1992));
#655=LINE('',#3478,#792);
#656=LINE('',#3480,#793);
#657=LINE('',#3482,#794);
#658=LINE('',#3483,#795);
#659=LINE('',#3487,#796);
#660=LINE('',#3492,#797);
#661=LINE('',#3494,#798);
#662=LINE('',#3495,#799);
#663=LINE('',#3499,#800);
#664=LINE('',#3505,#801);
#665=LINE('',#3506,#802);
#666=LINE('',#3507,#803);
#667=LINE('',#3513,#804);
#668=LINE('',#3515,#805);
#669=LINE('',#3516,#806);
#670=LINE('',#3519,#807);
#671=LINE('',#3523,#808);
#672=LINE('',#3524,#809);
#673=LINE('',#3530,#810);
#674=LINE('',#3534,#811);
#675=LINE('',#3538,#812);
#676=LINE('',#3540,#813);
#677=LINE('',#3541,#814);
#678=LINE('',#3546,#815);
#679=LINE('',#3551,#816);
#680=LINE('',#3552,#817);
#681=LINE('',#3553,#818);
#682=LINE('',#3557,#819);
#683=LINE('',#3561,#820);
#684=LINE('',#3562,#821);
#685=LINE('',#3566,#822);
#686=LINE('',#3567,#823);
#687=LINE('',#3574,#824);
#688=LINE('',#3578,#825);
#689=LINE('',#3582,#826);
#690=LINE('',#3583,#827);
#691=LINE('',#3585,#828);
#692=LINE('',#3587,#829);
#693=LINE('',#3591,#830);
#694=LINE('',#3594,#831);
#695=LINE('',#3600,#832);
#696=LINE('',#3607,#833);
#697=LINE('',#3614,#834);
#698=LINE('',#3623,#835);
#699=LINE('',#3627,#836);
#700=LINE('',#3634,#837);
#701=LINE('',#3641,#838);
#702=LINE('',#3645,#839);
#703=LINE('',#3650,#840);
#704=LINE('',#3652,#841);
#705=LINE('',#3667,#842);
#706=LINE('',#3674,#843);
#707=LINE('',#3687,#844);
#708=LINE('',#3689,#845);
#709=LINE('',#3691,#846);
#710=LINE('',#3693,#847);
#711=LINE('',#3695,#848);
#712=LINE('',#3696,#849);
#713=LINE('',#3698,#850);
#714=LINE('',#3705,#851);
#715=LINE('',#3706,#852);
#716=LINE('',#3712,#853);
#717=LINE('',#3718,#854);
#718=LINE('',#3724,#855);
#719=LINE('',#3731,#856);
#720=LINE('',#3741,#857);
#721=LINE('',#3747,#858);
#722=LINE('',#3756,#859);
#723=LINE('',#3762,#860);
#724=LINE('',#3771,#861);
#725=LINE('',#3774,#862);
#726=LINE('',#3781,#863);
#727=LINE('',#3790,#864);
#728=LINE('',#3795,#865);
#729=LINE('',#3804,#866);
#730=LINE('',#3811,#867);
#731=LINE('',#3817,#868);
#732=LINE('',#3835,#869);
#733=LINE('',#3842,#870);
#734=LINE('',#3855,#871);
#735=LINE('',#3857,#872);
#736=LINE('',#3859,#873);
#737=LINE('',#3861,#874);
#738=LINE('',#3863,#875);
#739=LINE('',#3864,#876);
#740=LINE('',#3866,#877);
#741=LINE('',#3873,#878);
#742=LINE('',#3874,#879);
#743=LINE('',#3880,#880);
#744=LINE('',#3886,#881);
#745=LINE('',#3892,#882);
#746=LINE('',#3899,#883);
#747=LINE('',#3909,#884);
#748=LINE('',#3915,#885);
#749=LINE('',#3923,#886);
#750=LINE('',#3929,#887);
#751=LINE('',#3935,#888);
#752=LINE('',#3939,#889);
#753=LINE('',#3944,#890);
#754=LINE('',#3950,#891);
#755=LINE('',#3957,#892);
#756=LINE('',#3964,#893);
#757=LINE('',#3990,#894);
#758=LINE('',#3996,#895);
#759=LINE('',#4021,#896);
#760=LINE('',#4022,#897);
#761=LINE('',#4024,#898);
#762=LINE('',#4026,#899);
#763=LINE('',#4028,#900);
#764=LINE('',#4030,#901);
#765=LINE('',#4037,#902);
#766=LINE('',#4041,#903);
#767=LINE('',#4046,#904);
#768=LINE('',#4050,#905);
#769=LINE('',#4071,#906);
#770=LINE('',#4092,#907);
#771=LINE('',#4098,#908);
#772=LINE('',#4111,#909);
#773=LINE('',#4116,#910);
#774=LINE('',#4118,#911);
#775=LINE('',#4120,#912);
#776=LINE('',#4121,#913);
#777=LINE('',#4124,#914);
#778=LINE('',#4126,#915);
#779=LINE('',#4127,#916);
#780=LINE('',#4130,#917);
#781=LINE('',#4132,#918);
#782=LINE('',#4133,#919);
#783=LINE('',#4136,#920);
#784=LINE('',#4138,#921);
#785=LINE('',#4139,#922);
#786=LINE('',#4142,#923);
#787=LINE('',#4144,#924);
#788=LINE('',#4145,#925);
#789=LINE('',#4147,#926);
#790=LINE('',#4148,#927);
#791=LINE('',#4154,#928);
#792=VECTOR('',#2758,10.);
#793=VECTOR('',#2759,10.);
#794=VECTOR('',#2760,10.);
#795=VECTOR('',#2761,10.);
#796=VECTOR('',#2764,10.);
#797=VECTOR('',#2771,10.);
#798=VECTOR('',#2772,10.);
#799=VECTOR('',#2773,10.);
#800=VECTOR('',#2776,10.);
#801=VECTOR('',#2783,10.);
#802=VECTOR('',#2784,10.);
#803=VECTOR('',#2785,10.);
#804=VECTOR('',#2794,10.);
#805=VECTOR('',#2795,10.);
#806=VECTOR('',#2796,10.);
#807=VECTOR('',#2799,10.);
#808=VECTOR('',#2804,10.);
#809=VECTOR('',#2805,10.);
#810=VECTOR('',#2810,10.);
#811=VECTOR('',#2813,10.);
#812=VECTOR('',#2818,10.);
#813=VECTOR('',#2819,10.);
#814=VECTOR('',#2820,10.);
#815=VECTOR('',#2825,10.);
#816=VECTOR('',#2830,10.);
#817=VECTOR('',#2831,10.);
#818=VECTOR('',#2832,10.);
#819=VECTOR('',#2837,10.);
#820=VECTOR('',#2842,10.);
#821=VECTOR('',#2843,10.);
#822=VECTOR('',#2850,10.);
#823=VECTOR('',#2851,10.);
#824=VECTOR('',#2858,10.);
#825=VECTOR('',#2861,10.);
#826=VECTOR('',#2868,10.);
#827=VECTOR('',#2869,10.);
#828=VECTOR('',#2872,10.);
#829=VECTOR('',#2875,10.);
#830=VECTOR('',#2880,3.5);
#831=VECTOR('',#2885,2.25);
#832=VECTOR('',#2892,1.8);
#833=VECTOR('',#2901,1.75);
#834=VECTOR('',#2910,1.8);
#835=VECTOR('',#2921,5.95);
#836=VECTOR('',#2926,6.);
#837=VECTOR('',#2933,13.5521828438198);
#838=VECTOR('',#2942,9.24187747191912);
#839=VECTOR('',#2947,14.5555607627804);
#840=VECTOR('',#2954,10.3133458379337);
#841=VECTOR('',#2957,4.96044118693145);
#842=VECTOR('',#2976,2.);
#843=VECTOR('',#2985,1.7852925);
#844=VECTOR('',#3000,10.);
#845=VECTOR('',#3001,10.);
#846=VECTOR('',#3002,10.);
#847=VECTOR('',#3003,10.);
#848=VECTOR('',#3004,10.);
#849=VECTOR('',#3005,10.);
#850=VECTOR('',#3008,3.5);
#851=VECTOR('',#3011,10.);
#852=VECTOR('',#3012,10.);
#853=VECTOR('',#3015,10.);
#854=VECTOR('',#3018,10.);
#855=VECTOR('',#3021,10.);
#856=VECTOR('',#3024,10.);
#857=VECTOR('',#3029,0.866025403784439);
#858=VECTOR('',#3036,17.4);
#859=VECTOR('',#3047,17.5);
#860=VECTOR('',#3054,16.6);
#861=VECTOR('',#3065,16.5);
#862=VECTOR('',#3070,17.4);
#863=VECTOR('',#3079,12.4);
#864=VECTOR('',#3090,12.5);
#865=VECTOR('',#3097,12.4);
#866=VECTOR('',#3110,16.5);
#867=VECTOR('',#3119,2.15);
#868=VECTOR('',#3126,4.5);
#869=VECTOR('',#3151,1.5);
#870=VECTOR('',#3160,1.3466375);
#871=VECTOR('',#3175,10.);
#872=VECTOR('',#3176,10.);
#873=VECTOR('',#3177,10.);
#874=VECTOR('',#3178,10.);
#875=VECTOR('',#3179,10.);
#876=VECTOR('',#3180,10.);
#877=VECTOR('',#3183,2.75);
#878=VECTOR('',#3186,10.);
#879=VECTOR('',#3187,10.);
#880=VECTOR('',#3190,10.);
#881=VECTOR('',#3193,10.);
#882=VECTOR('',#3196,10.);
#883=VECTOR('',#3199,10.);
#884=VECTOR('',#3204,0.721687836487032);
#885=VECTOR('',#3211,1.625);
#886=VECTOR('',#3222,1.6);
#887=VECTOR('',#3229,3.475);
#888=VECTOR('',#3236,3.5);
#889=VECTOR('',#3241,1.625);
#890=VECTOR('',#3248,3.475);
#891=VECTOR('',#3255,1.36481646934132);
#892=VECTOR('',#3264,1.2295);
#893=VECTOR('',#3273,1.36481646934132);
#894=VECTOR('',#3280,2.73771324027147);
#895=VECTOR('',#3283,2.73771324027147);
#896=VECTOR('',#3286,10.);
#897=VECTOR('',#3287,10.);
#898=VECTOR('',#3290,10.);
#899=VECTOR('',#3293,10.);
#900=VECTOR('',#3296,10.);
#901=VECTOR('',#3299,10.);
#902=VECTOR('',#3308,0.8105);
#903=VECTOR('',#3313,1.621);
#904=VECTOR('',#3318,0.8105);
#905=VECTOR('',#3323,1.621);
#906=VECTOR('',#3350,5.99999999999999);
#907=VECTOR('',#3381,1.825);
#908=VECTOR('',#3388,2.);
#909=VECTOR('',#3405,3.);
#910=VECTOR('',#3410,10.);
#911=VECTOR('',#3411,10.);
#912=VECTOR('',#3412,10.);
#913=VECTOR('',#3413,10.);
#914=VECTOR('',#3416,10.);
#915=VECTOR('',#3417,10.);
#916=VECTOR('',#3418,10.);
#917=VECTOR('',#3421,10.);
#918=VECTOR('',#3422,10.);
#919=VECTOR('',#3423,10.);
#920=VECTOR('',#3426,10.);
#921=VECTOR('',#3427,10.);
#922=VECTOR('',#3428,10.);
#923=VECTOR('',#3431,10.);
#924=VECTOR('',#3432,10.);
#925=VECTOR('',#3433,10.);
#926=VECTOR('',#3436,10.);
#927=VECTOR('',#3437,10.);
#928=VECTOR('',#3446,4.);
#929=VERTEX_POINT('',#3476);
#930=VERTEX_POINT('',#3477);
#931=VERTEX_POINT('',#3479);
#932=VERTEX_POINT('',#3481);
#933=VERTEX_POINT('',#3485);
#934=VERTEX_POINT('',#3486);
#935=VERTEX_POINT('',#3491);
#936=VERTEX_POINT('',#3493);
#937=VERTEX_POINT('',#3497);
#938=VERTEX_POINT('',#3498);
#939=VERTEX_POINT('',#3503);
#940=VERTEX_POINT('',#3504);
#941=VERTEX_POINT('',#3512);
#942=VERTEX_POINT('',#3514);
#943=VERTEX_POINT('',#3518);
#944=VERTEX_POINT('',#3522);
#945=VERTEX_POINT('',#3526);
#946=VERTEX_POINT('',#3528);
#947=VERTEX_POINT('',#3529);
#948=VERTEX_POINT('',#3531);
#949=VERTEX_POINT('',#3533);
#950=VERTEX_POINT('',#3537);
#951=VERTEX_POINT('',#3539);
#952=VERTEX_POINT('',#3543);
#953=VERTEX_POINT('',#3545);
#954=VERTEX_POINT('',#3549);
#955=VERTEX_POINT('',#3550);
#956=VERTEX_POINT('',#3556);
#957=VERTEX_POINT('',#3560);
#958=VERTEX_POINT('',#3570);
#959=VERTEX_POINT('',#3572);
#960=VERTEX_POINT('',#3573);
#961=VERTEX_POINT('',#3575);
#962=VERTEX_POINT('',#3577);
#963=VERTEX_POINT('',#3590);
#964=VERTEX_POINT('',#3597);
#965=VERTEX_POINT('',#3599);
#966=VERTEX_POINT('',#3603);
#967=VERTEX_POINT('',#3604);
#968=VERTEX_POINT('',#3609);
#969=VERTEX_POINT('',#3612);
#970=VERTEX_POINT('',#3616);
#971=VERTEX_POINT('',#3619);
#972=VERTEX_POINT('',#3620);
#973=VERTEX_POINT('',#3625);
#974=VERTEX_POINT('',#3629);
#975=VERTEX_POINT('',#3630);
#976=VERTEX_POINT('',#3633);
#977=VERTEX_POINT('',#3637);
#978=VERTEX_POINT('',#3640);
#979=VERTEX_POINT('',#3644);
#980=VERTEX_POINT('',#3646);
#981=VERTEX_POINT('',#3655);
#982=VERTEX_POINT('',#3657);
#983=VERTEX_POINT('',#3659);
#984=VERTEX_POINT('',#3663);
#985=VERTEX_POINT('',#3664);
#986=VERTEX_POINT('',#3669);
#987=VERTEX_POINT('',#3672);
#988=VERTEX_POINT('',#3677);
#989=VERTEX_POINT('',#3678);
#990=VERTEX_POINT('',#3681);
#991=VERTEX_POINT('',#3685);
#992=VERTEX_POINT('',#3686);
#993=VERTEX_POINT('',#3688);
#994=VERTEX_POINT('',#3690);
#995=VERTEX_POINT('',#3692);
#996=VERTEX_POINT('',#3694);
#997=VERTEX_POINT('',#3700);
#998=VERTEX_POINT('',#3701);
#999=VERTEX_POINT('',#3708);
#1000=VERTEX_POINT('',#3714);
#1001=VERTEX_POINT('',#3720);
#1002=VERTEX_POINT('',#3726);
#1003=VERTEX_POINT('',#3730);
#1004=VERTEX_POINT('',#3740);
#1005=VERTEX_POINT('',#3744);
#1006=VERTEX_POINT('',#3746);
#1007=VERTEX_POINT('',#3748);
#1008=VERTEX_POINT('',#3752);
#1009=VERTEX_POINT('',#3753);
#1010=VERTEX_POINT('',#3759);
#1011=VERTEX_POINT('',#3761);
#1012=VERTEX_POINT('',#3763);
#1013=VERTEX_POINT('',#3767);
#1014=VERTEX_POINT('',#3770);
#1015=VERTEX_POINT('',#3778);
#1016=VERTEX_POINT('',#3780);
#1017=VERTEX_POINT('',#3782);
#1018=VERTEX_POINT('',#3786);
#1019=VERTEX_POINT('',#3787);
#1020=VERTEX_POINT('',#3793);
#1021=VERTEX_POINT('',#3799);
#1022=VERTEX_POINT('',#3802);
#1023=VERTEX_POINT('',#3808);
#1024=VERTEX_POINT('',#3810);
#1025=VERTEX_POINT('',#3814);
#1026=VERTEX_POINT('',#3816);
#1027=VERTEX_POINT('',#3823);
#1028=VERTEX_POINT('',#3825);
#1029=VERTEX_POINT('',#3827);
#1030=VERTEX_POINT('',#3831);
#1031=VERTEX_POINT('',#3832);
#1032=VERTEX_POINT('',#3837);
#1033=VERTEX_POINT('',#3840);
#1034=VERTEX_POINT('',#3845);
#1035=VERTEX_POINT('',#3846);
#1036=VERTEX_POINT('',#3849);
#1037=VERTEX_POINT('',#3853);
#1038=VERTEX_POINT('',#3854);
#1039=VERTEX_POINT('',#3856);
#1040=VERTEX_POINT('',#3858);
#1041=VERTEX_POINT('',#3860);
#1042=VERTEX_POINT('',#3862);
#1043=VERTEX_POINT('',#3868);
#1044=VERTEX_POINT('',#3869);
#1045=VERTEX_POINT('',#3876);
#1046=VERTEX_POINT('',#3882);
#1047=VERTEX_POINT('',#3888);
#1048=VERTEX_POINT('',#3894);
#1049=VERTEX_POINT('',#3898);
#1050=VERTEX_POINT('',#3908);
#1051=VERTEX_POINT('',#3912);
#1052=VERTEX_POINT('',#3914);
#1053=VERTEX_POINT('',#3918);
#1054=VERTEX_POINT('',#3921);
#1055=VERTEX_POINT('',#3925);
#1056=VERTEX_POINT('',#3926);
#1057=VERTEX_POINT('',#3931);
#1058=VERTEX_POINT('',#3932);
#1059=VERTEX_POINT('',#3937);
#1060=VERTEX_POINT('',#3941);
#1061=VERTEX_POINT('',#3947);
#1062=VERTEX_POINT('',#3949);
#1063=VERTEX_POINT('',#3953);
#1064=VERTEX_POINT('',#3954);
#1065=VERTEX_POINT('',#3959);
#1066=VERTEX_POINT('',#3962);
#1067=VERTEX_POINT('',#3966);
#1068=VERTEX_POINT('',#3969);
#1069=VERTEX_POINT('',#3970);
#1070=VERTEX_POINT('',#3974);
#1071=VERTEX_POINT('',#3978);
#1072=VERTEX_POINT('',#3982);
#1073=VERTEX_POINT('',#3986);
#1074=VERTEX_POINT('',#3995);
#1075=VERTEX_POINT('',#3997);
#1076=VERTEX_POINT('',#4001);
#1077=VERTEX_POINT('',#4005);
#1078=VERTEX_POINT('',#4009);
#1079=VERTEX_POINT('',#4013);
#1080=VERTEX_POINT('',#4034);
#1081=VERTEX_POINT('',#4036);
#1082=VERTEX_POINT('',#4039);
#1083=VERTEX_POINT('',#4043);
#1084=VERTEX_POINT('',#4045);
#1085=VERTEX_POINT('',#4048);
#1086=VERTEX_POINT('',#4052);
#1087=VERTEX_POINT('',#4054);
#1088=VERTEX_POINT('',#4058);
#1089=VERTEX_POINT('',#4062);
#1090=VERTEX_POINT('',#4063);
#1091=VERTEX_POINT('',#4068);
#1092=VERTEX_POINT('',#4069);
#1093=VERTEX_POINT('',#4074);
#1094=VERTEX_POINT('',#4078);
#1095=VERTEX_POINT('',#4082);
#1096=VERTEX_POINT('',#4089);
#1097=VERTEX_POINT('',#4091);
#1098=VERTEX_POINT('',#4093);
#1099=VERTEX_POINT('',#4097);
#1100=VERTEX_POINT('',#4099);
#1101=VERTEX_POINT('',#4104);
#1102=VERTEX_POINT('',#4105);
#1103=VERTEX_POINT('',#4110);
#1104=VERTEX_POINT('',#4114);
#1105=VERTEX_POINT('',#4115);
#1106=VERTEX_POINT('',#4117);
#1107=VERTEX_POINT('',#4119);
#1108=VERTEX_POINT('',#4123);
#1109=VERTEX_POINT('',#4125);
#1110=VERTEX_POINT('',#4129);
#1111=VERTEX_POINT('',#4131);
#1112=VERTEX_POINT('',#4135);
#1113=VERTEX_POINT('',#4137);
#1114=VERTEX_POINT('',#4141);
#1115=VERTEX_POINT('',#4143);
#1116=VERTEX_POINT('',#4151);
#1117=EDGE_CURVE('',#929,#930,#655,.T.);
#1118=EDGE_CURVE('',#930,#931,#656,.T.);
#1119=EDGE_CURVE('',#931,#932,#657,.T.);
#1120=EDGE_CURVE('',#932,#929,#658,.T.);
#1121=EDGE_CURVE('',#933,#934,#659,.T.);
#1122=EDGE_CURVE('',#934,#930,#196,.T.);
#1123=EDGE_CURVE('',#929,#933,#197,.T.);
#1124=EDGE_CURVE('',#933,#935,#660,.T.);
#1125=EDGE_CURVE('',#935,#936,#661,.T.);
#1126=EDGE_CURVE('',#936,#934,#662,.T.);
#1127=EDGE_CURVE('',#937,#938,#663,.T.);
#1128=EDGE_CURVE('',#938,#936,#198,.T.);
#1129=EDGE_CURVE('',#935,#937,#199,.T.);
#1130=EDGE_CURVE('',#939,#940,#664,.T.);
#1131=EDGE_CURVE('',#940,#938,#665,.T.);
#1132=EDGE_CURVE('',#937,#939,#666,.T.);
#1133=EDGE_CURVE('',#931,#940,#200,.T.);
#1134=EDGE_CURVE('',#939,#932,#201,.T.);
#1135=EDGE_CURVE('',#941,#940,#667,.T.);
#1136=EDGE_CURVE('',#942,#941,#668,.T.);
#1137=EDGE_CURVE('',#938,#942,#669,.T.);
#1138=EDGE_CURVE('',#931,#943,#670,.T.);
#1139=EDGE_CURVE('',#941,#943,#202,.T.);
#1140=EDGE_CURVE('',#944,#930,#671,.T.);
#1141=EDGE_CURVE('',#943,#944,#672,.T.);
#1142=EDGE_CURVE('',#945,#945,#203,.T.);
#1143=EDGE_CURVE('',#946,#947,#673,.T.);
#1144=EDGE_CURVE('',#947,#948,#204,.T.);
#1145=EDGE_CURVE('',#948,#949,#674,.T.);
#1146=EDGE_CURVE('',#949,#946,#205,.T.);
#1147=EDGE_CURVE('',#944,#950,#675,.T.);
#1148=EDGE_CURVE('',#950,#951,#676,.T.);
#1149=EDGE_CURVE('',#951,#943,#677,.T.);
#1150=EDGE_CURVE('',#944,#952,#206,.T.);
#1151=EDGE_CURVE('',#952,#953,#678,.T.);
#1152=EDGE_CURVE('',#953,#950,#207,.T.);
#1153=EDGE_CURVE('',#954,#955,#679,.T.);
#1154=EDGE_CURVE('',#955,#953,#680,.T.);
#1155=EDGE_CURVE('',#952,#954,#681,.T.);
#1156=EDGE_CURVE('',#954,#942,#208,.T.);
#1157=EDGE_CURVE('',#942,#956,#682,.T.);
#1158=EDGE_CURVE('',#956,#955,#209,.T.);
#1159=EDGE_CURVE('',#941,#957,#683,.T.);
#1160=EDGE_CURVE('',#957,#956,#684,.T.);
#1161=EDGE_CURVE('',#951,#957,#210,.T.);
#1162=EDGE_CURVE('',#954,#936,#685,.T.);
#1163=EDGE_CURVE('',#934,#952,#686,.T.);
#1164=EDGE_CURVE('',#958,#958,#211,.T.);
#1165=EDGE_CURVE('',#959,#960,#687,.T.);
#1166=EDGE_CURVE('',#960,#961,#212,.T.);
#1167=EDGE_CURVE('',#961,#962,#688,.T.);
#1168=EDGE_CURVE('',#962,#959,#213,.T.);
#1169=EDGE_CURVE('',#959,#947,#689,.T.);
#1170=EDGE_CURVE('',#960,#946,#690,.T.);
#1171=EDGE_CURVE('',#962,#948,#691,.T.);
#1172=EDGE_CURVE('',#961,#949,#692,.T.);
#1173=EDGE_CURVE('',#958,#963,#693,.T.);
#1174=EDGE_CURVE('',#963,#963,#214,.T.);
#1175=EDGE_CURVE('',#963,#945,#694,.T.);
#1176=EDGE_CURVE('',#964,#964,#215,.T.);
#1177=EDGE_CURVE('',#964,#965,#695,.T.);
#1178=EDGE_CURVE('',#965,#965,#216,.T.);
#1179=EDGE_CURVE('',#966,#967,#217,.T.);
#1180=EDGE_CURVE('',#967,#966,#218,.T.);
#1181=EDGE_CURVE('',#967,#965,#696,.T.);
#1182=EDGE_CURVE('',#968,#968,#219,.T.);
#1183=EDGE_CURVE('',#969,#969,#220,.T.);
#1184=EDGE_CURVE('',#969,#966,#697,.T.);
#1185=EDGE_CURVE('',#970,#970,#221,.T.);
#1186=EDGE_CURVE('',#971,#972,#222,.T.);
#1187=EDGE_CURVE('',#972,#971,#223,.T.);
#1188=EDGE_CURVE('',#971,#970,#698,.T.);
#1189=EDGE_CURVE('',#973,#973,#224,.T.);
#1190=EDGE_CURVE('',#973,#972,#699,.T.);
#1191=EDGE_CURVE('',#974,#975,#225,.T.);
#1192=EDGE_CURVE('',#975,#974,#226,.T.);
#1193=EDGE_CURVE('',#974,#976,#700,.T.);
#1194=EDGE_CURVE('',#976,#976,#227,.T.);
#1195=EDGE_CURVE('',#977,#977,#228,.T.);
#1196=EDGE_CURVE('',#975,#978,#701,.T.);
#1197=EDGE_CURVE('',#978,#978,#229,.T.);
#1198=EDGE_CURVE('',#977,#979,#702,.T.);
#1199=EDGE_CURVE('',#979,#980,#230,.T.);
#1200=EDGE_CURVE('',#980,#979,#231,.T.);
#1201=EDGE_CURVE('',#980,#973,#703,.T.);
#1202=EDGE_CURVE('',#978,#968,#704,.T.);
#1203=EDGE_CURVE('',#981,#981,#232,.T.);
#1204=EDGE_CURVE('',#981,#982,#233,.T.);
#1205=EDGE_CURVE('',#982,#983,#234,.T.);
#1206=EDGE_CURVE('',#983,#982,#235,.T.);
#1207=EDGE_CURVE('',#984,#985,#236,.T.);
#1208=EDGE_CURVE('',#985,#984,#237,.T.);
#1209=EDGE_CURVE('',#985,#983,#705,.T.);
#1210=EDGE_CURVE('',#986,#986,#238,.T.);
#1211=EDGE_CURVE('',#987,#987,#239,.T.);
#1212=EDGE_CURVE('',#987,#984,#706,.T.);
#1213=EDGE_CURVE('',#988,#989,#240,.T.);
#1214=EDGE_CURVE('',#989,#988,#241,.T.);
#1215=EDGE_CURVE('',#988,#990,#242,.T.);
#1216=EDGE_CURVE('',#990,#990,#243,.T.);
#1217=EDGE_CURVE('',#991,#992,#707,.T.);
#1218=EDGE_CURVE('',#992,#993,#708,.T.);
#1219=EDGE_CURVE('',#993,#994,#709,.T.);
#1220=EDGE_CURVE('',#994,#995,#710,.T.);
#1221=EDGE_CURVE('',#995,#996,#711,.T.);
#1222=EDGE_CURVE('',#996,#991,#712,.T.);
#1223=EDGE_CURVE('',#986,#989,#713,.T.);
#1224=EDGE_CURVE('',#997,#998,#63,.T.);
#1225=EDGE_CURVE('',#997,#996,#714,.T.);
#1226=EDGE_CURVE('',#998,#995,#715,.T.);
#1227=EDGE_CURVE('',#999,#997,#64,.T.);
#1228=EDGE_CURVE('',#999,#991,#716,.T.);
#1229=EDGE_CURVE('',#1000,#999,#65,.T.);
#1230=EDGE_CURVE('',#1000,#992,#717,.T.);
#1231=EDGE_CURVE('',#1001,#1000,#66,.T.);
#1232=EDGE_CURVE('',#993,#1001,#718,.T.);
#1233=EDGE_CURVE('',#998,#1002,#67,.T.);
#1234=EDGE_CURVE('',#1003,#994,#719,.T.);
#1235=EDGE_CURVE('',#1002,#1003,#68,.T.);
#1236=EDGE_CURVE('',#1003,#1001,#69,.T.);
#1237=EDGE_CURVE('',#1004,#1002,#720,.T.);
#1238=EDGE_CURVE('',#1005,#1005,#244,.T.);
#1239=EDGE_CURVE('',#1005,#1006,#721,.T.);
#1240=EDGE_CURVE('',#1006,#1007,#245,.T.);
#1241=EDGE_CURVE('',#1007,#1006,#246,.T.);
#1242=EDGE_CURVE('',#1008,#1009,#247,.T.);
#1243=EDGE_CURVE('',#1009,#1008,#248,.T.);
#1244=EDGE_CURVE('',#1009,#1007,#722,.T.);
#1245=EDGE_CURVE('',#1010,#1010,#249,.T.);
#1246=EDGE_CURVE('',#1010,#1011,#723,.T.);
#1247=EDGE_CURVE('',#1011,#1012,#250,.T.);
#1248=EDGE_CURVE('',#1012,#1011,#251,.T.);
#1249=EDGE_CURVE('',#1013,#1013,#252,.T.);
#1250=EDGE_CURVE('',#1012,#1014,#724,.T.);
#1251=EDGE_CURVE('',#1014,#1014,#253,.T.);
#1252=EDGE_CURVE('',#1013,#1008,#725,.T.);
#1253=EDGE_CURVE('',#1015,#1015,#254,.T.);
#1254=EDGE_CURVE('',#1015,#1016,#726,.T.);
#1255=EDGE_CURVE('',#1016,#1017,#255,.T.);
#1256=EDGE_CURVE('',#1017,#1016,#256,.T.);
#1257=EDGE_CURVE('',#1018,#1019,#257,.T.);
#1258=EDGE_CURVE('',#1019,#1018,#258,.T.);
#1259=EDGE_CURVE('',#1019,#1017,#727,.T.);
#1260=EDGE_CURVE('',#1020,#1020,#259,.T.);
#1261=EDGE_CURVE('',#1020,#1018,#728,.T.);
#1262=EDGE_CURVE('',#1021,#1021,#260,.T.);
#1263=EDGE_CURVE('',#1022,#1022,#261,.T.);
#1264=EDGE_CURVE('',#1022,#1021,#729,.T.);
#1265=EDGE_CURVE('',#1023,#1023,#262,.T.);
#1266=EDGE_CURVE('',#1023,#1024,#730,.T.);
#1267=EDGE_CURVE('',#1024,#1024,#263,.T.);
#1268=EDGE_CURVE('',#1025,#1025,#264,.T.);
#1269=EDGE_CURVE('',#1025,#1026,#731,.T.);
#1270=EDGE_CURVE('',#1026,#1026,#265,.T.);
#1271=EDGE_CURVE('',#1027,#1027,#266,.T.);
#1272=EDGE_CURVE('',#1027,#1028,#267,.T.);
#1273=EDGE_CURVE('',#1028,#1029,#268,.T.);
#1274=EDGE_CURVE('',#1029,#1028,#269,.T.);
#1275=EDGE_CURVE('',#1030,#1031,#270,.T.);
#1276=EDGE_CURVE('',#1031,#1030,#271,.T.);
#1277=EDGE_CURVE('',#1031,#1029,#732,.T.);
#1278=EDGE_CURVE('',#1032,#1032,#272,.T.);
#1279=EDGE_CURVE('',#1033,#1033,#273,.T.);
#1280=EDGE_CURVE('',#1033,#1030,#733,.T.);
#1281=EDGE_CURVE('',#1034,#1035,#274,.T.);
#1282=EDGE_CURVE('',#1035,#1034,#275,.T.);
#1283=EDGE_CURVE('',#1034,#1036,#276,.T.);
#1284=EDGE_CURVE('',#1036,#1036,#277,.T.);
#1285=EDGE_CURVE('',#1037,#1038,#734,.T.);
#1286=EDGE_CURVE('',#1038,#1039,#735,.T.);
#1287=EDGE_CURVE('',#1039,#1040,#736,.T.);
#1288=EDGE_CURVE('',#1040,#1041,#737,.T.);
#1289=EDGE_CURVE('',#1041,#1042,#738,.T.);
#1290=EDGE_CURVE('',#1042,#1037,#739,.T.);
#1291=EDGE_CURVE('',#1032,#1035,#740,.T.);
#1292=EDGE_CURVE('',#1043,#1044,#70,.T.);
#1293=EDGE_CURVE('',#1043,#1042,#741,.T.);
#1294=EDGE_CURVE('',#1044,#1041,#742,.T.);
#1295=EDGE_CURVE('',#1045,#1043,#71,.T.);
#1296=EDGE_CURVE('',#1045,#1037,#743,.T.);
#1297=EDGE_CURVE('',#1046,#1045,#72,.T.);
#1298=EDGE_CURVE('',#1046,#1038,#744,.T.);
#1299=EDGE_CURVE('',#1047,#1046,#73,.T.);
#1300=EDGE_CURVE('',#1039,#1047,#745,.T.);
#1301=EDGE_CURVE('',#1044,#1048,#74,.T.);
#1302=EDGE_CURVE('',#1049,#1040,#746,.T.);
#1303=EDGE_CURVE('',#1048,#1049,#75,.T.);
#1304=EDGE_CURVE('',#1049,#1047,#76,.T.);
#1305=EDGE_CURVE('',#1050,#1048,#747,.T.);
#1306=EDGE_CURVE('',#1051,#1051,#278,.T.);
#1307=EDGE_CURVE('',#1051,#1052,#748,.T.);
#1308=EDGE_CURVE('',#1052,#1052,#279,.T.);
#1309=EDGE_CURVE('',#1053,#1053,#280,.T.);
#1310=EDGE_CURVE('',#1054,#1054,#281,.T.);
#1311=EDGE_CURVE('',#1054,#1051,#749,.T.);
#1312=EDGE_CURVE('',#1055,#1056,#282,.T.);
#1313=EDGE_CURVE('',#1056,#1055,#283,.T.);
#1314=EDGE_CURVE('',#1055,#1053,#750,.T.);
#1315=EDGE_CURVE('',#1057,#1058,#284,.T.);
#1316=EDGE_CURVE('',#1058,#1057,#285,.T.);
#1317=EDGE_CURVE('',#1058,#1056,#751,.T.);
#1318=EDGE_CURVE('',#1059,#1059,#286,.T.);
#1319=EDGE_CURVE('',#1059,#1054,#752,.T.);
#1320=EDGE_CURVE('',#1060,#1060,#287,.T.);
#1321=EDGE_CURVE('',#1060,#1057,#753,.T.);
#1322=EDGE_CURVE('',#1061,#1061,#288,.T.);
#1323=EDGE_CURVE('',#1061,#1062,#754,.T.);
#1324=EDGE_CURVE('',#1062,#1062,#289,.T.);
#1325=EDGE_CURVE('',#1063,#1064,#290,.T.);
#1326=EDGE_CURVE('',#1064,#1063,#291,.T.);
#1327=EDGE_CURVE('',#1064,#1062,#755,.T.);
#1328=EDGE_CURVE('',#1065,#1065,#292,.T.);
#1329=EDGE_CURVE('',#1066,#1066,#293,.T.);
#1330=EDGE_CURVE('',#1066,#1063,#756,.T.);
#1331=EDGE_CURVE('',#1067,#1067,#294,.T.);
#1332=EDGE_CURVE('',#1068,#1069,#77,.T.);
#1333=EDGE_CURVE('',#1070,#1068,#78,.T.);
#1334=EDGE_CURVE('',#1071,#1070,#79,.T.);
#1335=EDGE_CURVE('',#1072,#1071,#80,.T.);
#1336=EDGE_CURVE('',#1073,#1072,#81,.T.);
#1337=EDGE_CURVE('',#1073,#1065,#757,.T.);
#1338=EDGE_CURVE('',#1069,#1073,#82,.T.);
#1339=EDGE_CURVE('',#1067,#1074,#758,.T.);
#1340=EDGE_CURVE('',#1075,#1074,#83,.T.);
#1341=EDGE_CURVE('',#1076,#1075,#84,.T.);
#1342=EDGE_CURVE('',#1077,#1076,#85,.T.);
#1343=EDGE_CURVE('',#1078,#1077,#86,.T.);
#1344=EDGE_CURVE('',#1079,#1078,#87,.T.);
#1345=EDGE_CURVE('',#1074,#1079,#88,.T.);
#1346=EDGE_CURVE('',#1070,#1077,#759,.T.);
#1347=EDGE_CURVE('',#1071,#1076,#760,.T.);
#1348=EDGE_CURVE('',#1072,#1075,#761,.T.);
#1349=EDGE_CURVE('',#1068,#1078,#762,.T.);
#1350=EDGE_CURVE('',#1069,#1079,#763,.T.);
#1351=EDGE_CURVE('',#1073,#1074,#764,.T.);
#1352=EDGE_CURVE('',#1080,#1080,#295,.T.);
#1353=EDGE_CURVE('',#1080,#1081,#765,.T.);
#1354=EDGE_CURVE('',#1082,#1082,#296,.T.);
#1355=EDGE_CURVE('',#1082,#1080,#766,.T.);
#1356=EDGE_CURVE('',#1083,#1083,#297,.T.);
#1357=EDGE_CURVE('',#1083,#1084,#767,.T.);
#1358=EDGE_CURVE('',#1085,#1085,#298,.T.);
#1359=EDGE_CURVE('',#1085,#1083,#768,.T.);
#1360=EDGE_CURVE('',#1086,#1086,#299,.T.);
#1361=EDGE_CURVE('',#1086,#1087,#300,.T.);
#1362=EDGE_CURVE('',#1087,#1087,#301,.T.);
#1363=EDGE_CURVE('',#1086,#1088,#302,.T.);
#1364=EDGE_CURVE('',#1088,#1088,#303,.T.);
#1365=EDGE_CURVE('',#1089,#1090,#304,.T.);
#1366=EDGE_CURVE('',#1090,#1089,#305,.T.);
#1367=EDGE_CURVE('',#1090,#1088,#306,.T.);
#1368=EDGE_CURVE('',#1091,#1092,#307,.T.);
#1369=EDGE_CURVE('',#1091,#1089,#769,.T.);
#1370=EDGE_CURVE('',#1092,#1091,#308,.T.);
#1371=EDGE_CURVE('',#1093,#1093,#309,.T.);
#1372=EDGE_CURVE('',#1093,#1092,#310,.T.);
#1373=EDGE_CURVE('',#1093,#1094,#311,.T.);
#1374=EDGE_CURVE('',#1094,#1094,#312,.T.);
#1375=EDGE_CURVE('',#1095,#1095,#313,.T.);
#1376=EDGE_CURVE('',#1095,#1094,#314,.T.);
#1377=EDGE_CURVE('',#1096,#1096,#315,.T.);
#1378=EDGE_CURVE('',#1096,#1097,#770,.T.);
#1379=EDGE_CURVE('',#1097,#1098,#316,.T.);
#1380=EDGE_CURVE('',#1098,#1097,#317,.T.);
#1381=EDGE_CURVE('',#1098,#1099,#771,.T.);
#1382=EDGE_CURVE('',#1100,#1099,#318,.T.);
#1383=EDGE_CURVE('',#1099,#1100,#319,.T.);
#1384=EDGE_CURVE('',#1101,#1102,#320,.T.);
#1385=EDGE_CURVE('',#1102,#1101,#321,.T.);
#1386=EDGE_CURVE('',#1101,#1100,#322,.T.);
#1387=EDGE_CURVE('',#1102,#1103,#772,.T.);
#1388=EDGE_CURVE('',#1103,#1103,#323,.T.);
#1389=EDGE_CURVE('',#1104,#1105,#773,.T.);
#1390=EDGE_CURVE('',#1106,#1104,#774,.T.);
#1391=EDGE_CURVE('',#1107,#1106,#775,.T.);
#1392=EDGE_CURVE('',#1107,#1105,#776,.T.);
#1393=EDGE_CURVE('',#1105,#1108,#777,.T.);
#1394=EDGE_CURVE('',#1109,#1107,#778,.T.);
#1395=EDGE_CURVE('',#1109,#1108,#779,.T.);
#1396=EDGE_CURVE('',#1108,#1110,#780,.T.);
#1397=EDGE_CURVE('',#1111,#1109,#781,.T.);
#1398=EDGE_CURVE('',#1111,#1110,#782,.T.);
#1399=EDGE_CURVE('',#1110,#1112,#783,.T.);
#1400=EDGE_CURVE('',#1113,#1111,#784,.T.);
#1401=EDGE_CURVE('',#1113,#1112,#785,.T.);
#1402=EDGE_CURVE('',#1112,#1114,#786,.T.);
#1403=EDGE_CURVE('',#1115,#1113,#787,.T.);
#1404=EDGE_CURVE('',#1115,#1114,#788,.T.);
#1405=EDGE_CURVE('',#1114,#1104,#789,.T.);
#1406=EDGE_CURVE('',#1106,#1115,#790,.T.);
#1407=EDGE_CURVE('',#1116,#1116,#324,.T.);
#1408=EDGE_CURVE('',#1103,#1116,#791,.T.);
#1409=ORIENTED_EDGE('',*,*,#1117,.T.);
#1410=ORIENTED_EDGE('',*,*,#1118,.T.);
#1411=ORIENTED_EDGE('',*,*,#1119,.T.);
#1412=ORIENTED_EDGE('',*,*,#1120,.T.);
#1413=ORIENTED_EDGE('',*,*,#1121,.T.);
#1414=ORIENTED_EDGE('',*,*,#1122,.T.);
#1415=ORIENTED_EDGE('',*,*,#1117,.F.);
#1416=ORIENTED_EDGE('',*,*,#1123,.T.);
#1417=ORIENTED_EDGE('',*,*,#1121,.F.);
#1418=ORIENTED_EDGE('',*,*,#1124,.T.);
#1419=ORIENTED_EDGE('',*,*,#1125,.T.);
#1420=ORIENTED_EDGE('',*,*,#1126,.T.);
#1421=ORIENTED_EDGE('',*,*,#1127,.T.);
#1422=ORIENTED_EDGE('',*,*,#1128,.T.);
#1423=ORIENTED_EDGE('',*,*,#1125,.F.);
#1424=ORIENTED_EDGE('',*,*,#1129,.T.);
#1425=ORIENTED_EDGE('',*,*,#1130,.T.);
#1426=ORIENTED_EDGE('',*,*,#1131,.T.);
#1427=ORIENTED_EDGE('',*,*,#1127,.F.);
#1428=ORIENTED_EDGE('',*,*,#1132,.T.);
#1429=ORIENTED_EDGE('',*,*,#1119,.F.);
#1430=ORIENTED_EDGE('',*,*,#1133,.T.);
#1431=ORIENTED_EDGE('',*,*,#1130,.F.);
#1432=ORIENTED_EDGE('',*,*,#1134,.T.);
#1433=ORIENTED_EDGE('',*,*,#1131,.F.);
#1434=ORIENTED_EDGE('',*,*,#1135,.F.);
#1435=ORIENTED_EDGE('',*,*,#1136,.F.);
#1436=ORIENTED_EDGE('',*,*,#1137,.F.);
#1437=ORIENTED_EDGE('',*,*,#1133,.F.);
#1438=ORIENTED_EDGE('',*,*,#1138,.T.);
#1439=ORIENTED_EDGE('',*,*,#1139,.F.);
#1440=ORIENTED_EDGE('',*,*,#1135,.T.);
#1441=ORIENTED_EDGE('',*,*,#1118,.F.);
#1442=ORIENTED_EDGE('',*,*,#1140,.F.);
#1443=ORIENTED_EDGE('',*,*,#1141,.F.);
#1444=ORIENTED_EDGE('',*,*,#1138,.F.);
#1445=ORIENTED_EDGE('',*,*,#1120,.F.);
#1446=ORIENTED_EDGE('',*,*,#1134,.F.);
#1447=ORIENTED_EDGE('',*,*,#1132,.F.);
#1448=ORIENTED_EDGE('',*,*,#1129,.F.);
#1449=ORIENTED_EDGE('',*,*,#1124,.F.);
#1450=ORIENTED_EDGE('',*,*,#1123,.F.);
#1451=ORIENTED_EDGE('',*,*,#1142,.T.);
#1452=ORIENTED_EDGE('',*,*,#1143,.T.);
#1453=ORIENTED_EDGE('',*,*,#1144,.T.);
#1454=ORIENTED_EDGE('',*,*,#1145,.T.);
#1455=ORIENTED_EDGE('',*,*,#1146,.T.);
#1456=ORIENTED_EDGE('',*,*,#1147,.T.);
#1457=ORIENTED_EDGE('',*,*,#1148,.T.);
#1458=ORIENTED_EDGE('',*,*,#1149,.T.);
#1459=ORIENTED_EDGE('',*,*,#1141,.T.);
#1460=ORIENTED_EDGE('',*,*,#1147,.F.);
#1461=ORIENTED_EDGE('',*,*,#1150,.T.);
#1462=ORIENTED_EDGE('',*,*,#1151,.T.);
#1463=ORIENTED_EDGE('',*,*,#1152,.T.);
#1464=ORIENTED_EDGE('',*,*,#1153,.T.);
#1465=ORIENTED_EDGE('',*,*,#1154,.T.);
#1466=ORIENTED_EDGE('',*,*,#1151,.F.);
#1467=ORIENTED_EDGE('',*,*,#1155,.T.);
#1468=ORIENTED_EDGE('',*,*,#1153,.F.);
#1469=ORIENTED_EDGE('',*,*,#1156,.T.);
#1470=ORIENTED_EDGE('',*,*,#1157,.T.);
#1471=ORIENTED_EDGE('',*,*,#1158,.T.);
#1472=ORIENTED_EDGE('',*,*,#1157,.F.);
#1473=ORIENTED_EDGE('',*,*,#1136,.T.);
#1474=ORIENTED_EDGE('',*,*,#1159,.T.);
#1475=ORIENTED_EDGE('',*,*,#1160,.T.);
#1476=ORIENTED_EDGE('',*,*,#1159,.F.);
#1477=ORIENTED_EDGE('',*,*,#1139,.T.);
#1478=ORIENTED_EDGE('',*,*,#1149,.F.);
#1479=ORIENTED_EDGE('',*,*,#1161,.T.);
#1480=ORIENTED_EDGE('',*,*,#1126,.F.);
#1481=ORIENTED_EDGE('',*,*,#1162,.F.);
#1482=ORIENTED_EDGE('',*,*,#1155,.F.);
#1483=ORIENTED_EDGE('',*,*,#1163,.F.);
#1484=ORIENTED_EDGE('',*,*,#1122,.F.);
#1485=ORIENTED_EDGE('',*,*,#1163,.T.);
#1486=ORIENTED_EDGE('',*,*,#1150,.F.);
#1487=ORIENTED_EDGE('',*,*,#1140,.T.);
#1488=ORIENTED_EDGE('',*,*,#1148,.F.);
#1489=ORIENTED_EDGE('',*,*,#1152,.F.);
#1490=ORIENTED_EDGE('',*,*,#1154,.F.);
#1491=ORIENTED_EDGE('',*,*,#1158,.F.);
#1492=ORIENTED_EDGE('',*,*,#1160,.F.);
#1493=ORIENTED_EDGE('',*,*,#1161,.F.);
#1494=ORIENTED_EDGE('',*,*,#1164,.T.);
#1495=ORIENTED_EDGE('',*,*,#1165,.T.);
#1496=ORIENTED_EDGE('',*,*,#1166,.T.);
#1497=ORIENTED_EDGE('',*,*,#1167,.T.);
#1498=ORIENTED_EDGE('',*,*,#1168,.T.);
#1499=ORIENTED_EDGE('',*,*,#1128,.F.);
#1500=ORIENTED_EDGE('',*,*,#1137,.T.);
#1501=ORIENTED_EDGE('',*,*,#1156,.F.);
#1502=ORIENTED_EDGE('',*,*,#1162,.T.);
#1503=ORIENTED_EDGE('',*,*,#1165,.F.);
#1504=ORIENTED_EDGE('',*,*,#1169,.T.);
#1505=ORIENTED_EDGE('',*,*,#1143,.F.);
#1506=ORIENTED_EDGE('',*,*,#1170,.F.);
#1507=ORIENTED_EDGE('',*,*,#1168,.F.);
#1508=ORIENTED_EDGE('',*,*,#1171,.T.);
#1509=ORIENTED_EDGE('',*,*,#1144,.F.);
#1510=ORIENTED_EDGE('',*,*,#1169,.F.);
#1511=ORIENTED_EDGE('',*,*,#1167,.F.);
#1512=ORIENTED_EDGE('',*,*,#1172,.T.);
#1513=ORIENTED_EDGE('',*,*,#1145,.F.);
#1514=ORIENTED_EDGE('',*,*,#1171,.F.);
#1515=ORIENTED_EDGE('',*,*,#1166,.F.);
#1516=ORIENTED_EDGE('',*,*,#1170,.T.);
#1517=ORIENTED_EDGE('',*,*,#1146,.F.);
#1518=ORIENTED_EDGE('',*,*,#1172,.F.);
#1519=ORIENTED_EDGE('',*,*,#1164,.F.);
#1520=ORIENTED_EDGE('',*,*,#1173,.T.);
#1521=ORIENTED_EDGE('',*,*,#1174,.F.);
#1522=ORIENTED_EDGE('',*,*,#1173,.F.);
#1523=ORIENTED_EDGE('',*,*,#1174,.T.);
#1524=ORIENTED_EDGE('',*,*,#1175,.T.);
#1525=ORIENTED_EDGE('',*,*,#1142,.F.);
#1526=ORIENTED_EDGE('',*,*,#1175,.F.);
#1527=ORIENTED_EDGE('',*,*,#1176,.T.);
#1528=ORIENTED_EDGE('',*,*,#1177,.T.);
#1529=ORIENTED_EDGE('',*,*,#1178,.T.);
#1530=ORIENTED_EDGE('',*,*,#1177,.F.);
#1531=ORIENTED_EDGE('',*,*,#1179,.F.);
#1532=ORIENTED_EDGE('',*,*,#1180,.F.);
#1533=ORIENTED_EDGE('',*,*,#1181,.T.);
#1534=ORIENTED_EDGE('',*,*,#1178,.F.);
#1535=ORIENTED_EDGE('',*,*,#1181,.F.);
#1536=ORIENTED_EDGE('',*,*,#1182,.T.);
#1537=ORIENTED_EDGE('',*,*,#1176,.F.);
#1538=ORIENTED_EDGE('',*,*,#1183,.T.);
#1539=ORIENTED_EDGE('',*,*,#1184,.T.);
#1540=ORIENTED_EDGE('',*,*,#1179,.T.);
#1541=ORIENTED_EDGE('',*,*,#1180,.T.);
#1542=ORIENTED_EDGE('',*,*,#1184,.F.);
#1543=ORIENTED_EDGE('',*,*,#1185,.F.);
#1544=ORIENTED_EDGE('',*,*,#1183,.F.);
#1545=ORIENTED_EDGE('',*,*,#1186,.T.);
#1546=ORIENTED_EDGE('',*,*,#1187,.T.);
#1547=ORIENTED_EDGE('',*,*,#1188,.T.);
#1548=ORIENTED_EDGE('',*,*,#1185,.T.);
#1549=ORIENTED_EDGE('',*,*,#1188,.F.);
#1550=ORIENTED_EDGE('',*,*,#1189,.F.);
#1551=ORIENTED_EDGE('',*,*,#1190,.T.);
#1552=ORIENTED_EDGE('',*,*,#1186,.F.);
#1553=ORIENTED_EDGE('',*,*,#1187,.F.);
#1554=ORIENTED_EDGE('',*,*,#1190,.F.);
#1555=ORIENTED_EDGE('',*,*,#1191,.T.);
#1556=ORIENTED_EDGE('',*,*,#1192,.T.);
#1557=ORIENTED_EDGE('',*,*,#1193,.T.);
#1558=ORIENTED_EDGE('',*,*,#1194,.T.);
#1559=ORIENTED_EDGE('',*,*,#1193,.F.);
#1560=ORIENTED_EDGE('',*,*,#1195,.F.);
#1561=ORIENTED_EDGE('',*,*,#1194,.F.);
#1562=ORIENTED_EDGE('',*,*,#1191,.F.);
#1563=ORIENTED_EDGE('',*,*,#1192,.F.);
#1564=ORIENTED_EDGE('',*,*,#1196,.T.);
#1565=ORIENTED_EDGE('',*,*,#1197,.F.);
#1566=ORIENTED_EDGE('',*,*,#1196,.F.);
#1567=ORIENTED_EDGE('',*,*,#1195,.T.);
#1568=ORIENTED_EDGE('',*,*,#1198,.T.);
#1569=ORIENTED_EDGE('',*,*,#1199,.T.);
#1570=ORIENTED_EDGE('',*,*,#1200,.T.);
#1571=ORIENTED_EDGE('',*,*,#1198,.F.);
#1572=ORIENTED_EDGE('',*,*,#1199,.F.);
#1573=ORIENTED_EDGE('',*,*,#1200,.F.);
#1574=ORIENTED_EDGE('',*,*,#1201,.T.);
#1575=ORIENTED_EDGE('',*,*,#1189,.T.);
#1576=ORIENTED_EDGE('',*,*,#1201,.F.);
#1577=ORIENTED_EDGE('',*,*,#1197,.T.);
#1578=ORIENTED_EDGE('',*,*,#1202,.T.);
#1579=ORIENTED_EDGE('',*,*,#1182,.F.);
#1580=ORIENTED_EDGE('',*,*,#1202,.F.);
#1581=ORIENTED_EDGE('',*,*,#1203,.T.);
#1582=ORIENTED_EDGE('',*,*,#1204,.T.);
#1583=ORIENTED_EDGE('',*,*,#1205,.T.);
#1584=ORIENTED_EDGE('',*,*,#1206,.T.);
#1585=ORIENTED_EDGE('',*,*,#1204,.F.);
#1586=ORIENTED_EDGE('',*,*,#1207,.F.);
#1587=ORIENTED_EDGE('',*,*,#1208,.F.);
#1588=ORIENTED_EDGE('',*,*,#1209,.T.);
#1589=ORIENTED_EDGE('',*,*,#1205,.F.);
#1590=ORIENTED_EDGE('',*,*,#1206,.F.);
#1591=ORIENTED_EDGE('',*,*,#1209,.F.);
#1592=ORIENTED_EDGE('',*,*,#1210,.T.);
#1593=ORIENTED_EDGE('',*,*,#1203,.F.);
#1594=ORIENTED_EDGE('',*,*,#1211,.T.);
#1595=ORIENTED_EDGE('',*,*,#1212,.T.);
#1596=ORIENTED_EDGE('',*,*,#1207,.T.);
#1597=ORIENTED_EDGE('',*,*,#1208,.T.);
#1598=ORIENTED_EDGE('',*,*,#1212,.F.);
#1599=ORIENTED_EDGE('',*,*,#1211,.F.);
#1600=ORIENTED_EDGE('',*,*,#1213,.T.);
#1601=ORIENTED_EDGE('',*,*,#1214,.T.);
#1602=ORIENTED_EDGE('',*,*,#1215,.T.);
#1603=ORIENTED_EDGE('',*,*,#1216,.T.);
#1604=ORIENTED_EDGE('',*,*,#1215,.F.);
#1605=ORIENTED_EDGE('',*,*,#1216,.F.);
#1606=ORIENTED_EDGE('',*,*,#1217,.T.);
#1607=ORIENTED_EDGE('',*,*,#1218,.T.);
#1608=ORIENTED_EDGE('',*,*,#1219,.T.);
#1609=ORIENTED_EDGE('',*,*,#1220,.T.);
#1610=ORIENTED_EDGE('',*,*,#1221,.T.);
#1611=ORIENTED_EDGE('',*,*,#1222,.T.);
#1612=ORIENTED_EDGE('',*,*,#1210,.F.);
#1613=ORIENTED_EDGE('',*,*,#1223,.T.);
#1614=ORIENTED_EDGE('',*,*,#1213,.F.);
#1615=ORIENTED_EDGE('',*,*,#1214,.F.);
#1616=ORIENTED_EDGE('',*,*,#1223,.F.);
#1617=ORIENTED_EDGE('',*,*,#1224,.F.);
#1618=ORIENTED_EDGE('',*,*,#1225,.T.);
#1619=ORIENTED_EDGE('',*,*,#1221,.F.);
#1620=ORIENTED_EDGE('',*,*,#1226,.F.);
#1621=ORIENTED_EDGE('',*,*,#1227,.F.);
#1622=ORIENTED_EDGE('',*,*,#1228,.T.);
#1623=ORIENTED_EDGE('',*,*,#1222,.F.);
#1624=ORIENTED_EDGE('',*,*,#1225,.F.);
#1625=ORIENTED_EDGE('',*,*,#1229,.F.);
#1626=ORIENTED_EDGE('',*,*,#1230,.T.);
#1627=ORIENTED_EDGE('',*,*,#1217,.F.);
#1628=ORIENTED_EDGE('',*,*,#1228,.F.);
#1629=ORIENTED_EDGE('',*,*,#1231,.F.);
#1630=ORIENTED_EDGE('',*,*,#1232,.F.);
#1631=ORIENTED_EDGE('',*,*,#1218,.F.);
#1632=ORIENTED_EDGE('',*,*,#1230,.F.);
#1633=ORIENTED_EDGE('',*,*,#1233,.F.);
#1634=ORIENTED_EDGE('',*,*,#1226,.T.);
#1635=ORIENTED_EDGE('',*,*,#1220,.F.);
#1636=ORIENTED_EDGE('',*,*,#1234,.F.);
#1637=ORIENTED_EDGE('',*,*,#1235,.F.);
#1638=ORIENTED_EDGE('',*,*,#1236,.F.);
#1639=ORIENTED_EDGE('',*,*,#1234,.T.);
#1640=ORIENTED_EDGE('',*,*,#1219,.F.);
#1641=ORIENTED_EDGE('',*,*,#1232,.T.);
#1642=ORIENTED_EDGE('',*,*,#1237,.T.);
#1643=ORIENTED_EDGE('',*,*,#1235,.T.);
#1644=ORIENTED_EDGE('',*,*,#1236,.T.);
#1645=ORIENTED_EDGE('',*,*,#1231,.T.);
#1646=ORIENTED_EDGE('',*,*,#1229,.T.);
#1647=ORIENTED_EDGE('',*,*,#1227,.T.);
#1648=ORIENTED_EDGE('',*,*,#1224,.T.);
#1649=ORIENTED_EDGE('',*,*,#1233,.T.);
#1650=ORIENTED_EDGE('',*,*,#1237,.F.);
#1651=ORIENTED_EDGE('',*,*,#1238,.T.);
#1652=ORIENTED_EDGE('',*,*,#1239,.T.);
#1653=ORIENTED_EDGE('',*,*,#1240,.T.);
#1654=ORIENTED_EDGE('',*,*,#1241,.T.);
#1655=ORIENTED_EDGE('',*,*,#1239,.F.);
#1656=ORIENTED_EDGE('',*,*,#1242,.F.);
#1657=ORIENTED_EDGE('',*,*,#1243,.F.);
#1658=ORIENTED_EDGE('',*,*,#1244,.T.);
#1659=ORIENTED_EDGE('',*,*,#1240,.F.);
#1660=ORIENTED_EDGE('',*,*,#1241,.F.);
#1661=ORIENTED_EDGE('',*,*,#1244,.F.);
#1662=ORIENTED_EDGE('',*,*,#1238,.F.);
#1663=ORIENTED_EDGE('',*,*,#1245,.T.);
#1664=ORIENTED_EDGE('',*,*,#1246,.T.);
#1665=ORIENTED_EDGE('',*,*,#1247,.T.);
#1666=ORIENTED_EDGE('',*,*,#1248,.T.);
#1667=ORIENTED_EDGE('',*,*,#1246,.F.);
#1668=ORIENTED_EDGE('',*,*,#1249,.F.);
#1669=ORIENTED_EDGE('',*,*,#1245,.F.);
#1670=ORIENTED_EDGE('',*,*,#1247,.F.);
#1671=ORIENTED_EDGE('',*,*,#1248,.F.);
#1672=ORIENTED_EDGE('',*,*,#1250,.T.);
#1673=ORIENTED_EDGE('',*,*,#1251,.T.);
#1674=ORIENTED_EDGE('',*,*,#1250,.F.);
#1675=ORIENTED_EDGE('',*,*,#1249,.T.);
#1676=ORIENTED_EDGE('',*,*,#1252,.T.);
#1677=ORIENTED_EDGE('',*,*,#1242,.T.);
#1678=ORIENTED_EDGE('',*,*,#1243,.T.);
#1679=ORIENTED_EDGE('',*,*,#1252,.F.);
#1680=ORIENTED_EDGE('',*,*,#1251,.F.);
#1681=ORIENTED_EDGE('',*,*,#1253,.T.);
#1682=ORIENTED_EDGE('',*,*,#1254,.T.);
#1683=ORIENTED_EDGE('',*,*,#1255,.T.);
#1684=ORIENTED_EDGE('',*,*,#1256,.T.);
#1685=ORIENTED_EDGE('',*,*,#1254,.F.);
#1686=ORIENTED_EDGE('',*,*,#1257,.F.);
#1687=ORIENTED_EDGE('',*,*,#1258,.F.);
#1688=ORIENTED_EDGE('',*,*,#1259,.T.);
#1689=ORIENTED_EDGE('',*,*,#1255,.F.);
#1690=ORIENTED_EDGE('',*,*,#1256,.F.);
#1691=ORIENTED_EDGE('',*,*,#1259,.F.);
#1692=ORIENTED_EDGE('',*,*,#1253,.F.);
#1693=ORIENTED_EDGE('',*,*,#1260,.T.);
#1694=ORIENTED_EDGE('',*,*,#1261,.T.);
#1695=ORIENTED_EDGE('',*,*,#1257,.T.);
#1696=ORIENTED_EDGE('',*,*,#1258,.T.);
#1697=ORIENTED_EDGE('',*,*,#1261,.F.);
#1698=ORIENTED_EDGE('',*,*,#1260,.F.);
#1699=ORIENTED_EDGE('',*,*,#1262,.T.);
#1700=ORIENTED_EDGE('',*,*,#1263,.F.);
#1701=ORIENTED_EDGE('',*,*,#1264,.T.);
#1702=ORIENTED_EDGE('',*,*,#1262,.F.);
#1703=ORIENTED_EDGE('',*,*,#1264,.F.);
#1704=ORIENTED_EDGE('',*,*,#1263,.T.);
#1705=ORIENTED_EDGE('',*,*,#1265,.F.);
#1706=ORIENTED_EDGE('',*,*,#1266,.T.);
#1707=ORIENTED_EDGE('',*,*,#1267,.F.);
#1708=ORIENTED_EDGE('',*,*,#1266,.F.);
#1709=ORIENTED_EDGE('',*,*,#1268,.T.);
#1710=ORIENTED_EDGE('',*,*,#1269,.T.);
#1711=ORIENTED_EDGE('',*,*,#1270,.F.);
#1712=ORIENTED_EDGE('',*,*,#1269,.F.);
#1713=ORIENTED_EDGE('',*,*,#1268,.F.);
#1714=ORIENTED_EDGE('',*,*,#1267,.T.);
#1715=ORIENTED_EDGE('',*,*,#1270,.T.);
#1716=ORIENTED_EDGE('',*,*,#1265,.T.);
#1717=ORIENTED_EDGE('',*,*,#1271,.T.);
#1718=ORIENTED_EDGE('',*,*,#1272,.T.);
#1719=ORIENTED_EDGE('',*,*,#1273,.T.);
#1720=ORIENTED_EDGE('',*,*,#1274,.T.);
#1721=ORIENTED_EDGE('',*,*,#1272,.F.);
#1722=ORIENTED_EDGE('',*,*,#1275,.F.);
#1723=ORIENTED_EDGE('',*,*,#1276,.F.);
#1724=ORIENTED_EDGE('',*,*,#1277,.T.);
#1725=ORIENTED_EDGE('',*,*,#1273,.F.);
#1726=ORIENTED_EDGE('',*,*,#1274,.F.);
#1727=ORIENTED_EDGE('',*,*,#1277,.F.);
#1728=ORIENTED_EDGE('',*,*,#1278,.T.);
#1729=ORIENTED_EDGE('',*,*,#1271,.F.);
#1730=ORIENTED_EDGE('',*,*,#1279,.T.);
#1731=ORIENTED_EDGE('',*,*,#1280,.T.);
#1732=ORIENTED_EDGE('',*,*,#1275,.T.);
#1733=ORIENTED_EDGE('',*,*,#1276,.T.);
#1734=ORIENTED_EDGE('',*,*,#1280,.F.);
#1735=ORIENTED_EDGE('',*,*,#1279,.F.);
#1736=ORIENTED_EDGE('',*,*,#1281,.T.);
#1737=ORIENTED_EDGE('',*,*,#1282,.T.);
#1738=ORIENTED_EDGE('',*,*,#1283,.T.);
#1739=ORIENTED_EDGE('',*,*,#1284,.T.);
#1740=ORIENTED_EDGE('',*,*,#1283,.F.);
#1741=ORIENTED_EDGE('',*,*,#1284,.F.);
#1742=ORIENTED_EDGE('',*,*,#1285,.T.);
#1743=ORIENTED_EDGE('',*,*,#1286,.T.);
#1744=ORIENTED_EDGE('',*,*,#1287,.T.);
#1745=ORIENTED_EDGE('',*,*,#1288,.T.);
#1746=ORIENTED_EDGE('',*,*,#1289,.T.);
#1747=ORIENTED_EDGE('',*,*,#1290,.T.);
#1748=ORIENTED_EDGE('',*,*,#1278,.F.);
#1749=ORIENTED_EDGE('',*,*,#1291,.T.);
#1750=ORIENTED_EDGE('',*,*,#1281,.F.);
#1751=ORIENTED_EDGE('',*,*,#1282,.F.);
#1752=ORIENTED_EDGE('',*,*,#1291,.F.);
#1753=ORIENTED_EDGE('',*,*,#1292,.F.);
#1754=ORIENTED_EDGE('',*,*,#1293,.T.);
#1755=ORIENTED_EDGE('',*,*,#1289,.F.);
#1756=ORIENTED_EDGE('',*,*,#1294,.F.);
#1757=ORIENTED_EDGE('',*,*,#1295,.F.);
#1758=ORIENTED_EDGE('',*,*,#1296,.T.);
#1759=ORIENTED_EDGE('',*,*,#1290,.F.);
#1760=ORIENTED_EDGE('',*,*,#1293,.F.);
#1761=ORIENTED_EDGE('',*,*,#1297,.F.);
#1762=ORIENTED_EDGE('',*,*,#1298,.T.);
#1763=ORIENTED_EDGE('',*,*,#1285,.F.);
#1764=ORIENTED_EDGE('',*,*,#1296,.F.);
#1765=ORIENTED_EDGE('',*,*,#1299,.F.);
#1766=ORIENTED_EDGE('',*,*,#1300,.F.);
#1767=ORIENTED_EDGE('',*,*,#1286,.F.);
#1768=ORIENTED_EDGE('',*,*,#1298,.F.);
#1769=ORIENTED_EDGE('',*,*,#1301,.F.);
#1770=ORIENTED_EDGE('',*,*,#1294,.T.);
#1771=ORIENTED_EDGE('',*,*,#1288,.F.);
#1772=ORIENTED_EDGE('',*,*,#1302,.F.);
#1773=ORIENTED_EDGE('',*,*,#1303,.F.);
#1774=ORIENTED_EDGE('',*,*,#1304,.F.);
#1775=ORIENTED_EDGE('',*,*,#1302,.T.);
#1776=ORIENTED_EDGE('',*,*,#1287,.F.);
#1777=ORIENTED_EDGE('',*,*,#1300,.T.);
#1778=ORIENTED_EDGE('',*,*,#1305,.T.);
#1779=ORIENTED_EDGE('',*,*,#1303,.T.);
#1780=ORIENTED_EDGE('',*,*,#1304,.T.);
#1781=ORIENTED_EDGE('',*,*,#1299,.T.);
#1782=ORIENTED_EDGE('',*,*,#1297,.T.);
#1783=ORIENTED_EDGE('',*,*,#1295,.T.);
#1784=ORIENTED_EDGE('',*,*,#1292,.T.);
#1785=ORIENTED_EDGE('',*,*,#1301,.T.);
#1786=ORIENTED_EDGE('',*,*,#1305,.F.);
#1787=ORIENTED_EDGE('',*,*,#1306,.T.);
#1788=ORIENTED_EDGE('',*,*,#1307,.T.);
#1789=ORIENTED_EDGE('',*,*,#1308,.T.);
#1790=ORIENTED_EDGE('',*,*,#1307,.F.);
#1791=ORIENTED_EDGE('',*,*,#1309,.F.);
#1792=ORIENTED_EDGE('',*,*,#1308,.F.);
#1793=ORIENTED_EDGE('',*,*,#1310,.F.);
#1794=ORIENTED_EDGE('',*,*,#1311,.T.);
#1795=ORIENTED_EDGE('',*,*,#1306,.F.);
#1796=ORIENTED_EDGE('',*,*,#1311,.F.);
#1797=ORIENTED_EDGE('',*,*,#1312,.T.);
#1798=ORIENTED_EDGE('',*,*,#1313,.T.);
#1799=ORIENTED_EDGE('',*,*,#1314,.T.);
#1800=ORIENTED_EDGE('',*,*,#1309,.T.);
#1801=ORIENTED_EDGE('',*,*,#1314,.F.);
#1802=ORIENTED_EDGE('',*,*,#1315,.F.);
#1803=ORIENTED_EDGE('',*,*,#1316,.F.);
#1804=ORIENTED_EDGE('',*,*,#1317,.T.);
#1805=ORIENTED_EDGE('',*,*,#1312,.F.);
#1806=ORIENTED_EDGE('',*,*,#1313,.F.);
#1807=ORIENTED_EDGE('',*,*,#1317,.F.);
#1808=ORIENTED_EDGE('',*,*,#1318,.T.);
#1809=ORIENTED_EDGE('',*,*,#1319,.T.);
#1810=ORIENTED_EDGE('',*,*,#1310,.T.);
#1811=ORIENTED_EDGE('',*,*,#1319,.F.);
#1812=ORIENTED_EDGE('',*,*,#1320,.F.);
#1813=ORIENTED_EDGE('',*,*,#1318,.F.);
#1814=ORIENTED_EDGE('',*,*,#1320,.T.);
#1815=ORIENTED_EDGE('',*,*,#1321,.T.);
#1816=ORIENTED_EDGE('',*,*,#1315,.T.);
#1817=ORIENTED_EDGE('',*,*,#1316,.T.);
#1818=ORIENTED_EDGE('',*,*,#1321,.F.);
#1819=ORIENTED_EDGE('',*,*,#1322,.T.);
#1820=ORIENTED_EDGE('',*,*,#1323,.T.);
#1821=ORIENTED_EDGE('',*,*,#1324,.T.);
#1822=ORIENTED_EDGE('',*,*,#1323,.F.);
#1823=ORIENTED_EDGE('',*,*,#1325,.F.);
#1824=ORIENTED_EDGE('',*,*,#1326,.F.);
#1825=ORIENTED_EDGE('',*,*,#1327,.T.);
#1826=ORIENTED_EDGE('',*,*,#1324,.F.);
#1827=ORIENTED_EDGE('',*,*,#1327,.F.);
#1828=ORIENTED_EDGE('',*,*,#1328,.T.);
#1829=ORIENTED_EDGE('',*,*,#1322,.F.);
#1830=ORIENTED_EDGE('',*,*,#1329,.T.);
#1831=ORIENTED_EDGE('',*,*,#1330,.T.);
#1832=ORIENTED_EDGE('',*,*,#1325,.T.);
#1833=ORIENTED_EDGE('',*,*,#1326,.T.);
#1834=ORIENTED_EDGE('',*,*,#1330,.F.);
#1835=ORIENTED_EDGE('',*,*,#1331,.T.);
#1836=ORIENTED_EDGE('',*,*,#1329,.F.);
#1837=ORIENTED_EDGE('',*,*,#1332,.F.);
#1838=ORIENTED_EDGE('',*,*,#1333,.F.);
#1839=ORIENTED_EDGE('',*,*,#1334,.F.);
#1840=ORIENTED_EDGE('',*,*,#1335,.F.);
#1841=ORIENTED_EDGE('',*,*,#1336,.F.);
#1842=ORIENTED_EDGE('',*,*,#1337,.T.);
#1843=ORIENTED_EDGE('',*,*,#1328,.F.);
#1844=ORIENTED_EDGE('',*,*,#1337,.F.);
#1845=ORIENTED_EDGE('',*,*,#1338,.F.);
#1846=ORIENTED_EDGE('',*,*,#1331,.F.);
#1847=ORIENTED_EDGE('',*,*,#1339,.T.);
#1848=ORIENTED_EDGE('',*,*,#1340,.F.);
#1849=ORIENTED_EDGE('',*,*,#1341,.F.);
#1850=ORIENTED_EDGE('',*,*,#1342,.F.);
#1851=ORIENTED_EDGE('',*,*,#1343,.F.);
#1852=ORIENTED_EDGE('',*,*,#1344,.F.);
#1853=ORIENTED_EDGE('',*,*,#1345,.F.);
#1854=ORIENTED_EDGE('',*,*,#1339,.F.);
#1855=ORIENTED_EDGE('',*,*,#1334,.T.);
#1856=ORIENTED_EDGE('',*,*,#1346,.T.);
#1857=ORIENTED_EDGE('',*,*,#1342,.T.);
#1858=ORIENTED_EDGE('',*,*,#1347,.F.);
#1859=ORIENTED_EDGE('',*,*,#1335,.T.);
#1860=ORIENTED_EDGE('',*,*,#1347,.T.);
#1861=ORIENTED_EDGE('',*,*,#1341,.T.);
#1862=ORIENTED_EDGE('',*,*,#1348,.F.);
#1863=ORIENTED_EDGE('',*,*,#1333,.T.);
#1864=ORIENTED_EDGE('',*,*,#1349,.T.);
#1865=ORIENTED_EDGE('',*,*,#1343,.T.);
#1866=ORIENTED_EDGE('',*,*,#1346,.F.);
#1867=ORIENTED_EDGE('',*,*,#1332,.T.);
#1868=ORIENTED_EDGE('',*,*,#1350,.T.);
#1869=ORIENTED_EDGE('',*,*,#1344,.T.);
#1870=ORIENTED_EDGE('',*,*,#1349,.F.);
#1871=ORIENTED_EDGE('',*,*,#1336,.T.);
#1872=ORIENTED_EDGE('',*,*,#1348,.T.);
#1873=ORIENTED_EDGE('',*,*,#1340,.T.);
#1874=ORIENTED_EDGE('',*,*,#1351,.F.);
#1875=ORIENTED_EDGE('',*,*,#1338,.T.);
#1876=ORIENTED_EDGE('',*,*,#1351,.T.);
#1877=ORIENTED_EDGE('',*,*,#1345,.T.);
#1878=ORIENTED_EDGE('',*,*,#1350,.F.);
#1879=ORIENTED_EDGE('',*,*,#1352,.T.);
#1880=ORIENTED_EDGE('',*,*,#1353,.T.);
#1881=ORIENTED_EDGE('',*,*,#1353,.F.);
#1882=ORIENTED_EDGE('',*,*,#1354,.F.);
#1883=ORIENTED_EDGE('',*,*,#1355,.T.);
#1884=ORIENTED_EDGE('',*,*,#1352,.F.);
#1885=ORIENTED_EDGE('',*,*,#1355,.F.);
#1886=ORIENTED_EDGE('',*,*,#1356,.T.);
#1887=ORIENTED_EDGE('',*,*,#1357,.T.);
#1888=ORIENTED_EDGE('',*,*,#1357,.F.);
#1889=ORIENTED_EDGE('',*,*,#1358,.F.);
#1890=ORIENTED_EDGE('',*,*,#1359,.T.);
#1891=ORIENTED_EDGE('',*,*,#1356,.F.);
#1892=ORIENTED_EDGE('',*,*,#1359,.F.);
#1893=ORIENTED_EDGE('',*,*,#1360,.F.);
#1894=ORIENTED_EDGE('',*,*,#1361,.T.);
#1895=ORIENTED_EDGE('',*,*,#1362,.T.);
#1896=ORIENTED_EDGE('',*,*,#1361,.F.);
#1897=ORIENTED_EDGE('',*,*,#1360,.T.);
#1898=ORIENTED_EDGE('',*,*,#1363,.T.);
#1899=ORIENTED_EDGE('',*,*,#1364,.F.);
#1900=ORIENTED_EDGE('',*,*,#1363,.F.);
#1901=ORIENTED_EDGE('',*,*,#1365,.F.);
#1902=ORIENTED_EDGE('',*,*,#1366,.F.);
#1903=ORIENTED_EDGE('',*,*,#1367,.T.);
#1904=ORIENTED_EDGE('',*,*,#1364,.T.);
#1905=ORIENTED_EDGE('',*,*,#1367,.F.);
#1906=ORIENTED_EDGE('',*,*,#1368,.F.);
#1907=ORIENTED_EDGE('',*,*,#1369,.T.);
#1908=ORIENTED_EDGE('',*,*,#1365,.T.);
#1909=ORIENTED_EDGE('',*,*,#1366,.T.);
#1910=ORIENTED_EDGE('',*,*,#1369,.F.);
#1911=ORIENTED_EDGE('',*,*,#1370,.F.);
#1912=ORIENTED_EDGE('',*,*,#1371,.F.);
#1913=ORIENTED_EDGE('',*,*,#1372,.T.);
#1914=ORIENTED_EDGE('',*,*,#1370,.T.);
#1915=ORIENTED_EDGE('',*,*,#1368,.T.);
#1916=ORIENTED_EDGE('',*,*,#1372,.F.);
#1917=ORIENTED_EDGE('',*,*,#1371,.T.);
#1918=ORIENTED_EDGE('',*,*,#1373,.T.);
#1919=ORIENTED_EDGE('',*,*,#1374,.F.);
#1920=ORIENTED_EDGE('',*,*,#1373,.F.);
#1921=ORIENTED_EDGE('',*,*,#1375,.F.);
#1922=ORIENTED_EDGE('',*,*,#1376,.T.);
#1923=ORIENTED_EDGE('',*,*,#1374,.T.);
#1924=ORIENTED_EDGE('',*,*,#1376,.F.);
#1925=ORIENTED_EDGE('',*,*,#1375,.T.);
#1926=ORIENTED_EDGE('',*,*,#1358,.T.);
#1927=ORIENTED_EDGE('',*,*,#1362,.F.);
#1928=ORIENTED_EDGE('',*,*,#1354,.T.);
#1929=ORIENTED_EDGE('',*,*,#1377,.T.);
#1930=ORIENTED_EDGE('',*,*,#1378,.T.);
#1931=ORIENTED_EDGE('',*,*,#1379,.T.);
#1932=ORIENTED_EDGE('',*,*,#1380,.T.);
#1933=ORIENTED_EDGE('',*,*,#1378,.F.);
#1934=ORIENTED_EDGE('',*,*,#1379,.F.);
#1935=ORIENTED_EDGE('',*,*,#1380,.F.);
#1936=ORIENTED_EDGE('',*,*,#1381,.T.);
#1937=ORIENTED_EDGE('',*,*,#1382,.F.);
#1938=ORIENTED_EDGE('',*,*,#1383,.F.);
#1939=ORIENTED_EDGE('',*,*,#1381,.F.);
#1940=ORIENTED_EDGE('',*,*,#1377,.F.);
#1941=ORIENTED_EDGE('',*,*,#1384,.T.);
#1942=ORIENTED_EDGE('',*,*,#1385,.T.);
#1943=ORIENTED_EDGE('',*,*,#1386,.T.);
#1944=ORIENTED_EDGE('',*,*,#1382,.T.);
#1945=ORIENTED_EDGE('',*,*,#1383,.T.);
#1946=ORIENTED_EDGE('',*,*,#1386,.F.);
#1947=ORIENTED_EDGE('',*,*,#1384,.F.);
#1948=ORIENTED_EDGE('',*,*,#1385,.F.);
#1949=ORIENTED_EDGE('',*,*,#1387,.T.);
#1950=ORIENTED_EDGE('',*,*,#1388,.T.);
#1951=ORIENTED_EDGE('',*,*,#1387,.F.);
#1952=ORIENTED_EDGE('',*,*,#1389,.F.);
#1953=ORIENTED_EDGE('',*,*,#1390,.F.);
#1954=ORIENTED_EDGE('',*,*,#1391,.F.);
#1955=ORIENTED_EDGE('',*,*,#1392,.T.);
#1956=ORIENTED_EDGE('',*,*,#1393,.F.);
#1957=ORIENTED_EDGE('',*,*,#1392,.F.);
#1958=ORIENTED_EDGE('',*,*,#1394,.F.);
#1959=ORIENTED_EDGE('',*,*,#1395,.T.);
#1960=ORIENTED_EDGE('',*,*,#1396,.F.);
#1961=ORIENTED_EDGE('',*,*,#1395,.F.);
#1962=ORIENTED_EDGE('',*,*,#1397,.F.);
#1963=ORIENTED_EDGE('',*,*,#1398,.T.);
#1964=ORIENTED_EDGE('',*,*,#1399,.F.);
#1965=ORIENTED_EDGE('',*,*,#1398,.F.);
#1966=ORIENTED_EDGE('',*,*,#1400,.F.);
#1967=ORIENTED_EDGE('',*,*,#1401,.T.);
#1968=ORIENTED_EDGE('',*,*,#1402,.F.);
#1969=ORIENTED_EDGE('',*,*,#1401,.F.);
#1970=ORIENTED_EDGE('',*,*,#1403,.F.);
#1971=ORIENTED_EDGE('',*,*,#1404,.T.);
#1972=ORIENTED_EDGE('',*,*,#1405,.F.);
#1973=ORIENTED_EDGE('',*,*,#1404,.F.);
#1974=ORIENTED_EDGE('',*,*,#1406,.F.);
#1975=ORIENTED_EDGE('',*,*,#1390,.T.);
#1976=ORIENTED_EDGE('',*,*,#1389,.T.);
#1977=ORIENTED_EDGE('',*,*,#1393,.T.);
#1978=ORIENTED_EDGE('',*,*,#1396,.T.);
#1979=ORIENTED_EDGE('',*,*,#1399,.T.);
#1980=ORIENTED_EDGE('',*,*,#1402,.T.);
#1981=ORIENTED_EDGE('',*,*,#1405,.T.);
#1982=ORIENTED_EDGE('',*,*,#1407,.F.);
#1983=ORIENTED_EDGE('',*,*,#1391,.T.);
#1984=ORIENTED_EDGE('',*,*,#1406,.T.);
#1985=ORIENTED_EDGE('',*,*,#1403,.T.);
#1986=ORIENTED_EDGE('',*,*,#1400,.T.);
#1987=ORIENTED_EDGE('',*,*,#1397,.T.);
#1988=ORIENTED_EDGE('',*,*,#1394,.T.);
#1989=ORIENTED_EDGE('',*,*,#1388,.F.);
#1990=ORIENTED_EDGE('',*,*,#1408,.T.);
#1991=ORIENTED_EDGE('',*,*,#1407,.T.);
#1992=ORIENTED_EDGE('',*,*,#1408,.F.);
#1993=PLANE('',#2462);
#1994=PLANE('',#2466);
#1995=PLANE('',#2470);
#1996=PLANE('',#2474);
#1997=PLANE('',#2477);
#1998=PLANE('',#2478);
#1999=PLANE('',#2482);
#2000=PLANE('',#2486);
#2001=PLANE('',#2490);
#2002=PLANE('',#2493);
#2003=PLANE('',#2495);
#2004=PLANE('',#2500);
#2005=PLANE('',#2502);
#2006=PLANE('',#2514);
#2007=PLANE('',#2518);
#2008=PLANE('',#2529);
#2009=PLANE('',#2547);
#2010=PLANE('',#2551);
#2011=PLANE('',#2557);
#2012=PLANE('',#2559);
#2013=PLANE('',#2560);
#2014=PLANE('',#2561);
#2015=PLANE('',#2562);
#2016=PLANE('',#2563);
#2017=PLANE('',#2564);
#2018=PLANE('',#2574);
#2019=PLANE('',#2579);
#2020=PLANE('',#2584);
#2021=PLANE('',#2593);
#2022=PLANE('',#2596);
#2023=PLANE('',#2598);
#2024=PLANE('',#2602);
#2025=PLANE('',#2610);
#2026=PLANE('',#2611);
#2027=PLANE('',#2621);
#2028=PLANE('',#2625);
#2029=PLANE('',#2631);
#2030=PLANE('',#2633);
#2031=PLANE('',#2634);
#2032=PLANE('',#2635);
#2033=PLANE('',#2636);
#2034=PLANE('',#2637);
#2035=PLANE('',#2638);
#2036=PLANE('',#2644);
#2037=PLANE('',#2656);
#2038=PLANE('',#2666);
#2039=PLANE('',#2670);
#2040=PLANE('',#2674);
#2041=PLANE('',#2675);
#2042=PLANE('',#2676);
#2043=PLANE('',#2677);
#2044=PLANE('',#2678);
#2045=PLANE('',#2679);
#2046=PLANE('',#2712);
#2047=PLANE('',#2713);
#2048=PLANE('',#2722);
#2049=PLANE('',#2729);
#2050=PLANE('',#2730);
#2051=PLANE('',#2731);
#2052=PLANE('',#2732);
#2053=PLANE('',#2733);
#2054=PLANE('',#2734);
#2055=PLANE('',#2735);
#2056=PLANE('',#2736);
#2057=ADVANCED_FACE('',(#360),#1993,.T.);
#2058=ADVANCED_FACE('',(#361),#325,.T.);
#2059=ADVANCED_FACE('',(#362),#1994,.T.);
#2060=ADVANCED_FACE('',(#363),#326,.T.);
#2061=ADVANCED_FACE('',(#364),#1995,.T.);
#2062=ADVANCED_FACE('',(#365),#327,.T.);
#2063=ADVANCED_FACE('',(#366),#1996,.T.);
#2064=ADVANCED_FACE('',(#367),#169,.T.);
#2065=ADVANCED_FACE('',(#368),#1997,.T.);
#2066=ADVANCED_FACE('',(#369,#148,#149),#1998,.T.);
#2067=ADVANCED_FACE('',(#370),#1999,.T.);
#2068=ADVANCED_FACE('',(#371),#328,.T.);
#2069=ADVANCED_FACE('',(#372),#2000,.T.);
#2070=ADVANCED_FACE('',(#373),#329,.T.);
#2071=ADVANCED_FACE('',(#374),#2001,.T.);
#2072=ADVANCED_FACE('',(#375),#330,.T.);
#2073=ADVANCED_FACE('',(#376),#2002,.T.);
#2074=ADVANCED_FACE('',(#377),#170,.T.);
#2075=ADVANCED_FACE('',(#378,#150,#151),#2003,.T.);
#2076=ADVANCED_FACE('',(#379),#171,.T.);
#2077=ADVANCED_FACE('',(#380),#2004,.F.);
#2078=ADVANCED_FACE('',(#381),#172,.F.);
#2079=ADVANCED_FACE('',(#382),#2005,.F.);
#2080=ADVANCED_FACE('',(#383),#173,.F.);
#2081=ADVANCED_FACE('',(#384),#331,.F.);
#2082=ADVANCED_FACE('',(#385),#174,.F.);
#2083=ADVANCED_FACE('',(#386),#332,.F.);
#2084=ADVANCED_FACE('',(#387),#175,.F.);
#2085=ADVANCED_FACE('',(#388,#152),#2006,.T.);
#2086=ADVANCED_FACE('',(#389),#333,.F.);
#2087=ADVANCED_FACE('',(#390,#153),#2007,.T.);
#2088=ADVANCED_FACE('',(#391),#334,.T.);
#2089=ADVANCED_FACE('',(#392),#176,.T.);
#2090=ADVANCED_FACE('',(#393),#335,.F.);
#2091=ADVANCED_FACE('',(#394,#154),#2008,.T.);
#2092=ADVANCED_FACE('',(#395),#336,.F.);
#2093=ADVANCED_FACE('',(#396),#337,.T.);
#2094=ADVANCED_FACE('',(#397),#338,.T.);
#2095=ADVANCED_FACE('',(#398),#177,.F.);
#2096=ADVANCED_FACE('',(#399),#89,.F.);
#2097=ADVANCED_FACE('',(#400),#178,.T.);
#2098=ADVANCED_FACE('',(#401,#155),#2009,.T.);
#2099=ADVANCED_FACE('',(#402),#339,.T.);
#2100=ADVANCED_FACE('',(#403),#2010,.T.);
#2101=ADVANCED_FACE('',(#404),#90,.T.);
#2102=ADVANCED_FACE('',(#405,#156),#2011,.T.);
#2103=ADVANCED_FACE('',(#406),#179,.T.);
#2104=ADVANCED_FACE('',(#407),#2012,.F.);
#2105=ADVANCED_FACE('',(#408),#2013,.F.);
#2106=ADVANCED_FACE('',(#409),#2014,.F.);
#2107=ADVANCED_FACE('',(#410),#2015,.F.);
#2108=ADVANCED_FACE('',(#411),#2016,.F.);
#2109=ADVANCED_FACE('',(#412),#2017,.F.);
#2110=ADVANCED_FACE('',(#413),#340,.F.);
#2111=ADVANCED_FACE('',(#414),#341,.T.);
#2112=ADVANCED_FACE('',(#415),#180,.T.);
#2113=ADVANCED_FACE('',(#416),#2018,.F.);
#2114=ADVANCED_FACE('',(#417),#342,.F.);
#2115=ADVANCED_FACE('',(#418,#157),#2019,.T.);
#2116=ADVANCED_FACE('',(#419),#181,.F.);
#2117=ADVANCED_FACE('',(#420),#343,.T.);
#2118=ADVANCED_FACE('',(#421),#2020,.T.);
#2119=ADVANCED_FACE('',(#422),#344,.T.);
#2120=ADVANCED_FACE('',(#423),#182,.T.);
#2121=ADVANCED_FACE('',(#424),#2021,.F.);
#2122=ADVANCED_FACE('',(#425),#345,.T.);
#2123=ADVANCED_FACE('',(#426),#2022,.T.);
#2124=ADVANCED_FACE('',(#427),#2023,.F.);
#2125=ADVANCED_FACE('',(#428),#183,.T.);
#2126=ADVANCED_FACE('',(#429),#2024,.T.);
#2127=ADVANCED_FACE('',(#430),#184,.F.);
#2128=ADVANCED_FACE('',(#431),#185,.T.);
#2129=ADVANCED_FACE('',(#432,#158),#2025,.F.);
#2130=ADVANCED_FACE('',(#433,#159),#2026,.T.);
#2131=ADVANCED_FACE('',(#434),#91,.F.);
#2132=ADVANCED_FACE('',(#435),#186,.T.);
#2133=ADVANCED_FACE('',(#436,#160),#2027,.T.);
#2134=ADVANCED_FACE('',(#437),#346,.T.);
#2135=ADVANCED_FACE('',(#438),#2028,.T.);
#2136=ADVANCED_FACE('',(#439),#92,.T.);
#2137=ADVANCED_FACE('',(#440,#161),#2029,.T.);
#2138=ADVANCED_FACE('',(#441),#187,.T.);
#2139=ADVANCED_FACE('',(#442),#2030,.F.);
#2140=ADVANCED_FACE('',(#443),#2031,.F.);
#2141=ADVANCED_FACE('',(#444),#2032,.F.);
#2142=ADVANCED_FACE('',(#445),#2033,.F.);
#2143=ADVANCED_FACE('',(#446),#2034,.F.);
#2144=ADVANCED_FACE('',(#447),#2035,.F.);
#2145=ADVANCED_FACE('',(#448),#347,.F.);
#2146=ADVANCED_FACE('',(#449),#348,.F.);
#2147=ADVANCED_FACE('',(#450,#162),#2036,.F.);
#2148=ADVANCED_FACE('',(#451),#188,.F.);
#2149=ADVANCED_FACE('',(#452),#349,.T.);
#2150=ADVANCED_FACE('',(#453),#189,.T.);
#2151=ADVANCED_FACE('',(#454),#350,.F.);
#2152=ADVANCED_FACE('',(#455,#163),#2037,.T.);
#2153=ADVANCED_FACE('',(#456),#351,.T.);
#2154=ADVANCED_FACE('',(#457),#352,.F.);
#2155=ADVANCED_FACE('',(#458),#190,.F.);
#2156=ADVANCED_FACE('',(#459,#164),#2038,.F.);
#2157=ADVANCED_FACE('',(#460),#353,.F.);
#2158=ADVANCED_FACE('',(#461,#165),#2039,.T.);
#2159=ADVANCED_FACE('',(#462),#354,.T.);
#2160=ADVANCED_FACE('',(#463),#355,.T.);
#2161=ADVANCED_FACE('',(#464),#2040,.T.);
#2162=ADVANCED_FACE('',(#465),#2041,.T.);
#2163=ADVANCED_FACE('',(#466),#2042,.T.);
#2164=ADVANCED_FACE('',(#467),#2043,.T.);
#2165=ADVANCED_FACE('',(#468),#2044,.T.);
#2166=ADVANCED_FACE('',(#469),#2045,.T.);
#2167=ADVANCED_FACE('',(#470),#356,.F.);
#2168=ADVANCED_FACE('',(#471),#191,.F.);
#2169=ADVANCED_FACE('',(#472),#357,.F.);
#2170=ADVANCED_FACE('',(#473),#192,.F.);
#2171=ADVANCED_FACE('',(#474),#93,.T.);
#2172=ADVANCED_FACE('',(#475),#94,.F.);
#2173=ADVANCED_FACE('',(#476),#95,.T.);
#2174=ADVANCED_FACE('',(#477),#193,.T.);
#2175=ADVANCED_FACE('',(#478),#96,.T.);
#2176=ADVANCED_FACE('',(#479),#97,.F.);
#2177=ADVANCED_FACE('',(#480),#98,.T.);
#2178=ADVANCED_FACE('',(#481,#166),#2046,.T.);
#2179=ADVANCED_FACE('',(#482,#167),#2047,.T.);
#2180=ADVANCED_FACE('',(#483),#358,.T.);
#2181=ADVANCED_FACE('',(#484),#194,.T.);
#2182=ADVANCED_FACE('',(#485),#2048,.T.);
#2183=ADVANCED_FACE('',(#486),#99,.F.);
#2184=ADVANCED_FACE('',(#487),#359,.T.);
#2185=ADVANCED_FACE('',(#488),#2049,.F.);
#2186=ADVANCED_FACE('',(#489),#2050,.F.);
#2187=ADVANCED_FACE('',(#490),#2051,.F.);
#2188=ADVANCED_FACE('',(#491),#2052,.F.);
#2189=ADVANCED_FACE('',(#492),#2053,.F.);
#2190=ADVANCED_FACE('',(#493),#2054,.F.);
#2191=ADVANCED_FACE('',(#494),#2055,.T.);
#2192=ADVANCED_FACE('',(#495,#168),#2056,.T.);
#2193=ADVANCED_FACE('',(#496),#195,.T.);
#2194=CLOSED_SHELL('',(#2057,#2058,#2059,#2060,#2061,#2062,#2063,#2064,
#2065,#2066,#2067,#2068,#2069,#2070,#2071,#2072,#2073,#2074,#2075,#2076,
#2077,#2078,#2079,#2080,#2081,#2082));
#2195=CLOSED_SHELL('',(#2083,#2084,#2085,#2086,#2087,#2088,#2089,#2090,
#2091,#2092,#2093,#2094,#2095));
#2196=CLOSED_SHELL('',(#2096,#2097,#2098,#2099,#2100,#2101,#2102,#2103,
#2104,#2105,#2106,#2107,#2108,#2109,#2110));
#2197=CLOSED_SHELL('',(#2111,#2112,#2113,#2114,#2115,#2116,#2117,#2118));
#2198=CLOSED_SHELL('',(#2119,#2120,#2121,#2122,#2123));
#2199=CLOSED_SHELL('',(#2124,#2125,#2126));
#2200=CLOSED_SHELL('',(#2127,#2128,#2129,#2130));
#2201=CLOSED_SHELL('',(#2131,#2132,#2133,#2134,#2135,#2136,#2137,#2138,
#2139,#2140,#2141,#2142,#2143,#2144,#2145));
#2202=CLOSED_SHELL('',(#2146,#2147,#2148,#2149,#2150,#2151,#2152,#2153));
#2203=CLOSED_SHELL('',(#2154,#2155,#2156,#2157,#2158,#2159,#2160,#2161,
#2162,#2163,#2164,#2165,#2166));
#2204=CLOSED_SHELL('',(#2167,#2168,#2169,#2170,#2171,#2172,#2173,#2174,
#2175,#2176,#2177,#2178,#2179));
#2205=CLOSED_SHELL('',(#2180,#2181,#2182,#2183,#2184,#2185,#2186,#2187,
#2188,#2189,#2190,#2191,#2192,#2193));
#2206=DERIVED_UNIT_ELEMENT(#2230,1.);
#2207=DERIVED_UNIT_ELEMENT(#4197,3.);
#2208=DERIVED_UNIT_ELEMENT(#2230,1.);
#2209=DERIVED_UNIT_ELEMENT(#4197,3.);
#2210=DERIVED_UNIT_ELEMENT(#2230,1.);
#2211=DERIVED_UNIT_ELEMENT(#4197,3.);
#2212=DERIVED_UNIT_ELEMENT(#2230,1.);
#2213=DERIVED_UNIT_ELEMENT(#4197,3.);
#2214=DERIVED_UNIT_ELEMENT(#2230,1.);
#2215=DERIVED_UNIT_ELEMENT(#4197,3.);
#2216=DERIVED_UNIT_ELEMENT(#2230,1.);
#2217=DERIVED_UNIT_ELEMENT(#4197,3.);
#2218=DERIVED_UNIT_ELEMENT(#2230,1.);
#2219=DERIVED_UNIT_ELEMENT(#4197,3.);
#2220=DERIVED_UNIT_ELEMENT(#2230,1.);
#2221=DERIVED_UNIT_ELEMENT(#4197,3.);
#2222=DERIVED_UNIT_ELEMENT(#2230,1.);
#2223=DERIVED_UNIT_ELEMENT(#4197,3.);
#2224=DERIVED_UNIT_ELEMENT(#2230,1.);
#2225=DERIVED_UNIT_ELEMENT(#4197,3.);
#2226=DERIVED_UNIT_ELEMENT(#2230,1.);
#2227=DERIVED_UNIT_ELEMENT(#4197,3.);
#2228=DERIVED_UNIT_ELEMENT(#2230,1.);
#2229=DERIVED_UNIT_ELEMENT(#4197,3.);
#2230=(
MASS_UNIT()
NAMED_UNIT(*)
SI_UNIT($,.GRAM.)
);
#2231=DERIVED_UNIT((#2206,#2207));
#2232=DERIVED_UNIT((#2208,#2209));
#2233=DERIVED_UNIT((#2210,#2211));
#2234=DERIVED_UNIT((#2212,#2213));
#2235=DERIVED_UNIT((#2214,#2215));
#2236=DERIVED_UNIT((#2216,#2217));
#2237=DERIVED_UNIT((#2218,#2219));
#2238=DERIVED_UNIT((#2220,#2221));
#2239=DERIVED_UNIT((#2222,#2223));
#2240=DERIVED_UNIT((#2224,#2225));
#2241=DERIVED_UNIT((#2226,#2227));
#2242=DERIVED_UNIT((#2228,#2229));
#2243=MEASURE_REPRESENTATION_ITEM('density measure',
POSITIVE_RATIO_MEASURE(8.47),#2231);
#2244=MEASURE_REPRESENTATION_ITEM('density measure',
POSITIVE_RATIO_MEASURE(8.47),#2232);
#2245=MEASURE_REPRESENTATION_ITEM('density measure',
POSITIVE_RATIO_MEASURE(7.75),#2233);
#2246=MEASURE_REPRESENTATION_ITEM('density measure',
POSITIVE_RATIO_MEASURE(8.47),#2234);
#2247=MEASURE_REPRESENTATION_ITEM('density measure',
POSITIVE_RATIO_MEASURE(1.82745),#2235);
#2248=MEASURE_REPRESENTATION_ITEM('density measure',
POSITIVE_RATIO_MEASURE(1.021),#2236);
#2249=MEASURE_REPRESENTATION_ITEM('density measure',
POSITIVE_RATIO_MEASURE(8.),#2237);
#2250=MEASURE_REPRESENTATION_ITEM('density measure',
POSITIVE_RATIO_MEASURE(7.75),#2238);
#2251=MEASURE_REPRESENTATION_ITEM('density measure',
POSITIVE_RATIO_MEASURE(0.93),#2239);
#2252=MEASURE_REPRESENTATION_ITEM('density measure',
POSITIVE_RATIO_MEASURE(7.75),#2240);
#2253=MEASURE_REPRESENTATION_ITEM('density measure',
POSITIVE_RATIO_MEASURE(8.),#2241);
#2254=MEASURE_REPRESENTATION_ITEM('density measure',
POSITIVE_RATIO_MEASURE(7.85),#2242);
#2255=PROPERTY_DEFINITION_REPRESENTATION(#2315,#2279);
#2256=PROPERTY_DEFINITION_REPRESENTATION(#2316,#2280);
#2257=PROPERTY_DEFINITION_REPRESENTATION(#2317,#2281);
#2258=PROPERTY_DEFINITION_REPRESENTATION(#2318,#2282);
#2259=PROPERTY_DEFINITION_REPRESENTATION(#2319,#2283);
#2260=PROPERTY_DEFINITION_REPRESENTATION(#2320,#2284);
#2261=PROPERTY_DEFINITION_REPRESENTATION(#2321,#2285);
#2262=PROPERTY_DEFINITION_REPRESENTATION(#2322,#2286);
#2263=PROPERTY_DEFINITION_REPRESENTATION(#2323,#2287);
#2264=PROPERTY_DEFINITION_REPRESENTATION(#2324,#2288);
#2265=PROPERTY_DEFINITION_REPRESENTATION(#2325,#2289);
#2266=PROPERTY_DEFINITION_REPRESENTATION(#2326,#2290);
#2267=PROPERTY_DEFINITION_REPRESENTATION(#2327,#2291);
#2268=PROPERTY_DEFINITION_REPRESENTATION(#2328,#2292);
#2269=PROPERTY_DEFINITION_REPRESENTATION(#2329,#2293);
#2270=PROPERTY_DEFINITION_REPRESENTATION(#2330,#2294);
#2271=PROPERTY_DEFINITION_REPRESENTATION(#2331,#2295);
#2272=PROPERTY_DEFINITION_REPRESENTATION(#2332,#2296);
#2273=PROPERTY_DEFINITION_REPRESENTATION(#2333,#2297);
#2274=PROPERTY_DEFINITION_REPRESENTATION(#2334,#2298);
#2275=PROPERTY_DEFINITION_REPRESENTATION(#2335,#2299);
#2276=PROPERTY_DEFINITION_REPRESENTATION(#2336,#2300);
#2277=PROPERTY_DEFINITION_REPRESENTATION(#2337,#2301);
#2278=PROPERTY_DEFINITION_REPRESENTATION(#2338,#2302);
#2279=REPRESENTATION('material name',(#2303),#4183);
#2280=REPRESENTATION('density',(#2243),#4183);
#2281=REPRESENTATION('material name',(#2304),#4184);
#2282=REPRESENTATION('density',(#2244),#4184);
#2283=REPRESENTATION('material name',(#2305),#4185);
#2284=REPRESENTATION('density',(#2245),#4185);
#2285=REPRESENTATION('material name',(#2306),#4186);
#2286=REPRESENTATION('density',(#2246),#4186);
#2287=REPRESENTATION('material name',(#2307),#4187);
#2288=REPRESENTATION('density',(#2247),#4187);
#2289=REPRESENTATION('material name',(#2308),#4188);
#2290=REPRESENTATION('density',(#2248),#4188);
#2291=REPRESENTATION('material name',(#2309),#4189);
#2292=REPRESENTATION('density',(#2249),#4189);
#2293=REPRESENTATION('material name',(#2310),#4190);
#2294=REPRESENTATION('density',(#2250),#4190);
#2295=REPRESENTATION('material name',(#2311),#4191);
#2296=REPRESENTATION('density',(#2251),#4191);
#2297=REPRESENTATION('material name',(#2312),#4192);
#2298=REPRESENTATION('density',(#2252),#4192);
#2299=REPRESENTATION('material name',(#2313),#4193);
#2300=REPRESENTATION('density',(#2253),#4193);
#2301=REPRESENTATION('material name',(#2314),#4194);
#2302=REPRESENTATION('density',(#2254),#4194);
#2303=DESCRIPTIVE_REPRESENTATION_ITEM('Brass, Soft Yellow',
'Brass, Soft Yellow');
#2304=DESCRIPTIVE_REPRESENTATION_ITEM('Brass, Soft Yellow',
'Brass, Soft Yellow');
#2305=DESCRIPTIVE_REPRESENTATION_ITEM('Stainless Steel, 440C',
'Stainless Steel, 440C');
#2306=DESCRIPTIVE_REPRESENTATION_ITEM('Brass, Soft Yellow',
'Brass, Soft Yellow');
#2307=DESCRIPTIVE_REPRESENTATION_ITEM('Magnesium AZ63A',
'Magnesium AZ63A');
#2308=DESCRIPTIVE_REPRESENTATION_ITEM('Polystyrene','Polystyrene');
#2309=DESCRIPTIVE_REPRESENTATION_ITEM('Stainless Steel',
'Stainless Steel');
#2310=DESCRIPTIVE_REPRESENTATION_ITEM('Stainless Steel, 440C',
'Stainless Steel, 440C');
#2311=DESCRIPTIVE_REPRESENTATION_ITEM('Rubber','Rubber');
#2312=DESCRIPTIVE_REPRESENTATION_ITEM('Stainless Steel, 440C',
'Stainless Steel, 440C');
#2313=DESCRIPTIVE_REPRESENTATION_ITEM('Stainless Steel',
'Stainless Steel');
#2314=DESCRIPTIVE_REPRESENTATION_ITEM('Steel, Mild','Steel, Mild');
#2315=PROPERTY_DEFINITION('material property','material name',#4254);
#2316=PROPERTY_DEFINITION('material property','density of part',#4254);
#2317=PROPERTY_DEFINITION('material property','material name',#4255);
#2318=PROPERTY_DEFINITION('material property','density of part',#4255);
#2319=PROPERTY_DEFINITION('material property','material name',#4256);
#2320=PROPERTY_DEFINITION('material property','density of part',#4256);
#2321=PROPERTY_DEFINITION('material property','material name',#4257);
#2322=PROPERTY_DEFINITION('material property','density of part',#4257);
#2323=PROPERTY_DEFINITION('material property','material name',#4258);
#2324=PROPERTY_DEFINITION('material property','density of part',#4258);
#2325=PROPERTY_DEFINITION('material property','material name',#4259);
#2326=PROPERTY_DEFINITION('material property','density of part',#4259);
#2327=PROPERTY_DEFINITION('material property','material name',#4260);
#2328=PROPERTY_DEFINITION('material property','density of part',#4260);
#2329=PROPERTY_DEFINITION('material property','material name',#4261);
#2330=PROPERTY_DEFINITION('material property','density of part',#4261);
#2331=PROPERTY_DEFINITION('material property','material name',#4262);
#2332=PROPERTY_DEFINITION('material property','density of part',#4262);
#2333=PROPERTY_DEFINITION('material property','material name',#4263);
#2334=PROPERTY_DEFINITION('material property','density of part',#4263);
#2335=PROPERTY_DEFINITION('material property','material name',#4264);
#2336=PROPERTY_DEFINITION('material property','density of part',#4264);
#2337=PROPERTY_DEFINITION('material property','material name',#4265);
#2338=PROPERTY_DEFINITION('material property','density of part',#4265);
#2339=PRESENTATION_STYLE_ASSIGNMENT((#2344));
#2340=PRESENTATION_STYLE_ASSIGNMENT((#2345));
#2341=PRESENTATION_STYLE_ASSIGNMENT((#2346));
#2342=PRESENTATION_STYLE_ASSIGNMENT((#2347));
#2343=PRESENTATION_STYLE_ASSIGNMENT((#2348));
#2344=SURFACE_STYLE_USAGE(.BOTH.,#2357);
#2345=SURFACE_STYLE_USAGE(.BOTH.,#2358);
#2346=SURFACE_STYLE_USAGE(.BOTH.,#2359);
#2347=SURFACE_STYLE_USAGE(.BOTH.,#2360);
#2348=SURFACE_STYLE_USAGE(.BOTH.,#2361);
#2349=SURFACE_STYLE_RENDERING_WITH_PROPERTIES($,#2377,(#2353));
#2350=SURFACE_STYLE_RENDERING_WITH_PROPERTIES($,#2378,(#2354));
#2351=SURFACE_STYLE_RENDERING_WITH_PROPERTIES($,#2379,(#2355));
#2352=SURFACE_STYLE_RENDERING_WITH_PROPERTIES($,#2380,(#2356));
#2353=SURFACE_STYLE_TRANSPARENT(0.);
#2354=SURFACE_STYLE_TRANSPARENT(0.);
#2355=SURFACE_STYLE_TRANSPARENT(0.);
#2356=SURFACE_STYLE_TRANSPARENT(0.);
#2357=SURFACE_SIDE_STYLE('',(#2362,#2349));
#2358=SURFACE_SIDE_STYLE('',(#2363,#2350));
#2359=SURFACE_SIDE_STYLE('',(#2364,#2351));
#2360=SURFACE_SIDE_STYLE('',(#2365,#2352));
#2361=SURFACE_SIDE_STYLE('',(#2366));
#2362=SURFACE_STYLE_FILL_AREA(#2367);
#2363=SURFACE_STYLE_FILL_AREA(#2368);
#2364=SURFACE_STYLE_FILL_AREA(#2369);
#2365=SURFACE_STYLE_FILL_AREA(#2370);
#2366=SURFACE_STYLE_FILL_AREA(#2371);
#2367=FILL_AREA_STYLE('',(#2372));
#2368=FILL_AREA_STYLE('',(#2373));
#2369=FILL_AREA_STYLE('',(#2374));
#2370=FILL_AREA_STYLE('',(#2375));
#2371=FILL_AREA_STYLE('',(#2376));
#2372=FILL_AREA_STYLE_COLOUR('',#2377);
#2373=FILL_AREA_STYLE_COLOUR('',#2378);
#2374=FILL_AREA_STYLE_COLOUR('',#2379);
#2375=FILL_AREA_STYLE_COLOUR('',#2380);
#2376=FILL_AREA_STYLE_COLOUR('',#2381);
#2377=COLOUR_RGB('',0.796078431372549,0.603921568627451,0.231372549019608);
#2378=COLOUR_RGB('',0.745098039215686,0.737254901960784,0.729411764705882);
#2379=COLOUR_RGB('',0.745098039215686,0.737254901960784,0.729411764705882);
#2380=COLOUR_RGB('',0.0196078431372549,0.0196078431372549,0.0196078431372549);
#2381=COLOUR_RGB('',0.423529411764706,0.435294117647059,0.407843137254902);
#2382=DATE_TIME_ROLE('creation_date');
#2383=DATE_TIME_ROLE('creation_date');
#2384=DATE_TIME_ROLE('creation_date');
#2385=DATE_TIME_ROLE('creation_date');
#2386=DATE_TIME_ROLE('creation_date');
#2387=DATE_TIME_ROLE('creation_date');
#2388=DATE_TIME_ROLE('creation_date');
#2389=DATE_TIME_ROLE('creation_date');
#2390=DATE_TIME_ROLE('creation_date');
#2391=DATE_TIME_ROLE('creation_date');
#2392=DATE_TIME_ROLE('creation_date');
#2393=DATE_TIME_ROLE('creation_date');
#2394=DATE_TIME_ROLE('creation_date');
#2395=APPLIED_DATE_AND_TIME_ASSIGNMENT(#2408,#2382,(#4253));
#2396=APPLIED_DATE_AND_TIME_ASSIGNMENT(#2409,#2383,(#4254));
#2397=APPLIED_DATE_AND_TIME_ASSIGNMENT(#2410,#2384,(#4255));
#2398=APPLIED_DATE_AND_TIME_ASSIGNMENT(#2411,#2385,(#4256));
#2399=APPLIED_DATE_AND_TIME_ASSIGNMENT(#2412,#2386,(#4257));
#2400=APPLIED_DATE_AND_TIME_ASSIGNMENT(#2413,#2387,(#4258));
#2401=APPLIED_DATE_AND_TIME_ASSIGNMENT(#2414,#2388,(#4259));
#2402=APPLIED_DATE_AND_TIME_ASSIGNMENT(#2415,#2389,(#4260));
#2403=APPLIED_DATE_AND_TIME_ASSIGNMENT(#2416,#2390,(#4261));
#2404=APPLIED_DATE_AND_TIME_ASSIGNMENT(#2417,#2391,(#4262));
#2405=APPLIED_DATE_AND_TIME_ASSIGNMENT(#2418,#2392,(#4263));
#2406=APPLIED_DATE_AND_TIME_ASSIGNMENT(#2419,#2393,(#4264));
#2407=APPLIED_DATE_AND_TIME_ASSIGNMENT(#2420,#2394,(#4265));
#2408=DATE_AND_TIME(#2421,#2434);
#2409=DATE_AND_TIME(#2422,#2435);
#2410=DATE_AND_TIME(#2423,#2436);
#2411=DATE_AND_TIME(#2424,#2437);
#2412=DATE_AND_TIME(#2425,#2438);
#2413=DATE_AND_TIME(#2426,#2439);
#2414=DATE_AND_TIME(#2427,#2440);
#2415=DATE_AND_TIME(#2428,#2441);
#2416=DATE_AND_TIME(#2429,#2442);
#2417=DATE_AND_TIME(#2430,#2443);
#2418=DATE_AND_TIME(#2431,#2444);
#2419=DATE_AND_TIME(#2432,#2445);
#2420=DATE_AND_TIME(#2433,#2446);
#2421=CALENDAR_DATE(2025,16,9);
#2422=CALENDAR_DATE(2025,16,9);
#2423=CALENDAR_DATE(2025,17,9);
#2424=CALENDAR_DATE(2020,21,1);
#2425=CALENDAR_DATE(2025,16,9);
#2426=CALENDAR_DATE(2025,17,9);
#2427=CALENDAR_DATE(2025,17,9);
#2428=CALENDAR_DATE(2020,21,1);
#2429=CALENDAR_DATE(2020,21,1);
#2430=CALENDAR_DATE(2025,16,9);
#2431=CALENDAR_DATE(2020,21,1);
#2432=CALENDAR_DATE(2025,17,9);
#2433=CALENDAR_DATE(2020,21,1);
#2434=LOCAL_TIME(0,0,0.,#2447);
#2435=LOCAL_TIME(0,0,0.,#2448);
#2436=LOCAL_TIME(0,0,0.,#2449);
#2437=LOCAL_TIME(0,0,0.,#2450);
#2438=LOCAL_TIME(0,0,0.,#2451);
#2439=LOCAL_TIME(0,0,0.,#2452);
#2440=LOCAL_TIME(0,0,0.,#2453);
#2441=LOCAL_TIME(0,0,0.,#2454);
#2442=LOCAL_TIME(0,0,0.,#2455);
#2443=LOCAL_TIME(0,0,0.,#2456);
#2444=LOCAL_TIME(0,0,0.,#2457);
#2445=LOCAL_TIME(0,0,0.,#2458);
#2446=LOCAL_TIME(0,0,0.,#2459);
#2447=COORDINATED_UNIVERSAL_TIME_OFFSET(0,0,.BEHIND.);
#2448=COORDINATED_UNIVERSAL_TIME_OFFSET(0,0,.BEHIND.);
#2449=COORDINATED_UNIVERSAL_TIME_OFFSET(0,0,.BEHIND.);
#2450=COORDINATED_UNIVERSAL_TIME_OFFSET(0,0,.BEHIND.);
#2451=COORDINATED_UNIVERSAL_TIME_OFFSET(0,0,.BEHIND.);
#2452=COORDINATED_UNIVERSAL_TIME_OFFSET(0,0,.BEHIND.);
#2453=COORDINATED_UNIVERSAL_TIME_OFFSET(0,0,.BEHIND.);
#2454=COORDINATED_UNIVERSAL_TIME_OFFSET(0,0,.BEHIND.);
#2455=COORDINATED_UNIVERSAL_TIME_OFFSET(0,0,.BEHIND.);
#2456=COORDINATED_UNIVERSAL_TIME_OFFSET(0,0,.BEHIND.);
#2457=COORDINATED_UNIVERSAL_TIME_OFFSET(0,0,.BEHIND.);
#2458=COORDINATED_UNIVERSAL_TIME_OFFSET(0,0,.BEHIND.);
#2459=COORDINATED_UNIVERSAL_TIME_OFFSET(0,0,.BEHIND.);
#2460=AXIS2_PLACEMENT_3D('placement',#3473,#2752,#2753);
#2461=AXIS2_PLACEMENT_3D('placement',#3474,#2754,#2755);
#2462=AXIS2_PLACEMENT_3D('',#3475,#2756,#2757);
#2463=AXIS2_PLACEMENT_3D('',#3484,#2762,#2763);
#2464=AXIS2_PLACEMENT_3D('',#3488,#2765,#2766);
#2465=AXIS2_PLACEMENT_3D('',#3489,#2767,#2768);
#2466=AXIS2_PLACEMENT_3D('',#3490,#2769,#2770);
#2467=AXIS2_PLACEMENT_3D('',#3496,#2774,#2775);
#2468=AXIS2_PLACEMENT_3D('',#3500,#2777,#2778);
#2469=AXIS2_PLACEMENT_3D('',#3501,#2779,#2780);
#2470=AXIS2_PLACEMENT_3D('',#3502,#2781,#2782);
#2471=AXIS2_PLACEMENT_3D('',#3508,#2786,#2787);
#2472=AXIS2_PLACEMENT_3D('',#3509,#2788,#2789);
#2473=AXIS2_PLACEMENT_3D('',#3510,#2790,#2791);
#2474=AXIS2_PLACEMENT_3D('',#3511,#2792,#2793);
#2475=AXIS2_PLACEMENT_3D('',#3517,#2797,#2798);
#2476=AXIS2_PLACEMENT_3D('',#3520,#2800,#2801);
#2477=AXIS2_PLACEMENT_3D('',#3521,#2802,#2803);
#2478=AXIS2_PLACEMENT_3D('',#3525,#2806,#2807);
#2479=AXIS2_PLACEMENT_3D('',#3527,#2808,#2809);
#2480=AXIS2_PLACEMENT_3D('',#3532,#2811,#2812);
#2481=AXIS2_PLACEMENT_3D('',#3535,#2814,#2815);
#2482=AXIS2_PLACEMENT_3D('',#3536,#2816,#2817);
#2483=AXIS2_PLACEMENT_3D('',#3542,#2821,#2822);
#2484=AXIS2_PLACEMENT_3D('',#3544,#2823,#2824);
#2485=AXIS2_PLACEMENT_3D('',#3547,#2826,#2827);
#2486=AXIS2_PLACEMENT_3D('',#3548,#2828,#2829);
#2487=AXIS2_PLACEMENT_3D('',#3554,#2833,#2834);
#2488=AXIS2_PLACEMENT_3D('',#3555,#2835,#2836);
#2489=AXIS2_PLACEMENT_3D('',#3558,#2838,#2839);
#2490=AXIS2_PLACEMENT_3D('',#3559,#2840,#2841);
#2491=AXIS2_PLACEMENT_3D('',#3563,#2844,#2845);
#2492=AXIS2_PLACEMENT_3D('',#3564,#2846,#2847);
#2493=AXIS2_PLACEMENT_3D('',#3565,#2848,#2849);
#2494=AXIS2_PLACEMENT_3D('',#3568,#2852,#2853);
#2495=AXIS2_PLACEMENT_3D('',#3569,#2854,#2855);
#2496=AXIS2_PLACEMENT_3D('',#3571,#2856,#2857);
#2497=AXIS2_PLACEMENT_3D('',#3576,#2859,#2860);
#2498=AXIS2_PLACEMENT_3D('',#3579,#2862,#2863);
#2499=AXIS2_PLACEMENT_3D('',#3580,#2864,#2865);
#2500=AXIS2_PLACEMENT_3D('',#3581,#2866,#2867);
#2501=AXIS2_PLACEMENT_3D('',#3584,#2870,#2871);
#2502=AXIS2_PLACEMENT_3D('',#3586,#2873,#2874);
#2503=AXIS2_PLACEMENT_3D('',#3588,#2876,#2877);
#2504=AXIS2_PLACEMENT_3D('',#3589,#2878,#2879);
#2505=AXIS2_PLACEMENT_3D('',#3592,#2881,#2882);
#2506=AXIS2_PLACEMENT_3D('',#3593,#2883,#2884);
#2507=AXIS2_PLACEMENT_3D('placement',#3595,#2886,#2887);
#2508=AXIS2_PLACEMENT_3D('',#3596,#2888,#2889);
#2509=AXIS2_PLACEMENT_3D('',#3598,#2890,#2891);
#2510=AXIS2_PLACEMENT_3D('',#3601,#2893,#2894);
#2511=AXIS2_PLACEMENT_3D('',#3602,#2895,#2896);
#2512=AXIS2_PLACEMENT_3D('',#3605,#2897,#2898);
#2513=AXIS2_PLACEMENT_3D('',#3606,#2899,#2900);
#2514=AXIS2_PLACEMENT_3D('',#3608,#2902,#2903);
#2515=AXIS2_PLACEMENT_3D('',#3610,#2904,#2905);
#2516=AXIS2_PLACEMENT_3D('',#3611,#2906,#2907);
#2517=AXIS2_PLACEMENT_3D('',#3613,#2908,#2909);
#2518=AXIS2_PLACEMENT_3D('',#3615,#2911,#2912);
#2519=AXIS2_PLACEMENT_3D('',#3617,#2913,#2914);
#2520=AXIS2_PLACEMENT_3D('',#3618,#2915,#2916);
#2521=AXIS2_PLACEMENT_3D('',#3621,#2917,#2918);
#2522=AXIS2_PLACEMENT_3D('',#3622,#2919,#2920);
#2523=AXIS2_PLACEMENT_3D('',#3624,#2922,#2923);
#2524=AXIS2_PLACEMENT_3D('',#3626,#2924,#2925);
#2525=AXIS2_PLACEMENT_3D('',#3628,#2927,#2928);
#2526=AXIS2_PLACEMENT_3D('',#3631,#2929,#2930);
#2527=AXIS2_PLACEMENT_3D('',#3632,#2931,#2932);
#2528=AXIS2_PLACEMENT_3D('',#3635,#2934,#2935);
#2529=AXIS2_PLACEMENT_3D('',#3636,#2936,#2937);
#2530=AXIS2_PLACEMENT_3D('',#3638,#2938,#2939);
#2531=AXIS2_PLACEMENT_3D('',#3639,#2940,#2941);
#2532=AXIS2_PLACEMENT_3D('',#3642,#2943,#2944);
#2533=AXIS2_PLACEMENT_3D('',#3643,#2945,#2946);
#2534=AXIS2_PLACEMENT_3D('',#3647,#2948,#2949);
#2535=AXIS2_PLACEMENT_3D('',#3648,#2950,#2951);
#2536=AXIS2_PLACEMENT_3D('',#3649,#2952,#2953);
#2537=AXIS2_PLACEMENT_3D('',#3651,#2955,#2956);
#2538=AXIS2_PLACEMENT_3D('placement',#3653,#2958,#2959);
#2539=AXIS2_PLACEMENT_3D('',#3654,#2960,#2961);
#2540=AXIS2_PLACEMENT_3D('',#3656,#2962,#2963);
#2541=AXIS2_PLACEMENT_3D('',#3658,#2964,#2965);
#2542=AXIS2_PLACEMENT_3D('',#3660,#2966,#2967);
#2543=AXIS2_PLACEMENT_3D('',#3661,#2968,#2969);
#2544=AXIS2_PLACEMENT_3D('',#3662,#2970,#2971);
#2545=AXIS2_PLACEMENT_3D('',#3665,#2972,#2973);
#2546=AXIS2_PLACEMENT_3D('',#3666,#2974,#2975);
#2547=AXIS2_PLACEMENT_3D('',#3668,#2977,#2978);
#2548=AXIS2_PLACEMENT_3D('',#3670,#2979,#2980);
#2549=AXIS2_PLACEMENT_3D('',#3671,#2981,#2982);
#2550=AXIS2_PLACEMENT_3D('',#3673,#2983,#2984);
#2551=AXIS2_PLACEMENT_3D('',#3675,#2986,#2987);
#2552=AXIS2_PLACEMENT_3D('',#3676,#2988,#2989);
#2553=AXIS2_PLACEMENT_3D('',#3679,#2990,#2991);
#2554=AXIS2_PLACEMENT_3D('',#3680,#2992,#2993);
#2555=AXIS2_PLACEMENT_3D('',#3682,#2994,#2995);
#2556=AXIS2_PLACEMENT_3D('',#3683,#2996,#2997);
#2557=AXIS2_PLACEMENT_3D('',#3684,#2998,#2999);
#2558=AXIS2_PLACEMENT_3D('',#3697,#3006,#3007);
#2559=AXIS2_PLACEMENT_3D('',#3699,#3009,#3010);
#2560=AXIS2_PLACEMENT_3D('',#3707,#3013,#3014);
#2561=AXIS2_PLACEMENT_3D('',#3713,#3016,#3017);
#2562=AXIS2_PLACEMENT_3D('',#3719,#3019,#3020);
#2563=AXIS2_PLACEMENT_3D('',#3725,#3022,#3023);
#2564=AXIS2_PLACEMENT_3D('',#3735,#3025,#3026);
#2565=AXIS2_PLACEMENT_3D('',#3739,#3027,#3028);
#2566=AXIS2_PLACEMENT_3D('placement',#3742,#3030,#3031);
#2567=AXIS2_PLACEMENT_3D('',#3743,#3032,#3033);
#2568=AXIS2_PLACEMENT_3D('',#3745,#3034,#3035);
#2569=AXIS2_PLACEMENT_3D('',#3749,#3037,#3038);
#2570=AXIS2_PLACEMENT_3D('',#3750,#3039,#3040);
#2571=AXIS2_PLACEMENT_3D('',#3751,#3041,#3042);
#2572=AXIS2_PLACEMENT_3D('',#3754,#3043,#3044);
#2573=AXIS2_PLACEMENT_3D('',#3755,#3045,#3046);
#2574=AXIS2_PLACEMENT_3D('',#3757,#3048,#3049);
#2575=AXIS2_PLACEMENT_3D('',#3758,#3050,#3051);
#2576=AXIS2_PLACEMENT_3D('',#3760,#3052,#3053);
#2577=AXIS2_PLACEMENT_3D('',#3764,#3055,#3056);
#2578=AXIS2_PLACEMENT_3D('',#3765,#3057,#3058);
#2579=AXIS2_PLACEMENT_3D('',#3766,#3059,#3060);
#2580=AXIS2_PLACEMENT_3D('',#3768,#3061,#3062);
#2581=AXIS2_PLACEMENT_3D('',#3769,#3063,#3064);
#2582=AXIS2_PLACEMENT_3D('',#3772,#3066,#3067);
#2583=AXIS2_PLACEMENT_3D('',#3773,#3068,#3069);
#2584=AXIS2_PLACEMENT_3D('',#3775,#3071,#3072);
#2585=AXIS2_PLACEMENT_3D('placement',#3776,#3073,#3074);
#2586=AXIS2_PLACEMENT_3D('',#3777,#3075,#3076);
#2587=AXIS2_PLACEMENT_3D('',#3779,#3077,#3078);
#2588=AXIS2_PLACEMENT_3D('',#3783,#3080,#3081);
#2589=AXIS2_PLACEMENT_3D('',#3784,#3082,#3083);
#2590=AXIS2_PLACEMENT_3D('',#3785,#3084,#3085);
#2591=AXIS2_PLACEMENT_3D('',#3788,#3086,#3087);
#2592=AXIS2_PLACEMENT_3D('',#3789,#3088,#3089);
#2593=AXIS2_PLACEMENT_3D('',#3791,#3091,#3092);
#2594=AXIS2_PLACEMENT_3D('',#3792,#3093,#3094);
#2595=AXIS2_PLACEMENT_3D('',#3794,#3095,#3096);
#2596=AXIS2_PLACEMENT_3D('',#3796,#3098,#3099);
#2597=AXIS2_PLACEMENT_3D('placement',#3797,#3100,#3101);
#2598=AXIS2_PLACEMENT_3D('',#3798,#3102,#3103);
#2599=AXIS2_PLACEMENT_3D('',#3800,#3104,#3105);
#2600=AXIS2_PLACEMENT_3D('',#3801,#3106,#3107);
#2601=AXIS2_PLACEMENT_3D('',#3803,#3108,#3109);
#2602=AXIS2_PLACEMENT_3D('',#3805,#3111,#3112);
#2603=AXIS2_PLACEMENT_3D('placement',#3806,#3113,#3114);
#2604=AXIS2_PLACEMENT_3D('',#3807,#3115,#3116);
#2605=AXIS2_PLACEMENT_3D('',#3809,#3117,#3118);
#2606=AXIS2_PLACEMENT_3D('',#3812,#3120,#3121);
#2607=AXIS2_PLACEMENT_3D('',#3813,#3122,#3123);
#2608=AXIS2_PLACEMENT_3D('',#3815,#3124,#3125);
#2609=AXIS2_PLACEMENT_3D('',#3818,#3127,#3128);
#2610=AXIS2_PLACEMENT_3D('',#3819,#3129,#3130);
#2611=AXIS2_PLACEMENT_3D('',#3820,#3131,#3132);
#2612=AXIS2_PLACEMENT_3D('placement',#3821,#3133,#3134);
#2613=AXIS2_PLACEMENT_3D('',#3822,#3135,#3136);
#2614=AXIS2_PLACEMENT_3D('',#3824,#3137,#3138);
#2615=AXIS2_PLACEMENT_3D('',#3826,#3139,#3140);
#2616=AXIS2_PLACEMENT_3D('',#3828,#3141,#3142);
#2617=AXIS2_PLACEMENT_3D('',#3829,#3143,#3144);
#2618=AXIS2_PLACEMENT_3D('',#3830,#3145,#3146);
#2619=AXIS2_PLACEMENT_3D('',#3833,#3147,#3148);
#2620=AXIS2_PLACEMENT_3D('',#3834,#3149,#3150);
#2621=AXIS2_PLACEMENT_3D('',#3836,#3152,#3153);
#2622=AXIS2_PLACEMENT_3D('',#3838,#3154,#3155);
#2623=AXIS2_PLACEMENT_3D('',#3839,#3156,#3157);
#2624=AXIS2_PLACEMENT_3D('',#3841,#3158,#3159);
#2625=AXIS2_PLACEMENT_3D('',#3843,#3161,#3162);
#2626=AXIS2_PLACEMENT_3D('',#3844,#3163,#3164);
#2627=AXIS2_PLACEMENT_3D('',#3847,#3165,#3166);
#2628=AXIS2_PLACEMENT_3D('',#3848,#3167,#3168);
#2629=AXIS2_PLACEMENT_3D('',#3850,#3169,#3170);
#2630=AXIS2_PLACEMENT_3D('',#3851,#3171,#3172);
#2631=AXIS2_PLACEMENT_3D('',#3852,#3173,#3174);
#2632=AXIS2_PLACEMENT_3D('',#3865,#3181,#3182);
#2633=AXIS2_PLACEMENT_3D('',#3867,#3184,#3185);
#2634=AXIS2_PLACEMENT_3D('',#3875,#3188,#3189);
#2635=AXIS2_PLACEMENT_3D('',#3881,#3191,#3192);
#2636=AXIS2_PLACEMENT_3D('',#3887,#3194,#3195);
#2637=AXIS2_PLACEMENT_3D('',#3893,#3197,#3198);
#2638=AXIS2_PLACEMENT_3D('',#3903,#3200,#3201);
#2639=AXIS2_PLACEMENT_3D('',#3907,#3202,#3203);
#2640=AXIS2_PLACEMENT_3D('placement',#3910,#3205,#3206);
#2641=AXIS2_PLACEMENT_3D('',#3911,#3207,#3208);
#2642=AXIS2_PLACEMENT_3D('',#3913,#3209,#3210);
#2643=AXIS2_PLACEMENT_3D('',#3916,#3212,#3213);
#2644=AXIS2_PLACEMENT_3D('',#3917,#3214,#3215);
#2645=AXIS2_PLACEMENT_3D('',#3919,#3216,#3217);
#2646=AXIS2_PLACEMENT_3D('',#3920,#3218,#3219);
#2647=AXIS2_PLACEMENT_3D('',#3922,#3220,#3221);
#2648=AXIS2_PLACEMENT_3D('',#3924,#3223,#3224);
#2649=AXIS2_PLACEMENT_3D('',#3927,#3225,#3226);
#2650=AXIS2_PLACEMENT_3D('',#3928,#3227,#3228);
#2651=AXIS2_PLACEMENT_3D('',#3930,#3230,#3231);
#2652=AXIS2_PLACEMENT_3D('',#3933,#3232,#3233);
#2653=AXIS2_PLACEMENT_3D('',#3934,#3234,#3235);
#2654=AXIS2_PLACEMENT_3D('',#3936,#3237,#3238);
#2655=AXIS2_PLACEMENT_3D('',#3938,#3239,#3240);
#2656=AXIS2_PLACEMENT_3D('',#3940,#3242,#3243);
#2657=AXIS2_PLACEMENT_3D('',#3942,#3244,#3245);
#2658=AXIS2_PLACEMENT_3D('',#3943,#3246,#3247);
#2659=AXIS2_PLACEMENT_3D('placement',#3945,#3249,#3250);
#2660=AXIS2_PLACEMENT_3D('',#3946,#3251,#3252);
#2661=AXIS2_PLACEMENT_3D('',#3948,#3253,#3254);
#2662=AXIS2_PLACEMENT_3D('',#3951,#3256,#3257);
#2663=AXIS2_PLACEMENT_3D('',#3952,#3258,#3259);
#2664=AXIS2_PLACEMENT_3D('',#3955,#3260,#3261);
#2665=AXIS2_PLACEMENT_3D('',#3956,#3262,#3263);
#2666=AXIS2_PLACEMENT_3D('',#3958,#3265,#3266);
#2667=AXIS2_PLACEMENT_3D('',#3960,#3267,#3268);
#2668=AXIS2_PLACEMENT_3D('',#3961,#3269,#3270);
#2669=AXIS2_PLACEMENT_3D('',#3963,#3271,#3272);
#2670=AXIS2_PLACEMENT_3D('',#3965,#3274,#3275);
#2671=AXIS2_PLACEMENT_3D('',#3967,#3276,#3277);
#2672=AXIS2_PLACEMENT_3D('',#3968,#3278,#3279);
#2673=AXIS2_PLACEMENT_3D('',#3994,#3281,#3282);
#2674=AXIS2_PLACEMENT_3D('',#4020,#3284,#3285);
#2675=AXIS2_PLACEMENT_3D('',#4023,#3288,#3289);
#2676=AXIS2_PLACEMENT_3D('',#4025,#3291,#3292);
#2677=AXIS2_PLACEMENT_3D('',#4027,#3294,#3295);
#2678=AXIS2_PLACEMENT_3D('',#4029,#3297,#3298);
#2679=AXIS2_PLACEMENT_3D('',#4031,#3300,#3301);
#2680=AXIS2_PLACEMENT_3D('placement',#4032,#3302,#3303);
#2681=AXIS2_PLACEMENT_3D('',#4033,#3304,#3305);
#2682=AXIS2_PLACEMENT_3D('',#4035,#3306,#3307);
#2683=AXIS2_PLACEMENT_3D('',#4038,#3309,#3310);
#2684=AXIS2_PLACEMENT_3D('',#4040,#3311,#3312);
#2685=AXIS2_PLACEMENT_3D('',#4042,#3314,#3315);
#2686=AXIS2_PLACEMENT_3D('',#4044,#3316,#3317);
#2687=AXIS2_PLACEMENT_3D('',#4047,#3319,#3320);
#2688=AXIS2_PLACEMENT_3D('',#4049,#3321,#3322);
#2689=AXIS2_PLACEMENT_3D('',#4051,#3324,#3325);
#2690=AXIS2_PLACEMENT_3D('',#4053,#3326,#3327);
#2691=AXIS2_PLACEMENT_3D('',#4055,#3328,#3329);
#2692=AXIS2_PLACEMENT_3D('',#4056,#3330,#3331);
#2693=AXIS2_PLACEMENT_3D('',#4057,#3332,#3333);
#2694=AXIS2_PLACEMENT_3D('',#4059,#3334,#3335);
#2695=AXIS2_PLACEMENT_3D('',#4060,#3336,#3337);
#2696=AXIS2_PLACEMENT_3D('',#4061,#3338,#3339);
#2697=AXIS2_PLACEMENT_3D('',#4064,#3340,#3341);
#2698=AXIS2_PLACEMENT_3D('',#4065,#3342,#3343);
#2699=AXIS2_PLACEMENT_3D('',#4066,#3344,#3345);
#2700=AXIS2_PLACEMENT_3D('',#4067,#3346,#3347);
#2701=AXIS2_PLACEMENT_3D('',#4070,#3348,#3349);
#2702=AXIS2_PLACEMENT_3D('',#4072,#3351,#3352);
#2703=AXIS2_PLACEMENT_3D('',#4073,#3353,#3354);
#2704=AXIS2_PLACEMENT_3D('',#4075,#3355,#3356);
#2705=AXIS2_PLACEMENT_3D('',#4076,#3357,#3358);
#2706=AXIS2_PLACEMENT_3D('',#4077,#3359,#3360);
#2707=AXIS2_PLACEMENT_3D('',#4079,#3361,#3362);
#2708=AXIS2_PLACEMENT_3D('',#4080,#3363,#3364);
#2709=AXIS2_PLACEMENT_3D('',#4081,#3365,#3366);
#2710=AXIS2_PLACEMENT_3D('',#4083,#3367,#3368);
#2711=AXIS2_PLACEMENT_3D('',#4084,#3369,#3370);
#2712=AXIS2_PLACEMENT_3D('',#4085,#3371,#3372);
#2713=AXIS2_PLACEMENT_3D('',#4086,#3373,#3374);
#2714=AXIS2_PLACEMENT_3D('placement',#4087,#3375,#3376);
#2715=AXIS2_PLACEMENT_3D('',#4088,#3377,#3378);
#2716=AXIS2_PLACEMENT_3D('',#4090,#3379,#3380);
#2717=AXIS2_PLACEMENT_3D('',#4094,#3382,#3383);
#2718=AXIS2_PLACEMENT_3D('',#4095,#3384,#3385);
#2719=AXIS2_PLACEMENT_3D('',#4096,#3386,#3387);
#2720=AXIS2_PLACEMENT_3D('',#4100,#3389,#3390);
#2721=AXIS2_PLACEMENT_3D('',#4101,#3391,#3392);
#2722=AXIS2_PLACEMENT_3D('',#4102,#3393,#3394);
#2723=AXIS2_PLACEMENT_3D('',#4103,#3395,#3396);
#2724=AXIS2_PLACEMENT_3D('',#4106,#3397,#3398);
#2725=AXIS2_PLACEMENT_3D('',#4107,#3399,#3400);
#2726=AXIS2_PLACEMENT_3D('',#4108,#3401,#3402);
#2727=AXIS2_PLACEMENT_3D('',#4109,#3403,#3404);
#2728=AXIS2_PLACEMENT_3D('',#4112,#3406,#3407);
#2729=AXIS2_PLACEMENT_3D('',#4113,#3408,#3409);
#2730=AXIS2_PLACEMENT_3D('',#4122,#3414,#3415);
#2731=AXIS2_PLACEMENT_3D('',#4128,#3419,#3420);
#2732=AXIS2_PLACEMENT_3D('',#4134,#3424,#3425);
#2733=AXIS2_PLACEMENT_3D('',#4140,#3429,#3430);
#2734=AXIS2_PLACEMENT_3D('',#4146,#3434,#3435);
#2735=AXIS2_PLACEMENT_3D('',#4149,#3438,#3439);
#2736=AXIS2_PLACEMENT_3D('',#4150,#3440,#3441);
#2737=AXIS2_PLACEMENT_3D('',#4152,#3442,#3443);
#2738=AXIS2_PLACEMENT_3D('',#4153,#3444,#3445);
#2739=AXIS2_PLACEMENT_3D('',#4155,#3447,#3448);
#2740=AXIS2_PLACEMENT_3D('',#4156,#3449,#3450);
#2741=AXIS2_PLACEMENT_3D('',#4157,#3451,#3452);
#2742=AXIS2_PLACEMENT_3D('',#4158,#3453,#3454);
#2743=AXIS2_PLACEMENT_3D('',#4159,#3455,#3456);
#2744=AXIS2_PLACEMENT_3D('',#4160,#3457,#3458);
#2745=AXIS2_PLACEMENT_3D('',#4161,#3459,#3460);
#2746=AXIS2_PLACEMENT_3D('',#4162,#3461,#3462);
#2747=AXIS2_PLACEMENT_3D('',#4163,#3463,#3464);
#2748=AXIS2_PLACEMENT_3D('',#4164,#3465,#3466);
#2749=AXIS2_PLACEMENT_3D('',#4165,#3467,#3468);
#2750=AXIS2_PLACEMENT_3D('',#4166,#3469,#3470);
#2751=AXIS2_PLACEMENT_3D('',#4167,#3471,#3472);
#2752=DIRECTION('axis',(0.,0.,1.));
#2753=DIRECTION('refdir',(1.,0.,0.));
#2754=DIRECTION('axis',(0.,0.,1.));
#2755=DIRECTION('refdir',(1.,0.,0.));
#2756=DIRECTION('center_axis',(0.,0.707106781186547,0.707106781186548));
#2757=DIRECTION('ref_axis',(1.,0.,0.));
#2758=DIRECTION('',(0.,0.707106781186548,-0.707106781186547));
#2759=DIRECTION('',(-1.,0.,0.));
#2760=DIRECTION('',(0.,-0.707106781186548,0.707106781186547));
#2761=DIRECTION('',(1.,0.,0.));
#2762=DIRECTION('center_axis',(0.,0.,-1.));
#2763=DIRECTION('ref_axis',(0.707106781186547,0.707106781186547,8.05175619837833E-17));
#2764=DIRECTION('',(0.,-0.707106781186542,-0.707106781186553));
#2765=DIRECTION('center_axis',(0.,0.,1.));
#2766=DIRECTION('ref_axis',(0.707106781186547,0.707106781186547,1.57009245868377E-16));
#2767=DIRECTION('center_axis',(0.,0.,-1.));
#2768=DIRECTION('ref_axis',(0.707106781186547,0.707106781186547,0.));
#2769=DIRECTION('center_axis',(0.,-0.707106781186548,0.707106781186548));
#2770=DIRECTION('ref_axis',(1.,0.,0.));
#2771=DIRECTION('',(-1.,0.,0.));
#2772=DIRECTION('',(0.,-0.707106781186547,-0.707106781186547));
#2773=DIRECTION('',(1.,0.,0.));
#2774=DIRECTION('center_axis',(0.,0.,-1.));
#2775=DIRECTION('ref_axis',(-0.707106781186547,-0.707106781186548,-1.65272890387766E-16));
#2776=DIRECTION('',(-0.707106781186539,0.,-0.707106781186556));
#2777=DIRECTION('center_axis',(0.,0.,1.));
#2778=DIRECTION('ref_axis',(-0.707106781186547,-0.707106781186548,-3.14018491736755E-16));
#2779=DIRECTION('center_axis',(0.,0.,-1.));
#2780=DIRECTION('ref_axis',(-0.707106781186547,-0.707106781186548,0.));
#2781=DIRECTION('center_axis',(-0.707106781186549,0.,0.707106781186546));
#2782=DIRECTION('ref_axis',(0.707106781186546,0.,0.707106781186549));
#2783=DIRECTION('',(-0.707106781186546,0.,-0.707106781186549));
#2784=DIRECTION('',(0.,-1.,0.));
#2785=DIRECTION('',(0.,1.,0.));
#2786=DIRECTION('center_axis',(0.,0.,-1.));
#2787=DIRECTION('ref_axis',(-0.707106781186548,0.707106781186547,8.26364451938829E-17));
#2788=DIRECTION('center_axis',(0.,0.,1.));
#2789=DIRECTION('ref_axis',(-0.707106781186548,0.707106781186547,1.57009245868378E-16));
#2790=DIRECTION('center_axis',(0.,0.,-1.));
#2791=DIRECTION('ref_axis',(-0.707106781186548,0.707106781186547,0.));
#2792=DIRECTION('center_axis',(-1.,0.,0.));
#2793=DIRECTION('ref_axis',(0.,0.,1.));
#2794=DIRECTION('',(0.,-2.22044604925031E-16,1.));
#2795=DIRECTION('',(0.,1.,-1.66533453693773E-16));
#2796=DIRECTION('',(0.,4.44089209850063E-16,-1.));
#2797=DIRECTION('center_axis',(0.,2.22044604925031E-16,-1.));
#2798=DIRECTION('ref_axis',(-0.707106781186548,0.707106781186547,1.57009245868378E-16));
#2799=DIRECTION('',(0.,2.22044604925031E-16,-1.));
#2800=DIRECTION('center_axis',(0.,-1.66533453693773E-16,-1.));
#2801=DIRECTION('ref_axis',(-0.707106781186548,0.707106781186547,1.57009245868378E-16));
#2802=DIRECTION('center_axis',(0.,1.,2.22044604925031E-16));
#2803=DIRECTION('ref_axis',(0.,-2.22044604925031E-16,1.));
#2804=DIRECTION('',(0.,-2.22044604925031E-16,1.));
#2805=DIRECTION('',(1.,0.,0.));
#2806=DIRECTION('center_axis',(0.,0.,1.));
#2807=DIRECTION('ref_axis',(0.,-1.,0.));
#2808=DIRECTION('center_axis',(0.,0.,-1.));
#2809=DIRECTION('ref_axis',(-1.,0.,0.));
#2810=DIRECTION('',(-1.,-5.9211894646675E-16,0.));
#2811=DIRECTION('center_axis',(0.,0.,-1.));
#2812=DIRECTION('ref_axis',(0.,-1.,1.66533453693773E-16));
#2813=DIRECTION('',(1.,5.9211894646675E-16,0.));
#2814=DIRECTION('center_axis',(0.,0.,-1.));
#2815=DIRECTION('ref_axis',(0.,1.,-1.66533453693774E-16));
#2816=DIRECTION('center_axis',(0.,0.707106781186547,-0.707106781186548));
#2817=DIRECTION('ref_axis',(-1.,0.,0.));
#2818=DIRECTION('',(0.,-0.707106781186547,-0.707106781186548));
#2819=DIRECTION('',(-1.,0.,0.));
#2820=DIRECTION('',(0.,0.707106781186547,0.707106781186548));
#2821=DIRECTION('center_axis',(0.,1.66533453693774E-16,1.));
#2822=DIRECTION('ref_axis',(0.707106781186547,0.707106781186547,2.31487990703377E-17));
#2823=DIRECTION('center_axis',(0.,-1.66533453693773E-16,-1.));
#2824=DIRECTION('ref_axis',(0.707106781186547,0.707106781186547,1.57009245868377E-16));
#2825=DIRECTION('',(0.,0.70710678118654,-0.707106781186555));
#2826=DIRECTION('center_axis',(0.,1.66533453693773E-16,1.));
#2827=DIRECTION('ref_axis',(0.707106781186547,0.707106781186547,-1.17756934401283E-16));
#2828=DIRECTION('center_axis',(0.,-0.707106781186547,-0.707106781186548));
#2829=DIRECTION('ref_axis',(-1.,0.,0.));
#2830=DIRECTION('',(0.,0.70710678118655,-0.707106781186545));
#2831=DIRECTION('',(1.,0.,0.));
#2832=DIRECTION('',(-1.,0.,0.));
#2833=DIRECTION('center_axis',(0.,0.,1.));
#2834=DIRECTION('ref_axis',(-0.707106781186547,-0.707106781186548,-1.09493289881895E-16));
#2835=DIRECTION('center_axis',(0.,-1.66533453693773E-16,-1.));
#2836=DIRECTION('ref_axis',(-0.707106781186547,-0.707106781186548,-3.14018491736755E-16));
#2837=DIRECTION('',(0.707106781186547,0.,-0.707106781186548));
#2838=DIRECTION('center_axis',(0.,1.66533453693773E-16,1.));
#2839=DIRECTION('ref_axis',(-0.707106781186547,-0.707106781186548,1.17756934401283E-16));
#2840=DIRECTION('center_axis',(-0.707106781186549,-1.17756934401283E-16,
-0.707106781186546));
#2841=DIRECTION('ref_axis',(-0.707106781186546,0.,0.707106781186549));
#2842=DIRECTION('',(0.707106781186546,-1.57009245868378E-15,-0.707106781186549));
#2843=DIRECTION('',(0.,-1.,1.66533453693773E-16));
#2844=DIRECTION('center_axis',(0.,0.,1.));
#2845=DIRECTION('ref_axis',(-0.707106781186548,0.707106781186547,2.68568446880119E-17));
#2846=DIRECTION('center_axis',(0.,1.66533453693773E-16,1.));
#2847=DIRECTION('ref_axis',(-0.707106781186548,0.707106781186547,-1.17756934401283E-16));
#2848=DIRECTION('center_axis',(0.,-1.,-4.44089209850063E-16));
#2849=DIRECTION('ref_axis',(0.,4.44089209850063E-16,-1.));
#2850=DIRECTION('',(0.,-4.44089209850063E-16,1.));
#2851=DIRECTION('',(0.,4.44089209850063E-16,-1.));
#2852=DIRECTION('center_axis',(0.,-2.22044604925031E-16,1.));
#2853=DIRECTION('ref_axis',(0.707106781186548,0.707106781186547,1.57009245868378E-16));
#2854=DIRECTION('center_axis',(0.,-1.66533453693773E-16,-1.));
#2855=DIRECTION('ref_axis',(0.,1.,-1.66533453693773E-16));
#2856=DIRECTION('center_axis',(0.,1.66533453693773E-16,1.));
#2857=DIRECTION('ref_axis',(-1.,0.,0.));
#2858=DIRECTION('',(1.,5.9211894646675E-16,-9.86076131526265E-32));
#2859=DIRECTION('center_axis',(0.,1.66533453693773E-16,1.));
#2860=DIRECTION('ref_axis',(0.,1.,-1.66533453693774E-16));
#2861=DIRECTION('',(-1.,-5.9211894646675E-16,9.86076131526265E-32));
#2862=DIRECTION('center_axis',(0.,1.66533453693773E-16,1.));
#2863=DIRECTION('ref_axis',(0.,-1.,1.66533453693773E-16));
#2864=DIRECTION('center_axis',(0.,-4.44089209850063E-16,1.));
#2865=DIRECTION('ref_axis',(-0.707106781186547,-0.707106781186548,-3.14018491736755E-16));
#2866=DIRECTION('center_axis',(5.9211894646675E-16,-1.,1.66533453693773E-16));
#2867=DIRECTION('ref_axis',(1.,5.9211894646675E-16,-9.86076131526265E-32));
#2868=DIRECTION('',(0.,1.66533453693773E-16,1.));
#2869=DIRECTION('',(0.,1.66533453693773E-16,1.));
#2870=DIRECTION('center_axis',(0.,1.66533453693773E-16,1.));
#2871=DIRECTION('ref_axis',(0.,-1.,1.66533453693773E-16));
#2872=DIRECTION('',(0.,1.66533453693773E-16,1.));
#2873=DIRECTION('center_axis',(-5.9211894646675E-16,1.,-1.66533453693773E-16));
#2874=DIRECTION('ref_axis',(-1.,-5.9211894646675E-16,9.86076131526265E-32));
#2875=DIRECTION('',(0.,1.66533453693773E-16,1.));
#2876=DIRECTION('center_axis',(0.,1.66533453693773E-16,1.));
#2877=DIRECTION('ref_axis',(0.,1.,-1.66533453693774E-16));
#2878=DIRECTION('center_axis',(0.,-1.66533453693773E-16,-1.));
#2879=DIRECTION('ref_axis',(-1.,0.,0.));
#2880=DIRECTION('',(-0.707106781186547,2.04352540024832E-16,0.707106781186548));
#2881=DIRECTION('center_axis',(0.,-1.66533453693773E-16,-1.));
#2882=DIRECTION('ref_axis',(-1.,0.,0.));
#2883=DIRECTION('center_axis',(0.,-1.66533453693773E-16,-1.));
#2884=DIRECTION('ref_axis',(-1.,0.,0.));
#2885=DIRECTION('',(0.,1.66533453693773E-16,1.));
#2886=DIRECTION('axis',(0.,0.,1.));
#2887=DIRECTION('refdir',(1.,0.,0.));
#2888=DIRECTION('center_axis',(0.,-1.,0.));
#2889=DIRECTION('ref_axis',(1.,0.,0.));
#2890=DIRECTION('center_axis',(0.,-1.,0.));
#2891=DIRECTION('ref_axis',(1.,0.,0.));
#2892=DIRECTION('',(0.707106781186534,0.707106781186561,8.65956056235476E-17));
#2893=DIRECTION('center_axis',(0.,1.,0.));
#2894=DIRECTION('ref_axis',(1.,0.,0.));
#2895=DIRECTION('center_axis',(0.,1.,0.));
#2896=DIRECTION('ref_axis',(1.,0.,0.));
#2897=DIRECTION('center_axis',(0.,-1.,0.));
#2898=DIRECTION('ref_axis',(-1.,0.,0.));
#2899=DIRECTION('center_axis',(0.,-1.,0.));
#2900=DIRECTION('ref_axis',(-1.,0.,0.));
#2901=DIRECTION('',(0.,-1.,0.));
#2902=DIRECTION('center_axis',(0.,-1.,0.));
#2903=DIRECTION('ref_axis',(0.,0.,-1.));
#2904=DIRECTION('center_axis',(0.,-1.,0.));
#2905=DIRECTION('ref_axis',(1.,0.,0.));
#2906=DIRECTION('center_axis',(0.,1.,0.));
#2907=DIRECTION('ref_axis',(-1.,0.,0.));
#2908=DIRECTION('center_axis',(0.,1.,0.));
#2909=DIRECTION('ref_axis',(-1.,0.,0.));
#2910=DIRECTION('',(-0.707106781186555,-0.70710678118654,8.65956056235503E-17));
#2911=DIRECTION('center_axis',(0.,1.,0.));
#2912=DIRECTION('ref_axis',(0.,0.,1.));
#2913=DIRECTION('center_axis',(0.,-1.,0.));
#2914=DIRECTION('ref_axis',(-1.,0.,0.));
#2915=DIRECTION('center_axis',(0.,-1.,0.));
#2916=DIRECTION('ref_axis',(-1.,0.,0.));
#2917=DIRECTION('center_axis',(0.,1.,0.));
#2918=DIRECTION('ref_axis',(-1.,0.,0.));
#2919=DIRECTION('center_axis',(0.,1.,0.));
#2920=DIRECTION('ref_axis',(-1.,0.,0.));
#2921=DIRECTION('',(-0.707106781186547,0.707106781186547,-8.65956056235493E-17));
#2922=DIRECTION('center_axis',(0.,-1.,0.));
#2923=DIRECTION('ref_axis',(1.,0.,0.));
#2924=DIRECTION('center_axis',(0.,-1.,0.));
#2925=DIRECTION('ref_axis',(1.,0.,0.));
#2926=DIRECTION('',(0.,1.,0.));
#2927=DIRECTION('center_axis',(0.,-1.,9.10812382518126E-15));
#2928=DIRECTION('ref_axis',(-1.,0.,-3.04554758564964E-17));
#2929=DIRECTION('center_axis',(0.,1.,0.));
#2930=DIRECTION('ref_axis',(-1.,0.,-6.12323399573677E-17));
#2931=DIRECTION('center_axis',(0.,1.,0.));
#2932=DIRECTION('ref_axis',(-1.,0.,-6.12323399573677E-17));
#2933=DIRECTION('',(0.843391445812895,-0.53729960834681,4.81619158840537E-15));
#2934=DIRECTION('center_axis',(0.,-1.,0.));
#2935=DIRECTION('ref_axis',(-1.,0.,0.));
#2936=DIRECTION('center_axis',(0.,-1.,0.));
#2937=DIRECTION('ref_axis',(0.,0.,-1.));
#2938=DIRECTION('center_axis',(0.,1.,0.));
#2939=DIRECTION('ref_axis',(-1.,0.,0.));
#2940=DIRECTION('center_axis',(0.,-1.,0.));
#2941=DIRECTION('ref_axis',(1.,0.,0.));
#2942=DIRECTION('',(0.4226182617407,0.90630778703665,5.17558101501966E-17));
#2943=DIRECTION('center_axis',(0.,-1.,0.));
#2944=DIRECTION('ref_axis',(1.,0.,0.));
#2945=DIRECTION('center_axis',(0.,1.,-9.85359255888948E-15));
#2946=DIRECTION('ref_axis',(-1.,0.,-3.06768932229794E-17));
#2947=DIRECTION('',(0.537299608346816,0.843391445812891,-8.22815276742444E-15));
#2948=DIRECTION('center_axis',(0.,-1.,0.));
#2949=DIRECTION('ref_axis',(-1.,0.,-6.12323399573677E-17));
#2950=DIRECTION('center_axis',(0.,-1.,0.));
#2951=DIRECTION('ref_axis',(-1.,0.,-6.12323399573677E-17));
#2952=DIRECTION('center_axis',(0.,-1.,0.));
#2953=DIRECTION('ref_axis',(1.,0.,0.));
#2954=DIRECTION('',(0.422618261740699,0.90630778703665,5.17558101501966E-17));
#2955=DIRECTION('center_axis',(0.,-1.,0.));
#2956=DIRECTION('ref_axis',(1.,0.,0.));
#2957=DIRECTION('',(0.,1.,0.));
#2958=DIRECTION('axis',(0.,0.,1.));
#2959=DIRECTION('refdir',(1.,0.,0.));
#2960=DIRECTION('center_axis',(1.,4.63333075610231E-18,0.));
#2961=DIRECTION('ref_axis',(0.,0.,-1.));
#2962=DIRECTION('center_axis',(1.,4.63333075610231E-18,0.));
#2963=DIRECTION('ref_axis',(4.63333075610231E-18,-1.,1.22464679914735E-16));
#2964=DIRECTION('center_axis',(4.63333075610231E-18,-1.,-1.22464679914735E-16));
#2965=DIRECTION('ref_axis',(0.,-1.22464679914735E-16,1.));
#2966=DIRECTION('center_axis',(-1.,-4.63333075610231E-18,0.));
#2967=DIRECTION('ref_axis',(8.67361737988403E-18,-1.,1.22464679914735E-16));
#2968=DIRECTION('center_axis',(-1.,-4.63333075610231E-18,0.));
#2969=DIRECTION('ref_axis',(8.67361737988403E-18,-1.,1.22464679914735E-16));
#2970=DIRECTION('center_axis',(1.,4.63333075610231E-18,0.));
#2971=DIRECTION('ref_axis',(0.,1.,0.));
#2972=DIRECTION('center_axis',(1.,4.63333075610231E-18,0.));
#2973=DIRECTION('ref_axis',(0.,-1.,0.));
#2974=DIRECTION('center_axis',(1.,4.63333075610231E-18,0.));
#2975=DIRECTION('ref_axis',(0.,-1.,0.));
#2976=DIRECTION('',(-1.,-4.63333075610231E-18,0.));
#2977=DIRECTION('center_axis',(1.,4.63333075610231E-18,0.));
#2978=DIRECTION('ref_axis',(0.,0.,-1.));
#2979=DIRECTION('center_axis',(1.,4.63333075610231E-18,0.));
#2980=DIRECTION('ref_axis',(0.,1.,0.));
#2981=DIRECTION('center_axis',(-1.,-4.63333075610231E-18,0.));
#2982=DIRECTION('ref_axis',(2.03805252796753E-18,-1.,0.));
#2983=DIRECTION('center_axis',(-1.,-4.63333075610231E-18,0.));
#2984=DIRECTION('ref_axis',(4.63333075610231E-18,-1.,0.));
#2985=DIRECTION('',(-0.707106781186549,0.707106781186546,8.65956056235492E-17));
#2986=DIRECTION('center_axis',(1.,4.63333075610231E-18,0.));
#2987=DIRECTION('ref_axis',(0.,0.,-1.));
#2988=DIRECTION('center_axis',(1.,4.63333075610231E-18,0.));
#2989=DIRECTION('ref_axis',(0.,0.,-1.));
#2990=DIRECTION('center_axis',(-1.,-4.63333075610231E-18,0.));
#2991=DIRECTION('ref_axis',(0.,-1.,1.22464679914735E-16));
#2992=DIRECTION('center_axis',(-1.,-4.63333075610231E-18,0.));
#2993=DIRECTION('ref_axis',(0.,-1.,1.22464679914735E-16));
#2994=DIRECTION('center_axis',(4.63333075610231E-18,-1.,-1.22464679914735E-16));
#2995=DIRECTION('ref_axis',(0.,-1.22464679914735E-16,1.));
#2996=DIRECTION('center_axis',(1.,4.63333075610231E-18,0.));
#2997=DIRECTION('ref_axis',(4.63333075610231E-18,-1.,1.22464679914735E-16));
#2998=DIRECTION('center_axis',(-1.,-4.63333075610231E-18,0.));
#2999=DIRECTION('ref_axis',(0.,0.,1.));
#3000=DIRECTION('',(-1.48495369294301E-33,3.20493781063927E-16,1.));
#3001=DIRECTION('',(4.01258213892036E-18,-0.866025403784438,0.5));
#3002=DIRECTION('',(4.01258213892036E-18,-0.866025403784439,-0.5));
#3003=DIRECTION('',(7.42476846471507E-34,-1.60246890531964E-16,-1.));
#3004=DIRECTION('',(-4.01258213892036E-18,0.866025403784438,-0.5));
#3005=DIRECTION('',(-4.01258213892036E-18,0.866025403784439,0.5));
#3006=DIRECTION('center_axis',(1.,4.63333075610231E-18,0.));
#3007=DIRECTION('ref_axis',(0.,1.,0.));
#3008=DIRECTION('',(-1.,-4.63333075610231E-18,0.));
#3009=DIRECTION('center_axis',(2.31666537805115E-18,-0.5,-0.866025403784439));
#3010=DIRECTION('ref_axis',(-1.,0.,-2.67505475928024E-18));
#3011=DIRECTION('',(-1.,-4.63333075610231E-18,0.));
#3012=DIRECTION('',(-1.,-4.63333075610231E-18,0.));
#3013=DIRECTION('center_axis',(-2.31666537805115E-18,0.5,-0.866025403784439));
#3014=DIRECTION('ref_axis',(-1.,0.,2.67505475928024E-18));
#3015=DIRECTION('',(-1.,-4.63333075610231E-18,0.));
#3016=DIRECTION('center_axis',(-4.63333075610231E-18,1.,-3.20493781063927E-16));
#3017=DIRECTION('ref_axis',(0.,3.20493781063927E-16,1.));
#3018=DIRECTION('',(-1.,-4.63333075610231E-18,0.));
#3019=DIRECTION('center_axis',(-2.31666537805115E-18,0.5,0.866025403784438));
#3020=DIRECTION('ref_axis',(1.,0.,2.67505475928024E-18));
#3021=DIRECTION('',(1.,4.63333075610231E-18,0.));
#3022=DIRECTION('center_axis',(4.63333075610231E-18,-1.,1.60246890531964E-16));
#3023=DIRECTION('ref_axis',(0.,-1.60246890531964E-16,-1.));
#3024=DIRECTION('',(-1.,-4.63333075610231E-18,0.));
#3025=DIRECTION('center_axis',(2.31666537805115E-18,-0.5,0.866025403784439));
#3026=DIRECTION('ref_axis',(1.,0.,-2.67505475928024E-18));
#3027=DIRECTION('center_axis',(-1.,-4.63333075610231E-18,0.));
#3028=DIRECTION('ref_axis',(0.,1.,0.));
#3029=DIRECTION('',(-0.5,-0.866025403784438,-1.06057523872491E-16));
#3030=DIRECTION('axis',(0.,0.,1.));
#3031=DIRECTION('refdir',(1.,0.,0.));
#3032=DIRECTION('center_axis',(0.,1.,0.));
#3033=DIRECTION('ref_axis',(1.,0.,0.));
#3034=DIRECTION('center_axis',(0.,1.,0.));
#3035=DIRECTION('ref_axis',(1.,0.,0.));
#3036=DIRECTION('',(-0.707106781186547,0.707106781186547,-8.65956056235493E-17));
#3037=DIRECTION('center_axis',(0.,-1.,0.));
#3038=DIRECTION('ref_axis',(1.,0.,0.));
#3039=DIRECTION('center_axis',(0.,-1.,0.));
#3040=DIRECTION('ref_axis',(1.,0.,0.));
#3041=DIRECTION('center_axis',(0.,1.,0.));
#3042=DIRECTION('ref_axis',(-1.,0.,0.));
#3043=DIRECTION('center_axis',(0.,1.,0.));
#3044=DIRECTION('ref_axis',(1.,0.,0.));
#3045=DIRECTION('center_axis',(0.,1.,0.));
#3046=DIRECTION('ref_axis',(1.,0.,0.));
#3047=DIRECTION('',(0.,-1.,0.));
#3048=DIRECTION('center_axis',(0.,1.,0.));
#3049=DIRECTION('ref_axis',(0.,0.,1.));
#3050=DIRECTION('center_axis',(0.,1.,0.));
#3051=DIRECTION('ref_axis',(-1.,0.,0.));
#3052=DIRECTION('center_axis',(0.,1.,0.));
#3053=DIRECTION('ref_axis',(-1.,0.,0.));
#3054=DIRECTION('',(-0.707106781186548,-0.707106781186548,8.65956056235493E-17));
#3055=DIRECTION('center_axis',(0.,-1.,0.));
#3056=DIRECTION('ref_axis',(-1.,0.,0.));
#3057=DIRECTION('center_axis',(0.,-1.,0.));
#3058=DIRECTION('ref_axis',(-1.,0.,0.));
#3059=DIRECTION('center_axis',(0.,1.,0.));
#3060=DIRECTION('ref_axis',(0.,0.,1.));
#3061=DIRECTION('center_axis',(0.,-1.,0.));
#3062=DIRECTION('ref_axis',(1.,0.,0.));
#3063=DIRECTION('center_axis',(0.,-1.,0.));
#3064=DIRECTION('ref_axis',(1.,0.,0.));
#3065=DIRECTION('',(0.,-1.,0.));
#3066=DIRECTION('center_axis',(0.,-1.,0.));
#3067=DIRECTION('ref_axis',(1.,0.,0.));
#3068=DIRECTION('center_axis',(0.,-1.,0.));
#3069=DIRECTION('ref_axis',(1.,0.,0.));
#3070=DIRECTION('',(-0.707106781186547,-0.707106781186547,8.65956056235493E-17));
#3071=DIRECTION('center_axis',(0.,1.,0.));
#3072=DIRECTION('ref_axis',(0.,0.,1.));
#3073=DIRECTION('axis',(0.,0.,1.));
#3074=DIRECTION('refdir',(1.,0.,0.));
#3075=DIRECTION('center_axis',(0.,1.,0.));
#3076=DIRECTION('ref_axis',(1.,0.,0.));
#3077=DIRECTION('center_axis',(0.,1.,0.));
#3078=DIRECTION('ref_axis',(1.,0.,0.));
#3079=DIRECTION('',(-0.707106781186548,0.707106781186547,-8.65956056235494E-17));
#3080=DIRECTION('center_axis',(0.,-1.,0.));
#3081=DIRECTION('ref_axis',(1.,0.,0.));
#3082=DIRECTION('center_axis',(0.,-1.,0.));
#3083=DIRECTION('ref_axis',(1.,0.,0.));
#3084=DIRECTION('center_axis',(0.,1.,0.));
#3085=DIRECTION('ref_axis',(-1.,0.,0.));
#3086=DIRECTION('center_axis',(0.,1.,0.));
#3087=DIRECTION('ref_axis',(1.,0.,0.));
#3088=DIRECTION('center_axis',(0.,1.,0.));
#3089=DIRECTION('ref_axis',(1.,0.,0.));
#3090=DIRECTION('',(0.,-1.,0.));
#3091=DIRECTION('center_axis',(0.,1.,0.));
#3092=DIRECTION('ref_axis',(0.,0.,1.));
#3093=DIRECTION('center_axis',(0.,-1.,0.));
#3094=DIRECTION('ref_axis',(1.,0.,0.));
#3095=DIRECTION('center_axis',(0.,-1.,0.));
#3096=DIRECTION('ref_axis',(1.,0.,0.));
#3097=DIRECTION('',(-0.707106781186548,-0.707106781186547,8.65956056235494E-17));
#3098=DIRECTION('center_axis',(0.,1.,0.));
#3099=DIRECTION('ref_axis',(0.,0.,1.));
#3100=DIRECTION('axis',(0.,0.,1.));
#3101=DIRECTION('refdir',(1.,0.,0.));
#3102=DIRECTION('center_axis',(0.,1.,0.));
#3103=DIRECTION('ref_axis',(0.,0.,1.));
#3104=DIRECTION('center_axis',(0.,-1.,0.));
#3105=DIRECTION('ref_axis',(-1.,0.,0.));
#3106=DIRECTION('center_axis',(0.,1.,0.));
#3107=DIRECTION('ref_axis',(-1.,0.,0.));
#3108=DIRECTION('center_axis',(0.,1.,0.));
#3109=DIRECTION('ref_axis',(-1.,0.,0.));
#3110=DIRECTION('',(0.,-1.,0.));
#3111=DIRECTION('center_axis',(0.,1.,0.));
#3112=DIRECTION('ref_axis',(0.,0.,1.));
#3113=DIRECTION('axis',(0.,0.,1.));
#3114=DIRECTION('refdir',(1.,0.,0.));
#3115=DIRECTION('center_axis',(1.,0.,0.));
#3116=DIRECTION('ref_axis',(0.,-1.,0.));
#3117=DIRECTION('center_axis',(1.,0.,0.));
#3118=DIRECTION('ref_axis',(0.,-1.,0.));
#3119=DIRECTION('',(1.,0.,0.));
#3120=DIRECTION('center_axis',(-1.,0.,0.));
#3121=DIRECTION('ref_axis',(0.,-1.,0.));
#3122=DIRECTION('center_axis',(1.,0.,0.));
#3123=DIRECTION('ref_axis',(0.,-1.,0.));
#3124=DIRECTION('center_axis',(-1.,0.,0.));
#3125=DIRECTION('ref_axis',(0.,-1.,0.));
#3126=DIRECTION('',(-1.,0.,0.));
#3127=DIRECTION('center_axis',(-1.,0.,0.));
#3128=DIRECTION('ref_axis',(0.,-1.,0.));
#3129=DIRECTION('center_axis',(-1.,0.,0.));
#3130=DIRECTION('ref_axis',(0.,0.,1.));
#3131=DIRECTION('center_axis',(-1.,0.,0.));
#3132=DIRECTION('ref_axis',(0.,0.,1.));
#3133=DIRECTION('axis',(0.,0.,1.));
#3134=DIRECTION('refdir',(1.,0.,0.));
#3135=DIRECTION('center_axis',(1.,7.14228851731185E-18,0.));
#3136=DIRECTION('ref_axis',(0.,0.,-1.));
#3137=DIRECTION('center_axis',(1.,7.14228851731185E-18,0.));
#3138=DIRECTION('ref_axis',(7.14228851731185E-18,-1.,1.22464679914735E-16));
#3139=DIRECTION('center_axis',(7.14228851731185E-18,-1.,-1.22464679914735E-16));
#3140=DIRECTION('ref_axis',(0.,-1.22464679914735E-16,1.));
#3141=DIRECTION('center_axis',(-1.,-7.14228851731185E-18,0.));
#3142=DIRECTION('ref_axis',(1.15648231731787E-17,-1.,1.22464679914735E-16));
#3143=DIRECTION('center_axis',(-1.,-7.14228851731185E-18,0.));
#3144=DIRECTION('ref_axis',(1.15648231731787E-17,-1.,1.22464679914735E-16));
#3145=DIRECTION('center_axis',(1.,7.14228851731185E-18,0.));
#3146=DIRECTION('ref_axis',(0.,1.,0.));
#3147=DIRECTION('center_axis',(1.,7.14228851731185E-18,0.));
#3148=DIRECTION('ref_axis',(0.,-1.,0.));
#3149=DIRECTION('center_axis',(1.,7.14228851731185E-18,0.));
#3150=DIRECTION('ref_axis',(0.,-1.,0.));
#3151=DIRECTION('',(-1.,-7.14228851731186E-18,0.));
#3152=DIRECTION('center_axis',(1.,7.14228851731185E-18,0.));
#3153=DIRECTION('ref_axis',(0.,0.,-1.));
#3154=DIRECTION('center_axis',(1.,7.14228851731185E-18,0.));
#3155=DIRECTION('ref_axis',(0.,1.,0.));
#3156=DIRECTION('center_axis',(-1.,-7.14228851731185E-18,0.));
#3157=DIRECTION('ref_axis',(3.16444266942488E-18,-1.,0.));
#3158=DIRECTION('center_axis',(-1.,-7.14228851731185E-18,0.));
#3159=DIRECTION('ref_axis',(7.14228851731185E-18,-1.,0.));
#3160=DIRECTION('',(-0.707106781186549,0.707106781186546,8.65956056235492E-17));
#3161=DIRECTION('center_axis',(1.,7.14228851731185E-18,0.));
#3162=DIRECTION('ref_axis',(0.,0.,-1.));
#3163=DIRECTION('center_axis',(1.,7.14228851731185E-18,0.));
#3164=DIRECTION('ref_axis',(0.,0.,-1.));
#3165=DIRECTION('center_axis',(-1.,-7.14228851731185E-18,0.));
#3166=DIRECTION('ref_axis',(1.26161707343768E-17,-1.,1.22464679914735E-16));
#3167=DIRECTION('center_axis',(-1.,-7.14228851731185E-18,0.));
#3168=DIRECTION('ref_axis',(1.26161707343768E-17,-1.,1.22464679914735E-16));
#3169=DIRECTION('center_axis',(7.14228851731185E-18,-1.,-1.22464679914735E-16));
#3170=DIRECTION('ref_axis',(0.,-1.22464679914735E-16,1.));
#3171=DIRECTION('center_axis',(1.,7.14228851731185E-18,0.));
#3172=DIRECTION('ref_axis',(7.14228851731185E-18,-1.,1.22464679914735E-16));
#3173=DIRECTION('center_axis',(-1.,-7.14228851731185E-18,0.));
#3174=DIRECTION('ref_axis',(0.,0.,1.));
#3175=DIRECTION('',(-5.49374172567059E-33,7.69185074553426E-16,1.));
#3176=DIRECTION('',(6.18540329714996E-18,-0.866025403784439,0.5));
#3177=DIRECTION('',(6.18540329714996E-18,-0.866025403784439,-0.5));
#3178=DIRECTION('',(0.,0.,-1.));
#3179=DIRECTION('',(-6.18540329714996E-18,0.866025403784439,-0.5));
#3180=DIRECTION('',(-6.18540329714996E-18,0.866025403784439,0.5));
#3181=DIRECTION('center_axis',(1.,7.14228851731185E-18,0.));
#3182=DIRECTION('ref_axis',(0.,1.,0.));
#3183=DIRECTION('',(-1.,-7.14228851731185E-18,0.));
#3184=DIRECTION('center_axis',(3.57114425865593E-18,-0.5,-0.866025403784439));
#3185=DIRECTION('ref_axis',(-1.,0.,-4.12360219809997E-18));
#3186=DIRECTION('',(-1.,-7.14228851731185E-18,0.));
#3187=DIRECTION('',(-1.,-7.14228851731185E-18,0.));
#3188=DIRECTION('center_axis',(-3.57114425865593E-18,0.5,-0.866025403784439));
#3189=DIRECTION('ref_axis',(-1.,0.,4.12360219809997E-18));
#3190=DIRECTION('',(-1.,-7.14228851731185E-18,0.));
#3191=DIRECTION('center_axis',(-7.14228851731185E-18,1.,-7.69185074553425E-16));
#3192=DIRECTION('ref_axis',(0.,7.69185074553426E-16,1.));
#3193=DIRECTION('',(-1.,-7.14228851731185E-18,0.));
#3194=DIRECTION('center_axis',(-3.57114425865593E-18,0.5,0.866025403784439));
#3195=DIRECTION('ref_axis',(1.,0.,4.12360219809997E-18));
#3196=DIRECTION('',(1.,7.14228851731185E-18,0.));
#3197=DIRECTION('center_axis',(7.14228851731185E-18,-1.,0.));
#3198=DIRECTION('ref_axis',(0.,0.,-1.));
#3199=DIRECTION('',(-1.,-7.14228851731185E-18,0.));
#3200=DIRECTION('center_axis',(3.57114425865593E-18,-0.5,0.866025403784439));
#3201=DIRECTION('ref_axis',(1.,0.,-4.12360219809997E-18));
#3202=DIRECTION('center_axis',(-1.,-7.14228851731185E-18,0.));
#3203=DIRECTION('ref_axis',(0.,1.,0.));
#3204=DIRECTION('',(-0.5,-0.866025403784439,-1.06057523872491E-16));
#3205=DIRECTION('axis',(0.,0.,1.));
#3206=DIRECTION('refdir',(1.,0.,0.));
#3207=DIRECTION('center_axis',(0.,-1.,0.));
#3208=DIRECTION('ref_axis',(1.,0.,0.));
#3209=DIRECTION('center_axis',(0.,1.,0.));
#3210=DIRECTION('ref_axis',(1.,0.,0.));
#3211=DIRECTION('',(-0.707106781186548,-0.707106781186547,8.65956056235494E-17));
#3212=DIRECTION('center_axis',(0.,-1.,0.));
#3213=DIRECTION('ref_axis',(1.,0.,0.));
#3214=DIRECTION('center_axis',(0.,1.,0.));
#3215=DIRECTION('ref_axis',(0.,0.,1.));
#3216=DIRECTION('center_axis',(0.,1.,0.));
#3217=DIRECTION('ref_axis',(1.,0.,0.));
#3218=DIRECTION('center_axis',(0.,1.,0.));
#3219=DIRECTION('ref_axis',(1.,0.,0.));
#3220=DIRECTION('center_axis',(0.,-1.,0.));
#3221=DIRECTION('ref_axis',(1.,0.,0.));
#3222=DIRECTION('',(0.,-1.,0.));
#3223=DIRECTION('center_axis',(0.,1.,0.));
#3224=DIRECTION('ref_axis',(1.,0.,0.));
#3225=DIRECTION('center_axis',(0.,-1.,0.));
#3226=DIRECTION('ref_axis',(1.,0.,0.));
#3227=DIRECTION('center_axis',(0.,-1.,0.));
#3228=DIRECTION('ref_axis',(1.,0.,0.));
#3229=DIRECTION('',(0.707106781186548,-0.707106781186547,-8.65956056235494E-17));
#3230=DIRECTION('center_axis',(0.,1.,0.));
#3231=DIRECTION('ref_axis',(-1.,0.,0.));
#3232=DIRECTION('center_axis',(0.,1.,0.));
#3233=DIRECTION('ref_axis',(1.,0.,0.));
#3234=DIRECTION('center_axis',(0.,1.,0.));
#3235=DIRECTION('ref_axis',(1.,0.,0.));
#3236=DIRECTION('',(0.,-1.,0.));
#3237=DIRECTION('center_axis',(0.,1.,0.));
#3238=DIRECTION('ref_axis',(1.,0.,0.));
#3239=DIRECTION('center_axis',(0.,1.,0.));
#3240=DIRECTION('ref_axis',(1.,0.,0.));
#3241=DIRECTION('',(0.707106781186548,-0.707106781186548,-8.65956056235493E-17));
#3242=DIRECTION('center_axis',(0.,1.,0.));
#3243=DIRECTION('ref_axis',(0.,0.,1.));
#3244=DIRECTION('center_axis',(0.,-1.,0.));
#3245=DIRECTION('ref_axis',(1.,0.,0.));
#3246=DIRECTION('center_axis',(0.,-1.,0.));
#3247=DIRECTION('ref_axis',(1.,0.,0.));
#3248=DIRECTION('',(-0.707106781186548,-0.707106781186548,8.65956056235493E-17));
#3249=DIRECTION('axis',(0.,0.,1.));
#3250=DIRECTION('refdir',(1.,0.,0.));
#3251=DIRECTION('center_axis',(-1.,0.,0.));
#3252=DIRECTION('ref_axis',(0.,0.,-1.));
#3253=DIRECTION('center_axis',(-1.,0.,0.));
#3254=DIRECTION('ref_axis',(0.,0.,-1.));
#3255=DIRECTION('',(0.5,-1.06057523872491E-16,-0.866025403784439));
#3256=DIRECTION('center_axis',(1.,0.,0.));
#3257=DIRECTION('ref_axis',(0.,0.,-1.));
#3258=DIRECTION('center_axis',(1.,0.,0.));
#3259=DIRECTION('ref_axis',(0.,0.,-1.));
#3260=DIRECTION('center_axis',(-1.,0.,0.));
#3261=DIRECTION('ref_axis',(0.,0.,1.));
#3262=DIRECTION('center_axis',(-1.,0.,0.));
#3263=DIRECTION('ref_axis',(0.,0.,1.));
#3264=DIRECTION('',(-1.,0.,0.));
#3265=DIRECTION('center_axis',(1.,0.,0.));
#3266=DIRECTION('ref_axis',(0.,0.,-1.));
#3267=DIRECTION('center_axis',(-1.,0.,0.));
#3268=DIRECTION('ref_axis',(0.,1.,0.));
#3269=DIRECTION('center_axis',(1.,0.,0.));
#3270=DIRECTION('ref_axis',(0.,0.,1.));
#3271=DIRECTION('center_axis',(1.,0.,0.));
#3272=DIRECTION('ref_axis',(0.,0.,1.));
#3273=DIRECTION('',(-0.5,-1.06057523872491E-16,0.866025403784439));
#3274=DIRECTION('center_axis',(1.,0.,0.));
#3275=DIRECTION('ref_axis',(0.,0.,-1.));
#3276=DIRECTION('center_axis',(1.,0.,0.));
#3277=DIRECTION('ref_axis',(0.,1.,0.));
#3278=DIRECTION('center_axis',(1.,0.,0.));
#3279=DIRECTION('ref_axis',(0.,1.,0.));
#3280=DIRECTION('',(-0.5,0.866025403784439,-1.06057523872491E-16));
#3281=DIRECTION('center_axis',(-1.,0.,0.));
#3282=DIRECTION('ref_axis',(0.,1.,0.));
#3283=DIRECTION('',(-0.5,-0.866025403784439,1.06057523872491E-16));
#3284=DIRECTION('center_axis',(0.,0.866025403784439,-0.499999999999999));
#3285=DIRECTION('ref_axis',(0.,0.499999999999999,0.866025403784439));
#3286=DIRECTION('',(1.,0.,0.));
#3287=DIRECTION('',(1.,0.,0.));
#3288=DIRECTION('center_axis',(0.,1.74814789671233E-15,-1.));
#3289=DIRECTION('ref_axis',(-1.,0.,0.));
#3290=DIRECTION('',(1.,0.,0.));
#3291=DIRECTION('center_axis',(0.,0.866025403784438,0.5));
#3292=DIRECTION('ref_axis',(1.,0.,0.));
#3293=DIRECTION('',(1.,0.,0.));
#3294=DIRECTION('center_axis',(0.,0.,1.));
#3295=DIRECTION('ref_axis',(1.,0.,0.));
#3296=DIRECTION('',(1.,0.,0.));
#3297=DIRECTION('center_axis',(0.,-0.866025403784438,-0.5));
#3298=DIRECTION('ref_axis',(-1.,0.,0.));
#3299=DIRECTION('',(1.,0.,0.));
#3300=DIRECTION('center_axis',(0.,-0.866025403784439,0.5));
#3301=DIRECTION('ref_axis',(0.,-0.5,-0.866025403784439));
#3302=DIRECTION('axis',(0.,0.,1.));
#3303=DIRECTION('refdir',(1.,0.,0.));
#3304=DIRECTION('center_axis',(-1.22464679914735E-16,1.,0.));
#3305=DIRECTION('ref_axis',(1.,1.22464679914735E-16,0.));
#3306=DIRECTION('center_axis',(-1.22464679914735E-16,1.,0.));
#3307=DIRECTION('ref_axis',(1.,1.22464679914735E-16,0.));
#3308=DIRECTION('',(0.857167300702112,-0.515038074910054,-1.04972719113862E-16));
#3309=DIRECTION('center_axis',(-1.22464679914735E-16,1.,0.));
#3310=DIRECTION('ref_axis',(1.,1.22464679914735E-16,0.));
#3311=DIRECTION('center_axis',(1.22464679914735E-16,-1.,0.));
#3312=DIRECTION('ref_axis',(1.,1.22464679914735E-16,0.));
#3313=DIRECTION('',(1.22464679914735E-16,-1.,0.));
#3314=DIRECTION('center_axis',(1.22464679914735E-16,-1.,0.));
#3315=DIRECTION('ref_axis',(1.,1.22464679914735E-16,0.));
#3316=DIRECTION('center_axis',(1.22464679914735E-16,-1.,0.));
#3317=DIRECTION('ref_axis',(1.,1.22464679914735E-16,0.));
#3318=DIRECTION('',(0.857167300702112,0.515038074910054,1.04972719113862E-16));
#3319=DIRECTION('center_axis',(1.22464679914735E-16,-1.,0.));
#3320=DIRECTION('ref_axis',(1.,1.22464679914735E-16,0.));
#3321=DIRECTION('center_axis',(-1.22464679914735E-16,1.,0.));
#3322=DIRECTION('ref_axis',(1.,1.22464679914735E-16,0.));
#3323=DIRECTION('',(-1.22464679914735E-16,1.,0.));
#3324=DIRECTION('center_axis',(1.22464679914735E-16,-1.,0.));
#3325=DIRECTION('ref_axis',(0.,0.,-1.));
#3326=DIRECTION('center_axis',(1.22464679914735E-16,-1.,0.));
#3327=DIRECTION('ref_axis',(1.,1.22464679914735E-16,0.));
#3328=DIRECTION('center_axis',(-1.,-1.22464679914735E-16,-1.22464679914735E-16));
#3329=DIRECTION('ref_axis',(-1.22464679914735E-16,0.,1.));
#3330=DIRECTION('center_axis',(1.22464679914735E-16,-1.,0.));
#3331=DIRECTION('ref_axis',(1.,1.22464679914735E-16,0.));
#3332=DIRECTION('center_axis',(1.22464679914735E-16,-1.,0.));
#3333=DIRECTION('ref_axis',(0.,0.,-1.));
#3334=DIRECTION('center_axis',(-1.,-1.22464679914735E-16,-1.22464679914735E-16));
#3335=DIRECTION('ref_axis',(-1.22464679914735E-16,0.,1.));
#3336=DIRECTION('center_axis',(1.22464679914735E-16,-1.,0.));
#3337=DIRECTION('ref_axis',(1.,1.22464679914735E-16,0.));
#3338=DIRECTION('center_axis',(1.22464679914735E-16,-1.,0.));
#3339=DIRECTION('ref_axis',(0.,0.,-1.));
#3340=DIRECTION('center_axis',(1.22464679914735E-16,-1.,0.));
#3341=DIRECTION('ref_axis',(1.,1.22464679914735E-16,0.));
#3342=DIRECTION('center_axis',(1.22464679914735E-16,-1.,0.));
#3343=DIRECTION('ref_axis',(1.,1.22464679914735E-16,0.));
#3344=DIRECTION('center_axis',(-1.,-1.22464679914735E-16,-1.22464679914735E-16));
#3345=DIRECTION('ref_axis',(-1.22464679914735E-16,0.,1.));
#3346=DIRECTION('center_axis',(1.22464679914735E-16,-1.,0.));
#3347=DIRECTION('ref_axis',(1.,1.22464679914735E-16,0.));
#3348=DIRECTION('center_axis',(1.22464679914735E-16,-1.,0.));
#3349=DIRECTION('ref_axis',(1.,1.22464679914735E-16,0.));
#3350=DIRECTION('',(-1.22464679914735E-16,1.,0.));
#3351=DIRECTION('center_axis',(1.22464679914735E-16,-1.,0.));
#3352=DIRECTION('ref_axis',(1.,1.22464679914735E-16,0.));
#3353=DIRECTION('center_axis',(1.22464679914735E-16,-1.,0.));
#3354=DIRECTION('ref_axis',(0.,0.,-1.));
#3355=DIRECTION('center_axis',(1.22464679914735E-16,-1.,0.));
#3356=DIRECTION('ref_axis',(1.,1.22464679914735E-16,0.));
#3357=DIRECTION('center_axis',(-1.,-1.22464679914735E-16,-1.22464679914735E-16));
#3358=DIRECTION('ref_axis',(-1.22464679914735E-16,0.,1.));
#3359=DIRECTION('center_axis',(1.22464679914735E-16,-1.,0.));
#3360=DIRECTION('ref_axis',(0.,0.,-1.));
#3361=DIRECTION('center_axis',(-1.,-1.22464679914735E-16,-1.22464679914735E-16));
#3362=DIRECTION('ref_axis',(-1.22464679914735E-16,0.,1.));
#3363=DIRECTION('center_axis',(1.22464679914735E-16,-1.,0.));
#3364=DIRECTION('ref_axis',(1.,1.22464679914735E-16,0.));
#3365=DIRECTION('center_axis',(1.22464679914735E-16,-1.,0.));
#3366=DIRECTION('ref_axis',(0.,0.,-1.));
#3367=DIRECTION('center_axis',(1.22464679914735E-16,-1.,0.));
#3368=DIRECTION('ref_axis',(1.,1.22464679914735E-16,0.));
#3369=DIRECTION('center_axis',(-1.,-1.22464679914735E-16,-1.22464679914735E-16));
#3370=DIRECTION('ref_axis',(-1.22464679914735E-16,0.,1.));
#3371=DIRECTION('center_axis',(1.22464679914735E-16,-1.,0.));
#3372=DIRECTION('ref_axis',(0.,0.,-1.));
#3373=DIRECTION('center_axis',(-1.22464679914735E-16,1.,0.));
#3374=DIRECTION('ref_axis',(0.,0.,1.));
#3375=DIRECTION('axis',(0.,0.,1.));
#3376=DIRECTION('refdir',(1.,0.,0.));
#3377=DIRECTION('center_axis',(0.,0.,1.));
#3378=DIRECTION('ref_axis',(-1.,0.,0.));
#3379=DIRECTION('center_axis',(0.,0.,1.));
#3380=DIRECTION('ref_axis',(-1.,0.,0.));
#3381=DIRECTION('',(0.707106781186548,-8.65956056235493E-17,0.707106781186548));
#3382=DIRECTION('center_axis',(0.,0.,-1.));
#3383=DIRECTION('ref_axis',(-1.,0.,0.));
#3384=DIRECTION('center_axis',(0.,0.,-1.));
#3385=DIRECTION('ref_axis',(-1.,0.,0.));
#3386=DIRECTION('center_axis',(0.,0.,-1.));
#3387=DIRECTION('ref_axis',(1.,0.,0.));
#3388=DIRECTION('',(0.,0.,1.));
#3389=DIRECTION('center_axis',(0.,0.,1.));
#3390=DIRECTION('ref_axis',(-1.,-1.22464679914735E-16,0.));
#3391=DIRECTION('center_axis',(0.,0.,1.));
#3392=DIRECTION('ref_axis',(-1.,-1.22464679914735E-16,0.));
#3393=DIRECTION('center_axis',(0.,0.,-1.));
#3394=DIRECTION('ref_axis',(-1.,0.,0.));
#3395=DIRECTION('center_axis',(0.,0.,-1.));
#3396=DIRECTION('ref_axis',(-1.,0.,0.));
#3397=DIRECTION('center_axis',(0.,0.,-1.));
#3398=DIRECTION('ref_axis',(-1.,0.,0.));
#3399=DIRECTION('center_axis',(0.,0.,-1.));
#3400=DIRECTION('ref_axis',(-1.,0.,0.));
#3401=DIRECTION('center_axis',(-1.22464679914735E-16,-1.,0.));
#3402=DIRECTION('ref_axis',(1.,-1.22464679914735E-16,0.));
#3403=DIRECTION('center_axis',(0.,0.,1.));
#3404=DIRECTION('ref_axis',(1.,0.,0.));
#3405=DIRECTION('',(-0.707106781186547,8.65956056235493E-17,0.707106781186548));
#3406=DIRECTION('center_axis',(0.,0.,-1.));
#3407=DIRECTION('ref_axis',(1.,0.,0.));
#3408=DIRECTION('center_axis',(-0.499999999999999,-0.866025403784439,0.));
#3409=DIRECTION('ref_axis',(0.,0.,-1.));
#3410=DIRECTION('',(0.866025403784439,-0.499999999999999,0.));
#3411=DIRECTION('',(0.,0.,-1.));
#3412=DIRECTION('',(-0.866025403784439,0.499999999999999,0.));
#3413=DIRECTION('',(0.,0.,-1.));
#3414=DIRECTION('center_axis',(0.5,-0.866025403784439,0.));
#3415=DIRECTION('ref_axis',(0.,0.,-1.));
#3416=DIRECTION('',(0.866025403784439,0.5,0.));
#3417=DIRECTION('',(-0.866025403784439,-0.5,0.));
#3418=DIRECTION('',(0.,0.,-1.));
#3419=DIRECTION('center_axis',(1.,0.,0.));
#3420=DIRECTION('ref_axis',(0.,0.,-1.));
#3421=DIRECTION('',(0.,1.,0.));
#3422=DIRECTION('',(0.,-1.,0.));
#3423=DIRECTION('',(0.,0.,-1.));
#3424=DIRECTION('center_axis',(0.499999999999999,0.866025403784439,0.));
#3425=DIRECTION('ref_axis',(0.,0.,1.));
#3426=DIRECTION('',(-0.866025403784439,0.499999999999999,0.));
#3427=DIRECTION('',(0.866025403784439,-0.499999999999999,0.));
#3428=DIRECTION('',(0.,0.,-1.));
#3429=DIRECTION('center_axis',(-0.5,0.866025403784439,0.));
#3430=DIRECTION('ref_axis',(0.,0.,1.));
#3431=DIRECTION('',(-0.866025403784439,-0.5,0.));
#3432=DIRECTION('',(0.866025403784439,0.5,0.));
#3433=DIRECTION('',(0.,0.,-1.));
#3434=DIRECTION('center_axis',(-1.,0.,0.));
#3435=DIRECTION('ref_axis',(0.,0.,1.));
#3436=DIRECTION('',(0.,-1.,0.));
#3437=DIRECTION('',(0.,1.,0.));
#3438=DIRECTION('center_axis',(0.,0.,1.));
#3439=DIRECTION('ref_axis',(1.,0.,0.));
#3440=DIRECTION('center_axis',(0.,0.,1.));
#3441=DIRECTION('ref_axis',(1.,0.,0.));
#3442=DIRECTION('center_axis',(0.,0.,-1.));
#3443=DIRECTION('ref_axis',(1.,0.,0.));
#3444=DIRECTION('center_axis',(0.,0.,-1.));
#3445=DIRECTION('ref_axis',(1.,0.,0.));
#3446=DIRECTION('',(0.,0.,1.));
#3447=DIRECTION('',(1.05301113736406E-16,-1.,-2.03216134040947E-30));
#3448=DIRECTION('',(-1.24433994044173E-46,-2.03216134040947E-30,1.));
#3449=DIRECTION('',(-0.379623874416839,5.84154476362052E-17,-0.92514091573811));
#3450=DIRECTION('',(-0.92514091573811,6.5489441803401E-16,0.379623874416839));
#3451=DIRECTION('',(0.252494553939966,-3.22765757929747E-17,-0.967598315537319));
#3452=DIRECTION('',(-1.71902790213322E-16,1.,-7.82154050019158E-17));
#3453=DIRECTION('',(0.874909271451496,1.17392113182752E-16,0.484286864088024));
#3454=DIRECTION('',(0.484286864088024,6.26880139632088E-17,-0.874909271451496));
#3455=DIRECTION('',(0.833827670414773,5.79248654459077E-17,-0.552024832820656));
#3456=DIRECTION('',(-0.552024832820656,-1.00614970069946E-16,-0.833827670414773));
#3457=DIRECTION('',(-0.435388250977266,1.94343458589559E-16,0.900242784425933));
#3458=DIRECTION('',(0.900242784425933,-2.81390218230024E-16,0.435388250977266));
#3459=DIRECTION('',(1.6927055953563E-32,-7.01167221928611E-35,1.));
#3460=DIRECTION('',(6.12323399573676E-17,-1.,-7.01167221928621E-35));
#3461=DIRECTION('',(-0.909392463220603,1.63475018431134E-16,0.415939115541643));
#3462=DIRECTION('',(-1.79762891207817E-16,-1.,-3.52983386912235E-33));
#3463=DIRECTION('',(0.909392463220604,-1.16898222120573E-16,-0.41593911554164));
#3464=DIRECTION('',(1.25574647426426E-16,1.,-6.49514334779051E-18));
#3465=DIRECTION('',(-0.909392463220603,-2.9320230019843E-15,0.415939115541643));
#3466=DIRECTION('',(0.415939115541643,3.59488641622674E-16,0.909392463220603));
#3467=DIRECTION('',(0.0624955207521121,-2.01256327326328E-18,-0.998045244408249));
#3468=DIRECTION('',(-3.22033203186849E-17,-1.,7.2349289875051E-35));
#3469=DIRECTION('',(-1.48034696321759E-32,-9.06451085065964E-49,-1.));
#3470=DIRECTION('',(-1.,-6.12323399573677E-17,1.48034696321759E-32));
#3471=DIRECTION('',(6.12323399573676E-17,1.,-2.05268329735081E-48));
#3472=DIRECTION('',(1.,-6.12323399573676E-17,-6.12323399573676E-17));
#3473=CARTESIAN_POINT('',(0.,0.,0.));
#3474=CARTESIAN_POINT('',(0.,0.,0.));
#3475=CARTESIAN_POINT('Origin',(0.,9.75,4.75));
#3476=CARTESIAN_POINT('',(15.,9.5,5.));
#3477=CARTESIAN_POINT('',(15.,10.,4.5));
#3478=CARTESIAN_POINT('',(15.,9.5,5.));
#3479=CARTESIAN_POINT('',(-20.,10.,4.5));
#3480=CARTESIAN_POINT('',(0.,10.,4.5));
#3481=CARTESIAN_POINT('',(-20.,9.5,5.));
#3482=CARTESIAN_POINT('',(-20.,10.,4.5));
#3483=CARTESIAN_POINT('',(0.,9.5,5.));
#3484=CARTESIAN_POINT('Origin',(15.,-2.1094237467878E-15,4.74999999999999));
#3485=CARTESIAN_POINT('',(15.,-9.5,5.));
#3486=CARTESIAN_POINT('',(15.,-10.,4.49999999999999));
#3487=CARTESIAN_POINT('',(15.,-9.5,5.));
#3488=CARTESIAN_POINT('Origin',(15.,-2.1094237467878E-15,4.49999999999999));
#3489=CARTESIAN_POINT('Origin',(15.,-2.1094237467878E-15,5.));
#3490=CARTESIAN_POINT('Origin',(0.,-9.75,4.75));
#3491=CARTESIAN_POINT('',(-20.,-9.5,5.));
#3492=CARTESIAN_POINT('',(0.,-9.5,5.));
#3493=CARTESIAN_POINT('',(-20.,-10.,4.5));
#3494=CARTESIAN_POINT('',(-20.,-9.5,5.));
#3495=CARTESIAN_POINT('',(0.,-10.,4.5));
#3496=CARTESIAN_POINT('Origin',(-20.,-5.,4.74999999999999));
#3497=CARTESIAN_POINT('',(-24.5,-5.,5.));
#3498=CARTESIAN_POINT('',(-25.,-5.,4.49999999999998));
#3499=CARTESIAN_POINT('',(-24.5,-5.,5.));
#3500=CARTESIAN_POINT('Origin',(-20.,-5.,4.49999999999998));
#3501=CARTESIAN_POINT('Origin',(-20.,-5.,5.));
#3502=CARTESIAN_POINT('Origin',(-24.75,5.,4.75));
#3503=CARTESIAN_POINT('',(-24.5,5.,5.));
#3504=CARTESIAN_POINT('',(-25.,5.,4.5));
#3505=CARTESIAN_POINT('',(-24.5,5.,5.));
#3506=CARTESIAN_POINT('',(-25.,5.,4.5));
#3507=CARTESIAN_POINT('',(-24.5,5.,5.));
#3508=CARTESIAN_POINT('Origin',(-20.,5.,4.75));
#3509=CARTESIAN_POINT('Origin',(-20.,5.,4.5));
#3510=CARTESIAN_POINT('Origin',(-20.,5.,5.));
#3511=CARTESIAN_POINT('Origin',(-25.,-2.22044604925031E-15,-2.22044604925031E-15));
#3512=CARTESIAN_POINT('',(-25.,5.,-4.5));
#3513=CARTESIAN_POINT('',(-25.,5.,-2.5));
#3514=CARTESIAN_POINT('',(-25.,-5.,-4.5));
#3515=CARTESIAN_POINT('',(-25.,-5.,-4.5));
#3516=CARTESIAN_POINT('',(-25.,-5.,2.5));
#3517=CARTESIAN_POINT('Origin',(-20.,5.,-2.5));
#3518=CARTESIAN_POINT('',(-20.,10.,-4.5));
#3519=CARTESIAN_POINT('',(-20.,10.,-2.5));
#3520=CARTESIAN_POINT('Origin',(-20.,5.,-4.49999999999999));
#3521=CARTESIAN_POINT('Origin',(0.,10.,-5.));
#3522=CARTESIAN_POINT('',(15.,10.,-4.5));
#3523=CARTESIAN_POINT('',(15.,10.,-2.5));
#3524=CARTESIAN_POINT('',(0.,10.,-4.5));
#3525=CARTESIAN_POINT('Origin',(0.,10.,5.));
#3526=CARTESIAN_POINT('',(-15.25,1.38978900712958E-15,5.));
#3527=CARTESIAN_POINT('Origin',(-17.5,1.66533453693773E-15,5.));
#3528=CARTESIAN_POINT('',(15.,-1.74999999999999,5.));
#3529=CARTESIAN_POINT('',(0.,-1.75,5.));
#3530=CARTESIAN_POINT('',(3.47869881049216E-15,-1.75,5.));
#3531=CARTESIAN_POINT('',(0.,1.75,5.));
#3532=CARTESIAN_POINT('Origin',(0.,5.55111512312578E-16,5.));
#3533=CARTESIAN_POINT('',(15.,1.75000000000001,5.));
#3534=CARTESIAN_POINT('',(7.5,1.75,5.));
#3535=CARTESIAN_POINT('Origin',(15.,1.66533453693773E-15,5.));
#3536=CARTESIAN_POINT('Origin',(0.,9.75,-4.75));
#3537=CARTESIAN_POINT('',(15.,9.5,-5.));
#3538=CARTESIAN_POINT('',(15.,10.,-4.5));
#3539=CARTESIAN_POINT('',(-20.,9.5,-5.));
#3540=CARTESIAN_POINT('',(0.,9.5,-5.));
#3541=CARTESIAN_POINT('',(-20.,9.5,-5.));
#3542=CARTESIAN_POINT('Origin',(15.,-1.52655665885963E-16,-4.75));
#3543=CARTESIAN_POINT('',(15.,-10.,-4.49999999999999));
#3544=CARTESIAN_POINT('Origin',(15.,-1.11022302462519E-16,-4.49999999999999));
#3545=CARTESIAN_POINT('',(15.,-9.5,-5.));
#3546=CARTESIAN_POINT('',(15.,-10.,-4.49999999999999));
#3547=CARTESIAN_POINT('Origin',(15.,-1.94289029309407E-16,-5.));
#3548=CARTESIAN_POINT('Origin',(0.,-9.75,-4.75));
#3549=CARTESIAN_POINT('',(-20.,-10.,-4.5));
#3550=CARTESIAN_POINT('',(-20.,-9.5,-5.));
#3551=CARTESIAN_POINT('',(-20.,-10.,-4.5));
#3552=CARTESIAN_POINT('',(0.,-9.5,-5.));
#3553=CARTESIAN_POINT('',(0.,-10.,-4.5));
#3554=CARTESIAN_POINT('Origin',(-20.,-5.,-4.75));
#3555=CARTESIAN_POINT('Origin',(-20.,-5.,-4.5));
#3556=CARTESIAN_POINT('',(-24.5,-5.,-5.));
#3557=CARTESIAN_POINT('',(-25.,-5.,-4.5));
#3558=CARTESIAN_POINT('Origin',(-20.,-5.,-5.));
#3559=CARTESIAN_POINT('Origin',(-24.75,-5.,-4.75));
#3560=CARTESIAN_POINT('',(-24.5,5.,-5.));
#3561=CARTESIAN_POINT('',(-25.,5.,-4.5));
#3562=CARTESIAN_POINT('',(-24.5,-5.,-5.));
#3563=CARTESIAN_POINT('Origin',(-20.,5.,-4.75));
#3564=CARTESIAN_POINT('Origin',(-20.,5.,-5.));
#3565=CARTESIAN_POINT('Origin',(0.,-10.,5.));
#3566=CARTESIAN_POINT('',(-20.,-10.,2.5));
#3567=CARTESIAN_POINT('',(15.,-10.,2.5));
#3568=CARTESIAN_POINT('Origin',(15.,-5.55111512312578E-16,-2.5));
#3569=CARTESIAN_POINT('Origin',(0.,-10.,-5.));
#3570=CARTESIAN_POINT('',(-12.75,-5.81707229594993E-16,-5.));
#3571=CARTESIAN_POINT('Origin',(-17.5,-3.08148791101958E-32,-5.));
#3572=CARTESIAN_POINT('',(0.,-1.75,-5.));
#3573=CARTESIAN_POINT('',(15.,-1.74999999999999,-5.));
#3574=CARTESIAN_POINT('',(-2.44249065417534E-15,-1.75,-5.));
#3575=CARTESIAN_POINT('',(15.,1.75000000000001,-5.));
#3576=CARTESIAN_POINT('Origin',(15.,-9.24446373305873E-32,-5.));
#3577=CARTESIAN_POINT('',(0.,1.75,-5.));
#3578=CARTESIAN_POINT('',(7.5,1.75,-5.));
#3579=CARTESIAN_POINT('Origin',(0.,-1.11022302462516E-15,-5.));
#3580=CARTESIAN_POINT('Origin',(-20.,-5.,2.5));
#3581=CARTESIAN_POINT('Origin',(0.,-1.75,-5.));
#3582=CARTESIAN_POINT('',(0.,-1.75,-5.));
#3583=CARTESIAN_POINT('',(15.,-1.74999999999999,-5.));
#3584=CARTESIAN_POINT('Origin',(0.,-1.11022302462516E-15,-5.));
#3585=CARTESIAN_POINT('',(0.,1.75,-5.));
#3586=CARTESIAN_POINT('Origin',(15.,1.75000000000001,-5.));
#3587=CARTESIAN_POINT('',(15.,1.75000000000001,-5.));
#3588=CARTESIAN_POINT('Origin',(15.,0.,-5.));
#3589=CARTESIAN_POINT('Origin',(-17.5,2.08166817117217E-16,-3.75));
#3590=CARTESIAN_POINT('',(-15.25,1.40788104426279E-16,-2.5));
#3591=CARTESIAN_POINT('',(-14.,-2.20459562584357E-16,-3.75));
#3592=CARTESIAN_POINT('Origin',(-17.5,4.16333634234434E-16,-2.5));
#3593=CARTESIAN_POINT('Origin',(-17.5,8.86790640919344E-16,0.325000000000001));
#3594=CARTESIAN_POINT('',(-15.25,6.11245111111189E-16,0.325000000000001));
#3595=CARTESIAN_POINT('',(0.,0.,0.));
#3596=CARTESIAN_POINT('Origin',(0.,-0.950000000029111,0.));
#3597=CARTESIAN_POINT('',(-1.85,-1.00000000002911,-2.2655965784226E-16));
#3598=CARTESIAN_POINT('Origin',(0.,-1.00000000002911,0.));
#3599=CARTESIAN_POINT('',(-1.75,-0.900000000029109,2.14313189850787E-16));
#3600=CARTESIAN_POINT('',(-1.8,-0.950000000029111,-2.20436423846524E-16));
#3601=CARTESIAN_POINT('Origin',(0.,-0.900000000029109,0.));
#3602=CARTESIAN_POINT('Origin',(0.,-26.8,0.));
#3603=CARTESIAN_POINT('',(1.75,-0.0999999999999979,2.14313189850787E-16));
#3604=CARTESIAN_POINT('',(-1.75,-0.0999999999999979,2.14313189850787E-16));
#3605=CARTESIAN_POINT('Origin',(0.,-0.0999999999999979,0.));
#3606=CARTESIAN_POINT('Origin',(0.,-0.0999999999999979,0.));
#3607=CARTESIAN_POINT('',(-1.75,-26.8,2.14313189850787E-16));
#3608=CARTESIAN_POINT('Origin',(0.,-1.00000000002911,0.));
#3609=CARTESIAN_POINT('',(-4.96044118693145,-1.00000000002911,-6.0747884219343E-16));
#3610=CARTESIAN_POINT('Origin',(0.,-1.00000000002911,0.));
#3611=CARTESIAN_POINT('Origin',(0.,-0.0499999999999989,0.));
#3612=CARTESIAN_POINT('',(1.85,0.,-2.2655965784226E-16));
#3613=CARTESIAN_POINT('Origin',(0.,0.,0.));
#3614=CARTESIAN_POINT('',(1.8,-0.0499999999999989,-2.20436423846524E-16));
#3615=CARTESIAN_POINT('Origin',(6.,0.,0.));
#3616=CARTESIAN_POINT('',(5.9,0.,7.22541611496939E-16));
#3617=CARTESIAN_POINT('Origin',(0.,0.,0.));
#3618=CARTESIAN_POINT('Origin',(0.,-0.05,0.));
#3619=CARTESIAN_POINT('',(6.,-0.1,-7.34788079488412E-16));
#3620=CARTESIAN_POINT('',(-6.,-0.1,-7.34788079488412E-16));
#3621=CARTESIAN_POINT('Origin',(0.,-0.1,0.));
#3622=CARTESIAN_POINT('Origin',(0.,-0.1,0.));
#3623=CARTESIAN_POINT('',(5.95,-0.05,7.28664845492675E-16));
#3624=CARTESIAN_POINT('Origin',(0.,-0.75,0.));
#3625=CARTESIAN_POINT('',(-6.,-1.5,-7.34788079488412E-16));
#3626=CARTESIAN_POINT('Origin',(0.,-1.5,0.));
#3627=CARTESIAN_POINT('',(-6.,-0.75,-7.34788079488412E-16));
#3628=CARTESIAN_POINT('Origin',(0.,-19.9546846106482,-4.12738177402777E-16));
#3629=CARTESIAN_POINT('',(13.4810519307327,-19.9093692212963,-1.65095270961111E-15));
#3630=CARTESIAN_POINT('',(-13.4810519307327,-19.9093692212963,-1.65095270961111E-15));
#3631=CARTESIAN_POINT('Origin',(0.,-19.9093692212963,-8.25476354805554E-16));
#3632=CARTESIAN_POINT('Origin',(0.,-19.9093692212963,-8.25476354805554E-16));
#3633=CARTESIAN_POINT('',(13.6233137569068,-20.,1.6683747586176E-15));
#3634=CARTESIAN_POINT('',(13.5521828438198,-19.9546846106482,-1.65966373411435E-15));
#3635=CARTESIAN_POINT('Origin',(0.,-20.,0.));
#3636=CARTESIAN_POINT('Origin',(13.5233137569068,-20.,0.));
#3637=CARTESIAN_POINT('',(14.5266916758675,-20.,-1.77900664630516E-15));
#3638=CARTESIAN_POINT('Origin',(0.,-20.,0.));
#3639=CARTESIAN_POINT('Origin',(0.,-10.8184302571232,0.));
#3640=CARTESIAN_POINT('',(-4.96044118693145,-1.63686051424641,-6.0747884219343E-16));
#3641=CARTESIAN_POINT('',(-9.24187747191912,-10.8184302571232,-1.13180356640978E-15));
#3642=CARTESIAN_POINT('Origin',(0.,-1.63686051424641,0.));
#3643=CARTESIAN_POINT('Origin',(0.,-19.9546846106482,-4.46519383320403E-16));
#3644=CARTESIAN_POINT('',(14.5844298496934,-19.9093692212963,1.78607753328161E-15));
#3645=CARTESIAN_POINT('',(14.5555607627804,-19.9546846106482,1.78254208979339E-15));
#3646=CARTESIAN_POINT('',(-14.5844298496934,-19.9093692212963,-1.78607753328161E-15));
#3647=CARTESIAN_POINT('Origin',(0.,-19.9093692212963,-8.93038766640807E-16));
#3648=CARTESIAN_POINT('Origin',(0.,-19.9093692212963,-8.93038766640807E-16));
#3649=CARTESIAN_POINT('Origin',(0.,-10.75,0.));
#3650=CARTESIAN_POINT('',(-10.3133458379337,-10.75,-1.26302059689252E-15));
#3651=CARTESIAN_POINT('Origin',(0.,-1.31843025713776,0.));
#3652=CARTESIAN_POINT('',(-4.96044118693145,-1.31843025713776,-6.0747884219343E-16));
#3653=CARTESIAN_POINT('',(0.,0.,0.));
#3654=CARTESIAN_POINT('Origin',(0.100000000000002,-1.15369935826947E-16,
0.));
#3655=CARTESIAN_POINT('',(2.23779328401008E-15,-3.73009096723502E-16,2.1));
#3656=CARTESIAN_POINT('Origin',(2.23779328401008E-15,-1.15833268902558E-16,
0.));
#3657=CARTESIAN_POINT('',(0.100000000000002,-3.60299295656418E-16,2.));
#3658=CARTESIAN_POINT('Origin',(0.100000000000002,-3.72545763647891E-16,
2.1));
#3659=CARTESIAN_POINT('',(0.100000000000002,-2.,-2.44929359829471E-16));
#3660=CARTESIAN_POINT('Origin',(0.100000000000002,-1.15369935826947E-16,
0.));
#3661=CARTESIAN_POINT('Origin',(0.100000000000002,-1.15369935826947E-16,
0.));
#3662=CARTESIAN_POINT('Origin',(13.375,-5.38624700396893E-17,0.));
#3663=CARTESIAN_POINT('',(24.570585,2.,2.44929359829471E-16));
#3664=CARTESIAN_POINT('',(24.570585,-2.,-2.44929359829471E-16));
#3665=CARTESIAN_POINT('Origin',(24.570585,-1.98962172663166E-18,0.));
#3666=CARTESIAN_POINT('Origin',(24.570585,-1.98962172663166E-18,0.));
#3667=CARTESIAN_POINT('',(13.375,-2.,-2.44929359829471E-16));
#3668=CARTESIAN_POINT('Origin',(2.22044604925031E-15,2.75,0.));
#3669=CARTESIAN_POINT('',(-2.77555756156289E-16,-3.5,-4.28626379701574E-16));
#3670=CARTESIAN_POINT('Origin',(0.,-1.15833268902558E-16,0.));
#3671=CARTESIAN_POINT('Origin',(24.7852925,-9.94810863315823E-19,0.));
#3672=CARTESIAN_POINT('',(25.,1.570585,-1.92341189303885E-16));
#3673=CARTESIAN_POINT('Origin',(25.,1.15555796663234E-32,0.));
#3674=CARTESIAN_POINT('',(24.7852925,1.7852925,2.18635274566678E-16));
#3675=CARTESIAN_POINT('Origin',(25.,1.,0.));
#3676=CARTESIAN_POINT('Origin',(-3.59999999999999,-1.32513259624526E-16,
0.));
#3677=CARTESIAN_POINT('',(-3.59999999999999,-5.611396393261E-16,3.5));
#3678=CARTESIAN_POINT('',(-3.59999999999999,-3.5,-4.28626379701574E-16));
#3679=CARTESIAN_POINT('Origin',(-3.59999999999999,-1.32513259624526E-16,
0.));
#3680=CARTESIAN_POINT('Origin',(-3.59999999999999,-1.32513259624526E-16,
0.));
#3681=CARTESIAN_POINT('',(-3.99999999999999,-5.14007099662646E-16,3.1));
#3682=CARTESIAN_POINT('Origin',(-3.59999999999999,-5.12153767360206E-16,
3.1));
#3683=CARTESIAN_POINT('Origin',(-3.99999999999999,-1.34366591926967E-16,
0.));
#3684=CARTESIAN_POINT('Origin',(-3.99999999999999,2.61602540378444,0.));
#3685=CARTESIAN_POINT('',(-3.99999999999999,1.5,-0.866025403784439));
#3686=CARTESIAN_POINT('',(-3.99999999999999,1.5,0.866025403784438));
#3687=CARTESIAN_POINT('',(-3.99999999999999,1.5,0.433012701892219));
#3688=CARTESIAN_POINT('',(-3.99999999999999,7.77484558180146E-17,1.73205080756888));
#3689=CARTESIAN_POINT('',(-3.99999999999999,0.375,1.51554445662277));
#3690=CARTESIAN_POINT('',(-3.99999999999999,-1.5,0.866025403784439));
#3691=CARTESIAN_POINT('',(-3.99999999999999,-1.125,1.08253175473055));
#3692=CARTESIAN_POINT('',(-3.99999999999999,-1.5,-0.866025403784438));
#3693=CARTESIAN_POINT('',(-3.99999999999999,-1.5,-0.433012701892219));
#3694=CARTESIAN_POINT('',(-3.99999999999999,-3.4325350726739E-16,-1.73205080756888));
#3695=CARTESIAN_POINT('',(-3.99999999999999,-0.375,-1.51554445662277));
#3696=CARTESIAN_POINT('',(-3.99999999999999,1.125,-1.08253175473055));
#3697=CARTESIAN_POINT('Origin',(-2.,-1.25099930414762E-16,0.));
#3698=CARTESIAN_POINT('',(-2.,-3.5,-4.28626379701574E-16));
#3699=CARTESIAN_POINT('Origin',(-3.99999999999999,-3.4325350726739E-16,
-1.73205080756888));
#3700=CARTESIAN_POINT('',(-2.,9.26666151220462E-18,-1.73205080756888));
#3701=CARTESIAN_POINT('',(-2.,-1.5,-0.866025403784438));
#3702=CARTESIAN_POINT('Ctrl Pts',(-1.99999999999999,-1.82242369343536E-15,
-1.73205080756888));
#3703=CARTESIAN_POINT('Ctrl Pts',(-1.74999999999999,-0.750000000000001,
-1.29903810567666));
#3704=CARTESIAN_POINT('Ctrl Pts',(-1.99999999999999,-1.5,-0.866025403784439));
#3705=CARTESIAN_POINT('',(-2.99999999999999,0.,-1.73205080756888));
#3706=CARTESIAN_POINT('',(-2.99999999999999,-1.5,-0.866025403784438));
#3707=CARTESIAN_POINT('Origin',(-3.99999999999999,1.5,-0.866025403784439));
#3708=CARTESIAN_POINT('',(-2.,1.5,-0.866025403784439));
#3709=CARTESIAN_POINT('Ctrl Pts',(-1.99999999999999,1.5,-0.86602540378444));
#3710=CARTESIAN_POINT('Ctrl Pts',(-1.75,0.75,-1.29903810567666));
#3711=CARTESIAN_POINT('Ctrl Pts',(-1.99999999999999,1.36946750236196E-15,
-1.73205080756888));
#3712=CARTESIAN_POINT('',(-2.99999999999999,1.5,-0.866025403784439));
#3713=CARTESIAN_POINT('Origin',(-3.99999999999999,1.5,0.866025403784438));
#3714=CARTESIAN_POINT('',(-2.,1.5,0.866025403784438));
#3715=CARTESIAN_POINT('Ctrl Pts',(-1.99999999999999,1.5,0.866025403784436));
#3716=CARTESIAN_POINT('Ctrl Pts',(-1.75,1.5,-8.57012583197335E-16));
#3717=CARTESIAN_POINT('Ctrl Pts',(-1.99999999999999,1.5,-0.866025403784437));
#3718=CARTESIAN_POINT('',(-2.99999999999999,1.5,0.866025403784438));
#3719=CARTESIAN_POINT('Origin',(-3.99999999999999,-1.85333230244092E-17,
1.73205080756888));
#3720=CARTESIAN_POINT('',(-2.,4.25600295746638E-16,1.73205080756888));
#3721=CARTESIAN_POINT('Ctrl Pts',(-1.99999999999999,1.09191174620567E-15,
1.73205080756888));
#3722=CARTESIAN_POINT('Ctrl Pts',(-1.74999999999999,0.75,1.29903810567666));
#3723=CARTESIAN_POINT('Ctrl Pts',(-1.99999999999999,1.5,0.866025403784438));
#3724=CARTESIAN_POINT('',(-2.99999999999999,4.16333634234434E-16,1.73205080756888));
#3725=CARTESIAN_POINT('Origin',(-3.99999999999999,-1.5,-0.866025403784438));
#3726=CARTESIAN_POINT('',(-1.86602540378443,-1.5,-2.68967862680059E-16));
#3727=CARTESIAN_POINT('Ctrl Pts',(-1.99999999999999,-1.5,-0.866025403784437));
#3728=CARTESIAN_POINT('Ctrl Pts',(-1.86602540378443,-1.5,-0.401923788646684));
#3729=CARTESIAN_POINT('Ctrl Pts',(-1.86602540378443,-1.5,-3.54238705488015E-16));
#3730=CARTESIAN_POINT('',(-2.,-1.5,0.866025403784438));
#3731=CARTESIAN_POINT('',(-2.99999999999999,-1.5,0.866025403784438));
#3732=CARTESIAN_POINT('Ctrl Pts',(-1.86602540378443,-1.5,-3.54238705488015E-16));
#3733=CARTESIAN_POINT('Ctrl Pts',(-1.86602540378443,-1.5,0.401923788646684));
#3734=CARTESIAN_POINT('Ctrl Pts',(-1.99999999999999,-1.5,0.866025403784438));
#3735=CARTESIAN_POINT('Origin',(-3.99999999999999,-1.5,0.866025403784439));
#3736=CARTESIAN_POINT('Ctrl Pts',(-1.99999999999999,-1.5,0.86602540378444));
#3737=CARTESIAN_POINT('Ctrl Pts',(-1.75,-0.75,1.29903810567666));
#3738=CARTESIAN_POINT('Ctrl Pts',(-1.99999999999999,-1.54486793727907E-15,
1.73205080756888));
#3739=CARTESIAN_POINT('Origin',(-1.49999999999999,-1.22783265036711E-16,
0.));
#3740=CARTESIAN_POINT('',(-0.999999999999994,-1.2046659965866E-16,0.));
#3741=CARTESIAN_POINT('',(-1.49999999999999,-0.866025403784439,-1.06057523872491E-16));
#3742=CARTESIAN_POINT('',(0.,0.,0.));
#3743=CARTESIAN_POINT('Origin',(0.,-5.9,0.));
#3744=CARTESIAN_POINT('',(-17.3,-6.,2.11863896252492E-15));
#3745=CARTESIAN_POINT('Origin',(0.,-6.,0.));
#3746=CARTESIAN_POINT('',(-17.5,-5.8,-2.14313189850787E-15));
#3747=CARTESIAN_POINT('',(-17.4,-5.9,-2.1308854305164E-15));
#3748=CARTESIAN_POINT('',(17.5,-5.8,-2.14313189850787E-15));
#3749=CARTESIAN_POINT('Origin',(0.,-5.8,0.));
#3750=CARTESIAN_POINT('Origin',(0.,-5.8,0.));
#3751=CARTESIAN_POINT('Origin',(0.,0.,0.));
#3752=CARTESIAN_POINT('',(-17.5,5.8,2.14313189850787E-15));
#3753=CARTESIAN_POINT('',(17.5,5.8,-2.14313189850787E-15));
#3754=CARTESIAN_POINT('Origin',(0.,5.8,0.));
#3755=CARTESIAN_POINT('Origin',(0.,5.8,0.));
#3756=CARTESIAN_POINT('',(17.5,0.,-2.14313189850787E-15));
#3757=CARTESIAN_POINT('Origin',(0.,-6.,0.));
#3758=CARTESIAN_POINT('Origin',(0.,5.9,0.));
#3759=CARTESIAN_POINT('',(16.7,6.,-2.04516015457608E-15));
#3760=CARTESIAN_POINT('Origin',(0.,6.,0.));
#3761=CARTESIAN_POINT('',(16.5,5.8,2.02066721859313E-15));
#3762=CARTESIAN_POINT('',(16.6,5.9,-2.03291368658461E-15));
#3763=CARTESIAN_POINT('',(-16.5,5.8,-2.02066721859313E-15));
#3764=CARTESIAN_POINT('Origin',(0.,5.8,0.));
#3765=CARTESIAN_POINT('Origin',(0.,5.8,0.));
#3766=CARTESIAN_POINT('Origin',(0.,6.,0.));
#3767=CARTESIAN_POINT('',(-17.3,6.,-2.11863896252492E-15));
#3768=CARTESIAN_POINT('Origin',(0.,6.,0.));
#3769=CARTESIAN_POINT('Origin',(0.,6.,0.));
#3770=CARTESIAN_POINT('',(-16.5,-4.,-2.02066721859313E-15));
#3771=CARTESIAN_POINT('',(-16.5,6.,-2.02066721859313E-15));
#3772=CARTESIAN_POINT('Origin',(0.,-4.,0.));
#3773=CARTESIAN_POINT('Origin',(0.,5.9,0.));
#3774=CARTESIAN_POINT('',(-17.4,5.9,2.1308854305164E-15));
#3775=CARTESIAN_POINT('Origin',(0.,-4.,0.));
#3776=CARTESIAN_POINT('',(0.,0.,0.));
#3777=CARTESIAN_POINT('Origin',(0.,-0.9,0.));
#3778=CARTESIAN_POINT('',(-12.3,-1.,1.50631556295124E-15));
#3779=CARTESIAN_POINT('Origin',(0.,-1.,0.));
#3780=CARTESIAN_POINT('',(-12.5,-0.8,-1.53080849893419E-15));
#3781=CARTESIAN_POINT('',(-12.4,-0.9,-1.51856203094272E-15));
#3782=CARTESIAN_POINT('',(12.5,-0.8,-1.53080849893419E-15));
#3783=CARTESIAN_POINT('Origin',(0.,-0.8,0.));
#3784=CARTESIAN_POINT('Origin',(0.,-0.8,0.));
#3785=CARTESIAN_POINT('Origin',(0.,0.,0.));
#3786=CARTESIAN_POINT('',(-12.5,0.8,1.53080849893419E-15));
#3787=CARTESIAN_POINT('',(12.5,0.8,-1.53080849893419E-15));
#3788=CARTESIAN_POINT('Origin',(0.,0.8,0.));
#3789=CARTESIAN_POINT('Origin',(0.,0.8,0.));
#3790=CARTESIAN_POINT('',(12.5,0.,-1.53080849893419E-15));
#3791=CARTESIAN_POINT('Origin',(0.,-1.,0.));
#3792=CARTESIAN_POINT('Origin',(0.,0.9,0.));
#3793=CARTESIAN_POINT('',(-12.3,1.,-1.50631556295124E-15));
#3794=CARTESIAN_POINT('Origin',(0.,1.,0.));
#3795=CARTESIAN_POINT('',(-12.4,0.9,1.51856203094272E-15));
#3796=CARTESIAN_POINT('Origin',(0.,1.,0.));
#3797=CARTESIAN_POINT('',(0.,0.,0.));
#3798=CARTESIAN_POINT('Origin',(0.,-1.,0.));
#3799=CARTESIAN_POINT('',(16.5,-1.,-2.02066721859313E-15));
#3800=CARTESIAN_POINT('Origin',(0.,-1.,0.));
#3801=CARTESIAN_POINT('Origin',(0.,0.,0.));
#3802=CARTESIAN_POINT('',(16.5,1.,-2.02066721859313E-15));
#3803=CARTESIAN_POINT('Origin',(0.,1.,0.));
#3804=CARTESIAN_POINT('',(16.5,0.,-2.02066721859313E-15));
#3805=CARTESIAN_POINT('Origin',(0.,1.,0.));
#3806=CARTESIAN_POINT('',(0.,0.,0.));
#3807=CARTESIAN_POINT('Origin',(0.,0.,0.));
#3808=CARTESIAN_POINT('',(0.,2.15,2.63299061816681E-16));
#3809=CARTESIAN_POINT('Origin',(0.,0.,0.));
#3810=CARTESIAN_POINT('',(0.8,2.15,2.63299061816681E-16));
#3811=CARTESIAN_POINT('',(0.,2.15,2.63299061816681E-16));
#3812=CARTESIAN_POINT('Origin',(0.8,0.,0.));
#3813=CARTESIAN_POINT('Origin',(0.,0.,0.));
#3814=CARTESIAN_POINT('',(0.8,4.5,5.51091059616309E-16));
#3815=CARTESIAN_POINT('Origin',(0.8,0.,0.));
#3816=CARTESIAN_POINT('',(0.,4.5,5.51091059616309E-16));
#3817=CARTESIAN_POINT('',(0.,4.5,5.51091059616309E-16));
#3818=CARTESIAN_POINT('Origin',(0.,0.,0.));
#3819=CARTESIAN_POINT('Origin',(0.8,0.,0.));
#3820=CARTESIAN_POINT('Origin',(0.,0.,0.));
#3821=CARTESIAN_POINT('',(0.,0.,0.));
#3822=CARTESIAN_POINT('Origin',(0.100000000000002,-1.13562387425258E-16,
0.));
#3823=CARTESIAN_POINT('',(2.23779328401008E-15,-3.10220104140566E-16,1.6));
#3824=CARTESIAN_POINT('Origin',(2.23779328401008E-15,-1.1427661627699E-16,
0.));
#3825=CARTESIAN_POINT('',(0.100000000000002,-2.97259407297361E-16,1.5));
#3826=CARTESIAN_POINT('Origin',(0.100000000000002,-3.09505875288835E-16,
1.6));
#3827=CARTESIAN_POINT('',(0.100000000000002,-1.5,-1.83697019872103E-16));
#3828=CARTESIAN_POINT('Origin',(0.100000000000002,-1.13562387425258E-16,
0.));
#3829=CARTESIAN_POINT('Origin',(0.100000000000002,-1.13562387425258E-16,
0.));
#3830=CARTESIAN_POINT('Origin',(14.125,-1.33917909699597E-17,0.));
#3831=CARTESIAN_POINT('',(15.693275,1.5,1.83697019872103E-16));
#3832=CARTESIAN_POINT('',(15.693275,-1.5,-1.83697019872103E-16));
#3833=CARTESIAN_POINT('Origin',(15.693275,-2.1907184454725E-18,0.));
#3834=CARTESIAN_POINT('Origin',(15.693275,-2.1907184454725E-18,0.));
#3835=CARTESIAN_POINT('',(14.125,-1.5,-1.83697019872103E-16));
#3836=CARTESIAN_POINT('Origin',(2.22044604925031E-15,2.125,0.));
#3837=CARTESIAN_POINT('',(2.22044604925031E-15,-2.75,-3.36777869765522E-16));
#3838=CARTESIAN_POINT('Origin',(2.22044604925031E-15,-1.1427661627699E-16,
0.));
#3839=CARTESIAN_POINT('Origin',(15.8466375,-1.09535922273626E-18,0.));
#3840=CARTESIAN_POINT('',(16.,1.193275,-1.46134040925256E-16));
#3841=CARTESIAN_POINT('Origin',(16.,-1.54074395550979E-32,0.));
#3842=CARTESIAN_POINT('',(15.8466375,1.3466375,1.64915530398679E-16));
#3843=CARTESIAN_POINT('Origin',(16.,0.75,0.));
#3844=CARTESIAN_POINT('Origin',(-2.69999999999999,-1.33560795273732E-16,
0.));
#3845=CARTESIAN_POINT('',(-2.69999999999999,-4.70338665039254E-16,2.75));
#3846=CARTESIAN_POINT('',(-2.69999999999999,-2.75,-3.36777869765522E-16));
#3847=CARTESIAN_POINT('Origin',(-2.69999999999999,-1.33560795273732E-16,
0.));
#3848=CARTESIAN_POINT('Origin',(-2.69999999999999,-1.33560795273732E-16,
0.));
#3849=CARTESIAN_POINT('',(-2.99999999999999,-4.35741947620027E-16,2.45));
#3850=CARTESIAN_POINT('Origin',(-2.69999999999999,-4.33599261064834E-16,
2.45));
#3851=CARTESIAN_POINT('Origin',(-2.99999999999999,-1.35703481828925E-16,
0.));
#3852=CARTESIAN_POINT('Origin',(-2.99999999999999,2.09668783648703,0.));
#3853=CARTESIAN_POINT('',(-2.99999999999999,1.25,-0.721687836487033));
#3854=CARTESIAN_POINT('',(-2.99999999999999,1.25,0.721687836487032));
#3855=CARTESIAN_POINT('',(-2.99999999999999,1.25,0.360843918243515));
#3856=CARTESIAN_POINT('',(-2.99999999999999,4.10590579585593E-17,1.44337567297406));
#3857=CARTESIAN_POINT('',(-2.99999999999999,0.3125,1.26295371385231));
#3858=CARTESIAN_POINT('',(-2.99999999999999,-1.25,0.721687836487033));
#3859=CARTESIAN_POINT('',(-2.99999999999999,-0.9375,0.902109795608791));
#3860=CARTESIAN_POINT('',(-2.99999999999999,-1.25,-0.721687836487032));
#3861=CARTESIAN_POINT('',(-2.99999999999999,-1.25,-0.360843918243516));
#3862=CARTESIAN_POINT('',(-2.99999999999999,-3.09775911279278E-16,-1.44337567297406));
#3863=CARTESIAN_POINT('',(-2.99999999999999,-0.3125,-1.26295371385231));
#3864=CARTESIAN_POINT('',(-2.99999999999999,0.9375,-0.902109795608791));
#3865=CARTESIAN_POINT('Origin',(-1.5,-1.24990049052957E-16,0.));
#3866=CARTESIAN_POINT('',(-1.5,-2.75,-3.36777869765522E-16));
#3867=CARTESIAN_POINT('Origin',(-2.99999999999999,-3.09775911279278E-16,
-1.44337567297406));
#3868=CARTESIAN_POINT('',(-1.69999999999999,8.41952243541373E-16,-1.44337567297406));
#3869=CARTESIAN_POINT('',(-1.69999999999999,-1.25,-0.721687836487033));
#3870=CARTESIAN_POINT('Ctrl Pts',(-1.69999999999999,-3.55714716941217E-15,
-1.44337567297406));
#3871=CARTESIAN_POINT('Ctrl Pts',(-1.49166666666666,-0.625000000000001,
-1.08253175473055));
#3872=CARTESIAN_POINT('Ctrl Pts',(-1.69999999999999,-1.25,-0.721687836487034));
#3873=CARTESIAN_POINT('',(-2.34999999999999,8.32667268468867E-16,-1.44337567297406));
#3874=CARTESIAN_POINT('',(-2.34999999999999,-1.25,-0.721687836487033));
#3875=CARTESIAN_POINT('Origin',(-2.99999999999999,1.25,-0.721687836487033));
#3876=CARTESIAN_POINT('',(-1.69999999999999,1.25,-0.721687836487032));
#3877=CARTESIAN_POINT('Ctrl Pts',(-1.69999999999999,1.25,-0.721687836487034));
#3878=CARTESIAN_POINT('Ctrl Pts',(-1.49166666666666,0.625,-1.08253175473055));
#3879=CARTESIAN_POINT('Ctrl Pts',(-1.69999999999999,2.89602416122155E-15,
-1.44337567297406));
#3880=CARTESIAN_POINT('',(-2.34999999999999,1.25,-0.721687836487032));
#3881=CARTESIAN_POINT('Origin',(-2.99999999999999,1.25,0.721687836487032));
#3882=CARTESIAN_POINT('',(-1.69999999999999,1.25,0.721687836487033));
#3883=CARTESIAN_POINT('Ctrl Pts',(-1.69999999999999,1.25,0.721687836487028));
#3884=CARTESIAN_POINT('Ctrl Pts',(-1.49166666666666,1.25,-9.71445146547012E-16));
#3885=CARTESIAN_POINT('Ctrl Pts',(-1.69999999999999,1.25,-0.721687836487029));
#3886=CARTESIAN_POINT('',(-2.34999999999999,1.25,0.721687836487033));
#3887=CARTESIAN_POINT('Origin',(-2.99999999999999,-3.30330843925672E-17,
1.44337567297406));
#3888=CARTESIAN_POINT('',(-1.69999999999999,7.03174365463229E-16,1.44337567297406));
#3889=CARTESIAN_POINT('Ctrl Pts',(-1.69999999999999,2.47969052698712E-15,
1.44337567297406));
#3890=CARTESIAN_POINT('Ctrl Pts',(-1.49166666666666,0.625,1.08253175473055));
#3891=CARTESIAN_POINT('Ctrl Pts',(-1.69999999999999,1.25,0.721687836487034));
#3892=CARTESIAN_POINT('',(-2.34999999999999,6.93889390390723E-16,1.44337567297406));
#3893=CARTESIAN_POINT('Origin',(-2.99999999999999,-1.25,-0.721687836487032));
#3894=CARTESIAN_POINT('',(-1.58835450315369,-1.25,-1.40947462308167E-16));
#3895=CARTESIAN_POINT('Ctrl Pts',(-1.69999999999999,-1.25,-0.721687836487029));
#3896=CARTESIAN_POINT('Ctrl Pts',(-1.58835450315369,-1.25,-0.334936490538902));
#3897=CARTESIAN_POINT('Ctrl Pts',(-1.58835450315369,-1.25,-1.28814074722914E-16));
#3898=CARTESIAN_POINT('',(-1.69999999999999,-1.25,0.721687836487031));
#3899=CARTESIAN_POINT('',(-2.34999999999999,-1.25,0.721687836487031));
#3900=CARTESIAN_POINT('Ctrl Pts',(-1.58835450315369,-1.25,-1.28814074722914E-16));
#3901=CARTESIAN_POINT('Ctrl Pts',(-1.58835450315369,-1.25,0.334936490538901));
#3902=CARTESIAN_POINT('Ctrl Pts',(-1.69999999999999,-1.25,0.721687836487029));
#3903=CARTESIAN_POINT('Origin',(-2.99999999999999,-1.25,0.721687836487033));
#3904=CARTESIAN_POINT('Ctrl Pts',(-1.69999999999999,-1.25,0.721687836487034));
#3905=CARTESIAN_POINT('Ctrl Pts',(-1.49166666666666,-0.625,1.08253175473055));
#3906=CARTESIAN_POINT('Ctrl Pts',(-1.69999999999999,-2.30814626670887E-15,
1.44337567297406));
#3907=CARTESIAN_POINT('Origin',(-1.28333333333333,-1.2344255320754E-16,
0.));
#3908=CARTESIAN_POINT('',(-0.86666666666666,-1.2046659965866E-16,0.));
#3909=CARTESIAN_POINT('',(-1.28333333333333,-0.721687836487032,-8.83812698937422E-17));
#3910=CARTESIAN_POINT('',(0.,0.,0.));
#3911=CARTESIAN_POINT('Origin',(0.,0.025,0.));
#3912=CARTESIAN_POINT('',(-1.6,0.05,1.95943487863577E-16));
#3913=CARTESIAN_POINT('Origin',(0.,0.05,0.));
#3914=CARTESIAN_POINT('',(-1.65,0.,-2.02066721859313E-16));
#3915=CARTESIAN_POINT('',(-1.625,0.025,1.99005104861445E-16));
#3916=CARTESIAN_POINT('Origin',(0.,0.,0.));
#3917=CARTESIAN_POINT('Origin',(0.,0.,0.));
#3918=CARTESIAN_POINT('',(-3.45,0.,4.22503145705837E-16));
#3919=CARTESIAN_POINT('Origin',(0.,0.,0.));
#3920=CARTESIAN_POINT('Origin',(0.,0.,0.));
#3921=CARTESIAN_POINT('',(-1.6,0.45,-1.95943487863577E-16));
#3922=CARTESIAN_POINT('Origin',(0.,0.45,0.));
#3923=CARTESIAN_POINT('',(-1.6,0.,1.95943487863577E-16));
#3924=CARTESIAN_POINT('Origin',(0.,0.025,0.));
#3925=CARTESIAN_POINT('',(-3.5,0.05,-4.28626379701574E-16));
#3926=CARTESIAN_POINT('',(3.5,0.05,-4.28626379701574E-16));
#3927=CARTESIAN_POINT('Origin',(0.,0.05,0.));
#3928=CARTESIAN_POINT('Origin',(0.,0.05,0.));
#3929=CARTESIAN_POINT('',(-3.475,0.025,4.25564762703705E-16));
#3930=CARTESIAN_POINT('Origin',(0.,0.,0.));
#3931=CARTESIAN_POINT('',(-3.5,0.45,4.28626379701574E-16));
#3932=CARTESIAN_POINT('',(3.5,0.45,-4.28626379701574E-16));
#3933=CARTESIAN_POINT('Origin',(0.,0.45,0.));
#3934=CARTESIAN_POINT('Origin',(0.,0.45,0.));
#3935=CARTESIAN_POINT('',(3.5,0.,-4.28626379701574E-16));
#3936=CARTESIAN_POINT('Origin',(0.,0.475,0.));
#3937=CARTESIAN_POINT('',(-1.65,0.5,2.02066721859313E-16));
#3938=CARTESIAN_POINT('Origin',(0.,0.5,0.));
#3939=CARTESIAN_POINT('',(-1.625,0.475,1.99005104861445E-16));
#3940=CARTESIAN_POINT('Origin',(0.,0.5,0.));
#3941=CARTESIAN_POINT('',(-3.45,0.5,-4.22503145705837E-16));
#3942=CARTESIAN_POINT('Origin',(0.,0.5,0.));
#3943=CARTESIAN_POINT('Origin',(0.,0.475,0.));
#3944=CARTESIAN_POINT('',(-3.475,0.475,4.25564762703705E-16));
#3945=CARTESIAN_POINT('',(0.,0.,0.));
#3946=CARTESIAN_POINT('Origin',(0.078125,0.,0.));
#3947=CARTESIAN_POINT('',(0.,1.8371330016532E-16,1.50013293868264));
#3948=CARTESIAN_POINT('Origin',(0.,0.,0.));
#3949=CARTESIAN_POINT('',(0.15625,-1.50570323955167E-16,1.2295));
#3950=CARTESIAN_POINT('',(0.078125,1.67141812060244E-16,1.36481646934132));
#3951=CARTESIAN_POINT('Origin',(0.15625,0.,0.));
#3952=CARTESIAN_POINT('Origin',(-6.33746721500764,0.,0.));
#3953=CARTESIAN_POINT('',(2.24375,-1.50570323955167E-16,-1.2295));
#3954=CARTESIAN_POINT('',(2.24375,-1.50570323955167E-16,1.2295));
#3955=CARTESIAN_POINT('Origin',(2.24375,0.,0.));
#3956=CARTESIAN_POINT('Origin',(2.24375,0.,0.));
#3957=CARTESIAN_POINT('',(-6.33746721500764,-1.50570323955167E-16,1.2295));
#3958=CARTESIAN_POINT('Origin',(0.,1.38777878078145E-16,-3.46944695195361E-16));
#3959=CARTESIAN_POINT('',(-3.46944695195361E-17,-2.3,2.81668763803891E-16));
#3960=CARTESIAN_POINT('Origin',(0.,0.,0.));
#3961=CARTESIAN_POINT('Origin',(2.321875,0.,0.));
#3962=CARTESIAN_POINT('',(2.4,1.8371330016532E-16,-1.50013293868264));
#3963=CARTESIAN_POINT('Origin',(2.4,0.,0.));
#3964=CARTESIAN_POINT('',(2.321875,1.67141812060244E-16,-1.36481646934132));
#3965=CARTESIAN_POINT('Origin',(2.4,-2.10269512239613E-17,-3.46944695195361E-16));
#3966=CARTESIAN_POINT('',(2.4,-2.3,2.81668763803891E-16));
#3967=CARTESIAN_POINT('Origin',(2.4,0.,0.));
#3968=CARTESIAN_POINT('Origin',(0.252713857098597,0.,0.));
#3969=CARTESIAN_POINT('',(0.505427714197194,1.58771324027147,2.75));
#3970=CARTESIAN_POINT('',(0.505427714197194,-1.58771324027147,2.75));
#3971=CARTESIAN_POINT('Ctrl Pts',(0.505427714197194,1.58771324027147,2.75));
#3972=CARTESIAN_POINT('Ctrl Pts',(0.0470943808638613,0.,2.75));
#3973=CARTESIAN_POINT('Ctrl Pts',(0.505427714197194,-1.58771324027147,2.75));
#3974=CARTESIAN_POINT('',(0.505427714197194,3.17542648054294,0.));
#3975=CARTESIAN_POINT('Ctrl Pts',(0.505427714197194,3.17542648054294,1.93159287458113E-15));
#3976=CARTESIAN_POINT('Ctrl Pts',(0.0470943808638611,2.38156986040721,1.375));
#3977=CARTESIAN_POINT('Ctrl Pts',(0.505427714197194,1.58771324027147,2.75));
#3978=CARTESIAN_POINT('',(0.505427714197194,1.58771324027148,-2.75));
#3979=CARTESIAN_POINT('Ctrl Pts',(0.505427714197194,1.58771324027148,-2.75));
#3980=CARTESIAN_POINT('Ctrl Pts',(0.0470943808638618,2.38156986040721,-1.375));
#3981=CARTESIAN_POINT('Ctrl Pts',(0.505427714197194,3.17542648054294,2.8973893118717E-15));
#3982=CARTESIAN_POINT('',(0.505427714197194,-1.58771324027146,-2.75000000000001));
#3983=CARTESIAN_POINT('Ctrl Pts',(0.505427714197194,-1.58771324027146,-2.75000000000001));
#3984=CARTESIAN_POINT('Ctrl Pts',(0.0470943808638631,4.63688625825361E-15,
-2.75));
#3985=CARTESIAN_POINT('Ctrl Pts',(0.505427714197194,1.58771324027147,-2.75));
#3986=CARTESIAN_POINT('',(0.505427714197194,-3.17542648054294,1.11022302462516E-15));
#3987=CARTESIAN_POINT('Ctrl Pts',(0.505427714197194,-3.17542648054294,1.44869465593585E-15));
#3988=CARTESIAN_POINT('Ctrl Pts',(0.0470943808638597,-2.3815698604072,-1.375));
#3989=CARTESIAN_POINT('Ctrl Pts',(0.505427714197194,-1.58771324027147,-2.75));
#3990=CARTESIAN_POINT('',(0.252713857098597,-2.73771324027147,3.35273175668179E-16));
#3991=CARTESIAN_POINT('Ctrl Pts',(0.505427714197194,-1.58771324027147,2.75));
#3992=CARTESIAN_POINT('Ctrl Pts',(0.0470943808638614,-2.38156986040721,
1.375));
#3993=CARTESIAN_POINT('Ctrl Pts',(0.505427714197194,-3.17542648054294,-1.60966072881761E-16));
#3994=CARTESIAN_POINT('Origin',(2.1472861429014,0.,0.));
#3995=CARTESIAN_POINT('',(1.89457228580281,-3.17542648054294,5.55111512312578E-16));
#3996=CARTESIAN_POINT('',(2.1472861429014,-2.73771324027147,3.35273175668179E-16));
#3997=CARTESIAN_POINT('',(1.89457228580281,-1.58771324027146,-2.75000000000001));
#3998=CARTESIAN_POINT('Ctrl Pts',(1.89457228580281,-1.58771324027147,-2.75));
#3999=CARTESIAN_POINT('Ctrl Pts',(2.35290561913614,-2.3815698604072,-1.375));
#4000=CARTESIAN_POINT('Ctrl Pts',(1.89457228580281,-3.17542648054294,9.65796437290567E-16));
#4001=CARTESIAN_POINT('',(1.89457228580281,1.58771324027148,-2.75));
#4002=CARTESIAN_POINT('Ctrl Pts',(1.89457228580281,1.58771324027147,-2.75));
#4003=CARTESIAN_POINT('Ctrl Pts',(2.35290561913614,4.5553246618503E-15,
-2.75));
#4004=CARTESIAN_POINT('Ctrl Pts',(1.89457228580281,-1.58771324027146,-2.75000000000001));
#4005=CARTESIAN_POINT('',(1.89457228580281,3.17542648054294,0.));
#4006=CARTESIAN_POINT('Ctrl Pts',(1.89457228580281,3.17542648054294,3.05835538475346E-15));
#4007=CARTESIAN_POINT('Ctrl Pts',(2.35290561913614,2.38156986040721,-1.375));
#4008=CARTESIAN_POINT('Ctrl Pts',(1.89457228580281,1.58771324027148,-2.75));
#4009=CARTESIAN_POINT('',(1.89457228580281,1.58771324027147,2.75));
#4010=CARTESIAN_POINT('Ctrl Pts',(1.89457228580281,1.58771324027147,2.75));
#4011=CARTESIAN_POINT('Ctrl Pts',(2.35290561913614,2.38156986040721,1.375));
#4012=CARTESIAN_POINT('Ctrl Pts',(1.89457228580281,3.17542648054294,1.93159287458113E-15));
#4013=CARTESIAN_POINT('',(1.89457228580281,-1.58771324027147,2.75));
#4014=CARTESIAN_POINT('Ctrl Pts',(1.89457228580281,-1.58771324027147,2.75));
#4015=CARTESIAN_POINT('Ctrl Pts',(2.35290561913614,0.,2.75));
#4016=CARTESIAN_POINT('Ctrl Pts',(1.89457228580281,1.58771324027147,2.75));
#4017=CARTESIAN_POINT('Ctrl Pts',(1.89457228580281,-3.17542648054294,3.21932145763522E-16));
#4018=CARTESIAN_POINT('Ctrl Pts',(2.35290561913614,-2.38156986040721,1.375));
#4019=CARTESIAN_POINT('Ctrl Pts',(1.89457228580281,-1.58771324027147,2.75));
#4020=CARTESIAN_POINT('Origin',(0.,3.17542648054294,2.00031939987529E-15));
#4021=CARTESIAN_POINT('',(0.,3.17542648054294,2.00031939987529E-15));
#4022=CARTESIAN_POINT('',(0.,1.58771324027148,-2.75));
#4023=CARTESIAN_POINT('Origin',(0.,1.58771324027148,-2.75));
#4024=CARTESIAN_POINT('',(0.,-1.58771324027147,-2.75000000000001));
#4025=CARTESIAN_POINT('Origin',(0.,1.58771324027147,2.75));
#4026=CARTESIAN_POINT('',(0.,1.58771324027147,2.75));
#4027=CARTESIAN_POINT('Origin',(0.,-1.58771324027147,2.75));
#4028=CARTESIAN_POINT('',(0.,-1.58771324027147,2.75));
#4029=CARTESIAN_POINT('Origin',(0.,-1.58771324027147,-2.75000000000001));
#4030=CARTESIAN_POINT('',(0.,-3.17542648054294,1.29523308153465E-15));
#4031=CARTESIAN_POINT('Origin',(0.,-3.17542648054294,1.29523308153465E-15));
#4032=CARTESIAN_POINT('',(0.,0.,0.));
#4033=CARTESIAN_POINT('Origin',(2.50893359513629E-15,-20.4869975317218,
0.));
#4034=CARTESIAN_POINT('',(-1.621,-20.,1.98515246141786E-16));
#4035=CARTESIAN_POINT('Origin',(2.44929359829471E-15,-20.,0.));
#4036=CARTESIAN_POINT('',(2.56857359197787E-15,-20.9739950634437,0.));
#4037=CARTESIAN_POINT('',(-0.810499999999998,-20.4869975317218,9.9257623070893E-17));
#4038=CARTESIAN_POINT('Origin',(1.22464679914735E-15,-10.,0.));
#4039=CARTESIAN_POINT('',(-1.621,-3.33066907387547E-15,1.98515246141786E-16));
#4040=CARTESIAN_POINT('Origin',(4.93038065763132E-31,-3.33066907387547E-15,
0.));
#4041=CARTESIAN_POINT('',(-1.621,-10.,1.98515246141786E-16));
#4042=CARTESIAN_POINT('Origin',(9.73753439633724E-15,-79.5130024682782,
0.));
#4043=CARTESIAN_POINT('',(-1.62099999999999,-80.,-1.98515246141786E-16));
#4044=CARTESIAN_POINT('Origin',(9.79717439317883E-15,-80.,0.));
#4045=CARTESIAN_POINT('',(9.67789439949566E-15,-79.0260049365563,0.));
#4046=CARTESIAN_POINT('',(-0.81049999999999,-79.5130024682782,-9.9257623070893E-17));
#4047=CARTESIAN_POINT('Origin',(1.10218211923262E-14,-90.,0.));
#4048=CARTESIAN_POINT('',(-1.62099999999999,-100.,-1.98515246141786E-16));
#4049=CARTESIAN_POINT('Origin',(1.22464679914735E-14,-100.,0.));
#4050=CARTESIAN_POINT('',(-1.62099999999999,-90.,-1.98515246141786E-16));
#4051=CARTESIAN_POINT('Origin',(2.44929359829471E-16,-2.,0.));
#4052=CARTESIAN_POINT('',(-2.44929359829469E-16,-4.,5.99999999999999));
#4053=CARTESIAN_POINT('Origin',(4.89858719658942E-16,-4.,0.));
#4054=CARTESIAN_POINT('',(-7.34788079488411E-16,-2.4980018054066E-15,5.99999999999999));
#4055=CARTESIAN_POINT('Origin',(-4.8985871965894E-16,-2.,5.99999999999999));
#4056=CARTESIAN_POINT('Origin',(2.93930247976745E-31,-2.40012261642615E-15,
0.));
#4057=CARTESIAN_POINT('Origin',(6.73555739531045E-16,-5.5,0.));
#4058=CARTESIAN_POINT('',(1.22464679914737E-16,-7.,5.99999999999999));
#4059=CARTESIAN_POINT('Origin',(-6.12323399573663E-17,-5.5,5.99999999999999));
#4060=CARTESIAN_POINT('Origin',(8.57252759403148E-16,-7.,0.));
#4061=CARTESIAN_POINT('Origin',(1.04094977927525E-15,-8.5,0.));
#4062=CARTESIAN_POINT('',(-5.99999999999998,-10.,-7.3478807948841E-16));
#4063=CARTESIAN_POINT('',(4.89858719658941E-16,-10.,6.));
#4064=CARTESIAN_POINT('Origin',(1.22464679914735E-15,-10.,0.));
#4065=CARTESIAN_POINT('Origin',(1.22464679914735E-15,-10.,0.));
#4066=CARTESIAN_POINT('Origin',(3.0616169978684E-16,-8.5,5.99999999999999));
#4067=CARTESIAN_POINT('Origin',(6.12323399573677E-15,-50.,0.));
#4068=CARTESIAN_POINT('',(-5.99999999999998,-90.,-7.3478807948841E-16));
#4069=CARTESIAN_POINT('',(1.02870331128378E-14,-90.,6.));
#4070=CARTESIAN_POINT('Origin',(1.10218211923262E-14,-90.,0.));
#4071=CARTESIAN_POINT('',(-5.99999999999998,-50.,-7.3478807948841E-16));
#4072=CARTESIAN_POINT('Origin',(1.10218211923262E-14,-90.,0.));
#4073=CARTESIAN_POINT('Origin',(1.12055182121983E-14,-91.5,0.));
#4074=CARTESIAN_POINT('',(1.0654427152582E-14,-93.,6.00000000000001));
#4075=CARTESIAN_POINT('Origin',(1.13892152320704E-14,-93.,0.));
#4076=CARTESIAN_POINT('Origin',(1.04707301327099E-14,-91.5,6.00000000000001));
#4077=CARTESIAN_POINT('Origin',(1.15729122519425E-14,-94.5,0.));
#4078=CARTESIAN_POINT('',(1.10218211923262E-14,-96.,6.00000000000001));
#4079=CARTESIAN_POINT('Origin',(1.08381241724541E-14,-94.5,6.00000000000001));
#4080=CARTESIAN_POINT('Origin',(1.17566092718146E-14,-96.,0.));
#4081=CARTESIAN_POINT('Origin',(1.20015386316441E-14,-98.,0.));
#4082=CARTESIAN_POINT('',(1.15116799119851E-14,-100.,6.00000000000001));
#4083=CARTESIAN_POINT('Origin',(1.22464679914735E-14,-100.,0.));
#4084=CARTESIAN_POINT('Origin',(1.12667505521556E-14,-98.,6.00000000000001));
#4085=CARTESIAN_POINT('Origin',(1.22464679914735E-14,-100.,0.));
#4086=CARTESIAN_POINT('Origin',(5.99999999999999,-1.66533453693773E-15,
0.));
#4087=CARTESIAN_POINT('',(0.,0.,0.));
#4088=CARTESIAN_POINT('Origin',(0.,0.,-19.825));
#4089=CARTESIAN_POINT('',(1.65,2.02066721859313E-16,-20.));
#4090=CARTESIAN_POINT('Origin',(0.,0.,-20.));
#4091=CARTESIAN_POINT('',(2.,-2.44929359829471E-16,-19.65));
#4092=CARTESIAN_POINT('',(1.825,-2.23498040844392E-16,-19.825));
#4093=CARTESIAN_POINT('',(-2.,2.44929359829471E-16,-19.65));
#4094=CARTESIAN_POINT('Origin',(0.,0.,-19.65));
#4095=CARTESIAN_POINT('Origin',(0.,0.,-19.65));
#4096=CARTESIAN_POINT('Origin',(0.,0.,-11.15));
#4097=CARTESIAN_POINT('',(-2.,2.44929359829471E-16,-2.38284271247462));
#4098=CARTESIAN_POINT('',(-2.,2.44929359829471E-16,-11.15));
#4099=CARTESIAN_POINT('',(2.,4.89858719658941E-16,-2.38284271247462));
#4100=CARTESIAN_POINT('Origin',(0.,0.,-2.38284271247462));
#4101=CARTESIAN_POINT('Origin',(0.,0.,-2.38284271247462));
#4102=CARTESIAN_POINT('Origin',(1.,0.,-20.));
#4103=CARTESIAN_POINT('Origin',(0.,0.,-2.38284271247462));
#4104=CARTESIAN_POINT('',(2.05857864376269,0.,-2.24142135623731));
#4105=CARTESIAN_POINT('',(-2.05857864376269,2.52103174687708E-16,-2.24142135623731));
#4106=CARTESIAN_POINT('Origin',(0.,2.52103174687708E-16,-2.24142135623731));
#4107=CARTESIAN_POINT('Origin',(0.,2.52103174687708E-16,-2.24142135623731));
#4108=CARTESIAN_POINT('Origin',(2.2,-2.69422295812418E-16,-2.38284271247462));
#4109=CARTESIAN_POINT('Origin',(0.,0.,-1.3));
#4110=CARTESIAN_POINT('',(-4.,4.89858719658941E-16,-0.300000000000001));
#4111=CARTESIAN_POINT('',(-3.,3.67394039744206E-16,-1.3));
#4112=CARTESIAN_POINT('Origin',(0.,0.,-0.3));
#4113=CARTESIAN_POINT('Origin',(-1.25,-0.721687836487033,0.));
#4114=CARTESIAN_POINT('',(-1.25,-0.721687836487033,-1.8));
#4115=CARTESIAN_POINT('',(4.16333634234434E-16,-1.44337567297406,-1.8));
#4116=CARTESIAN_POINT('',(-1.25,-0.721687836487033,-1.8));
#4117=CARTESIAN_POINT('',(-1.25,-0.721687836487033,0.));
#4118=CARTESIAN_POINT('',(-1.25,-0.721687836487033,0.));
#4119=CARTESIAN_POINT('',(4.16333634234434E-16,-1.44337567297406,0.));
#4120=CARTESIAN_POINT('',(-0.187499999999999,-1.33512249750101,0.));
#4121=CARTESIAN_POINT('',(4.16333634234434E-16,-1.44337567297406,0.));
#4122=CARTESIAN_POINT('Origin',(4.16333634234434E-16,-1.44337567297406,
0.));
#4123=CARTESIAN_POINT('',(1.25,-0.721687836487032,-1.8));
#4124=CARTESIAN_POINT('',(4.16333634234434E-16,-1.44337567297406,-1.8));
#4125=CARTESIAN_POINT('',(1.25,-0.721687836487032,0.));
#4126=CARTESIAN_POINT('',(1.0625,-0.829941011960087,0.));
#4127=CARTESIAN_POINT('',(1.25,-0.721687836487032,0.));
#4128=CARTESIAN_POINT('Origin',(1.25,-0.721687836487032,0.));
#4129=CARTESIAN_POINT('',(1.25,0.721687836487033,-1.8));
#4130=CARTESIAN_POINT('',(1.25,-0.721687836487032,-1.8));
#4131=CARTESIAN_POINT('',(1.25,0.721687836487033,0.));
#4132=CARTESIAN_POINT('',(1.25,-0.360843918243516,0.));
#4133=CARTESIAN_POINT('',(1.25,0.721687836487033,0.));
#4134=CARTESIAN_POINT('Origin',(1.25,0.721687836487033,0.));
#4135=CARTESIAN_POINT('',(-4.16333634234434E-16,1.44337567297406,-1.8));
#4136=CARTESIAN_POINT('',(1.25,0.721687836487033,-1.8));
#4137=CARTESIAN_POINT('',(-4.16333634234434E-16,1.44337567297406,0.));
#4138=CARTESIAN_POINT('',(1.6875,0.469097093716572,0.));
#4139=CARTESIAN_POINT('',(-4.16333634234434E-16,1.44337567297406,0.));
#4140=CARTESIAN_POINT('Origin',(-4.16333634234434E-16,1.44337567297406,
0.));
#4141=CARTESIAN_POINT('',(-1.25,0.721687836487033,-1.8));
#4142=CARTESIAN_POINT('',(-4.16333634234434E-16,1.44337567297406,-1.8));
#4143=CARTESIAN_POINT('',(-1.25,0.721687836487033,0.));
#4144=CARTESIAN_POINT('',(0.4375,1.69596641574453,0.));
#4145=CARTESIAN_POINT('',(-1.25,0.721687836487033,0.));
#4146=CARTESIAN_POINT('Origin',(-1.25,0.721687836487033,0.));
#4147=CARTESIAN_POINT('',(-1.25,0.721687836487033,-1.8));
#4148=CARTESIAN_POINT('',(-1.25,0.360843918243516,0.));
#4149=CARTESIAN_POINT('Origin',(-3.46944695195361E-17,1.38777878078145E-16,
-1.8));
#4150=CARTESIAN_POINT('Origin',(2.,0.,0.));
#4151=CARTESIAN_POINT('',(-4.,4.89858719658941E-16,0.));
#4152=CARTESIAN_POINT('Origin',(0.,0.,0.));
#4153=CARTESIAN_POINT('Origin',(0.,0.,-0.150000000000001));
#4154=CARTESIAN_POINT('',(-4.,4.89858719658941E-16,-0.150000000000001));
#4155=CARTESIAN_POINT('',(1.13882896825571E-15,105.,81.7145887143949));
#4156=CARTESIAN_POINT('',(-4.35068647774983E-14,97.6,96.714588714395));
#4157=CARTESIAN_POINT('',(-1.5334955527635E-14,-15.5,64.2145887143948));
#4158=CARTESIAN_POINT('',(-11.5,6.00000000000001,116.714588714395));
#4159=CARTESIAN_POINT('',(-11.5000000000001,3.00000000000001,116.714588714395));
#4160=CARTESIAN_POINT('',(-11.5,5.,116.714588714395));
#4161=CARTESIAN_POINT('',(-7.06738267380356E-15,-14.7,64.2145887143948));
#4162=CARTESIAN_POINT('',(1.04036404089037E-15,100.,96.714588714395));
#4163=CARTESIAN_POINT('',(1.53161628162951E-14,96.0999999999709,96.7145887143951));
#4164=CARTESIAN_POINT('',(-8.37892401114718E-16,96.0999999999709,96.7145887143951));
#4165=CARTESIAN_POINT('',(1.25739769379176E-15,112.4,96.7145887143951));
#4166=CARTESIAN_POINT('',(0.,100.,64.2145887143948));
#4167=CARTESIAN_POINT('',(6.12323399573677E-16,110.,64.2145887143948));
#4168=UNCERTAINTY_MEASURE_WITH_UNIT(LENGTH_MEASURE(0.01),#4196,
'DISTANCE_ACCURACY_VALUE',
'Maximum model space distance between geometric entities at asserted c
onnectivities');
#4169=UNCERTAINTY_MEASURE_WITH_UNIT(LENGTH_MEASURE(0.01),#4196,
'DISTANCE_ACCURACY_VALUE',
'Maximum model space distance between geometric entities at asserted c
onnectivities');
#4170=UNCERTAINTY_MEASURE_WITH_UNIT(LENGTH_MEASURE(0.01),#4196,
'DISTANCE_ACCURACY_VALUE',
'Maximum model space distance between geometric entities at asserted c
onnectivities');
#4171=UNCERTAINTY_MEASURE_WITH_UNIT(LENGTH_MEASURE(0.01),#4196,
'DISTANCE_ACCURACY_VALUE',
'Maximum model space distance between geometric entities at asserted c
onnectivities');
#4172=UNCERTAINTY_MEASURE_WITH_UNIT(LENGTH_MEASURE(0.01),#4196,
'DISTANCE_ACCURACY_VALUE',
'Maximum model space distance between geometric entities at asserted c
onnectivities');
#4173=UNCERTAINTY_MEASURE_WITH_UNIT(LENGTH_MEASURE(0.01),#4196,
'DISTANCE_ACCURACY_VALUE',
'Maximum model space distance between geometric entities at asserted c
onnectivities');
#4174=UNCERTAINTY_MEASURE_WITH_UNIT(LENGTH_MEASURE(0.01),#4196,
'DISTANCE_ACCURACY_VALUE',
'Maximum model space distance between geometric entities at asserted c
onnectivities');
#4175=UNCERTAINTY_MEASURE_WITH_UNIT(LENGTH_MEASURE(0.01),#4196,
'DISTANCE_ACCURACY_VALUE',
'Maximum model space distance between geometric entities at asserted c
onnectivities');
#4176=UNCERTAINTY_MEASURE_WITH_UNIT(LENGTH_MEASURE(0.01),#4196,
'DISTANCE_ACCURACY_VALUE',
'Maximum model space distance between geometric entities at asserted c
onnectivities');
#4177=UNCERTAINTY_MEASURE_WITH_UNIT(LENGTH_MEASURE(0.01),#4196,
'DISTANCE_ACCURACY_VALUE',
'Maximum model space distance between geometric entities at asserted c
onnectivities');
#4178=UNCERTAINTY_MEASURE_WITH_UNIT(LENGTH_MEASURE(0.01),#4196,
'DISTANCE_ACCURACY_VALUE',
'Maximum model space distance between geometric entities at asserted c
onnectivities');
#4179=UNCERTAINTY_MEASURE_WITH_UNIT(LENGTH_MEASURE(0.01),#4196,
'DISTANCE_ACCURACY_VALUE',
'Maximum model space distance between geometric entities at asserted c
onnectivities');
#4180=UNCERTAINTY_MEASURE_WITH_UNIT(LENGTH_MEASURE(0.01),#4196,
'DISTANCE_ACCURACY_VALUE',
'Maximum model space distance between geometric entities at asserted c
onnectivities');
#4181=UNCERTAINTY_MEASURE_WITH_UNIT(LENGTH_MEASURE(0.01),#4196,
'DISTANCE_ACCURACY_VALUE',
'Maximum model space distance between geometric entities at asserted c
onnectivities');
#4182=(
GEOMETRIC_REPRESENTATION_CONTEXT(3)
GLOBAL_UNCERTAINTY_ASSIGNED_CONTEXT((#4168))
GLOBAL_UNIT_ASSIGNED_CONTEXT((#4196,#4198,#4199))
REPRESENTATION_CONTEXT('','3D')
);
#4183=(
GEOMETRIC_REPRESENTATION_CONTEXT(3)
GLOBAL_UNCERTAINTY_ASSIGNED_CONTEXT((#4169))
GLOBAL_UNIT_ASSIGNED_CONTEXT((#4196,#4198,#4199))
REPRESENTATION_CONTEXT('','3D')
);
#4184=(
GEOMETRIC_REPRESENTATION_CONTEXT(3)
GLOBAL_UNCERTAINTY_ASSIGNED_CONTEXT((#4170))
GLOBAL_UNIT_ASSIGNED_CONTEXT((#4196,#4198,#4199))
REPRESENTATION_CONTEXT('','3D')
);
#4185=(
GEOMETRIC_REPRESENTATION_CONTEXT(3)
GLOBAL_UNCERTAINTY_ASSIGNED_CONTEXT((#4171))
GLOBAL_UNIT_ASSIGNED_CONTEXT((#4196,#4198,#4199))
REPRESENTATION_CONTEXT('','3D')
);
#4186=(
GEOMETRIC_REPRESENTATION_CONTEXT(3)
GLOBAL_UNCERTAINTY_ASSIGNED_CONTEXT((#4172))
GLOBAL_UNIT_ASSIGNED_CONTEXT((#4196,#4198,#4199))
REPRESENTATION_CONTEXT('','3D')
);
#4187=(
GEOMETRIC_REPRESENTATION_CONTEXT(3)
GLOBAL_UNCERTAINTY_ASSIGNED_CONTEXT((#4173))
GLOBAL_UNIT_ASSIGNED_CONTEXT((#4196,#4198,#4199))
REPRESENTATION_CONTEXT('','3D')
);
#4188=(
GEOMETRIC_REPRESENTATION_CONTEXT(3)
GLOBAL_UNCERTAINTY_ASSIGNED_CONTEXT((#4174))
GLOBAL_UNIT_ASSIGNED_CONTEXT((#4196,#4198,#4199))
REPRESENTATION_CONTEXT('','3D')
);
#4189=(
GEOMETRIC_REPRESENTATION_CONTEXT(3)
GLOBAL_UNCERTAINTY_ASSIGNED_CONTEXT((#4175))
GLOBAL_UNIT_ASSIGNED_CONTEXT((#4196,#4198,#4199))
REPRESENTATION_CONTEXT('','3D')
);
#4190=(
GEOMETRIC_REPRESENTATION_CONTEXT(3)
GLOBAL_UNCERTAINTY_ASSIGNED_CONTEXT((#4176))
GLOBAL_UNIT_ASSIGNED_CONTEXT((#4196,#4198,#4199))
REPRESENTATION_CONTEXT('','3D')
);
#4191=(
GEOMETRIC_REPRESENTATION_CONTEXT(3)
GLOBAL_UNCERTAINTY_ASSIGNED_CONTEXT((#4177))
GLOBAL_UNIT_ASSIGNED_CONTEXT((#4196,#4198,#4199))
REPRESENTATION_CONTEXT('','3D')
);
#4192=(
GEOMETRIC_REPRESENTATION_CONTEXT(3)
GLOBAL_UNCERTAINTY_ASSIGNED_CONTEXT((#4178))
GLOBAL_UNIT_ASSIGNED_CONTEXT((#4196,#4198,#4199))
REPRESENTATION_CONTEXT('','3D')
);
#4193=(
GEOMETRIC_REPRESENTATION_CONTEXT(3)
GLOBAL_UNCERTAINTY_ASSIGNED_CONTEXT((#4179))
GLOBAL_UNIT_ASSIGNED_CONTEXT((#4196,#4198,#4199))
REPRESENTATION_CONTEXT('','3D')
);
#4194=(
GEOMETRIC_REPRESENTATION_CONTEXT(3)
GLOBAL_UNCERTAINTY_ASSIGNED_CONTEXT((#4180))
GLOBAL_UNIT_ASSIGNED_CONTEXT((#4196,#4198,#4199))
REPRESENTATION_CONTEXT('','3D')
);
#4195=(
GEOMETRIC_REPRESENTATION_CONTEXT(3)
GLOBAL_UNCERTAINTY_ASSIGNED_CONTEXT((#4181))
GLOBAL_UNIT_ASSIGNED_CONTEXT((#4196,#4198,#4199))
REPRESENTATION_CONTEXT('','3D')
);
#4196=(
LENGTH_UNIT()
NAMED_UNIT(*)
SI_UNIT(.MILLI.,.METRE.)
);
#4197=(
LENGTH_UNIT()
NAMED_UNIT(*)
SI_UNIT(.CENTI.,.METRE.)
);
#4198=(
NAMED_UNIT(*)
PLANE_ANGLE_UNIT()
SI_UNIT($,.RADIAN.)
);
#4199=(
NAMED_UNIT(*)
SI_UNIT($,.STERADIAN.)
SOLID_ANGLE_UNIT()
);
#4200=SHAPE_DEFINITION_REPRESENTATION(#4213,#4239);
#4201=SHAPE_DEFINITION_REPRESENTATION(#4214,#4240);
#4202=SHAPE_DEFINITION_REPRESENTATION(#4215,#4241);
#4203=SHAPE_DEFINITION_REPRESENTATION(#4216,#4242);
#4204=SHAPE_DEFINITION_REPRESENTATION(#4217,#4243);
#4205=SHAPE_DEFINITION_REPRESENTATION(#4218,#4244);
#4206=SHAPE_DEFINITION_REPRESENTATION(#4219,#4245);
#4207=SHAPE_DEFINITION_REPRESENTATION(#4220,#4246);
#4208=SHAPE_DEFINITION_REPRESENTATION(#4221,#4247);
#4209=SHAPE_DEFINITION_REPRESENTATION(#4222,#4248);
#4210=SHAPE_DEFINITION_REPRESENTATION(#4223,#4249);
#4211=SHAPE_DEFINITION_REPRESENTATION(#4224,#4250);
#4212=SHAPE_DEFINITION_REPRESENTATION(#4225,#4251);
#4213=PRODUCT_DEFINITION_SHAPE('',$,#4253);
#4214=PRODUCT_DEFINITION_SHAPE('',$,#4254);
#4215=PRODUCT_DEFINITION_SHAPE('',$,#4255);
#4216=PRODUCT_DEFINITION_SHAPE('',$,#4256);
#4217=PRODUCT_DEFINITION_SHAPE('',$,#4257);
#4218=PRODUCT_DEFINITION_SHAPE('',$,#4258);
#4219=PRODUCT_DEFINITION_SHAPE('',$,#4259);
#4220=PRODUCT_DEFINITION_SHAPE('',$,#4260);
#4221=PRODUCT_DEFINITION_SHAPE('',$,#4261);
#4222=PRODUCT_DEFINITION_SHAPE('',$,#4262);
#4223=PRODUCT_DEFINITION_SHAPE('',$,#4263);
#4224=PRODUCT_DEFINITION_SHAPE('',$,#4264);
#4225=PRODUCT_DEFINITION_SHAPE('',$,#4265);
#4226=PRODUCT_DEFINITION_SHAPE($,$,#50);
#4227=PRODUCT_DEFINITION_SHAPE($,$,#51);
#4228=PRODUCT_DEFINITION_SHAPE($,$,#52);
#4229=PRODUCT_DEFINITION_SHAPE($,$,#53);
#4230=PRODUCT_DEFINITION_SHAPE($,$,#54);
#4231=PRODUCT_DEFINITION_SHAPE($,$,#55);
#4232=PRODUCT_DEFINITION_SHAPE($,$,#56);
#4233=PRODUCT_DEFINITION_SHAPE($,$,#57);
#4234=PRODUCT_DEFINITION_SHAPE($,$,#58);
#4235=PRODUCT_DEFINITION_SHAPE($,$,#59);
#4236=PRODUCT_DEFINITION_SHAPE($,$,#60);
#4237=PRODUCT_DEFINITION_SHAPE($,$,#61);
#4238=PRODUCT_DEFINITION_SHAPE($,$,#62);
#4239=SHAPE_REPRESENTATION('',(#2460,#2739,#2740,#2741,#2742,#2743,#2744,
#2745,#2746,#2747,#2748,#2749,#2750,#2751),#4182);
#4240=SHAPE_REPRESENTATION('',(#2461),#4183);
#4241=SHAPE_REPRESENTATION('',(#2507),#4184);
#4242=SHAPE_REPRESENTATION('',(#2538),#4185);
#4243=SHAPE_REPRESENTATION('',(#2566),#4186);
#4244=SHAPE_REPRESENTATION('',(#2585),#4187);
#4245=SHAPE_REPRESENTATION('',(#2597),#4188);
#4246=SHAPE_REPRESENTATION('',(#2603),#4189);
#4247=SHAPE_REPRESENTATION('',(#2612),#4190);
#4248=SHAPE_REPRESENTATION('',(#2640),#4191);
#4249=SHAPE_REPRESENTATION('',(#2659),#4192);
#4250=SHAPE_REPRESENTATION('',(#2680),#4193);
#4251=SHAPE_REPRESENTATION('',(#2714),#4194);
#4252=PRODUCT_DEFINITION_CONTEXT('part definition',#4293,'design');
#4253=PRODUCT_DEFINITION('Steeping Complete Notification Contraption',
'Steeping Complete Notification Contraption',#4266,#4252);
#4254=PRODUCT_DEFINITION('Bell Support Beam','Bell Support Beam',#4267,
#4252);
#4255=PRODUCT_DEFINITION('Bell','Bell',#4268,#4252);
#4256=PRODUCT_DEFINITION('ISO 4762 - M4 x 25','Allen Key 4x25mm',#4269,
#4252);
#4257=PRODUCT_DEFINITION('Shallow Dish','Shallow Dish',#4270,#4252);
#4258=PRODUCT_DEFINITION('Magnet','Magnet',#4271,#4252);
#4259=PRODUCT_DEFINITION('Foam Pad','Foam Pad',#4272,#4252);
#4260=PRODUCT_DEFINITION('4mm Washer','4mm Washer',#4273,#4252);
#4261=PRODUCT_DEFINITION('Allen Key 3x16mm','Allen Key 3x16mm',#4274,#4252);
#4262=PRODUCT_DEFINITION('3mm Rubber Washer','3mm Rubber Washer',#4275,
#4252);
#4263=PRODUCT_DEFINITION('M3 Hex Nut','M3 Hex Nut',#4276,#4252);
#4264=PRODUCT_DEFINITION('Bell Support Piller','Bell Support Piller',#4277,
#4252);
#4265=PRODUCT_DEFINITION('ISO 10642 - M4x20','CSK Allen Key 4x20mm',#4278,
#4252);
#4266=PRODUCT_DEFINITION_FORMATION('',$,#4295);
#4267=PRODUCT_DEFINITION_FORMATION('',$,#4296);
#4268=PRODUCT_DEFINITION_FORMATION('',$,#4297);
#4269=PRODUCT_DEFINITION_FORMATION('',$,#4298);
#4270=PRODUCT_DEFINITION_FORMATION('',$,#4299);
#4271=PRODUCT_DEFINITION_FORMATION('',$,#4300);
#4272=PRODUCT_DEFINITION_FORMATION('',$,#4301);
#4273=PRODUCT_DEFINITION_FORMATION('',$,#4302);
#4274=PRODUCT_DEFINITION_FORMATION('',$,#4303);
#4275=PRODUCT_DEFINITION_FORMATION('',$,#4304);
#4276=PRODUCT_DEFINITION_FORMATION('',$,#4305);
#4277=PRODUCT_DEFINITION_FORMATION('',$,#4306);
#4278=PRODUCT_DEFINITION_FORMATION('',$,#4307);
#4279=PRODUCT_RELATED_PRODUCT_CATEGORY(
'Steeping Complete Notification Contraption',
'Steeping Complete Notification Contraption',(#4295));
#4280=PRODUCT_RELATED_PRODUCT_CATEGORY('Bell Support Beam',
'Bell Support Beam',(#4296));
#4281=PRODUCT_RELATED_PRODUCT_CATEGORY('Bell','Bell',(#4297));
#4282=PRODUCT_RELATED_PRODUCT_CATEGORY('Allen Key 4x25mm',
'Allen Key 4x25mm',(#4298));
#4283=PRODUCT_RELATED_PRODUCT_CATEGORY('Shallow Dish','Shallow Dish',(#4299));
#4284=PRODUCT_RELATED_PRODUCT_CATEGORY('Magnet','Magnet',(#4300));
#4285=PRODUCT_RELATED_PRODUCT_CATEGORY('Foam Pad','Foam Pad',(#4301));
#4286=PRODUCT_RELATED_PRODUCT_CATEGORY('4mm Washer','4mm Washer',(#4302));
#4287=PRODUCT_RELATED_PRODUCT_CATEGORY('Allen Key 3x16mm',
'Allen Key 3x16mm',(#4303));
#4288=PRODUCT_RELATED_PRODUCT_CATEGORY('3mm Rubber Washer',
'3mm Rubber Washer',(#4304));
#4289=PRODUCT_RELATED_PRODUCT_CATEGORY('M3 Hex Nut','M3 Hex Nut',(#4305));
#4290=PRODUCT_RELATED_PRODUCT_CATEGORY('Bell Support Piller',
'Bell Support Piller',(#4306));
#4291=PRODUCT_RELATED_PRODUCT_CATEGORY('CSK Allen Key 4x20mm',
'CSK Allen Key 4x20mm',(#4307));
#4292=APPLICATION_PROTOCOL_DEFINITION('international standard',
'automotive_design',2009,#4293);
#4293=APPLICATION_CONTEXT(
'Core Data for Automotive Mechanical Design Process');
#4294=PRODUCT_CONTEXT('part definition',#4293,'mechanical');
#4295=PRODUCT('Steeping Complete Notification Contraption',
'Steeping Complete Notification Contraption',$,(#4294));
#4296=PRODUCT('Bell Support Beam','Bell Support Beam',$,(#4294));
#4297=PRODUCT('Bell','Bell',$,(#4294));
#4298=PRODUCT('ISO 4762 - M4 x 25','Allen Key 4x25mm',
'Hexagon Socket Head Cap Screw',(#4294));
#4299=PRODUCT('Shallow Dish','Shallow Dish',$,(#4294));
#4300=PRODUCT('Magnet','Magnet',$,(#4294));
#4301=PRODUCT('Foam Pad','Foam Pad',$,(#4294));
#4302=PRODUCT('4mm Washer','4mm Washer',
'Plain washers - Normal series - Product grade A',(#4294));
#4303=PRODUCT('Allen Key 3x16mm','Allen Key 3x16mm',
'Hexagon Socket Head Cap Screw',(#4294));
#4304=PRODUCT('3mm Rubber Washer','3mm Rubber Washer',$,(#4294));
#4305=PRODUCT('M3 Hex Nut','M3 Hex Nut',
'Hexagon nuts, style 1 - Product grades A and B',(#4294));
#4306=PRODUCT('Bell Support Piller','Bell Support Piller',$,(#4294));
#4307=PRODUCT('ISO 10642 - M4x20','CSK Allen Key 4x20mm',
'Hexagon socket countersunk head cap screws',(#4294));
ENDSEC;
END-ISO-10303-21;
