ISO-10303-21;
HEADER;
/* Generated by software containing ST-Developer
 * from STEP Tools, Inc. (www.steptools.com) 
 */

FILE_DESCRIPTION(
/* description */ (''),
/* implementation_level */ '2;1');

FILE_NAME(
/* name */ 
'S:\\Future Scope 1\\WIP\\Client Category\\Tom\\02 Progressive Work\\U
pper Static Arms.stp',
/* time_stamp */ '2025-11-05T12:14:33+06:00',
/* author */ ('SD'),
/* organization */ (''),
/* preprocessor_version */ 'ST-DEVELOPER v18.1',
/* originating_system */ 'Autodesk Inventor 2021',
/* authorisation */ '');

FILE_SCHEMA (('AUTOMOTIVE_DESIGN { 1 0 10303 214 3 1 1 }'));
ENDSEC;

DATA;
#10=MECHANICAL_DESIGN_GEOMETRIC_PRESENTATION_REPRESENTATION('',(#67,#68,
#69,#70,#71),#2021);
#11=ITEM_DEFINED_TRANSFORMATION($,$,#1189,#1313);
#12=ITEM_DEFINED_TRANSFORMATION($,$,#1231,#1314);
#13=ITEM_DEFINED_TRANSFORMATION($,$,#1259,#1315);
#14=ITEM_DEFINED_TRANSFORMATION($,$,#1259,#1316);
#15=ITEM_DEFINED_TRANSFORMATION($,$,#1267,#1317);
#16=ITEM_DEFINED_TRANSFORMATION($,$,#1267,#1318);
#17=ITEM_DEFINED_TRANSFORMATION($,$,#1288,#1319);
#18=ITEM_DEFINED_TRANSFORMATION($,$,#1288,#1320);
#19=(
REPRESENTATION_RELATIONSHIP($,$,#2047,#2046)
REPRESENTATION_RELATIONSHIP_WITH_TRANSFORMATION(#11)
SHAPE_REPRESENTATION_RELATIONSHIP()
);
#20=(
REPRESENTATION_RELATIONSHIP($,$,#2048,#2046)
REPRESENTATION_RELATIONSHIP_WITH_TRANSFORMATION(#12)
SHAPE_REPRESENTATION_RELATIONSHIP()
);
#21=(
REPRESENTATION_RELATIONSHIP($,$,#2049,#2046)
REPRESENTATION_RELATIONSHIP_WITH_TRANSFORMATION(#13)
SHAPE_REPRESENTATION_RELATIONSHIP()
);
#22=(
REPRESENTATION_RELATIONSHIP($,$,#2049,#2046)
REPRESENTATION_RELATIONSHIP_WITH_TRANSFORMATION(#14)
SHAPE_REPRESENTATION_RELATIONSHIP()
);
#23=(
REPRESENTATION_RELATIONSHIP($,$,#2050,#2046)
REPRESENTATION_RELATIONSHIP_WITH_TRANSFORMATION(#15)
SHAPE_REPRESENTATION_RELATIONSHIP()
);
#24=(
REPRESENTATION_RELATIONSHIP($,$,#2050,#2046)
REPRESENTATION_RELATIONSHIP_WITH_TRANSFORMATION(#16)
SHAPE_REPRESENTATION_RELATIONSHIP()
);
#25=(
REPRESENTATION_RELATIONSHIP($,$,#2051,#2046)
REPRESENTATION_RELATIONSHIP_WITH_TRANSFORMATION(#17)
SHAPE_REPRESENTATION_RELATIONSHIP()
);
#26=(
REPRESENTATION_RELATIONSHIP($,$,#2051,#2046)
REPRESENTATION_RELATIONSHIP_WITH_TRANSFORMATION(#18)
SHAPE_REPRESENTATION_RELATIONSHIP()
);
#27=CONTEXT_DEPENDENT_SHAPE_REPRESENTATION(#19,#2038);
#28=CONTEXT_DEPENDENT_SHAPE_REPRESENTATION(#20,#2039);
#29=CONTEXT_DEPENDENT_SHAPE_REPRESENTATION(#21,#2040);
#30=CONTEXT_DEPENDENT_SHAPE_REPRESENTATION(#22,#2041);
#31=CONTEXT_DEPENDENT_SHAPE_REPRESENTATION(#23,#2042);
#32=CONTEXT_DEPENDENT_SHAPE_REPRESENTATION(#24,#2043);
#33=CONTEXT_DEPENDENT_SHAPE_REPRESENTATION(#25,#2044);
#34=CONTEXT_DEPENDENT_SHAPE_REPRESENTATION(#26,#2045);
#35=NEXT_ASSEMBLY_USAGE_OCCURRENCE('Brass Plate:1','Brass Plate:1',
'Brass Plate:1',#2053,#2054,'Brass Plate:1');
#36=NEXT_ASSEMBLY_USAGE_OCCURRENCE('Bush:1','Bush:1','Bush:1',#2053,#2055,
'Bush:1');
#37=NEXT_ASSEMBLY_USAGE_OCCURRENCE('Domed End Rod 40mm:1',
'Domed End Rod 40mm:1','Domed End Rod 40mm:1',#2053,#2056,
'Domed End Rod 40mm:1');
#38=NEXT_ASSEMBLY_USAGE_OCCURRENCE('Domed End Rod 40mm:2',
'Domed End Rod 40mm:2','Domed End Rod 40mm:2',#2053,#2056,
'Domed End Rod 40mm:2');
#39=NEXT_ASSEMBLY_USAGE_OCCURRENCE('Brass M3 Hex Nut:1',
'Brass M3 Hex Nut:1','Brass M3 Hex Nut:1',#2053,#2057,
'Brass M3 Hex Nut:1');
#40=NEXT_ASSEMBLY_USAGE_OCCURRENCE('Brass M3 Hex Nut:2',
'Brass M3 Hex Nut:2','Brass M3 Hex Nut:2',#2053,#2057,
'Brass M3 Hex Nut:2');
#41=NEXT_ASSEMBLY_USAGE_OCCURRENCE('CSK Allen Key 6x20mm:1',
'CSK Allen Key 6x20mm:1','CSK Allen Key 6x20mm:1',#2053,#2058,
'CSK Allen Key 6x20mm:1');
#42=NEXT_ASSEMBLY_USAGE_OCCURRENCE('CSK Allen Key 6x20mm:2',
'CSK Allen Key 6x20mm:2','CSK Allen Key 6x20mm:2',#2053,#2058,
'CSK Allen Key 6x20mm:2');
#43=TOROIDAL_SURFACE('',#1297,3.3,0.3);
#44=(
BOUNDED_CURVE()
B_SPLINE_CURVE(2,(#1871,#1872,#1873),.UNSPECIFIED.,.F.,.F.)
B_SPLINE_CURVE_WITH_KNOTS((3,3),(0.,0.321319937971427),.UNSPECIFIED.)
CURVE()
GEOMETRIC_REPRESENTATION_ITEM()
RATIONAL_B_SPLINE_CURVE((1.,1.15470053837925,1.))
REPRESENTATION_ITEM('')
);
#45=(
BOUNDED_CURVE()
B_SPLINE_CURVE(2,(#1875,#1876,#1877),.UNSPECIFIED.,.F.,.F.)
B_SPLINE_CURVE_WITH_KNOTS((3,3),(0.,0.321319937971428),.UNSPECIFIED.)
CURVE()
GEOMETRIC_REPRESENTATION_ITEM()
RATIONAL_B_SPLINE_CURVE((1.,1.15470053837925,1.))
REPRESENTATION_ITEM('')
);
#46=(
BOUNDED_CURVE()
B_SPLINE_CURVE(2,(#1879,#1880,#1881),.UNSPECIFIED.,.F.,.F.)
B_SPLINE_CURVE_WITH_KNOTS((3,3),(0.,0.321319937971427),.UNSPECIFIED.)
CURVE()
GEOMETRIC_REPRESENTATION_ITEM()
RATIONAL_B_SPLINE_CURVE((1.,1.15470053837925,1.))
REPRESENTATION_ITEM('')
);
#47=(
BOUNDED_CURVE()
B_SPLINE_CURVE(2,(#1883,#1884,#1885),.UNSPECIFIED.,.F.,.F.)
B_SPLINE_CURVE_WITH_KNOTS((3,3),(0.,0.321319937971427),.UNSPECIFIED.)
CURVE()
GEOMETRIC_REPRESENTATION_ITEM()
RATIONAL_B_SPLINE_CURVE((1.,1.15470053837925,1.))
REPRESENTATION_ITEM('')
);
#48=(
BOUNDED_CURVE()
B_SPLINE_CURVE(2,(#1887,#1888,#1889),.UNSPECIFIED.,.F.,.F.)
B_SPLINE_CURVE_WITH_KNOTS((3,3),(0.,0.321319937971428),.UNSPECIFIED.)
CURVE()
GEOMETRIC_REPRESENTATION_ITEM()
RATIONAL_B_SPLINE_CURVE((1.,1.15470053837925,1.))
REPRESENTATION_ITEM('')
);
#49=(
BOUNDED_CURVE()
B_SPLINE_CURVE(2,(#1891,#1892,#1893),.UNSPECIFIED.,.F.,.F.)
B_SPLINE_CURVE_WITH_KNOTS((3,3),(0.,0.321319937971427),.UNSPECIFIED.)
CURVE()
GEOMETRIC_REPRESENTATION_ITEM()
RATIONAL_B_SPLINE_CURVE((1.,1.15470053837925,1.))
REPRESENTATION_ITEM('')
);
#50=(
BOUNDED_CURVE()
B_SPLINE_CURVE(2,(#1898,#1899,#1900),.UNSPECIFIED.,.F.,.F.)
B_SPLINE_CURVE_WITH_KNOTS((3,3),(0.,0.321319937971428),.UNSPECIFIED.)
CURVE()
GEOMETRIC_REPRESENTATION_ITEM()
RATIONAL_B_SPLINE_CURVE((1.,1.15470053837925,1.))
REPRESENTATION_ITEM('')
);
#51=(
BOUNDED_CURVE()
B_SPLINE_CURVE(2,(#1902,#1903,#1904),.UNSPECIFIED.,.F.,.F.)
B_SPLINE_CURVE_WITH_KNOTS((3,3),(0.,0.321319937971427),.UNSPECIFIED.)
CURVE()
GEOMETRIC_REPRESENTATION_ITEM()
RATIONAL_B_SPLINE_CURVE((1.,1.15470053837925,1.))
REPRESENTATION_ITEM('')
);
#52=(
BOUNDED_CURVE()
B_SPLINE_CURVE(2,(#1906,#1907,#1908),.UNSPECIFIED.,.F.,.F.)
B_SPLINE_CURVE_WITH_KNOTS((3,3),(0.,0.321319937971427),.UNSPECIFIED.)
CURVE()
GEOMETRIC_REPRESENTATION_ITEM()
RATIONAL_B_SPLINE_CURVE((1.,1.15470053837925,1.))
REPRESENTATION_ITEM('')
);
#53=(
BOUNDED_CURVE()
B_SPLINE_CURVE(2,(#1910,#1911,#1912),.UNSPECIFIED.,.F.,.F.)
B_SPLINE_CURVE_WITH_KNOTS((3,3),(0.,0.321319937971428),.UNSPECIFIED.)
CURVE()
GEOMETRIC_REPRESENTATION_ITEM()
RATIONAL_B_SPLINE_CURVE((1.,1.15470053837925,1.))
REPRESENTATION_ITEM('')
);
#54=(
BOUNDED_CURVE()
B_SPLINE_CURVE(2,(#1914,#1915,#1916),.UNSPECIFIED.,.F.,.F.)
B_SPLINE_CURVE_WITH_KNOTS((3,3),(0.,0.321319937971427),.UNSPECIFIED.)
CURVE()
GEOMETRIC_REPRESENTATION_ITEM()
RATIONAL_B_SPLINE_CURVE((1.,1.15470053837925,1.))
REPRESENTATION_ITEM('')
);
#55=(
BOUNDED_CURVE()
B_SPLINE_CURVE(2,(#1917,#1918,#1919),.UNSPECIFIED.,.F.,.F.)
B_SPLINE_CURVE_WITH_KNOTS((3,3),(0.,0.321319937971427),.UNSPECIFIED.)
CURVE()
GEOMETRIC_REPRESENTATION_ITEM()
RATIONAL_B_SPLINE_CURVE((1.,1.15470053837925,1.))
REPRESENTATION_ITEM('')
);
#56=(
BOUNDED_SURFACE()
B_SPLINE_SURFACE(2,2,((#1807,#1808,#1809,#1810,#1811,#1812,#1813,#1814,
#1815),(#1816,#1817,#1818,#1819,#1820,#1821,#1822,#1823,#1824),(#1825,#1826,
#1827,#1828,#1829,#1830,#1831,#1832,#1833)),.UNSPECIFIED.,.F.,.T.,.F.)
B_SPLINE_SURFACE_WITH_KNOTS((3,3),(3,2,2,2,3),(0.,1.5707963267949),(-3.14159265358979,
-1.5707963267949,0.,1.5707963267949,3.14159265358979),.UNSPECIFIED.)
GEOMETRIC_REPRESENTATION_ITEM()
RATIONAL_B_SPLINE_SURFACE(((1.,0.707106781186548,1.,0.707106781186548,1.,
0.707106781186548,1.,0.707106781186548,1.),(0.707106781186542,0.499999999999996,
0.707106781186542,0.499999999999996,0.707106781186542,0.499999999999996,
0.707106781186542,0.499999999999996,0.707106781186542),(1.,0.707106781186548,
1.,0.707106781186548,1.,0.707106781186548,1.,0.707106781186548,1.)))
REPRESENTATION_ITEM('')
SURFACE()
);
#57=SHAPE_REPRESENTATION_RELATIONSHIP('SRR','None',#2047,#62);
#58=SHAPE_REPRESENTATION_RELATIONSHIP('SRR','None',#2048,#63);
#59=SHAPE_REPRESENTATION_RELATIONSHIP('SRR','None',#2049,#64);
#60=SHAPE_REPRESENTATION_RELATIONSHIP('SRR','None',#2050,#65);
#61=SHAPE_REPRESENTATION_RELATIONSHIP('SRR','None',#2051,#66);
#62=ADVANCED_BREP_SHAPE_REPRESENTATION('',(#72),#2016);
#63=ADVANCED_BREP_SHAPE_REPRESENTATION('',(#73),#2017);
#64=ADVANCED_BREP_SHAPE_REPRESENTATION('',(#74),#2018);
#65=ADVANCED_BREP_SHAPE_REPRESENTATION('',(#75),#2019);
#66=ADVANCED_BREP_SHAPE_REPRESENTATION('',(#76),#2020);
#67=STYLED_ITEM('',(#1116),#72);
#68=STYLED_ITEM('',(#1117),#73);
#69=STYLED_ITEM('',(#1118),#74);
#70=STYLED_ITEM('',(#1116),#75);
#71=STYLED_ITEM('',(#1119),#76);
#72=MANIFOLD_SOLID_BREP('Solid1',#1055);
#73=MANIFOLD_SOLID_BREP('Solid1',#1056);
#74=MANIFOLD_SOLID_BREP('Solid1',#1057);
#75=MANIFOLD_SOLID_BREP('Solid1',#1058);
#76=MANIFOLD_SOLID_BREP('Solid1',#1059);
#77=FACE_BOUND('',#251,.T.);
#78=FACE_BOUND('',#252,.T.);
#79=FACE_BOUND('',#253,.T.);
#80=FACE_BOUND('',#254,.T.);
#81=FACE_BOUND('',#255,.T.);
#82=FACE_BOUND('',#262,.T.);
#83=FACE_BOUND('',#263,.T.);
#84=FACE_BOUND('',#264,.T.);
#85=FACE_BOUND('',#265,.T.);
#86=FACE_BOUND('',#266,.T.);
#87=FACE_BOUND('',#278,.T.);
#88=FACE_BOUND('',#281,.T.);
#89=FACE_BOUND('',#287,.T.);
#90=FACE_BOUND('',#296,.T.);
#91=FACE_BOUND('',#299,.T.);
#92=FACE_BOUND('',#321,.T.);
#93=CYLINDRICAL_SURFACE('',#1198,12.5);
#94=CYLINDRICAL_SURFACE('',#1214,12.5);
#95=CYLINDRICAL_SURFACE('',#1221,1.0605569);
#96=CYLINDRICAL_SURFACE('',#1222,1.0605569);
#97=CYLINDRICAL_SURFACE('',#1225,3.25);
#98=CYLINDRICAL_SURFACE('',#1228,3.25);
#99=CYLINDRICAL_SURFACE('',#1229,3.5);
#100=CYLINDRICAL_SURFACE('',#1236,1.5);
#101=CYLINDRICAL_SURFACE('',#1248,3.5);
#102=CYLINDRICAL_SURFACE('',#1254,7.5);
#103=CYLINDRICAL_SURFACE('',#1263,1.5);
#104=CYLINDRICAL_SURFACE('',#1271,1.2295);
#105=CYLINDRICAL_SURFACE('',#1293,3.);
#106=CYLINDRICAL_SURFACE('',#1312,6.);
#107=CIRCLE('',#1192,12.5);
#108=CIRCLE('',#1193,12.);
#109=CIRCLE('',#1196,12.5);
#110=CIRCLE('',#1197,12.);
#111=CIRCLE('',#1199,12.5);
#112=CIRCLE('',#1202,1.0605569);
#113=CIRCLE('',#1203,1.0605569);
#114=CIRCLE('',#1204,3.25);
#115=CIRCLE('',#1205,3.25);
#116=CIRCLE('',#1206,3.5);
#117=CIRCLE('',#1209,12.5);
#118=CIRCLE('',#1210,12.);
#119=CIRCLE('',#1213,12.);
#120=CIRCLE('',#1216,1.0605569);
#121=CIRCLE('',#1217,1.0605569);
#122=CIRCLE('',#1218,6.3);
#123=CIRCLE('',#1219,6.3);
#124=CIRCLE('',#1220,3.5);
#125=CIRCLE('',#1224,3.25);
#126=CIRCLE('',#1227,3.25);
#127=CIRCLE('',#1233,1.5);
#128=CIRCLE('',#1234,1.5);
#129=CIRCLE('',#1235,1.7);
#130=CIRCLE('',#1237,1.5);
#131=CIRCLE('',#1238,1.5);
#132=CIRCLE('',#1240,3.);
#133=CIRCLE('',#1242,1.7);
#134=CIRCLE('',#1244,7.);
#135=CIRCLE('',#1246,3.5);
#136=CIRCLE('',#1247,3.5);
#137=CIRCLE('',#1249,3.5);
#138=CIRCLE('',#1251,7.);
#139=CIRCLE('',#1252,7.5);
#140=CIRCLE('',#1253,7.5);
#141=CIRCLE('',#1255,7.5);
#142=CIRCLE('',#1256,7.5);
#143=CIRCLE('',#1260,0.5);
#144=CIRCLE('',#1261,1.);
#145=CIRCLE('',#1262,1.5);
#146=CIRCLE('',#1264,1.5);
#147=CIRCLE('',#1269,1.50013293868264);
#148=CIRCLE('',#1270,1.2295);
#149=CIRCLE('',#1272,1.2295);
#150=CIRCLE('',#1273,1.2295);
#151=CIRCLE('',#1275,2.3);
#152=CIRCLE('',#1277,1.50013293868264);
#153=CIRCLE('',#1279,2.3);
#154=CIRCLE('',#1290,2.5);
#155=CIRCLE('',#1291,3.);
#156=CIRCLE('',#1292,3.);
#157=CIRCLE('',#1294,3.);
#158=CIRCLE('',#1295,3.);
#159=CIRCLE('',#1298,3.08786796564404);
#160=CIRCLE('',#1299,3.08786796564404);
#161=CIRCLE('',#1300,0.3);
#162=CIRCLE('',#1302,6.);
#163=CIRCLE('',#1311,6.);
#164=CONICAL_SURFACE('',#1191,12.25,0.785398163397455);
#165=CONICAL_SURFACE('',#1195,12.25,0.785398163397455);
#166=CONICAL_SURFACE('',#1208,12.25,0.785398163397455);
#167=CONICAL_SURFACE('',#1212,12.25,0.785398163397455);
#168=CONICAL_SURFACE('',#1223,4.775,0.785398163397448);
#169=CONICAL_SURFACE('',#1226,4.775,0.785398163397448);
#170=CONICAL_SURFACE('',#1232,1.6,0.785398163397454);
#171=CONICAL_SURFACE('',#1241,1.6,0.785398163397445);
#172=CONICAL_SURFACE('',#1245,3.25,0.785398163397447);
#173=CONICAL_SURFACE('',#1250,7.25,0.785398163397453);
#174=CONICAL_SURFACE('',#1258,7.25,0.785398163397449);
#175=CONICAL_SURFACE('',#1268,1.36481646934132,1.0471975511966);
#176=CONICAL_SURFACE('',#1276,1.36481646934132,1.0471975511966);
#177=CONICAL_SURFACE('',#1280,2.73771324027147,1.0471975511966);
#178=CONICAL_SURFACE('',#1281,2.73771324027147,1.0471975511966);
#179=CONICAL_SURFACE('',#1289,2.75,0.785398163397448);
#180=CONICAL_SURFACE('',#1301,4.5,0.785398163397448);
#181=FACE_OUTER_BOUND('',#244,.T.);
#182=FACE_OUTER_BOUND('',#245,.T.);
#183=FACE_OUTER_BOUND('',#246,.T.);
#184=FACE_OUTER_BOUND('',#247,.T.);
#185=FACE_OUTER_BOUND('',#248,.T.);
#186=FACE_OUTER_BOUND('',#249,.T.);
#187=FACE_OUTER_BOUND('',#250,.T.);
#188=FACE_OUTER_BOUND('',#256,.T.);
#189=FACE_OUTER_BOUND('',#257,.T.);
#190=FACE_OUTER_BOUND('',#258,.T.);
#191=FACE_OUTER_BOUND('',#259,.T.);
#192=FACE_OUTER_BOUND('',#260,.T.);
#193=FACE_OUTER_BOUND('',#261,.T.);
#194=FACE_OUTER_BOUND('',#267,.T.);
#195=FACE_OUTER_BOUND('',#268,.T.);
#196=FACE_OUTER_BOUND('',#269,.T.);
#197=FACE_OUTER_BOUND('',#270,.T.);
#198=FACE_OUTER_BOUND('',#271,.T.);
#199=FACE_OUTER_BOUND('',#272,.T.);
#200=FACE_OUTER_BOUND('',#273,.T.);
#201=FACE_OUTER_BOUND('',#274,.T.);
#202=FACE_OUTER_BOUND('',#275,.T.);
#203=FACE_OUTER_BOUND('',#276,.T.);
#204=FACE_OUTER_BOUND('',#277,.T.);
#205=FACE_OUTER_BOUND('',#279,.T.);
#206=FACE_OUTER_BOUND('',#280,.T.);
#207=FACE_OUTER_BOUND('',#282,.T.);
#208=FACE_OUTER_BOUND('',#283,.T.);
#209=FACE_OUTER_BOUND('',#284,.T.);
#210=FACE_OUTER_BOUND('',#285,.T.);
#211=FACE_OUTER_BOUND('',#286,.T.);
#212=FACE_OUTER_BOUND('',#288,.T.);
#213=FACE_OUTER_BOUND('',#289,.T.);
#214=FACE_OUTER_BOUND('',#290,.T.);
#215=FACE_OUTER_BOUND('',#291,.T.);
#216=FACE_OUTER_BOUND('',#292,.T.);
#217=FACE_OUTER_BOUND('',#293,.T.);
#218=FACE_OUTER_BOUND('',#294,.T.);
#219=FACE_OUTER_BOUND('',#295,.T.);
#220=FACE_OUTER_BOUND('',#297,.T.);
#221=FACE_OUTER_BOUND('',#298,.T.);
#222=FACE_OUTER_BOUND('',#300,.T.);
#223=FACE_OUTER_BOUND('',#301,.T.);
#224=FACE_OUTER_BOUND('',#302,.T.);
#225=FACE_OUTER_BOUND('',#303,.T.);
#226=FACE_OUTER_BOUND('',#304,.T.);
#227=FACE_OUTER_BOUND('',#305,.T.);
#228=FACE_OUTER_BOUND('',#306,.T.);
#229=FACE_OUTER_BOUND('',#307,.T.);
#230=FACE_OUTER_BOUND('',#308,.T.);
#231=FACE_OUTER_BOUND('',#309,.T.);
#232=FACE_OUTER_BOUND('',#310,.T.);
#233=FACE_OUTER_BOUND('',#311,.T.);
#234=FACE_OUTER_BOUND('',#312,.T.);
#235=FACE_OUTER_BOUND('',#313,.T.);
#236=FACE_OUTER_BOUND('',#314,.T.);
#237=FACE_OUTER_BOUND('',#315,.T.);
#238=FACE_OUTER_BOUND('',#316,.T.);
#239=FACE_OUTER_BOUND('',#317,.T.);
#240=FACE_OUTER_BOUND('',#318,.T.);
#241=FACE_OUTER_BOUND('',#319,.T.);
#242=FACE_OUTER_BOUND('',#320,.T.);
#243=FACE_OUTER_BOUND('',#322,.T.);
#244=EDGE_LOOP('',(#686,#687,#688,#689));
#245=EDGE_LOOP('',(#690,#691,#692,#693));
#246=EDGE_LOOP('',(#694,#695,#696,#697));
#247=EDGE_LOOP('',(#698,#699,#700,#701));
#248=EDGE_LOOP('',(#702,#703,#704,#705));
#249=EDGE_LOOP('',(#706,#707,#708,#709));
#250=EDGE_LOOP('',(#710,#711,#712,#713));
#251=EDGE_LOOP('',(#714));
#252=EDGE_LOOP('',(#715));
#253=EDGE_LOOP('',(#716));
#254=EDGE_LOOP('',(#717));
#255=EDGE_LOOP('',(#718));
#256=EDGE_LOOP('',(#719,#720,#721,#722));
#257=EDGE_LOOP('',(#723,#724,#725,#726));
#258=EDGE_LOOP('',(#727,#728,#729,#730));
#259=EDGE_LOOP('',(#731,#732,#733,#734));
#260=EDGE_LOOP('',(#735,#736,#737,#738));
#261=EDGE_LOOP('',(#739,#740,#741,#742));
#262=EDGE_LOOP('',(#743));
#263=EDGE_LOOP('',(#744));
#264=EDGE_LOOP('',(#745));
#265=EDGE_LOOP('',(#746));
#266=EDGE_LOOP('',(#747));
#267=EDGE_LOOP('',(#748,#749,#750,#751));
#268=EDGE_LOOP('',(#752,#753,#754,#755));
#269=EDGE_LOOP('',(#756,#757,#758,#759));
#270=EDGE_LOOP('',(#760,#761,#762,#763));
#271=EDGE_LOOP('',(#764,#765,#766,#767));
#272=EDGE_LOOP('',(#768,#769,#770,#771));
#273=EDGE_LOOP('',(#772,#773,#774,#775));
#274=EDGE_LOOP('',(#776,#777,#778,#779));
#275=EDGE_LOOP('',(#780,#781,#782,#783,#784));
#276=EDGE_LOOP('',(#785,#786,#787,#788,#789,#790));
#277=EDGE_LOOP('',(#791));
#278=EDGE_LOOP('',(#792));
#279=EDGE_LOOP('',(#793,#794,#795,#796,#797));
#280=EDGE_LOOP('',(#798));
#281=EDGE_LOOP('',(#799));
#282=EDGE_LOOP('',(#800,#801,#802,#803,#804));
#283=EDGE_LOOP('',(#805,#806,#807,#808,#809));
#284=EDGE_LOOP('',(#810,#811,#812,#813,#814));
#285=EDGE_LOOP('',(#815,#816,#817,#818,#819,#820));
#286=EDGE_LOOP('',(#821));
#287=EDGE_LOOP('',(#822));
#288=EDGE_LOOP('',(#823,#824,#825,#826,#827));
#289=EDGE_LOOP('',(#828,#829,#830,#831));
#290=EDGE_LOOP('',(#832,#833,#834,#835));
#291=EDGE_LOOP('',(#836));
#292=EDGE_LOOP('',(#837));
#293=EDGE_LOOP('',(#838,#839,#840,#841));
#294=EDGE_LOOP('',(#842,#843,#844,#845,#846));
#295=EDGE_LOOP('',(#847));
#296=EDGE_LOOP('',(#848));
#297=EDGE_LOOP('',(#849,#850,#851,#852,#853));
#298=EDGE_LOOP('',(#854));
#299=EDGE_LOOP('',(#855));
#300=EDGE_LOOP('',(#856,#857,#858,#859,#860,#861,#862,#863,#864));
#301=EDGE_LOOP('',(#865,#866,#867,#868,#869,#870,#871,#872,#873));
#302=EDGE_LOOP('',(#874,#875,#876,#877));
#303=EDGE_LOOP('',(#878,#879,#880,#881));
#304=EDGE_LOOP('',(#882,#883,#884,#885));
#305=EDGE_LOOP('',(#886,#887,#888,#889));
#306=EDGE_LOOP('',(#890,#891,#892,#893));
#307=EDGE_LOOP('',(#894,#895,#896,#897));
#308=EDGE_LOOP('',(#898,#899,#900,#901,#902));
#309=EDGE_LOOP('',(#903,#904,#905,#906,#907,#908));
#310=EDGE_LOOP('',(#909));
#311=EDGE_LOOP('',(#910,#911,#912,#913,#914,#915));
#312=EDGE_LOOP('',(#916,#917,#918,#919,#920));
#313=EDGE_LOOP('',(#921,#922,#923,#924));
#314=EDGE_LOOP('',(#925,#926,#927,#928));
#315=EDGE_LOOP('',(#929,#930,#931,#932));
#316=EDGE_LOOP('',(#933,#934,#935,#936));
#317=EDGE_LOOP('',(#937,#938,#939,#940));
#318=EDGE_LOOP('',(#941,#942,#943,#944));
#319=EDGE_LOOP('',(#945,#946,#947,#948,#949,#950));
#320=EDGE_LOOP('',(#951));
#321=EDGE_LOOP('',(#952,#953,#954,#955,#956,#957));
#322=EDGE_LOOP('',(#958,#959,#960,#961));
#323=LINE('',#1661,#392);
#324=LINE('',#1663,#393);
#325=LINE('',#1665,#394);
#326=LINE('',#1666,#395);
#327=LINE('',#1671,#396);
#328=LINE('',#1676,#397);
#329=LINE('',#1677,#398);
#330=LINE('',#1678,#399);
#331=LINE('',#1684,#400);
#332=LINE('',#1687,#401);
#333=LINE('',#1690,#402);
#334=LINE('',#1691,#403);
#335=LINE('',#1705,#404);
#336=LINE('',#1707,#405);
#337=LINE('',#1708,#406);
#338=LINE('',#1713,#407);
#339=LINE('',#1717,#408);
#340=LINE('',#1718,#409);
#341=LINE('',#1719,#410);
#342=LINE('',#1723,#411);
#343=LINE('',#1736,#412);
#344=LINE('',#1738,#413);
#345=LINE('',#1741,#414);
#346=LINE('',#1744,#415);
#347=LINE('',#1747,#416);
#348=LINE('',#1750,#417);
#349=LINE('',#1752,#418);
#350=LINE('',#1761,#419);
#351=LINE('',#1765,#420);
#352=LINE('',#1775,#421);
#353=LINE('',#1781,#422);
#354=LINE('',#1787,#423);
#355=LINE('',#1793,#424);
#356=LINE('',#1799,#425);
#357=LINE('',#1805,#426);
#358=LINE('',#1841,#427);
#359=LINE('',#1850,#428);
#360=LINE('',#1857,#429);
#361=LINE('',#1864,#430);
#362=LINE('',#1890,#431);
#363=LINE('',#1896,#432);
#364=LINE('',#1921,#433);
#365=LINE('',#1922,#434);
#366=LINE('',#1924,#435);
#367=LINE('',#1926,#436);
#368=LINE('',#1928,#437);
#369=LINE('',#1930,#438);
#370=LINE('',#1937,#439);
#371=LINE('',#1943,#440);
#372=LINE('',#1956,#441);
#373=LINE('',#1961,#442);
#374=LINE('',#1963,#443);
#375=LINE('',#1965,#444);
#376=LINE('',#1966,#445);
#377=LINE('',#1969,#446);
#378=LINE('',#1971,#447);
#379=LINE('',#1972,#448);
#380=LINE('',#1975,#449);
#381=LINE('',#1977,#450);
#382=LINE('',#1978,#451);
#383=LINE('',#1981,#452);
#384=LINE('',#1983,#453);
#385=LINE('',#1984,#454);
#386=LINE('',#1987,#455);
#387=LINE('',#1989,#456);
#388=LINE('',#1990,#457);
#389=LINE('',#1992,#458);
#390=LINE('',#1993,#459);
#391=LINE('',#1999,#460);
#392=VECTOR('',#1327,10.);
#393=VECTOR('',#1328,10.);
#394=VECTOR('',#1329,10.);
#395=VECTOR('',#1330,10.);
#396=VECTOR('',#1335,10.);
#397=VECTOR('',#1340,10.);
#398=VECTOR('',#1341,10.);
#399=VECTOR('',#1342,10.);
#400=VECTOR('',#1351,10.);
#401=VECTOR('',#1354,10.);
#402=VECTOR('',#1357,10.);
#403=VECTOR('',#1358,10.);
#404=VECTOR('',#1373,10.);
#405=VECTOR('',#1374,10.);
#406=VECTOR('',#1375,10.);
#407=VECTOR('',#1380,10.);
#408=VECTOR('',#1385,10.);
#409=VECTOR('',#1386,10.);
#410=VECTOR('',#1387,10.);
#411=VECTOR('',#1394,10.);
#412=VECTOR('',#1409,1.0605569);
#413=VECTOR('',#1412,1.0605569);
#414=VECTOR('',#1415,4.775);
#415=VECTOR('',#1420,3.25);
#416=VECTOR('',#1423,4.775);
#417=VECTOR('',#1428,3.25);
#418=VECTOR('',#1431,3.5);
#419=VECTOR('',#1442,1.6);
#420=VECTOR('',#1447,1.5);
#421=VECTOR('',#1460,1.6);
#422=VECTOR('',#1467,3.25);
#423=VECTOR('',#1474,3.5);
#424=VECTOR('',#1481,7.25);
#425=VECTOR('',#1488,7.5);
#426=VECTOR('',#1497,7.24999999999999);
#427=VECTOR('',#1508,1.5);
#428=VECTOR('',#1521,1.36481646934132);
#429=VECTOR('',#1530,1.2295);
#430=VECTOR('',#1539,1.36481646934132);
#431=VECTOR('',#1546,2.73771324027147);
#432=VECTOR('',#1549,2.73771324027147);
#433=VECTOR('',#1552,10.);
#434=VECTOR('',#1553,10.);
#435=VECTOR('',#1556,10.);
#436=VECTOR('',#1559,10.);
#437=VECTOR('',#1562,10.);
#438=VECTOR('',#1565,10.);
#439=VECTOR('',#1574,2.75);
#440=VECTOR('',#1581,3.);
#441=VECTOR('',#1598,4.5);
#442=VECTOR('',#1603,10.);
#443=VECTOR('',#1604,10.);
#444=VECTOR('',#1605,10.);
#445=VECTOR('',#1606,10.);
#446=VECTOR('',#1609,10.);
#447=VECTOR('',#1610,10.);
#448=VECTOR('',#1611,10.);
#449=VECTOR('',#1614,10.);
#450=VECTOR('',#1615,10.);
#451=VECTOR('',#1616,10.);
#452=VECTOR('',#1619,10.);
#453=VECTOR('',#1620,10.);
#454=VECTOR('',#1621,10.);
#455=VECTOR('',#1624,10.);
#456=VECTOR('',#1625,10.);
#457=VECTOR('',#1626,10.);
#458=VECTOR('',#1629,10.);
#459=VECTOR('',#1630,10.);
#460=VECTOR('',#1639,6.);
#461=VERTEX_POINT('',#1659);
#462=VERTEX_POINT('',#1660);
#463=VERTEX_POINT('',#1662);
#464=VERTEX_POINT('',#1664);
#465=VERTEX_POINT('',#1668);
#466=VERTEX_POINT('',#1670);
#467=VERTEX_POINT('',#1674);
#468=VERTEX_POINT('',#1675);
#469=VERTEX_POINT('',#1683);
#470=VERTEX_POINT('',#1685);
#471=VERTEX_POINT('',#1689);
#472=VERTEX_POINT('',#1693);
#473=VERTEX_POINT('',#1695);
#474=VERTEX_POINT('',#1697);
#475=VERTEX_POINT('',#1699);
#476=VERTEX_POINT('',#1701);
#477=VERTEX_POINT('',#1704);
#478=VERTEX_POINT('',#1706);
#479=VERTEX_POINT('',#1710);
#480=VERTEX_POINT('',#1712);
#481=VERTEX_POINT('',#1716);
#482=VERTEX_POINT('',#1725);
#483=VERTEX_POINT('',#1727);
#484=VERTEX_POINT('',#1729);
#485=VERTEX_POINT('',#1731);
#486=VERTEX_POINT('',#1733);
#487=VERTEX_POINT('',#1740);
#488=VERTEX_POINT('',#1746);
#489=VERTEX_POINT('',#1756);
#490=VERTEX_POINT('',#1757);
#491=VERTEX_POINT('',#1760);
#492=VERTEX_POINT('',#1764);
#493=VERTEX_POINT('',#1766);
#494=VERTEX_POINT('',#1770);
#495=VERTEX_POINT('',#1773);
#496=VERTEX_POINT('',#1777);
#497=VERTEX_POINT('',#1780);
#498=VERTEX_POINT('',#1782);
#499=VERTEX_POINT('',#1786);
#500=VERTEX_POINT('',#1790);
#501=VERTEX_POINT('',#1792);
#502=VERTEX_POINT('',#1794);
#503=VERTEX_POINT('',#1798);
#504=VERTEX_POINT('',#1800);
#505=VERTEX_POINT('',#1834);
#506=VERTEX_POINT('',#1836);
#507=VERTEX_POINT('',#1840);
#508=VERTEX_POINT('',#1847);
#509=VERTEX_POINT('',#1849);
#510=VERTEX_POINT('',#1853);
#511=VERTEX_POINT('',#1854);
#512=VERTEX_POINT('',#1859);
#513=VERTEX_POINT('',#1862);
#514=VERTEX_POINT('',#1866);
#515=VERTEX_POINT('',#1869);
#516=VERTEX_POINT('',#1870);
#517=VERTEX_POINT('',#1874);
#518=VERTEX_POINT('',#1878);
#519=VERTEX_POINT('',#1882);
#520=VERTEX_POINT('',#1886);
#521=VERTEX_POINT('',#1895);
#522=VERTEX_POINT('',#1897);
#523=VERTEX_POINT('',#1901);
#524=VERTEX_POINT('',#1905);
#525=VERTEX_POINT('',#1909);
#526=VERTEX_POINT('',#1913);
#527=VERTEX_POINT('',#1934);
#528=VERTEX_POINT('',#1936);
#529=VERTEX_POINT('',#1938);
#530=VERTEX_POINT('',#1942);
#531=VERTEX_POINT('',#1944);
#532=VERTEX_POINT('',#1949);
#533=VERTEX_POINT('',#1950);
#534=VERTEX_POINT('',#1955);
#535=VERTEX_POINT('',#1959);
#536=VERTEX_POINT('',#1960);
#537=VERTEX_POINT('',#1962);
#538=VERTEX_POINT('',#1964);
#539=VERTEX_POINT('',#1968);
#540=VERTEX_POINT('',#1970);
#541=VERTEX_POINT('',#1974);
#542=VERTEX_POINT('',#1976);
#543=VERTEX_POINT('',#1980);
#544=VERTEX_POINT('',#1982);
#545=VERTEX_POINT('',#1986);
#546=VERTEX_POINT('',#1988);
#547=VERTEX_POINT('',#1996);
#548=EDGE_CURVE('',#461,#462,#323,.T.);
#549=EDGE_CURVE('',#462,#463,#324,.T.);
#550=EDGE_CURVE('',#463,#464,#325,.T.);
#551=EDGE_CURVE('',#464,#461,#326,.T.);
#552=EDGE_CURVE('',#461,#465,#107,.T.);
#553=EDGE_CURVE('',#465,#466,#327,.T.);
#554=EDGE_CURVE('',#466,#462,#108,.T.);
#555=EDGE_CURVE('',#467,#468,#328,.T.);
#556=EDGE_CURVE('',#468,#466,#329,.T.);
#557=EDGE_CURVE('',#465,#467,#330,.T.);
#558=EDGE_CURVE('',#467,#464,#109,.T.);
#559=EDGE_CURVE('',#463,#468,#110,.T.);
#560=EDGE_CURVE('',#461,#469,#331,.T.);
#561=EDGE_CURVE('',#470,#469,#111,.T.);
#562=EDGE_CURVE('',#470,#465,#332,.T.);
#563=EDGE_CURVE('',#471,#464,#333,.T.);
#564=EDGE_CURVE('',#469,#471,#334,.T.);
#565=EDGE_CURVE('',#472,#472,#112,.T.);
#566=EDGE_CURVE('',#473,#473,#113,.T.);
#567=EDGE_CURVE('',#474,#474,#114,.T.);
#568=EDGE_CURVE('',#475,#475,#115,.T.);
#569=EDGE_CURVE('',#476,#476,#116,.T.);
#570=EDGE_CURVE('',#471,#477,#335,.T.);
#571=EDGE_CURVE('',#477,#478,#336,.T.);
#572=EDGE_CURVE('',#478,#469,#337,.T.);
#573=EDGE_CURVE('',#471,#479,#117,.T.);
#574=EDGE_CURVE('',#479,#480,#338,.T.);
#575=EDGE_CURVE('',#480,#477,#118,.T.);
#576=EDGE_CURVE('',#470,#481,#339,.T.);
#577=EDGE_CURVE('',#481,#480,#340,.T.);
#578=EDGE_CURVE('',#479,#470,#341,.T.);
#579=EDGE_CURVE('',#478,#481,#119,.T.);
#580=EDGE_CURVE('',#467,#479,#342,.T.);
#581=EDGE_CURVE('',#482,#482,#120,.T.);
#582=EDGE_CURVE('',#483,#483,#121,.T.);
#583=EDGE_CURVE('',#484,#484,#122,.T.);
#584=EDGE_CURVE('',#485,#485,#123,.T.);
#585=EDGE_CURVE('',#486,#486,#124,.T.);
#586=EDGE_CURVE('',#482,#472,#343,.T.);
#587=EDGE_CURVE('',#483,#473,#344,.T.);
#588=EDGE_CURVE('',#484,#487,#345,.T.);
#589=EDGE_CURVE('',#487,#487,#125,.T.);
#590=EDGE_CURVE('',#487,#474,#346,.T.);
#591=EDGE_CURVE('',#485,#488,#347,.T.);
#592=EDGE_CURVE('',#488,#488,#126,.T.);
#593=EDGE_CURVE('',#488,#475,#348,.T.);
#594=EDGE_CURVE('',#486,#476,#349,.T.);
#595=EDGE_CURVE('',#489,#490,#127,.T.);
#596=EDGE_CURVE('',#490,#489,#128,.T.);
#597=EDGE_CURVE('',#489,#491,#350,.T.);
#598=EDGE_CURVE('',#491,#491,#129,.T.);
#599=EDGE_CURVE('',#490,#492,#351,.T.);
#600=EDGE_CURVE('',#493,#492,#130,.T.);
#601=EDGE_CURVE('',#492,#493,#131,.T.);
#602=EDGE_CURVE('',#494,#494,#132,.T.);
#603=EDGE_CURVE('',#495,#495,#133,.T.);
#604=EDGE_CURVE('',#495,#493,#352,.T.);
#605=EDGE_CURVE('',#496,#496,#134,.T.);
#606=EDGE_CURVE('',#494,#497,#353,.T.);
#607=EDGE_CURVE('',#497,#498,#135,.T.);
#608=EDGE_CURVE('',#498,#497,#136,.T.);
#609=EDGE_CURVE('',#498,#499,#354,.T.);
#610=EDGE_CURVE('',#499,#499,#137,.T.);
#611=EDGE_CURVE('',#500,#500,#138,.T.);
#612=EDGE_CURVE('',#500,#501,#355,.T.);
#613=EDGE_CURVE('',#501,#502,#139,.T.);
#614=EDGE_CURVE('',#502,#501,#140,.T.);
#615=EDGE_CURVE('',#502,#503,#356,.T.);
#616=EDGE_CURVE('',#504,#503,#141,.T.);
#617=EDGE_CURVE('',#503,#504,#142,.T.);
#618=EDGE_CURVE('',#504,#496,#357,.T.);
#619=EDGE_CURVE('',#505,#505,#143,.T.);
#620=EDGE_CURVE('',#505,#506,#144,.T.);
#621=EDGE_CURVE('',#506,#506,#145,.T.);
#622=EDGE_CURVE('',#506,#507,#358,.T.);
#623=EDGE_CURVE('',#507,#507,#146,.T.);
#624=EDGE_CURVE('',#508,#508,#147,.T.);
#625=EDGE_CURVE('',#508,#509,#359,.T.);
#626=EDGE_CURVE('',#509,#509,#148,.T.);
#627=EDGE_CURVE('',#510,#511,#149,.T.);
#628=EDGE_CURVE('',#511,#510,#150,.T.);
#629=EDGE_CURVE('',#511,#509,#360,.T.);
#630=EDGE_CURVE('',#512,#512,#151,.T.);
#631=EDGE_CURVE('',#513,#513,#152,.T.);
#632=EDGE_CURVE('',#513,#510,#361,.T.);
#633=EDGE_CURVE('',#514,#514,#153,.T.);
#634=EDGE_CURVE('',#515,#516,#44,.T.);
#635=EDGE_CURVE('',#517,#515,#45,.T.);
#636=EDGE_CURVE('',#518,#517,#46,.T.);
#637=EDGE_CURVE('',#519,#518,#47,.T.);
#638=EDGE_CURVE('',#520,#519,#48,.T.);
#639=EDGE_CURVE('',#520,#512,#362,.T.);
#640=EDGE_CURVE('',#516,#520,#49,.T.);
#641=EDGE_CURVE('',#514,#521,#363,.T.);
#642=EDGE_CURVE('',#522,#521,#50,.T.);
#643=EDGE_CURVE('',#523,#522,#51,.T.);
#644=EDGE_CURVE('',#524,#523,#52,.T.);
#645=EDGE_CURVE('',#525,#524,#53,.T.);
#646=EDGE_CURVE('',#526,#525,#54,.T.);
#647=EDGE_CURVE('',#521,#526,#55,.T.);
#648=EDGE_CURVE('',#517,#524,#364,.T.);
#649=EDGE_CURVE('',#518,#523,#365,.T.);
#650=EDGE_CURVE('',#519,#522,#366,.T.);
#651=EDGE_CURVE('',#515,#525,#367,.T.);
#652=EDGE_CURVE('',#516,#526,#368,.T.);
#653=EDGE_CURVE('',#520,#521,#369,.T.);
#654=EDGE_CURVE('',#527,#527,#154,.T.);
#655=EDGE_CURVE('',#527,#528,#370,.T.);
#656=EDGE_CURVE('',#528,#529,#155,.T.);
#657=EDGE_CURVE('',#529,#528,#156,.T.);
#658=EDGE_CURVE('',#529,#530,#371,.T.);
#659=EDGE_CURVE('',#531,#530,#157,.T.);
#660=EDGE_CURVE('',#530,#531,#158,.T.);
#661=EDGE_CURVE('',#532,#533,#159,.T.);
#662=EDGE_CURVE('',#533,#532,#160,.T.);
#663=EDGE_CURVE('',#532,#531,#161,.T.);
#664=EDGE_CURVE('',#533,#534,#372,.T.);
#665=EDGE_CURVE('',#534,#534,#162,.T.);
#666=EDGE_CURVE('',#535,#536,#373,.T.);
#667=EDGE_CURVE('',#537,#535,#374,.T.);
#668=EDGE_CURVE('',#538,#537,#375,.T.);
#669=EDGE_CURVE('',#538,#536,#376,.T.);
#670=EDGE_CURVE('',#536,#539,#377,.T.);
#671=EDGE_CURVE('',#540,#538,#378,.T.);
#672=EDGE_CURVE('',#540,#539,#379,.T.);
#673=EDGE_CURVE('',#539,#541,#380,.T.);
#674=EDGE_CURVE('',#542,#540,#381,.T.);
#675=EDGE_CURVE('',#542,#541,#382,.T.);
#676=EDGE_CURVE('',#541,#543,#383,.T.);
#677=EDGE_CURVE('',#544,#542,#384,.T.);
#678=EDGE_CURVE('',#544,#543,#385,.T.);
#679=EDGE_CURVE('',#543,#545,#386,.T.);
#680=EDGE_CURVE('',#546,#544,#387,.T.);
#681=EDGE_CURVE('',#546,#545,#388,.T.);
#682=EDGE_CURVE('',#545,#535,#389,.T.);
#683=EDGE_CURVE('',#537,#546,#390,.T.);
#684=EDGE_CURVE('',#547,#547,#163,.T.);
#685=EDGE_CURVE('',#534,#547,#391,.T.);
#686=ORIENTED_EDGE('',*,*,#548,.T.);
#687=ORIENTED_EDGE('',*,*,#549,.T.);
#688=ORIENTED_EDGE('',*,*,#550,.T.);
#689=ORIENTED_EDGE('',*,*,#551,.T.);
#690=ORIENTED_EDGE('',*,*,#548,.F.);
#691=ORIENTED_EDGE('',*,*,#552,.T.);
#692=ORIENTED_EDGE('',*,*,#553,.T.);
#693=ORIENTED_EDGE('',*,*,#554,.T.);
#694=ORIENTED_EDGE('',*,*,#555,.T.);
#695=ORIENTED_EDGE('',*,*,#556,.T.);
#696=ORIENTED_EDGE('',*,*,#553,.F.);
#697=ORIENTED_EDGE('',*,*,#557,.T.);
#698=ORIENTED_EDGE('',*,*,#555,.F.);
#699=ORIENTED_EDGE('',*,*,#558,.T.);
#700=ORIENTED_EDGE('',*,*,#550,.F.);
#701=ORIENTED_EDGE('',*,*,#559,.T.);
#702=ORIENTED_EDGE('',*,*,#552,.F.);
#703=ORIENTED_EDGE('',*,*,#560,.T.);
#704=ORIENTED_EDGE('',*,*,#561,.F.);
#705=ORIENTED_EDGE('',*,*,#562,.T.);
#706=ORIENTED_EDGE('',*,*,#551,.F.);
#707=ORIENTED_EDGE('',*,*,#563,.F.);
#708=ORIENTED_EDGE('',*,*,#564,.F.);
#709=ORIENTED_EDGE('',*,*,#560,.F.);
#710=ORIENTED_EDGE('',*,*,#549,.F.);
#711=ORIENTED_EDGE('',*,*,#554,.F.);
#712=ORIENTED_EDGE('',*,*,#556,.F.);
#713=ORIENTED_EDGE('',*,*,#559,.F.);
#714=ORIENTED_EDGE('',*,*,#565,.T.);
#715=ORIENTED_EDGE('',*,*,#566,.T.);
#716=ORIENTED_EDGE('',*,*,#567,.T.);
#717=ORIENTED_EDGE('',*,*,#568,.T.);
#718=ORIENTED_EDGE('',*,*,#569,.T.);
#719=ORIENTED_EDGE('',*,*,#570,.T.);
#720=ORIENTED_EDGE('',*,*,#571,.T.);
#721=ORIENTED_EDGE('',*,*,#572,.T.);
#722=ORIENTED_EDGE('',*,*,#564,.T.);
#723=ORIENTED_EDGE('',*,*,#570,.F.);
#724=ORIENTED_EDGE('',*,*,#573,.T.);
#725=ORIENTED_EDGE('',*,*,#574,.T.);
#726=ORIENTED_EDGE('',*,*,#575,.T.);
#727=ORIENTED_EDGE('',*,*,#576,.T.);
#728=ORIENTED_EDGE('',*,*,#577,.T.);
#729=ORIENTED_EDGE('',*,*,#574,.F.);
#730=ORIENTED_EDGE('',*,*,#578,.T.);
#731=ORIENTED_EDGE('',*,*,#576,.F.);
#732=ORIENTED_EDGE('',*,*,#561,.T.);
#733=ORIENTED_EDGE('',*,*,#572,.F.);
#734=ORIENTED_EDGE('',*,*,#579,.T.);
#735=ORIENTED_EDGE('',*,*,#558,.F.);
#736=ORIENTED_EDGE('',*,*,#580,.T.);
#737=ORIENTED_EDGE('',*,*,#573,.F.);
#738=ORIENTED_EDGE('',*,*,#563,.T.);
#739=ORIENTED_EDGE('',*,*,#571,.F.);
#740=ORIENTED_EDGE('',*,*,#575,.F.);
#741=ORIENTED_EDGE('',*,*,#577,.F.);
#742=ORIENTED_EDGE('',*,*,#579,.F.);
#743=ORIENTED_EDGE('',*,*,#581,.T.);
#744=ORIENTED_EDGE('',*,*,#582,.T.);
#745=ORIENTED_EDGE('',*,*,#583,.T.);
#746=ORIENTED_EDGE('',*,*,#584,.T.);
#747=ORIENTED_EDGE('',*,*,#585,.T.);
#748=ORIENTED_EDGE('',*,*,#581,.F.);
#749=ORIENTED_EDGE('',*,*,#586,.T.);
#750=ORIENTED_EDGE('',*,*,#565,.F.);
#751=ORIENTED_EDGE('',*,*,#586,.F.);
#752=ORIENTED_EDGE('',*,*,#582,.F.);
#753=ORIENTED_EDGE('',*,*,#587,.T.);
#754=ORIENTED_EDGE('',*,*,#566,.F.);
#755=ORIENTED_EDGE('',*,*,#587,.F.);
#756=ORIENTED_EDGE('',*,*,#583,.F.);
#757=ORIENTED_EDGE('',*,*,#588,.T.);
#758=ORIENTED_EDGE('',*,*,#589,.F.);
#759=ORIENTED_EDGE('',*,*,#588,.F.);
#760=ORIENTED_EDGE('',*,*,#589,.T.);
#761=ORIENTED_EDGE('',*,*,#590,.T.);
#762=ORIENTED_EDGE('',*,*,#567,.F.);
#763=ORIENTED_EDGE('',*,*,#590,.F.);
#764=ORIENTED_EDGE('',*,*,#584,.F.);
#765=ORIENTED_EDGE('',*,*,#591,.T.);
#766=ORIENTED_EDGE('',*,*,#592,.F.);
#767=ORIENTED_EDGE('',*,*,#591,.F.);
#768=ORIENTED_EDGE('',*,*,#592,.T.);
#769=ORIENTED_EDGE('',*,*,#593,.T.);
#770=ORIENTED_EDGE('',*,*,#568,.F.);
#771=ORIENTED_EDGE('',*,*,#593,.F.);
#772=ORIENTED_EDGE('',*,*,#585,.F.);
#773=ORIENTED_EDGE('',*,*,#594,.T.);
#774=ORIENTED_EDGE('',*,*,#569,.F.);
#775=ORIENTED_EDGE('',*,*,#594,.F.);
#776=ORIENTED_EDGE('',*,*,#557,.F.);
#777=ORIENTED_EDGE('',*,*,#562,.F.);
#778=ORIENTED_EDGE('',*,*,#578,.F.);
#779=ORIENTED_EDGE('',*,*,#580,.F.);
#780=ORIENTED_EDGE('',*,*,#595,.T.);
#781=ORIENTED_EDGE('',*,*,#596,.T.);
#782=ORIENTED_EDGE('',*,*,#597,.T.);
#783=ORIENTED_EDGE('',*,*,#598,.T.);
#784=ORIENTED_EDGE('',*,*,#597,.F.);
#785=ORIENTED_EDGE('',*,*,#595,.F.);
#786=ORIENTED_EDGE('',*,*,#596,.F.);
#787=ORIENTED_EDGE('',*,*,#599,.T.);
#788=ORIENTED_EDGE('',*,*,#600,.F.);
#789=ORIENTED_EDGE('',*,*,#601,.F.);
#790=ORIENTED_EDGE('',*,*,#599,.F.);
#791=ORIENTED_EDGE('',*,*,#602,.F.);
#792=ORIENTED_EDGE('',*,*,#598,.F.);
#793=ORIENTED_EDGE('',*,*,#603,.T.);
#794=ORIENTED_EDGE('',*,*,#604,.T.);
#795=ORIENTED_EDGE('',*,*,#600,.T.);
#796=ORIENTED_EDGE('',*,*,#601,.T.);
#797=ORIENTED_EDGE('',*,*,#604,.F.);
#798=ORIENTED_EDGE('',*,*,#605,.F.);
#799=ORIENTED_EDGE('',*,*,#603,.F.);
#800=ORIENTED_EDGE('',*,*,#602,.T.);
#801=ORIENTED_EDGE('',*,*,#606,.T.);
#802=ORIENTED_EDGE('',*,*,#607,.T.);
#803=ORIENTED_EDGE('',*,*,#608,.T.);
#804=ORIENTED_EDGE('',*,*,#606,.F.);
#805=ORIENTED_EDGE('',*,*,#607,.F.);
#806=ORIENTED_EDGE('',*,*,#608,.F.);
#807=ORIENTED_EDGE('',*,*,#609,.T.);
#808=ORIENTED_EDGE('',*,*,#610,.T.);
#809=ORIENTED_EDGE('',*,*,#609,.F.);
#810=ORIENTED_EDGE('',*,*,#611,.T.);
#811=ORIENTED_EDGE('',*,*,#612,.T.);
#812=ORIENTED_EDGE('',*,*,#613,.T.);
#813=ORIENTED_EDGE('',*,*,#614,.T.);
#814=ORIENTED_EDGE('',*,*,#612,.F.);
#815=ORIENTED_EDGE('',*,*,#613,.F.);
#816=ORIENTED_EDGE('',*,*,#614,.F.);
#817=ORIENTED_EDGE('',*,*,#615,.T.);
#818=ORIENTED_EDGE('',*,*,#616,.F.);
#819=ORIENTED_EDGE('',*,*,#617,.F.);
#820=ORIENTED_EDGE('',*,*,#615,.F.);
#821=ORIENTED_EDGE('',*,*,#611,.F.);
#822=ORIENTED_EDGE('',*,*,#610,.F.);
#823=ORIENTED_EDGE('',*,*,#616,.T.);
#824=ORIENTED_EDGE('',*,*,#617,.T.);
#825=ORIENTED_EDGE('',*,*,#618,.T.);
#826=ORIENTED_EDGE('',*,*,#605,.T.);
#827=ORIENTED_EDGE('',*,*,#618,.F.);
#828=ORIENTED_EDGE('',*,*,#619,.T.);
#829=ORIENTED_EDGE('',*,*,#620,.T.);
#830=ORIENTED_EDGE('',*,*,#621,.T.);
#831=ORIENTED_EDGE('',*,*,#620,.F.);
#832=ORIENTED_EDGE('',*,*,#621,.F.);
#833=ORIENTED_EDGE('',*,*,#622,.T.);
#834=ORIENTED_EDGE('',*,*,#623,.F.);
#835=ORIENTED_EDGE('',*,*,#622,.F.);
#836=ORIENTED_EDGE('',*,*,#619,.F.);
#837=ORIENTED_EDGE('',*,*,#623,.T.);
#838=ORIENTED_EDGE('',*,*,#624,.T.);
#839=ORIENTED_EDGE('',*,*,#625,.T.);
#840=ORIENTED_EDGE('',*,*,#626,.T.);
#841=ORIENTED_EDGE('',*,*,#625,.F.);
#842=ORIENTED_EDGE('',*,*,#627,.F.);
#843=ORIENTED_EDGE('',*,*,#628,.F.);
#844=ORIENTED_EDGE('',*,*,#629,.T.);
#845=ORIENTED_EDGE('',*,*,#626,.F.);
#846=ORIENTED_EDGE('',*,*,#629,.F.);
#847=ORIENTED_EDGE('',*,*,#630,.T.);
#848=ORIENTED_EDGE('',*,*,#624,.F.);
#849=ORIENTED_EDGE('',*,*,#631,.T.);
#850=ORIENTED_EDGE('',*,*,#632,.T.);
#851=ORIENTED_EDGE('',*,*,#627,.T.);
#852=ORIENTED_EDGE('',*,*,#628,.T.);
#853=ORIENTED_EDGE('',*,*,#632,.F.);
#854=ORIENTED_EDGE('',*,*,#633,.T.);
#855=ORIENTED_EDGE('',*,*,#631,.F.);
#856=ORIENTED_EDGE('',*,*,#634,.F.);
#857=ORIENTED_EDGE('',*,*,#635,.F.);
#858=ORIENTED_EDGE('',*,*,#636,.F.);
#859=ORIENTED_EDGE('',*,*,#637,.F.);
#860=ORIENTED_EDGE('',*,*,#638,.F.);
#861=ORIENTED_EDGE('',*,*,#639,.T.);
#862=ORIENTED_EDGE('',*,*,#630,.F.);
#863=ORIENTED_EDGE('',*,*,#639,.F.);
#864=ORIENTED_EDGE('',*,*,#640,.F.);
#865=ORIENTED_EDGE('',*,*,#633,.F.);
#866=ORIENTED_EDGE('',*,*,#641,.T.);
#867=ORIENTED_EDGE('',*,*,#642,.F.);
#868=ORIENTED_EDGE('',*,*,#643,.F.);
#869=ORIENTED_EDGE('',*,*,#644,.F.);
#870=ORIENTED_EDGE('',*,*,#645,.F.);
#871=ORIENTED_EDGE('',*,*,#646,.F.);
#872=ORIENTED_EDGE('',*,*,#647,.F.);
#873=ORIENTED_EDGE('',*,*,#641,.F.);
#874=ORIENTED_EDGE('',*,*,#636,.T.);
#875=ORIENTED_EDGE('',*,*,#648,.T.);
#876=ORIENTED_EDGE('',*,*,#644,.T.);
#877=ORIENTED_EDGE('',*,*,#649,.F.);
#878=ORIENTED_EDGE('',*,*,#637,.T.);
#879=ORIENTED_EDGE('',*,*,#649,.T.);
#880=ORIENTED_EDGE('',*,*,#643,.T.);
#881=ORIENTED_EDGE('',*,*,#650,.F.);
#882=ORIENTED_EDGE('',*,*,#635,.T.);
#883=ORIENTED_EDGE('',*,*,#651,.T.);
#884=ORIENTED_EDGE('',*,*,#645,.T.);
#885=ORIENTED_EDGE('',*,*,#648,.F.);
#886=ORIENTED_EDGE('',*,*,#634,.T.);
#887=ORIENTED_EDGE('',*,*,#652,.T.);
#888=ORIENTED_EDGE('',*,*,#646,.T.);
#889=ORIENTED_EDGE('',*,*,#651,.F.);
#890=ORIENTED_EDGE('',*,*,#638,.T.);
#891=ORIENTED_EDGE('',*,*,#650,.T.);
#892=ORIENTED_EDGE('',*,*,#642,.T.);
#893=ORIENTED_EDGE('',*,*,#653,.F.);
#894=ORIENTED_EDGE('',*,*,#640,.T.);
#895=ORIENTED_EDGE('',*,*,#653,.T.);
#896=ORIENTED_EDGE('',*,*,#647,.T.);
#897=ORIENTED_EDGE('',*,*,#652,.F.);
#898=ORIENTED_EDGE('',*,*,#654,.T.);
#899=ORIENTED_EDGE('',*,*,#655,.T.);
#900=ORIENTED_EDGE('',*,*,#656,.T.);
#901=ORIENTED_EDGE('',*,*,#657,.T.);
#902=ORIENTED_EDGE('',*,*,#655,.F.);
#903=ORIENTED_EDGE('',*,*,#656,.F.);
#904=ORIENTED_EDGE('',*,*,#657,.F.);
#905=ORIENTED_EDGE('',*,*,#658,.T.);
#906=ORIENTED_EDGE('',*,*,#659,.F.);
#907=ORIENTED_EDGE('',*,*,#660,.F.);
#908=ORIENTED_EDGE('',*,*,#658,.F.);
#909=ORIENTED_EDGE('',*,*,#654,.F.);
#910=ORIENTED_EDGE('',*,*,#661,.T.);
#911=ORIENTED_EDGE('',*,*,#662,.T.);
#912=ORIENTED_EDGE('',*,*,#663,.T.);
#913=ORIENTED_EDGE('',*,*,#659,.T.);
#914=ORIENTED_EDGE('',*,*,#660,.T.);
#915=ORIENTED_EDGE('',*,*,#663,.F.);
#916=ORIENTED_EDGE('',*,*,#661,.F.);
#917=ORIENTED_EDGE('',*,*,#662,.F.);
#918=ORIENTED_EDGE('',*,*,#664,.T.);
#919=ORIENTED_EDGE('',*,*,#665,.T.);
#920=ORIENTED_EDGE('',*,*,#664,.F.);
#921=ORIENTED_EDGE('',*,*,#666,.F.);
#922=ORIENTED_EDGE('',*,*,#667,.F.);
#923=ORIENTED_EDGE('',*,*,#668,.F.);
#924=ORIENTED_EDGE('',*,*,#669,.T.);
#925=ORIENTED_EDGE('',*,*,#670,.F.);
#926=ORIENTED_EDGE('',*,*,#669,.F.);
#927=ORIENTED_EDGE('',*,*,#671,.F.);
#928=ORIENTED_EDGE('',*,*,#672,.T.);
#929=ORIENTED_EDGE('',*,*,#673,.F.);
#930=ORIENTED_EDGE('',*,*,#672,.F.);
#931=ORIENTED_EDGE('',*,*,#674,.F.);
#932=ORIENTED_EDGE('',*,*,#675,.T.);
#933=ORIENTED_EDGE('',*,*,#676,.F.);
#934=ORIENTED_EDGE('',*,*,#675,.F.);
#935=ORIENTED_EDGE('',*,*,#677,.F.);
#936=ORIENTED_EDGE('',*,*,#678,.T.);
#937=ORIENTED_EDGE('',*,*,#679,.F.);
#938=ORIENTED_EDGE('',*,*,#678,.F.);
#939=ORIENTED_EDGE('',*,*,#680,.F.);
#940=ORIENTED_EDGE('',*,*,#681,.T.);
#941=ORIENTED_EDGE('',*,*,#682,.F.);
#942=ORIENTED_EDGE('',*,*,#681,.F.);
#943=ORIENTED_EDGE('',*,*,#683,.F.);
#944=ORIENTED_EDGE('',*,*,#667,.T.);
#945=ORIENTED_EDGE('',*,*,#666,.T.);
#946=ORIENTED_EDGE('',*,*,#670,.T.);
#947=ORIENTED_EDGE('',*,*,#673,.T.);
#948=ORIENTED_EDGE('',*,*,#676,.T.);
#949=ORIENTED_EDGE('',*,*,#679,.T.);
#950=ORIENTED_EDGE('',*,*,#682,.T.);
#951=ORIENTED_EDGE('',*,*,#684,.F.);
#952=ORIENTED_EDGE('',*,*,#668,.T.);
#953=ORIENTED_EDGE('',*,*,#683,.T.);
#954=ORIENTED_EDGE('',*,*,#680,.T.);
#955=ORIENTED_EDGE('',*,*,#677,.T.);
#956=ORIENTED_EDGE('',*,*,#674,.T.);
#957=ORIENTED_EDGE('',*,*,#671,.T.);
#958=ORIENTED_EDGE('',*,*,#665,.F.);
#959=ORIENTED_EDGE('',*,*,#685,.T.);
#960=ORIENTED_EDGE('',*,*,#684,.T.);
#961=ORIENTED_EDGE('',*,*,#685,.F.);
#962=PLANE('',#1190);
#963=PLANE('',#1194);
#964=PLANE('',#1200);
#965=PLANE('',#1201);
#966=PLANE('',#1207);
#967=PLANE('',#1211);
#968=PLANE('',#1215);
#969=PLANE('',#1230);
#970=PLANE('',#1239);
#971=PLANE('',#1243);
#972=PLANE('',#1257);
#973=PLANE('',#1265);
#974=PLANE('',#1266);
#975=PLANE('',#1274);
#976=PLANE('',#1278);
#977=PLANE('',#1282);
#978=PLANE('',#1283);
#979=PLANE('',#1284);
#980=PLANE('',#1285);
#981=PLANE('',#1286);
#982=PLANE('',#1287);
#983=PLANE('',#1296);
#984=PLANE('',#1303);
#985=PLANE('',#1304);
#986=PLANE('',#1305);
#987=PLANE('',#1306);
#988=PLANE('',#1307);
#989=PLANE('',#1308);
#990=PLANE('',#1309);
#991=PLANE('',#1310);
#992=ADVANCED_FACE('',(#181),#962,.T.);
#993=ADVANCED_FACE('',(#182),#164,.T.);
#994=ADVANCED_FACE('',(#183),#963,.T.);
#995=ADVANCED_FACE('',(#184),#165,.T.);
#996=ADVANCED_FACE('',(#185),#93,.T.);
#997=ADVANCED_FACE('',(#186),#964,.T.);
#998=ADVANCED_FACE('',(#187,#77,#78,#79,#80,#81),#965,.T.);
#999=ADVANCED_FACE('',(#188),#966,.T.);
#1000=ADVANCED_FACE('',(#189),#166,.T.);
#1001=ADVANCED_FACE('',(#190),#967,.T.);
#1002=ADVANCED_FACE('',(#191),#167,.T.);
#1003=ADVANCED_FACE('',(#192),#94,.T.);
#1004=ADVANCED_FACE('',(#193,#82,#83,#84,#85,#86),#968,.T.);
#1005=ADVANCED_FACE('',(#194),#95,.F.);
#1006=ADVANCED_FACE('',(#195),#96,.F.);
#1007=ADVANCED_FACE('',(#196),#168,.F.);
#1008=ADVANCED_FACE('',(#197),#97,.F.);
#1009=ADVANCED_FACE('',(#198),#169,.F.);
#1010=ADVANCED_FACE('',(#199),#98,.F.);
#1011=ADVANCED_FACE('',(#200),#99,.F.);
#1012=ADVANCED_FACE('',(#201),#969,.T.);
#1013=ADVANCED_FACE('',(#202),#170,.F.);
#1014=ADVANCED_FACE('',(#203),#100,.F.);
#1015=ADVANCED_FACE('',(#204,#87),#970,.T.);
#1016=ADVANCED_FACE('',(#205),#171,.F.);
#1017=ADVANCED_FACE('',(#206,#88),#971,.T.);
#1018=ADVANCED_FACE('',(#207),#172,.T.);
#1019=ADVANCED_FACE('',(#208),#101,.T.);
#1020=ADVANCED_FACE('',(#209),#173,.T.);
#1021=ADVANCED_FACE('',(#210),#102,.T.);
#1022=ADVANCED_FACE('',(#211,#89),#972,.T.);
#1023=ADVANCED_FACE('',(#212),#174,.T.);
#1024=ADVANCED_FACE('',(#213),#56,.F.);
#1025=ADVANCED_FACE('',(#214),#103,.T.);
#1026=ADVANCED_FACE('',(#215),#973,.T.);
#1027=ADVANCED_FACE('',(#216),#974,.F.);
#1028=ADVANCED_FACE('',(#217),#175,.F.);
#1029=ADVANCED_FACE('',(#218),#104,.F.);
#1030=ADVANCED_FACE('',(#219,#90),#975,.F.);
#1031=ADVANCED_FACE('',(#220),#176,.F.);
#1032=ADVANCED_FACE('',(#221,#91),#976,.T.);
#1033=ADVANCED_FACE('',(#222),#177,.T.);
#1034=ADVANCED_FACE('',(#223),#178,.T.);
#1035=ADVANCED_FACE('',(#224),#977,.T.);
#1036=ADVANCED_FACE('',(#225),#978,.T.);
#1037=ADVANCED_FACE('',(#226),#979,.T.);
#1038=ADVANCED_FACE('',(#227),#980,.T.);
#1039=ADVANCED_FACE('',(#228),#981,.T.);
#1040=ADVANCED_FACE('',(#229),#982,.T.);
#1041=ADVANCED_FACE('',(#230),#179,.T.);
#1042=ADVANCED_FACE('',(#231),#105,.T.);
#1043=ADVANCED_FACE('',(#232),#983,.T.);
#1044=ADVANCED_FACE('',(#233),#43,.F.);
#1045=ADVANCED_FACE('',(#234),#180,.T.);
#1046=ADVANCED_FACE('',(#235),#984,.F.);
#1047=ADVANCED_FACE('',(#236),#985,.F.);
#1048=ADVANCED_FACE('',(#237),#986,.F.);
#1049=ADVANCED_FACE('',(#238),#987,.F.);
#1050=ADVANCED_FACE('',(#239),#988,.F.);
#1051=ADVANCED_FACE('',(#240),#989,.F.);
#1052=ADVANCED_FACE('',(#241),#990,.T.);
#1053=ADVANCED_FACE('',(#242,#92),#991,.T.);
#1054=ADVANCED_FACE('',(#243),#106,.T.);
#1055=CLOSED_SHELL('',(#992,#993,#994,#995,#996,#997,#998,#999,#1000,#1001,
#1002,#1003,#1004,#1005,#1006,#1007,#1008,#1009,#1010,#1011,#1012));
#1056=CLOSED_SHELL('',(#1013,#1014,#1015,#1016,#1017,#1018,#1019,#1020,
#1021,#1022,#1023));
#1057=CLOSED_SHELL('',(#1024,#1025,#1026,#1027));
#1058=CLOSED_SHELL('',(#1028,#1029,#1030,#1031,#1032,#1033,#1034,#1035,
#1036,#1037,#1038,#1039,#1040));
#1059=CLOSED_SHELL('',(#1041,#1042,#1043,#1044,#1045,#1046,#1047,#1048,
#1049,#1050,#1051,#1052,#1053,#1054));
#1060=DERIVED_UNIT_ELEMENT(#1070,1.);
#1061=DERIVED_UNIT_ELEMENT(#2023,3.);
#1062=DERIVED_UNIT_ELEMENT(#1070,1.);
#1063=DERIVED_UNIT_ELEMENT(#2023,3.);
#1064=DERIVED_UNIT_ELEMENT(#1070,1.);
#1065=DERIVED_UNIT_ELEMENT(#2023,3.);
#1066=DERIVED_UNIT_ELEMENT(#1070,1.);
#1067=DERIVED_UNIT_ELEMENT(#2023,3.);
#1068=DERIVED_UNIT_ELEMENT(#1070,1.);
#1069=DERIVED_UNIT_ELEMENT(#2023,3.);
#1070=(
MASS_UNIT()
NAMED_UNIT(*)
SI_UNIT($,.GRAM.)
);
#1071=DERIVED_UNIT((#1060,#1061));
#1072=DERIVED_UNIT((#1062,#1063));
#1073=DERIVED_UNIT((#1064,#1065));
#1074=DERIVED_UNIT((#1066,#1067));
#1075=DERIVED_UNIT((#1068,#1069));
#1076=MEASURE_REPRESENTATION_ITEM('density measure',
POSITIVE_RATIO_MEASURE(8.47),#1071);
#1077=MEASURE_REPRESENTATION_ITEM('density measure',
POSITIVE_RATIO_MEASURE(8.874),#1072);
#1078=MEASURE_REPRESENTATION_ITEM('density measure',
POSITIVE_RATIO_MEASURE(8.874),#1073);
#1079=MEASURE_REPRESENTATION_ITEM('density measure',
POSITIVE_RATIO_MEASURE(8.47),#1074);
#1080=MEASURE_REPRESENTATION_ITEM('density measure',
POSITIVE_RATIO_MEASURE(7.85),#1075);
#1081=PROPERTY_DEFINITION_REPRESENTATION(#1106,#1091);
#1082=PROPERTY_DEFINITION_REPRESENTATION(#1107,#1092);
#1083=PROPERTY_DEFINITION_REPRESENTATION(#1108,#1093);
#1084=PROPERTY_DEFINITION_REPRESENTATION(#1109,#1094);
#1085=PROPERTY_DEFINITION_REPRESENTATION(#1110,#1095);
#1086=PROPERTY_DEFINITION_REPRESENTATION(#1111,#1096);
#1087=PROPERTY_DEFINITION_REPRESENTATION(#1112,#1097);
#1088=PROPERTY_DEFINITION_REPRESENTATION(#1113,#1098);
#1089=PROPERTY_DEFINITION_REPRESENTATION(#1114,#1099);
#1090=PROPERTY_DEFINITION_REPRESENTATION(#1115,#1100);
#1091=REPRESENTATION('material name',(#1101),#2016);
#1092=REPRESENTATION('density',(#1076),#2016);
#1093=REPRESENTATION('material name',(#1102),#2017);
#1094=REPRESENTATION('density',(#1077),#2017);
#1095=REPRESENTATION('material name',(#1103),#2018);
#1096=REPRESENTATION('density',(#1078),#2018);
#1097=REPRESENTATION('material name',(#1104),#2019);
#1098=REPRESENTATION('density',(#1079),#2019);
#1099=REPRESENTATION('material name',(#1105),#2020);
#1100=REPRESENTATION('density',(#1080),#2020);
#1101=DESCRIPTIVE_REPRESENTATION_ITEM('Brass, Soft Yellow',
'Brass, Soft Yellow');
#1102=DESCRIPTIVE_REPRESENTATION_ITEM('Bronze, Soft Tin',
'Bronze, Soft Tin');
#1103=DESCRIPTIVE_REPRESENTATION_ITEM('Bronze, Soft Tin',
'Bronze, Soft Tin');
#1104=DESCRIPTIVE_REPRESENTATION_ITEM('Brass, Soft Yellow',
'Brass, Soft Yellow');
#1105=DESCRIPTIVE_REPRESENTATION_ITEM('Steel, Mild','Steel, Mild');
#1106=PROPERTY_DEFINITION('material property','material name',#2054);
#1107=PROPERTY_DEFINITION('material property','density of part',#2054);
#1108=PROPERTY_DEFINITION('material property','material name',#2055);
#1109=PROPERTY_DEFINITION('material property','density of part',#2055);
#1110=PROPERTY_DEFINITION('material property','material name',#2056);
#1111=PROPERTY_DEFINITION('material property','density of part',#2056);
#1112=PROPERTY_DEFINITION('material property','material name',#2057);
#1113=PROPERTY_DEFINITION('material property','density of part',#2057);
#1114=PROPERTY_DEFINITION('material property','material name',#2058);
#1115=PROPERTY_DEFINITION('material property','density of part',#2058);
#1116=PRESENTATION_STYLE_ASSIGNMENT((#1120));
#1117=PRESENTATION_STYLE_ASSIGNMENT((#1121));
#1118=PRESENTATION_STYLE_ASSIGNMENT((#1122));
#1119=PRESENTATION_STYLE_ASSIGNMENT((#1123));
#1120=SURFACE_STYLE_USAGE(.BOTH.,#1132);
#1121=SURFACE_STYLE_USAGE(.BOTH.,#1133);
#1122=SURFACE_STYLE_USAGE(.BOTH.,#1134);
#1123=SURFACE_STYLE_USAGE(.BOTH.,#1135);
#1124=SURFACE_STYLE_RENDERING_WITH_PROPERTIES($,#1148,(#1128));
#1125=SURFACE_STYLE_RENDERING_WITH_PROPERTIES($,#1149,(#1129));
#1126=SURFACE_STYLE_RENDERING_WITH_PROPERTIES($,#1150,(#1130));
#1127=SURFACE_STYLE_RENDERING_WITH_PROPERTIES($,#1151,(#1131));
#1128=SURFACE_STYLE_TRANSPARENT(0.);
#1129=SURFACE_STYLE_TRANSPARENT(0.);
#1130=SURFACE_STYLE_TRANSPARENT(0.);
#1131=SURFACE_STYLE_TRANSPARENT(0.);
#1132=SURFACE_SIDE_STYLE('',(#1136,#1124));
#1133=SURFACE_SIDE_STYLE('',(#1137,#1125));
#1134=SURFACE_SIDE_STYLE('',(#1138,#1126));
#1135=SURFACE_SIDE_STYLE('',(#1139,#1127));
#1136=SURFACE_STYLE_FILL_AREA(#1140);
#1137=SURFACE_STYLE_FILL_AREA(#1141);
#1138=SURFACE_STYLE_FILL_AREA(#1142);
#1139=SURFACE_STYLE_FILL_AREA(#1143);
#1140=FILL_AREA_STYLE('',(#1144));
#1141=FILL_AREA_STYLE('',(#1145));
#1142=FILL_AREA_STYLE('',(#1146));
#1143=FILL_AREA_STYLE('',(#1147));
#1144=FILL_AREA_STYLE_COLOUR('',#1148);
#1145=FILL_AREA_STYLE_COLOUR('',#1149);
#1146=FILL_AREA_STYLE_COLOUR('',#1150);
#1147=FILL_AREA_STYLE_COLOUR('',#1151);
#1148=COLOUR_RGB('',0.796078431372549,0.603921568627451,0.231372549019608);
#1149=COLOUR_RGB('',0.411764705882353,0.301960784313725,0.231372549019608);
#1150=COLOUR_RGB('',0.643137254901961,0.52156862745098,0.384313725490196);
#1151=COLOUR_RGB('',0.745098039215686,0.737254901960784,0.729411764705882);
#1152=DATE_TIME_ROLE('creation_date');
#1153=DATE_TIME_ROLE('creation_date');
#1154=DATE_TIME_ROLE('creation_date');
#1155=DATE_TIME_ROLE('creation_date');
#1156=DATE_TIME_ROLE('creation_date');
#1157=DATE_TIME_ROLE('creation_date');
#1158=APPLIED_DATE_AND_TIME_ASSIGNMENT(#1164,#1152,(#2053));
#1159=APPLIED_DATE_AND_TIME_ASSIGNMENT(#1165,#1153,(#2054));
#1160=APPLIED_DATE_AND_TIME_ASSIGNMENT(#1166,#1154,(#2055));
#1161=APPLIED_DATE_AND_TIME_ASSIGNMENT(#1167,#1155,(#2056));
#1162=APPLIED_DATE_AND_TIME_ASSIGNMENT(#1168,#1156,(#2057));
#1163=APPLIED_DATE_AND_TIME_ASSIGNMENT(#1169,#1157,(#2058));
#1164=DATE_AND_TIME(#1170,#1176);
#1165=DATE_AND_TIME(#1171,#1177);
#1166=DATE_AND_TIME(#1172,#1178);
#1167=DATE_AND_TIME(#1173,#1179);
#1168=DATE_AND_TIME(#1174,#1180);
#1169=DATE_AND_TIME(#1175,#1181);
#1170=CALENDAR_DATE(2025,16,9);
#1171=CALENDAR_DATE(2025,16,9);
#1172=CALENDAR_DATE(2025,16,9);
#1173=CALENDAR_DATE(2025,16,9);
#1174=CALENDAR_DATE(2020,21,1);
#1175=CALENDAR_DATE(2020,21,1);
#1176=LOCAL_TIME(0,0,0.,#1182);
#1177=LOCAL_TIME(0,0,0.,#1183);
#1178=LOCAL_TIME(0,0,0.,#1184);
#1179=LOCAL_TIME(0,0,0.,#1185);
#1180=LOCAL_TIME(0,0,0.,#1186);
#1181=LOCAL_TIME(0,0,0.,#1187);
#1182=COORDINATED_UNIVERSAL_TIME_OFFSET(0,0,.BEHIND.);
#1183=COORDINATED_UNIVERSAL_TIME_OFFSET(0,0,.BEHIND.);
#1184=COORDINATED_UNIVERSAL_TIME_OFFSET(0,0,.BEHIND.);
#1185=COORDINATED_UNIVERSAL_TIME_OFFSET(0,0,.BEHIND.);
#1186=COORDINATED_UNIVERSAL_TIME_OFFSET(0,0,.BEHIND.);
#1187=COORDINATED_UNIVERSAL_TIME_OFFSET(0,0,.BEHIND.);
#1188=AXIS2_PLACEMENT_3D('placement',#1656,#1321,#1322);
#1189=AXIS2_PLACEMENT_3D('placement',#1657,#1323,#1324);
#1190=AXIS2_PLACEMENT_3D('',#1658,#1325,#1326);
#1191=AXIS2_PLACEMENT_3D('',#1667,#1331,#1332);
#1192=AXIS2_PLACEMENT_3D('',#1669,#1333,#1334);
#1193=AXIS2_PLACEMENT_3D('',#1672,#1336,#1337);
#1194=AXIS2_PLACEMENT_3D('',#1673,#1338,#1339);
#1195=AXIS2_PLACEMENT_3D('',#1679,#1343,#1344);
#1196=AXIS2_PLACEMENT_3D('',#1680,#1345,#1346);
#1197=AXIS2_PLACEMENT_3D('',#1681,#1347,#1348);
#1198=AXIS2_PLACEMENT_3D('',#1682,#1349,#1350);
#1199=AXIS2_PLACEMENT_3D('',#1686,#1352,#1353);
#1200=AXIS2_PLACEMENT_3D('',#1688,#1355,#1356);
#1201=AXIS2_PLACEMENT_3D('',#1692,#1359,#1360);
#1202=AXIS2_PLACEMENT_3D('',#1694,#1361,#1362);
#1203=AXIS2_PLACEMENT_3D('',#1696,#1363,#1364);
#1204=AXIS2_PLACEMENT_3D('',#1698,#1365,#1366);
#1205=AXIS2_PLACEMENT_3D('',#1700,#1367,#1368);
#1206=AXIS2_PLACEMENT_3D('',#1702,#1369,#1370);
#1207=AXIS2_PLACEMENT_3D('',#1703,#1371,#1372);
#1208=AXIS2_PLACEMENT_3D('',#1709,#1376,#1377);
#1209=AXIS2_PLACEMENT_3D('',#1711,#1378,#1379);
#1210=AXIS2_PLACEMENT_3D('',#1714,#1381,#1382);
#1211=AXIS2_PLACEMENT_3D('',#1715,#1383,#1384);
#1212=AXIS2_PLACEMENT_3D('',#1720,#1388,#1389);
#1213=AXIS2_PLACEMENT_3D('',#1721,#1390,#1391);
#1214=AXIS2_PLACEMENT_3D('',#1722,#1392,#1393);
#1215=AXIS2_PLACEMENT_3D('',#1724,#1395,#1396);
#1216=AXIS2_PLACEMENT_3D('',#1726,#1397,#1398);
#1217=AXIS2_PLACEMENT_3D('',#1728,#1399,#1400);
#1218=AXIS2_PLACEMENT_3D('',#1730,#1401,#1402);
#1219=AXIS2_PLACEMENT_3D('',#1732,#1403,#1404);
#1220=AXIS2_PLACEMENT_3D('',#1734,#1405,#1406);
#1221=AXIS2_PLACEMENT_3D('',#1735,#1407,#1408);
#1222=AXIS2_PLACEMENT_3D('',#1737,#1410,#1411);
#1223=AXIS2_PLACEMENT_3D('',#1739,#1413,#1414);
#1224=AXIS2_PLACEMENT_3D('',#1742,#1416,#1417);
#1225=AXIS2_PLACEMENT_3D('',#1743,#1418,#1419);
#1226=AXIS2_PLACEMENT_3D('',#1745,#1421,#1422);
#1227=AXIS2_PLACEMENT_3D('',#1748,#1424,#1425);
#1228=AXIS2_PLACEMENT_3D('',#1749,#1426,#1427);
#1229=AXIS2_PLACEMENT_3D('',#1751,#1429,#1430);
#1230=AXIS2_PLACEMENT_3D('',#1753,#1432,#1433);
#1231=AXIS2_PLACEMENT_3D('placement',#1754,#1434,#1435);
#1232=AXIS2_PLACEMENT_3D('',#1755,#1436,#1437);
#1233=AXIS2_PLACEMENT_3D('',#1758,#1438,#1439);
#1234=AXIS2_PLACEMENT_3D('',#1759,#1440,#1441);
#1235=AXIS2_PLACEMENT_3D('',#1762,#1443,#1444);
#1236=AXIS2_PLACEMENT_3D('',#1763,#1445,#1446);
#1237=AXIS2_PLACEMENT_3D('',#1767,#1448,#1449);
#1238=AXIS2_PLACEMENT_3D('',#1768,#1450,#1451);
#1239=AXIS2_PLACEMENT_3D('',#1769,#1452,#1453);
#1240=AXIS2_PLACEMENT_3D('',#1771,#1454,#1455);
#1241=AXIS2_PLACEMENT_3D('',#1772,#1456,#1457);
#1242=AXIS2_PLACEMENT_3D('',#1774,#1458,#1459);
#1243=AXIS2_PLACEMENT_3D('',#1776,#1461,#1462);
#1244=AXIS2_PLACEMENT_3D('',#1778,#1463,#1464);
#1245=AXIS2_PLACEMENT_3D('',#1779,#1465,#1466);
#1246=AXIS2_PLACEMENT_3D('',#1783,#1468,#1469);
#1247=AXIS2_PLACEMENT_3D('',#1784,#1470,#1471);
#1248=AXIS2_PLACEMENT_3D('',#1785,#1472,#1473);
#1249=AXIS2_PLACEMENT_3D('',#1788,#1475,#1476);
#1250=AXIS2_PLACEMENT_3D('',#1789,#1477,#1478);
#1251=AXIS2_PLACEMENT_3D('',#1791,#1479,#1480);
#1252=AXIS2_PLACEMENT_3D('',#1795,#1482,#1483);
#1253=AXIS2_PLACEMENT_3D('',#1796,#1484,#1485);
#1254=AXIS2_PLACEMENT_3D('',#1797,#1486,#1487);
#1255=AXIS2_PLACEMENT_3D('',#1801,#1489,#1490);
#1256=AXIS2_PLACEMENT_3D('',#1802,#1491,#1492);
#1257=AXIS2_PLACEMENT_3D('',#1803,#1493,#1494);
#1258=AXIS2_PLACEMENT_3D('',#1804,#1495,#1496);
#1259=AXIS2_PLACEMENT_3D('placement',#1806,#1498,#1499);
#1260=AXIS2_PLACEMENT_3D('',#1835,#1500,#1501);
#1261=AXIS2_PLACEMENT_3D('',#1837,#1502,#1503);
#1262=AXIS2_PLACEMENT_3D('',#1838,#1504,#1505);
#1263=AXIS2_PLACEMENT_3D('',#1839,#1506,#1507);
#1264=AXIS2_PLACEMENT_3D('',#1842,#1509,#1510);
#1265=AXIS2_PLACEMENT_3D('',#1843,#1511,#1512);
#1266=AXIS2_PLACEMENT_3D('',#1844,#1513,#1514);
#1267=AXIS2_PLACEMENT_3D('placement',#1845,#1515,#1516);
#1268=AXIS2_PLACEMENT_3D('',#1846,#1517,#1518);
#1269=AXIS2_PLACEMENT_3D('',#1848,#1519,#1520);
#1270=AXIS2_PLACEMENT_3D('',#1851,#1522,#1523);
#1271=AXIS2_PLACEMENT_3D('',#1852,#1524,#1525);
#1272=AXIS2_PLACEMENT_3D('',#1855,#1526,#1527);
#1273=AXIS2_PLACEMENT_3D('',#1856,#1528,#1529);
#1274=AXIS2_PLACEMENT_3D('',#1858,#1531,#1532);
#1275=AXIS2_PLACEMENT_3D('',#1860,#1533,#1534);
#1276=AXIS2_PLACEMENT_3D('',#1861,#1535,#1536);
#1277=AXIS2_PLACEMENT_3D('',#1863,#1537,#1538);
#1278=AXIS2_PLACEMENT_3D('',#1865,#1540,#1541);
#1279=AXIS2_PLACEMENT_3D('',#1867,#1542,#1543);
#1280=AXIS2_PLACEMENT_3D('',#1868,#1544,#1545);
#1281=AXIS2_PLACEMENT_3D('',#1894,#1547,#1548);
#1282=AXIS2_PLACEMENT_3D('',#1920,#1550,#1551);
#1283=AXIS2_PLACEMENT_3D('',#1923,#1554,#1555);
#1284=AXIS2_PLACEMENT_3D('',#1925,#1557,#1558);
#1285=AXIS2_PLACEMENT_3D('',#1927,#1560,#1561);
#1286=AXIS2_PLACEMENT_3D('',#1929,#1563,#1564);
#1287=AXIS2_PLACEMENT_3D('',#1931,#1566,#1567);
#1288=AXIS2_PLACEMENT_3D('placement',#1932,#1568,#1569);
#1289=AXIS2_PLACEMENT_3D('',#1933,#1570,#1571);
#1290=AXIS2_PLACEMENT_3D('',#1935,#1572,#1573);
#1291=AXIS2_PLACEMENT_3D('',#1939,#1575,#1576);
#1292=AXIS2_PLACEMENT_3D('',#1940,#1577,#1578);
#1293=AXIS2_PLACEMENT_3D('',#1941,#1579,#1580);
#1294=AXIS2_PLACEMENT_3D('',#1945,#1582,#1583);
#1295=AXIS2_PLACEMENT_3D('',#1946,#1584,#1585);
#1296=AXIS2_PLACEMENT_3D('',#1947,#1586,#1587);
#1297=AXIS2_PLACEMENT_3D('',#1948,#1588,#1589);
#1298=AXIS2_PLACEMENT_3D('',#1951,#1590,#1591);
#1299=AXIS2_PLACEMENT_3D('',#1952,#1592,#1593);
#1300=AXIS2_PLACEMENT_3D('',#1953,#1594,#1595);
#1301=AXIS2_PLACEMENT_3D('',#1954,#1596,#1597);
#1302=AXIS2_PLACEMENT_3D('',#1957,#1599,#1600);
#1303=AXIS2_PLACEMENT_3D('',#1958,#1601,#1602);
#1304=AXIS2_PLACEMENT_3D('',#1967,#1607,#1608);
#1305=AXIS2_PLACEMENT_3D('',#1973,#1612,#1613);
#1306=AXIS2_PLACEMENT_3D('',#1979,#1617,#1618);
#1307=AXIS2_PLACEMENT_3D('',#1985,#1622,#1623);
#1308=AXIS2_PLACEMENT_3D('',#1991,#1627,#1628);
#1309=AXIS2_PLACEMENT_3D('',#1994,#1631,#1632);
#1310=AXIS2_PLACEMENT_3D('',#1995,#1633,#1634);
#1311=AXIS2_PLACEMENT_3D('',#1997,#1635,#1636);
#1312=AXIS2_PLACEMENT_3D('',#1998,#1637,#1638);
#1313=AXIS2_PLACEMENT_3D('',#2000,#1640,#1641);
#1314=AXIS2_PLACEMENT_3D('',#2001,#1642,#1643);
#1315=AXIS2_PLACEMENT_3D('',#2002,#1644,#1645);
#1316=AXIS2_PLACEMENT_3D('',#2003,#1646,#1647);
#1317=AXIS2_PLACEMENT_3D('',#2004,#1648,#1649);
#1318=AXIS2_PLACEMENT_3D('',#2005,#1650,#1651);
#1319=AXIS2_PLACEMENT_3D('',#2006,#1652,#1653);
#1320=AXIS2_PLACEMENT_3D('',#2007,#1654,#1655);
#1321=DIRECTION('axis',(0.,0.,1.));
#1322=DIRECTION('refdir',(1.,0.,0.));
#1323=DIRECTION('axis',(0.,0.,1.));
#1324=DIRECTION('refdir',(1.,0.,0.));
#1325=DIRECTION('center_axis',(0.,-0.707106781186548,0.707106781186547));
#1326=DIRECTION('ref_axis',(1.,0.,0.));
#1327=DIRECTION('',(0.,-0.707106781186547,-0.707106781186548));
#1328=DIRECTION('',(1.,0.,0.));
#1329=DIRECTION('',(0.,0.707106781186547,0.707106781186548));
#1330=DIRECTION('',(-1.,0.,0.));
#1331=DIRECTION('center_axis',(0.,1.,0.));
#1332=DIRECTION('ref_axis',(-0.707106781186548,0.,0.707106781186548));
#1333=DIRECTION('center_axis',(0.,-1.,0.));
#1334=DIRECTION('ref_axis',(-0.707106781186547,0.,0.707106781186547));
#1335=DIRECTION('',(0.,-0.707106781186544,0.707106781186551));
#1336=DIRECTION('center_axis',(0.,1.,0.));
#1337=DIRECTION('ref_axis',(-0.707106781186548,0.,0.707106781186548));
#1338=DIRECTION('center_axis',(8.37382644631346E-17,-0.707106781186548,
-0.707106781186547));
#1339=DIRECTION('ref_axis',(-1.,0.,-1.1842378929335E-16));
#1340=DIRECTION('',(0.,-0.707106781186547,0.707106781186548));
#1341=DIRECTION('',(-1.,0.,-1.1842378929335E-16));
#1342=DIRECTION('',(1.,0.,1.1842378929335E-16));
#1343=DIRECTION('center_axis',(0.,1.,0.));
#1344=DIRECTION('ref_axis',(0.707106781186548,0.,0.707106781186548));
#1345=DIRECTION('center_axis',(0.,-1.,0.));
#1346=DIRECTION('ref_axis',(0.707106781186547,0.,0.707106781186547));
#1347=DIRECTION('center_axis',(0.,1.,0.));
#1348=DIRECTION('ref_axis',(0.707106781186548,0.,0.707106781186548));
#1349=DIRECTION('center_axis',(0.,1.,0.));
#1350=DIRECTION('ref_axis',(-0.707106781186547,0.,0.707106781186547));
#1351=DIRECTION('',(0.,1.,0.));
#1352=DIRECTION('center_axis',(0.,1.,0.));
#1353=DIRECTION('ref_axis',(-0.707106781186547,0.,0.707106781186547));
#1354=DIRECTION('',(0.,-1.,0.));
#1355=DIRECTION('center_axis',(0.,0.,1.));
#1356=DIRECTION('ref_axis',(1.,0.,0.));
#1357=DIRECTION('',(0.,-1.,0.));
#1358=DIRECTION('',(1.,0.,0.));
#1359=DIRECTION('center_axis',(0.,-1.,0.));
#1360=DIRECTION('ref_axis',(0.,0.,-1.));
#1361=DIRECTION('center_axis',(0.,1.,0.));
#1362=DIRECTION('ref_axis',(1.,0.,0.));
#1363=DIRECTION('center_axis',(0.,1.,0.));
#1364=DIRECTION('ref_axis',(1.,0.,0.));
#1365=DIRECTION('center_axis',(0.,1.,0.));
#1366=DIRECTION('ref_axis',(1.,0.,0.));
#1367=DIRECTION('center_axis',(0.,1.,0.));
#1368=DIRECTION('ref_axis',(1.,0.,0.));
#1369=DIRECTION('center_axis',(0.,1.,0.));
#1370=DIRECTION('ref_axis',(1.,0.,0.));
#1371=DIRECTION('center_axis',(0.,0.707106781186548,0.707106781186547));
#1372=DIRECTION('ref_axis',(1.,0.,0.));
#1373=DIRECTION('',(0.,0.707106781186547,-0.707106781186548));
#1374=DIRECTION('',(-1.,0.,0.));
#1375=DIRECTION('',(0.,-0.707106781186547,0.707106781186548));
#1376=DIRECTION('center_axis',(0.,-1.,0.));
#1377=DIRECTION('ref_axis',(0.707106781186548,0.,0.707106781186548));
#1378=DIRECTION('center_axis',(0.,1.,0.));
#1379=DIRECTION('ref_axis',(0.707106781186547,0.,0.707106781186547));
#1380=DIRECTION('',(0.,0.70710678118656,0.707106781186535));
#1381=DIRECTION('center_axis',(0.,-1.,0.));
#1382=DIRECTION('ref_axis',(0.707106781186548,0.,0.707106781186548));
#1383=DIRECTION('center_axis',(8.37382644631346E-17,0.707106781186548,-0.707106781186547));
#1384=DIRECTION('ref_axis',(-1.,0.,-1.1842378929335E-16));
#1385=DIRECTION('',(0.,0.707106781186547,0.707106781186548));
#1386=DIRECTION('',(1.,0.,1.1842378929335E-16));
#1387=DIRECTION('',(-1.,0.,-1.1842378929335E-16));
#1388=DIRECTION('center_axis',(0.,-1.,0.));
#1389=DIRECTION('ref_axis',(-0.707106781186548,0.,0.707106781186548));
#1390=DIRECTION('center_axis',(0.,-1.,0.));
#1391=DIRECTION('ref_axis',(-0.707106781186548,0.,0.707106781186548));
#1392=DIRECTION('center_axis',(0.,1.,0.));
#1393=DIRECTION('ref_axis',(0.707106781186547,0.,0.707106781186547));
#1394=DIRECTION('',(0.,1.,0.));
#1395=DIRECTION('center_axis',(0.,1.,0.));
#1396=DIRECTION('ref_axis',(0.,0.,1.));
#1397=DIRECTION('center_axis',(0.,-1.,0.));
#1398=DIRECTION('ref_axis',(1.,0.,0.));
#1399=DIRECTION('center_axis',(0.,-1.,0.));
#1400=DIRECTION('ref_axis',(1.,0.,0.));
#1401=DIRECTION('center_axis',(0.,-1.,0.));
#1402=DIRECTION('ref_axis',(1.,0.,0.));
#1403=DIRECTION('center_axis',(0.,-1.,0.));
#1404=DIRECTION('ref_axis',(1.,0.,0.));
#1405=DIRECTION('center_axis',(0.,-1.,0.));
#1406=DIRECTION('ref_axis',(1.,0.,0.));
#1407=DIRECTION('center_axis',(0.,1.,0.));
#1408=DIRECTION('ref_axis',(1.,0.,0.));
#1409=DIRECTION('',(0.,-1.,0.));
#1410=DIRECTION('center_axis',(0.,1.,0.));
#1411=DIRECTION('ref_axis',(1.,0.,0.));
#1412=DIRECTION('',(0.,-1.,0.));
#1413=DIRECTION('center_axis',(0.,1.,0.));
#1414=DIRECTION('ref_axis',(1.,0.,0.));
#1415=DIRECTION('',(0.707106781186547,-0.707106781186548,-8.65956056235493E-17));
#1416=DIRECTION('center_axis',(0.,1.,0.));
#1417=DIRECTION('ref_axis',(1.,0.,0.));
#1418=DIRECTION('center_axis',(0.,1.,0.));
#1419=DIRECTION('ref_axis',(1.,0.,0.));
#1420=DIRECTION('',(0.,-1.,0.));
#1421=DIRECTION('center_axis',(0.,1.,0.));
#1422=DIRECTION('ref_axis',(1.,0.,0.));
#1423=DIRECTION('',(0.707106781186547,-0.707106781186548,-8.65956056235493E-17));
#1424=DIRECTION('center_axis',(0.,1.,0.));
#1425=DIRECTION('ref_axis',(1.,0.,0.));
#1426=DIRECTION('center_axis',(0.,1.,0.));
#1427=DIRECTION('ref_axis',(1.,0.,0.));
#1428=DIRECTION('',(0.,-1.,0.));
#1429=DIRECTION('center_axis',(0.,-1.,0.));
#1430=DIRECTION('ref_axis',(1.,0.,0.));
#1431=DIRECTION('',(0.,-1.,0.));
#1432=DIRECTION('center_axis',(1.1842378929335E-16,0.,-1.));
#1433=DIRECTION('ref_axis',(-1.,0.,-1.1842378929335E-16));
#1434=DIRECTION('axis',(0.,0.,1.));
#1435=DIRECTION('refdir',(1.,0.,0.));
#1436=DIRECTION('center_axis',(1.22464679914735E-16,-1.,0.));
#1437=DIRECTION('ref_axis',(-1.,-6.50593612047032E-17,0.));
#1438=DIRECTION('center_axis',(-1.22464679914735E-16,1.,0.));
#1439=DIRECTION('ref_axis',(-1.,0.,0.));
#1440=DIRECTION('center_axis',(-1.22464679914735E-16,1.,0.));
#1441=DIRECTION('ref_axis',(-1.,0.,0.));
#1442=DIRECTION('',(0.707106781186552,-0.707106781186543,-8.65956056235498E-17));
#1443=DIRECTION('center_axis',(1.22464679914735E-16,-1.,0.));
#1444=DIRECTION('ref_axis',(-1.,-1.22464679914735E-16,0.));
#1445=DIRECTION('center_axis',(1.22464679914735E-16,-1.,0.));
#1446=DIRECTION('ref_axis',(1.,0.,0.));
#1447=DIRECTION('',(-1.22464679914735E-16,1.,0.));
#1448=DIRECTION('center_axis',(1.22464679914735E-16,-1.,0.));
#1449=DIRECTION('ref_axis',(-1.,0.,0.));
#1450=DIRECTION('center_axis',(1.22464679914735E-16,-1.,0.));
#1451=DIRECTION('ref_axis',(-1.,0.,0.));
#1452=DIRECTION('center_axis',(1.22464679914735E-16,-1.,0.));
#1453=DIRECTION('ref_axis',(0.,0.,-1.));
#1454=DIRECTION('center_axis',(-1.22464679914735E-16,1.,0.));
#1455=DIRECTION('ref_axis',(-1.,-1.22464679914735E-16,0.));
#1456=DIRECTION('center_axis',(-1.22464679914735E-16,1.,0.));
#1457=DIRECTION('ref_axis',(-1.,-6.50593612047031E-17,0.));
#1458=DIRECTION('center_axis',(-1.22464679914735E-16,1.,0.));
#1459=DIRECTION('ref_axis',(-1.,-1.22464679914735E-16,0.));
#1460=DIRECTION('',(-0.707106781186545,-0.70710678118655,8.6595605623549E-17));
#1461=DIRECTION('center_axis',(-1.22464679914735E-16,1.,0.));
#1462=DIRECTION('ref_axis',(0.,0.,1.));
#1463=DIRECTION('center_axis',(1.22464679914735E-16,-1.,0.));
#1464=DIRECTION('ref_axis',(-1.,-1.22464679914735E-16,0.));
#1465=DIRECTION('center_axis',(-1.22464679914735E-16,1.,0.));
#1466=DIRECTION('ref_axis',(-1.,-5.65221599606471E-17,0.));
#1467=DIRECTION('',(0.707106781186546,0.707106781186549,8.65956056235492E-17));
#1468=DIRECTION('center_axis',(1.22464679914735E-16,-1.,0.));
#1469=DIRECTION('ref_axis',(-1.,0.,0.));
#1470=DIRECTION('center_axis',(1.22464679914735E-16,-1.,0.));
#1471=DIRECTION('ref_axis',(-1.,0.,0.));
#1472=DIRECTION('center_axis',(1.22464679914735E-16,-1.,0.));
#1473=DIRECTION('ref_axis',(1.,0.,0.));
#1474=DIRECTION('',(-1.22464679914735E-16,1.,0.));
#1475=DIRECTION('center_axis',(1.22464679914735E-16,-1.,0.));
#1476=DIRECTION('ref_axis',(1.,1.22464679914735E-16,0.));
#1477=DIRECTION('center_axis',(-1.22464679914735E-16,1.,0.));
#1478=DIRECTION('ref_axis',(-1.,-5.91208799588377E-17,0.));
#1479=DIRECTION('center_axis',(-1.22464679914735E-16,1.,0.));
#1480=DIRECTION('ref_axis',(-1.,-1.22464679914735E-16,0.));
#1481=DIRECTION('',(0.70710678118655,0.707106781186545,8.65956056235497E-17));
#1482=DIRECTION('center_axis',(1.22464679914735E-16,-1.,0.));
#1483=DIRECTION('ref_axis',(-1.,0.,0.));
#1484=DIRECTION('center_axis',(1.22464679914735E-16,-1.,0.));
#1485=DIRECTION('ref_axis',(-1.,0.,0.));
#1486=DIRECTION('center_axis',(1.22464679914735E-16,-1.,0.));
#1487=DIRECTION('ref_axis',(1.,0.,0.));
#1488=DIRECTION('',(-1.22464679914735E-16,1.,0.));
#1489=DIRECTION('center_axis',(-1.22464679914735E-16,1.,0.));
#1490=DIRECTION('ref_axis',(-1.,0.,0.));
#1491=DIRECTION('center_axis',(-1.22464679914735E-16,1.,0.));
#1492=DIRECTION('ref_axis',(-1.,0.,0.));
#1493=DIRECTION('center_axis',(1.22464679914735E-16,-1.,0.));
#1494=DIRECTION('ref_axis',(0.,0.,-1.));
#1495=DIRECTION('center_axis',(1.22464679914735E-16,-1.,0.));
#1496=DIRECTION('ref_axis',(-1.,-5.91208799588377E-17,0.));
#1497=DIRECTION('',(-0.707106781186549,0.707106781186547,-8.65956056235494E-17));
#1498=DIRECTION('axis',(0.,0.,1.));
#1499=DIRECTION('refdir',(1.,0.,0.));
#1500=DIRECTION('center_axis',(0.,0.,-1.));
#1501=DIRECTION('ref_axis',(-1.,1.22464679914735E-16,0.));
#1502=DIRECTION('center_axis',(1.22464679914735E-16,-1.,0.));
#1503=DIRECTION('ref_axis',(-1.,-1.22464679914735E-16,0.));
#1504=DIRECTION('center_axis',(0.,0.,1.));
#1505=DIRECTION('ref_axis',(-1.,1.22464679914735E-16,0.));
#1506=DIRECTION('center_axis',(0.,0.,1.));
#1507=DIRECTION('ref_axis',(1.,0.,0.));
#1508=DIRECTION('',(0.,0.,-1.));
#1509=DIRECTION('center_axis',(0.,0.,-1.));
#1510=DIRECTION('ref_axis',(1.,0.,0.));
#1511=DIRECTION('center_axis',(0.,0.,1.));
#1512=DIRECTION('ref_axis',(1.,0.,0.));
#1513=DIRECTION('center_axis',(0.,0.,1.));
#1514=DIRECTION('ref_axis',(1.,0.,0.));
#1515=DIRECTION('axis',(0.,0.,1.));
#1516=DIRECTION('refdir',(1.,0.,0.));
#1517=DIRECTION('center_axis',(-1.,0.,0.));
#1518=DIRECTION('ref_axis',(0.,0.,-1.));
#1519=DIRECTION('center_axis',(-1.,0.,0.));
#1520=DIRECTION('ref_axis',(0.,0.,-1.));
#1521=DIRECTION('',(0.5,-1.06057523872491E-16,-0.866025403784439));
#1522=DIRECTION('center_axis',(1.,0.,0.));
#1523=DIRECTION('ref_axis',(0.,0.,-1.));
#1524=DIRECTION('center_axis',(1.,0.,0.));
#1525=DIRECTION('ref_axis',(0.,0.,-1.));
#1526=DIRECTION('center_axis',(-1.,0.,0.));
#1527=DIRECTION('ref_axis',(0.,0.,1.));
#1528=DIRECTION('center_axis',(-1.,0.,0.));
#1529=DIRECTION('ref_axis',(0.,0.,1.));
#1530=DIRECTION('',(-1.,0.,0.));
#1531=DIRECTION('center_axis',(1.,0.,0.));
#1532=DIRECTION('ref_axis',(0.,0.,-1.));
#1533=DIRECTION('center_axis',(-1.,0.,0.));
#1534=DIRECTION('ref_axis',(0.,1.,0.));
#1535=DIRECTION('center_axis',(1.,0.,0.));
#1536=DIRECTION('ref_axis',(0.,0.,1.));
#1537=DIRECTION('center_axis',(1.,0.,0.));
#1538=DIRECTION('ref_axis',(0.,0.,1.));
#1539=DIRECTION('',(-0.5,-1.06057523872491E-16,0.866025403784439));
#1540=DIRECTION('center_axis',(1.,0.,0.));
#1541=DIRECTION('ref_axis',(0.,0.,-1.));
#1542=DIRECTION('center_axis',(1.,0.,0.));
#1543=DIRECTION('ref_axis',(0.,1.,0.));
#1544=DIRECTION('center_axis',(1.,0.,0.));
#1545=DIRECTION('ref_axis',(0.,1.,0.));
#1546=DIRECTION('',(-0.5,0.866025403784439,-1.06057523872491E-16));
#1547=DIRECTION('center_axis',(-1.,0.,0.));
#1548=DIRECTION('ref_axis',(0.,1.,0.));
#1549=DIRECTION('',(-0.5,-0.866025403784439,1.06057523872491E-16));
#1550=DIRECTION('center_axis',(0.,0.866025403784439,-0.499999999999999));
#1551=DIRECTION('ref_axis',(0.,0.499999999999999,0.866025403784439));
#1552=DIRECTION('',(1.,0.,0.));
#1553=DIRECTION('',(1.,0.,0.));
#1554=DIRECTION('center_axis',(0.,1.74814789671233E-15,-1.));
#1555=DIRECTION('ref_axis',(-1.,0.,0.));
#1556=DIRECTION('',(1.,0.,0.));
#1557=DIRECTION('center_axis',(0.,0.866025403784438,0.5));
#1558=DIRECTION('ref_axis',(1.,0.,0.));
#1559=DIRECTION('',(1.,0.,0.));
#1560=DIRECTION('center_axis',(0.,0.,1.));
#1561=DIRECTION('ref_axis',(1.,0.,0.));
#1562=DIRECTION('',(1.,0.,0.));
#1563=DIRECTION('center_axis',(0.,-0.866025403784438,-0.5));
#1564=DIRECTION('ref_axis',(-1.,0.,0.));
#1565=DIRECTION('',(1.,0.,0.));
#1566=DIRECTION('center_axis',(0.,-0.866025403784439,0.5));
#1567=DIRECTION('ref_axis',(0.,-0.5,-0.866025403784439));
#1568=DIRECTION('axis',(0.,0.,1.));
#1569=DIRECTION('refdir',(1.,0.,0.));
#1570=DIRECTION('center_axis',(0.,0.,1.));
#1571=DIRECTION('ref_axis',(-1.,0.,0.));
#1572=DIRECTION('center_axis',(0.,0.,1.));
#1573=DIRECTION('ref_axis',(-1.,0.,0.));
#1574=DIRECTION('',(0.707106781186547,-8.65956056235493E-17,0.707106781186547));
#1575=DIRECTION('center_axis',(0.,0.,-1.));
#1576=DIRECTION('ref_axis',(-1.,0.,0.));
#1577=DIRECTION('center_axis',(0.,0.,-1.));
#1578=DIRECTION('ref_axis',(-1.,0.,0.));
#1579=DIRECTION('center_axis',(0.,0.,-1.));
#1580=DIRECTION('ref_axis',(1.,0.,0.));
#1581=DIRECTION('',(0.,0.,1.));
#1582=DIRECTION('center_axis',(0.,0.,1.));
#1583=DIRECTION('ref_axis',(-1.,-1.22464679914735E-16,0.));
#1584=DIRECTION('center_axis',(0.,0.,1.));
#1585=DIRECTION('ref_axis',(-1.,-1.22464679914735E-16,0.));
#1586=DIRECTION('center_axis',(0.,0.,-1.));
#1587=DIRECTION('ref_axis',(-1.,0.,0.));
#1588=DIRECTION('center_axis',(0.,0.,-1.));
#1589=DIRECTION('ref_axis',(-1.,0.,0.));
#1590=DIRECTION('center_axis',(0.,0.,-1.));
#1591=DIRECTION('ref_axis',(-1.,0.,0.));
#1592=DIRECTION('center_axis',(0.,0.,-1.));
#1593=DIRECTION('ref_axis',(-1.,0.,0.));
#1594=DIRECTION('center_axis',(-1.22464679914735E-16,-1.,0.));
#1595=DIRECTION('ref_axis',(1.,-1.22464679914735E-16,0.));
#1596=DIRECTION('center_axis',(0.,0.,1.));
#1597=DIRECTION('ref_axis',(1.,0.,0.));
#1598=DIRECTION('',(-0.707106781186548,8.65956056235493E-17,0.707106781186548));
#1599=DIRECTION('center_axis',(0.,0.,-1.));
#1600=DIRECTION('ref_axis',(1.,0.,0.));
#1601=DIRECTION('center_axis',(-0.499999999999999,-0.866025403784439,0.));
#1602=DIRECTION('ref_axis',(0.,0.,-1.));
#1603=DIRECTION('',(0.866025403784439,-0.499999999999999,0.));
#1604=DIRECTION('',(0.,0.,-1.));
#1605=DIRECTION('',(-0.866025403784439,0.499999999999999,0.));
#1606=DIRECTION('',(0.,0.,-1.));
#1607=DIRECTION('center_axis',(0.5,-0.866025403784439,0.));
#1608=DIRECTION('ref_axis',(0.,0.,-1.));
#1609=DIRECTION('',(0.866025403784439,0.5,0.));
#1610=DIRECTION('',(-0.866025403784439,-0.5,0.));
#1611=DIRECTION('',(0.,0.,-1.));
#1612=DIRECTION('center_axis',(1.,0.,0.));
#1613=DIRECTION('ref_axis',(0.,0.,-1.));
#1614=DIRECTION('',(0.,1.,0.));
#1615=DIRECTION('',(0.,-1.,0.));
#1616=DIRECTION('',(0.,0.,-1.));
#1617=DIRECTION('center_axis',(0.499999999999999,0.866025403784439,0.));
#1618=DIRECTION('ref_axis',(0.,0.,1.));
#1619=DIRECTION('',(-0.866025403784439,0.499999999999999,0.));
#1620=DIRECTION('',(0.866025403784439,-0.499999999999999,0.));
#1621=DIRECTION('',(0.,0.,-1.));
#1622=DIRECTION('center_axis',(-0.5,0.866025403784439,0.));
#1623=DIRECTION('ref_axis',(0.,0.,1.));
#1624=DIRECTION('',(-0.866025403784439,-0.5,0.));
#1625=DIRECTION('',(0.866025403784439,0.5,0.));
#1626=DIRECTION('',(0.,0.,-1.));
#1627=DIRECTION('center_axis',(-1.,0.,0.));
#1628=DIRECTION('ref_axis',(0.,0.,1.));
#1629=DIRECTION('',(0.,-1.,0.));
#1630=DIRECTION('',(0.,1.,0.));
#1631=DIRECTION('center_axis',(0.,0.,1.));
#1632=DIRECTION('ref_axis',(1.,0.,0.));
#1633=DIRECTION('center_axis',(0.,0.,1.));
#1634=DIRECTION('ref_axis',(1.,0.,0.));
#1635=DIRECTION('center_axis',(0.,0.,-1.));
#1636=DIRECTION('ref_axis',(1.,0.,0.));
#1637=DIRECTION('center_axis',(0.,0.,-1.));
#1638=DIRECTION('ref_axis',(1.,0.,0.));
#1639=DIRECTION('',(0.,0.,1.));
#1640=DIRECTION('',(0.,0.,1.));
#1641=DIRECTION('',(1.,0.,0.));
#1642=DIRECTION('',(0.566110661591774,5.71495609367054E-17,0.824329253898055));
#1643=DIRECTION('',(0.824329253898055,-3.92476375168881E-17,-0.566110661591774));
#1644=DIRECTION('',(2.62592294956793E-18,-1.,-1.40472515318744E-32));
#1645=DIRECTION('',(0.0243554974767839,6.39556597724448E-20,-0.999703360873944));
#1646=DIRECTION('',(6.12323399573677E-17,-1.,9.24446373305873E-33));
#1647=DIRECTION('',(0.901918580157262,5.52265851140559E-17,-0.4319060948483));
#1648=DIRECTION('',(0.691756628180554,4.23578770245141E-17,0.722130713491866));
#1649=DIRECTION('',(6.12323399573677E-17,-1.,4.64573808574008E-33));
#1650=DIRECTION('',(0.974366507108354,3.21512603820058E-17,-0.224966463779528));
#1651=DIRECTION('',(3.29970910816934E-17,-1.,3.17112469513228E-33));
#1652=DIRECTION('',(0.,1.,0.));
#1653=DIRECTION('',(1.,0.,0.));
#1654=DIRECTION('',(0.,1.,0.));
#1655=DIRECTION('',(1.,0.,0.));
#1656=CARTESIAN_POINT('',(0.,0.,0.));
#1657=CARTESIAN_POINT('',(0.,0.,0.));
#1658=CARTESIAN_POINT('Origin',(-56.2500000000001,-4.75,12.25));
#1659=CARTESIAN_POINT('',(-100.,-4.5,12.5));
#1660=CARTESIAN_POINT('',(-100.,-5.,12.));
#1661=CARTESIAN_POINT('',(-100.,-4.5,12.5));
#1662=CARTESIAN_POINT('',(99.9999999999999,-5.,12.));
#1663=CARTESIAN_POINT('',(-56.2500000000001,-5.,12.));
#1664=CARTESIAN_POINT('',(99.9999999999999,-4.5,12.5));
#1665=CARTESIAN_POINT('',(99.9999999999999,-5.,12.));
#1666=CARTESIAN_POINT('',(-56.2500000000001,-4.5,12.5));
#1667=CARTESIAN_POINT('Origin',(-100.,-4.75,-4.44089209850063E-15));
#1668=CARTESIAN_POINT('',(-100.,-4.5,-12.5));
#1669=CARTESIAN_POINT('Origin',(-100.,-4.5,-4.44089209850063E-15));
#1670=CARTESIAN_POINT('',(-100.,-5.,-12.));
#1671=CARTESIAN_POINT('',(-100.,-4.5,-12.5));
#1672=CARTESIAN_POINT('Origin',(-100.,-5.,-4.44089209850063E-15));
#1673=CARTESIAN_POINT('Origin',(56.2499999999999,-4.75,-12.25));
#1674=CARTESIAN_POINT('',(99.9999999999999,-4.5,-12.5));
#1675=CARTESIAN_POINT('',(99.9999999999999,-5.,-12.));
#1676=CARTESIAN_POINT('',(99.9999999999999,-4.5,-12.5));
#1677=CARTESIAN_POINT('',(56.2499999999999,-5.,-12.));
#1678=CARTESIAN_POINT('',(56.2499999999999,-4.5,-12.5));
#1679=CARTESIAN_POINT('Origin',(99.9999999999999,-4.75,-4.44089209850063E-15));
#1680=CARTESIAN_POINT('Origin',(99.9999999999999,-4.5,-4.44089209850063E-15));
#1681=CARTESIAN_POINT('Origin',(99.9999999999999,-5.,-4.44089209850063E-15));
#1682=CARTESIAN_POINT('Origin',(-100.,0.,-4.44089209850063E-15));
#1683=CARTESIAN_POINT('',(-100.,4.5,12.5));
#1684=CARTESIAN_POINT('',(-100.,0.,12.5));
#1685=CARTESIAN_POINT('',(-100.,4.5,-12.5));
#1686=CARTESIAN_POINT('Origin',(-100.,4.5,-4.44089209850063E-15));
#1687=CARTESIAN_POINT('',(-100.,0.,-12.5));
#1688=CARTESIAN_POINT('Origin',(-112.5,0.,12.5));
#1689=CARTESIAN_POINT('',(99.9999999999999,4.5,12.5));
#1690=CARTESIAN_POINT('',(99.9999999999999,0.,12.5));
#1691=CARTESIAN_POINT('',(-56.2500000000001,4.5,12.5));
#1692=CARTESIAN_POINT('Origin',(-5.32907051820075E-14,-5.,-4.44089209850063E-15));
#1693=CARTESIAN_POINT('',(-101.0605569,-5.,1.29880761289864E-16));
#1694=CARTESIAN_POINT('Origin',(-100.,-5.,0.));
#1695=CARTESIAN_POINT('',(98.9394431,-5.,1.29880761289864E-16));
#1696=CARTESIAN_POINT('Origin',(100.,-5.,0.));
#1697=CARTESIAN_POINT('',(-18.25,-5.,3.9801020972289E-16));
#1698=CARTESIAN_POINT('Origin',(-15.,-5.,0.));
#1699=CARTESIAN_POINT('',(11.75,-5.,3.9801020972289E-16));
#1700=CARTESIAN_POINT('Origin',(15.,-5.,0.));
#1701=CARTESIAN_POINT('',(-3.5,-5.,4.28626379701575E-16));
#1702=CARTESIAN_POINT('Origin',(0.,-5.,0.));
#1703=CARTESIAN_POINT('Origin',(-56.2500000000001,4.75,12.25));
#1704=CARTESIAN_POINT('',(99.9999999999999,5.,12.));
#1705=CARTESIAN_POINT('',(99.9999999999999,4.5,12.5));
#1706=CARTESIAN_POINT('',(-100.,5.,12.));
#1707=CARTESIAN_POINT('',(-56.2500000000001,5.,12.));
#1708=CARTESIAN_POINT('',(-100.,5.,12.));
#1709=CARTESIAN_POINT('Origin',(99.9999999999999,4.75,-4.44089209850063E-15));
#1710=CARTESIAN_POINT('',(99.9999999999999,4.5,-12.5));
#1711=CARTESIAN_POINT('Origin',(99.9999999999999,4.5,-4.44089209850063E-15));
#1712=CARTESIAN_POINT('',(99.9999999999999,5.,-12.));
#1713=CARTESIAN_POINT('',(99.9999999999999,4.5,-12.5));
#1714=CARTESIAN_POINT('Origin',(99.9999999999999,5.,-4.44089209850063E-15));
#1715=CARTESIAN_POINT('Origin',(56.2499999999999,4.75,-12.25));
#1716=CARTESIAN_POINT('',(-100.,5.,-12.));
#1717=CARTESIAN_POINT('',(-100.,4.5,-12.5));
#1718=CARTESIAN_POINT('',(56.2499999999999,5.,-12.));
#1719=CARTESIAN_POINT('',(56.2499999999999,4.5,-12.5));
#1720=CARTESIAN_POINT('Origin',(-100.,4.75,-4.44089209850063E-15));
#1721=CARTESIAN_POINT('Origin',(-100.,5.,-4.44089209850063E-15));
#1722=CARTESIAN_POINT('Origin',(99.9999999999999,0.,-4.44089209850063E-15));
#1723=CARTESIAN_POINT('',(99.9999999999999,0.,-12.5));
#1724=CARTESIAN_POINT('Origin',(-5.32907051820075E-14,5.,-4.44089209850063E-15));
#1725=CARTESIAN_POINT('',(-101.0605569,5.,1.29880761289864E-16));
#1726=CARTESIAN_POINT('Origin',(-100.,5.,0.));
#1727=CARTESIAN_POINT('',(98.9394431,5.,1.29880761289864E-16));
#1728=CARTESIAN_POINT('Origin',(100.,5.,0.));
#1729=CARTESIAN_POINT('',(-21.3,5.,7.71527483462832E-16));
#1730=CARTESIAN_POINT('Origin',(-15.,5.,0.));
#1731=CARTESIAN_POINT('',(8.7,5.,7.71527483462832E-16));
#1732=CARTESIAN_POINT('Origin',(15.,5.,0.));
#1733=CARTESIAN_POINT('',(-3.5,5.,-4.28626379701574E-16));
#1734=CARTESIAN_POINT('Origin',(0.,5.,0.));
#1735=CARTESIAN_POINT('Origin',(-100.,-221.605383872493,0.));
#1736=CARTESIAN_POINT('',(-101.0605569,-221.605383872493,1.29880761289864E-16));
#1737=CARTESIAN_POINT('Origin',(100.,-221.605383872493,0.));
#1738=CARTESIAN_POINT('',(98.9394431,-221.605383872493,1.29880761289864E-16));
#1739=CARTESIAN_POINT('Origin',(-15.,3.475,0.));
#1740=CARTESIAN_POINT('',(-18.25,1.95,3.9801020972289E-16));
#1741=CARTESIAN_POINT('',(-19.775,3.475,5.84768846592861E-16));
#1742=CARTESIAN_POINT('Origin',(-15.,1.95,0.));
#1743=CARTESIAN_POINT('Origin',(-15.,-221.605383872493,0.));
#1744=CARTESIAN_POINT('',(-18.25,-221.605383872493,3.9801020972289E-16));
#1745=CARTESIAN_POINT('Origin',(15.,3.475,0.));
#1746=CARTESIAN_POINT('',(11.75,1.95,3.9801020972289E-16));
#1747=CARTESIAN_POINT('',(10.225,3.475,5.84768846592861E-16));
#1748=CARTESIAN_POINT('Origin',(15.,1.95,0.));
#1749=CARTESIAN_POINT('Origin',(15.,-221.605383872493,0.));
#1750=CARTESIAN_POINT('',(11.75,-221.605383872493,3.9801020972289E-16));
#1751=CARTESIAN_POINT('Origin',(0.,5.,0.));
#1752=CARTESIAN_POINT('',(-3.5,5.,-4.28626379701574E-16));
#1753=CARTESIAN_POINT('Origin',(112.5,0.,-12.5));
#1754=CARTESIAN_POINT('',(0.,0.,0.));
#1755=CARTESIAN_POINT('Origin',(1.82472373072956E-15,-14.9,0.));
#1756=CARTESIAN_POINT('',(1.5,-14.8,-1.83697019872103E-16));
#1757=CARTESIAN_POINT('',(-1.5,-14.8,-1.83697019872103E-16));
#1758=CARTESIAN_POINT('Origin',(1.81247726273808E-15,-14.8,0.));
#1759=CARTESIAN_POINT('Origin',(1.81247726273808E-15,-14.8,0.));
#1760=CARTESIAN_POINT('',(1.70000000000001,-15.,2.08189955855051E-16));
#1761=CARTESIAN_POINT('',(1.6,-14.9,-1.95943487863577E-16));
#1762=CARTESIAN_POINT('Origin',(1.83697019872103E-15,-15.,0.));
#1763=CARTESIAN_POINT('Origin',(9.18485099360515E-16,-7.5,0.));
#1764=CARTESIAN_POINT('',(-1.5,-0.200000000000001,-1.83697019872103E-16));
#1765=CARTESIAN_POINT('',(-1.5,-7.5,-1.83697019872103E-16));
#1766=CARTESIAN_POINT('',(1.5,-0.2,1.83697019872103E-16));
#1767=CARTESIAN_POINT('Origin',(2.44929359829471E-17,-0.2,0.));
#1768=CARTESIAN_POINT('Origin',(2.44929359829471E-17,-0.2,0.));
#1769=CARTESIAN_POINT('Origin',(1.50000000000001,-15.,0.));
#1770=CARTESIAN_POINT('',(3.,-15.,-3.67394039744206E-16));
#1771=CARTESIAN_POINT('Origin',(1.83697019872103E-15,-15.,0.));
#1772=CARTESIAN_POINT('Origin',(1.22464679914736E-17,-0.100000000000001,
0.));
#1773=CARTESIAN_POINT('',(1.7,-6.9386625165289E-16,-2.0818995585505E-16));
#1774=CARTESIAN_POINT('Origin',(1.61778115328528E-31,-9.0205620750794E-16,
0.));
#1775=CARTESIAN_POINT('',(1.6,-0.1,-1.95943487863577E-16));
#1776=CARTESIAN_POINT('Origin',(7.5,0.,0.));
#1777=CARTESIAN_POINT('',(7.,-4.48034481047926E-17,8.57252759403147E-16));
#1778=CARTESIAN_POINT('Origin',(0.,-9.0205620750794E-16,0.));
#1779=CARTESIAN_POINT('Origin',(1.80635402874235E-15,-14.75,0.));
#1780=CARTESIAN_POINT('',(3.5,-14.5,4.28626379701574E-16));
#1781=CARTESIAN_POINT('',(3.25,-14.75,3.9801020972289E-16));
#1782=CARTESIAN_POINT('',(-3.5,-14.5,-4.28626379701574E-16));
#1783=CARTESIAN_POINT('Origin',(1.77573785876366E-15,-14.5,0.));
#1784=CARTESIAN_POINT('Origin',(1.77573785876366E-15,-14.5,0.));
#1785=CARTESIAN_POINT('Origin',(1.22464679914735E-15,-10.,0.));
#1786=CARTESIAN_POINT('',(-3.5,-5.,-4.28626379701574E-16));
#1787=CARTESIAN_POINT('',(-3.5,-10.,-4.28626379701574E-16));
#1788=CARTESIAN_POINT('Origin',(6.12323399573677E-16,-5.,0.));
#1789=CARTESIAN_POINT('Origin',(5.81707229594993E-16,-4.75,0.));
#1790=CARTESIAN_POINT('',(7.,-5.,-8.57252759403147E-16));
#1791=CARTESIAN_POINT('Origin',(6.12323399573676E-16,-5.,0.));
#1792=CARTESIAN_POINT('',(7.5,-4.5,9.18485099360515E-16));
#1793=CARTESIAN_POINT('',(7.25,-4.75,8.87868929381831E-16));
#1794=CARTESIAN_POINT('',(-7.5,-4.5,-9.18485099360515E-16));
#1795=CARTESIAN_POINT('Origin',(5.51091059616309E-16,-4.5,0.));
#1796=CARTESIAN_POINT('Origin',(5.51091059616309E-16,-4.5,0.));
#1797=CARTESIAN_POINT('Origin',(3.06161699786838E-16,-2.5,0.));
#1798=CARTESIAN_POINT('',(-7.5,-0.499999999999999,-9.18485099360515E-16));
#1799=CARTESIAN_POINT('',(-7.5,-2.5,-9.18485099360515E-16));
#1800=CARTESIAN_POINT('',(7.5,-0.5,-9.18485099360515E-16));
#1801=CARTESIAN_POINT('Origin',(6.12323399573675E-17,-0.5,0.));
#1802=CARTESIAN_POINT('Origin',(6.12323399573675E-17,-0.5,0.));
#1803=CARTESIAN_POINT('Origin',(3.5,-5.,0.));
#1804=CARTESIAN_POINT('Origin',(3.06161699786838E-17,-0.250000000000001,
0.));
#1805=CARTESIAN_POINT('',(7.25,-0.25,8.87868929381831E-16));
#1806=CARTESIAN_POINT('',(0.,0.,0.));
#1807=CARTESIAN_POINT('Ctrl Pts',(-1.5,0.,24.));
#1808=CARTESIAN_POINT('Ctrl Pts',(-1.5,-1.5,24.));
#1809=CARTESIAN_POINT('Ctrl Pts',(0.,-1.5,24.));
#1810=CARTESIAN_POINT('Ctrl Pts',(1.5,-1.5,24.));
#1811=CARTESIAN_POINT('Ctrl Pts',(1.5,0.,24.));
#1812=CARTESIAN_POINT('Ctrl Pts',(1.5,1.5,24.));
#1813=CARTESIAN_POINT('Ctrl Pts',(0.,1.5,24.));
#1814=CARTESIAN_POINT('Ctrl Pts',(-1.5,1.5,24.));
#1815=CARTESIAN_POINT('Ctrl Pts',(-1.5,0.,24.));
#1816=CARTESIAN_POINT('Ctrl Pts',(-1.5,0.,25.));
#1817=CARTESIAN_POINT('Ctrl Pts',(-1.5,-1.5,25.));
#1818=CARTESIAN_POINT('Ctrl Pts',(0.,-1.5,25.));
#1819=CARTESIAN_POINT('Ctrl Pts',(1.5,-1.5,25.));
#1820=CARTESIAN_POINT('Ctrl Pts',(1.5,0.,25.));
#1821=CARTESIAN_POINT('Ctrl Pts',(1.5,1.5,25.));
#1822=CARTESIAN_POINT('Ctrl Pts',(0.,1.5,25.));
#1823=CARTESIAN_POINT('Ctrl Pts',(-1.5,1.5,25.));
#1824=CARTESIAN_POINT('Ctrl Pts',(-1.5,0.,25.));
#1825=CARTESIAN_POINT('Ctrl Pts',(-0.5,0.,25.));
#1826=CARTESIAN_POINT('Ctrl Pts',(-0.5,-0.5,25.));
#1827=CARTESIAN_POINT('Ctrl Pts',(0.,-0.5,25.));
#1828=CARTESIAN_POINT('Ctrl Pts',(0.5,-0.5,25.));
#1829=CARTESIAN_POINT('Ctrl Pts',(0.5,0.,25.));
#1830=CARTESIAN_POINT('Ctrl Pts',(0.5,0.5,25.));
#1831=CARTESIAN_POINT('Ctrl Pts',(0.,0.5,25.));
#1832=CARTESIAN_POINT('Ctrl Pts',(-0.5,0.5,25.));
#1833=CARTESIAN_POINT('Ctrl Pts',(-0.5,0.,25.));
#1834=CARTESIAN_POINT('',(-0.5,-6.12323399573677E-17,25.));
#1835=CARTESIAN_POINT('Origin',(0.,0.,25.));
#1836=CARTESIAN_POINT('',(-1.5,-1.83697019872103E-16,24.));
#1837=CARTESIAN_POINT('Origin',(-0.5,-6.12323399573677E-17,24.));
#1838=CARTESIAN_POINT('Origin',(0.,0.,24.));
#1839=CARTESIAN_POINT('Origin',(0.,0.,0.));
#1840=CARTESIAN_POINT('',(-1.5,-1.83697019872103E-16,-25.));
#1841=CARTESIAN_POINT('',(-1.5,-1.83697019872103E-16,0.));
#1842=CARTESIAN_POINT('Origin',(0.,0.,-25.));
#1843=CARTESIAN_POINT('Origin',(0.,0.,25.));
#1844=CARTESIAN_POINT('Origin',(0.,0.,-25.));
#1845=CARTESIAN_POINT('',(0.,0.,0.));
#1846=CARTESIAN_POINT('Origin',(0.078125,0.,0.));
#1847=CARTESIAN_POINT('',(0.,1.8371330016532E-16,1.50013293868264));
#1848=CARTESIAN_POINT('Origin',(0.,0.,0.));
#1849=CARTESIAN_POINT('',(0.15625,-1.50570323955167E-16,1.2295));
#1850=CARTESIAN_POINT('',(0.078125,1.67141812060244E-16,1.36481646934132));
#1851=CARTESIAN_POINT('Origin',(0.15625,0.,0.));
#1852=CARTESIAN_POINT('Origin',(-6.33746721500764,0.,0.));
#1853=CARTESIAN_POINT('',(2.24375,-1.50570323955167E-16,-1.2295));
#1854=CARTESIAN_POINT('',(2.24375,-1.50570323955167E-16,1.2295));
#1855=CARTESIAN_POINT('Origin',(2.24375,0.,0.));
#1856=CARTESIAN_POINT('Origin',(2.24375,0.,0.));
#1857=CARTESIAN_POINT('',(-6.33746721500764,-1.50570323955167E-16,1.2295));
#1858=CARTESIAN_POINT('Origin',(0.,1.38777878078145E-16,-3.46944695195361E-16));
#1859=CARTESIAN_POINT('',(-3.46944695195361E-17,-2.3,2.81668763803891E-16));
#1860=CARTESIAN_POINT('Origin',(0.,0.,0.));
#1861=CARTESIAN_POINT('Origin',(2.321875,0.,0.));
#1862=CARTESIAN_POINT('',(2.4,1.8371330016532E-16,-1.50013293868264));
#1863=CARTESIAN_POINT('Origin',(2.4,0.,0.));
#1864=CARTESIAN_POINT('',(2.321875,1.67141812060244E-16,-1.36481646934132));
#1865=CARTESIAN_POINT('Origin',(2.4,-2.10269512239613E-17,-3.46944695195361E-16));
#1866=CARTESIAN_POINT('',(2.4,-2.3,2.81668763803891E-16));
#1867=CARTESIAN_POINT('Origin',(2.4,0.,0.));
#1868=CARTESIAN_POINT('Origin',(0.252713857098597,0.,0.));
#1869=CARTESIAN_POINT('',(0.505427714197194,1.58771324027147,2.75));
#1870=CARTESIAN_POINT('',(0.505427714197194,-1.58771324027147,2.75));
#1871=CARTESIAN_POINT('Ctrl Pts',(0.505427714197194,1.58771324027147,2.75));
#1872=CARTESIAN_POINT('Ctrl Pts',(0.0470943808638613,0.,2.75));
#1873=CARTESIAN_POINT('Ctrl Pts',(0.505427714197194,-1.58771324027147,2.75));
#1874=CARTESIAN_POINT('',(0.505427714197194,3.17542648054294,0.));
#1875=CARTESIAN_POINT('Ctrl Pts',(0.505427714197194,3.17542648054294,1.93159287458113E-15));
#1876=CARTESIAN_POINT('Ctrl Pts',(0.0470943808638611,2.38156986040721,1.375));
#1877=CARTESIAN_POINT('Ctrl Pts',(0.505427714197194,1.58771324027147,2.75));
#1878=CARTESIAN_POINT('',(0.505427714197194,1.58771324027148,-2.75));
#1879=CARTESIAN_POINT('Ctrl Pts',(0.505427714197194,1.58771324027148,-2.75));
#1880=CARTESIAN_POINT('Ctrl Pts',(0.0470943808638618,2.38156986040721,-1.375));
#1881=CARTESIAN_POINT('Ctrl Pts',(0.505427714197194,3.17542648054294,2.8973893118717E-15));
#1882=CARTESIAN_POINT('',(0.505427714197194,-1.58771324027146,-2.75000000000001));
#1883=CARTESIAN_POINT('Ctrl Pts',(0.505427714197194,-1.58771324027146,-2.75000000000001));
#1884=CARTESIAN_POINT('Ctrl Pts',(0.0470943808638631,4.63688625825361E-15,
-2.75));
#1885=CARTESIAN_POINT('Ctrl Pts',(0.505427714197194,1.58771324027147,-2.75));
#1886=CARTESIAN_POINT('',(0.505427714197194,-3.17542648054294,1.11022302462516E-15));
#1887=CARTESIAN_POINT('Ctrl Pts',(0.505427714197194,-3.17542648054294,1.44869465593585E-15));
#1888=CARTESIAN_POINT('Ctrl Pts',(0.0470943808638597,-2.3815698604072,-1.375));
#1889=CARTESIAN_POINT('Ctrl Pts',(0.505427714197194,-1.58771324027147,-2.75));
#1890=CARTESIAN_POINT('',(0.252713857098597,-2.73771324027147,3.35273175668179E-16));
#1891=CARTESIAN_POINT('Ctrl Pts',(0.505427714197194,-1.58771324027147,2.75));
#1892=CARTESIAN_POINT('Ctrl Pts',(0.0470943808638614,-2.38156986040721,
1.375));
#1893=CARTESIAN_POINT('Ctrl Pts',(0.505427714197194,-3.17542648054294,-1.60966072881761E-16));
#1894=CARTESIAN_POINT('Origin',(2.1472861429014,0.,0.));
#1895=CARTESIAN_POINT('',(1.89457228580281,-3.17542648054294,5.55111512312578E-16));
#1896=CARTESIAN_POINT('',(2.1472861429014,-2.73771324027147,3.35273175668179E-16));
#1897=CARTESIAN_POINT('',(1.89457228580281,-1.58771324027146,-2.75000000000001));
#1898=CARTESIAN_POINT('Ctrl Pts',(1.89457228580281,-1.58771324027147,-2.75));
#1899=CARTESIAN_POINT('Ctrl Pts',(2.35290561913614,-2.3815698604072,-1.375));
#1900=CARTESIAN_POINT('Ctrl Pts',(1.89457228580281,-3.17542648054294,9.65796437290567E-16));
#1901=CARTESIAN_POINT('',(1.89457228580281,1.58771324027148,-2.75));
#1902=CARTESIAN_POINT('Ctrl Pts',(1.89457228580281,1.58771324027147,-2.75));
#1903=CARTESIAN_POINT('Ctrl Pts',(2.35290561913614,4.5553246618503E-15,
-2.75));
#1904=CARTESIAN_POINT('Ctrl Pts',(1.89457228580281,-1.58771324027146,-2.75000000000001));
#1905=CARTESIAN_POINT('',(1.89457228580281,3.17542648054294,0.));
#1906=CARTESIAN_POINT('Ctrl Pts',(1.89457228580281,3.17542648054294,3.05835538475346E-15));
#1907=CARTESIAN_POINT('Ctrl Pts',(2.35290561913614,2.38156986040721,-1.375));
#1908=CARTESIAN_POINT('Ctrl Pts',(1.89457228580281,1.58771324027148,-2.75));
#1909=CARTESIAN_POINT('',(1.89457228580281,1.58771324027147,2.75));
#1910=CARTESIAN_POINT('Ctrl Pts',(1.89457228580281,1.58771324027147,2.75));
#1911=CARTESIAN_POINT('Ctrl Pts',(2.35290561913614,2.38156986040721,1.375));
#1912=CARTESIAN_POINT('Ctrl Pts',(1.89457228580281,3.17542648054294,1.93159287458113E-15));
#1913=CARTESIAN_POINT('',(1.89457228580281,-1.58771324027147,2.75));
#1914=CARTESIAN_POINT('Ctrl Pts',(1.89457228580281,-1.58771324027147,2.75));
#1915=CARTESIAN_POINT('Ctrl Pts',(2.35290561913614,0.,2.75));
#1916=CARTESIAN_POINT('Ctrl Pts',(1.89457228580281,1.58771324027147,2.75));
#1917=CARTESIAN_POINT('Ctrl Pts',(1.89457228580281,-3.17542648054294,3.21932145763522E-16));
#1918=CARTESIAN_POINT('Ctrl Pts',(2.35290561913614,-2.38156986040721,1.375));
#1919=CARTESIAN_POINT('Ctrl Pts',(1.89457228580281,-1.58771324027147,2.75));
#1920=CARTESIAN_POINT('Origin',(0.,3.17542648054294,2.00031939987529E-15));
#1921=CARTESIAN_POINT('',(0.,3.17542648054294,2.00031939987529E-15));
#1922=CARTESIAN_POINT('',(0.,1.58771324027148,-2.75));
#1923=CARTESIAN_POINT('Origin',(0.,1.58771324027148,-2.75));
#1924=CARTESIAN_POINT('',(0.,-1.58771324027147,-2.75000000000001));
#1925=CARTESIAN_POINT('Origin',(0.,1.58771324027147,2.75));
#1926=CARTESIAN_POINT('',(0.,1.58771324027147,2.75));
#1927=CARTESIAN_POINT('Origin',(0.,-1.58771324027147,2.75));
#1928=CARTESIAN_POINT('',(0.,-1.58771324027147,2.75));
#1929=CARTESIAN_POINT('Origin',(0.,-1.58771324027147,-2.75000000000001));
#1930=CARTESIAN_POINT('',(0.,-3.17542648054294,1.29523308153465E-15));
#1931=CARTESIAN_POINT('Origin',(0.,-3.17542648054294,1.29523308153465E-15));
#1932=CARTESIAN_POINT('',(0.,0.,0.));
#1933=CARTESIAN_POINT('Origin',(0.,0.,-19.75));
#1934=CARTESIAN_POINT('',(2.5,3.06161699786838E-16,-20.));
#1935=CARTESIAN_POINT('Origin',(0.,0.,-20.));
#1936=CARTESIAN_POINT('',(3.,-3.67394039744206E-16,-19.5));
#1937=CARTESIAN_POINT('',(2.75,-3.36777869765522E-16,-19.75));
#1938=CARTESIAN_POINT('',(-3.,3.67394039744206E-16,-19.5));
#1939=CARTESIAN_POINT('Origin',(0.,0.,-19.5));
#1940=CARTESIAN_POINT('Origin',(0.,0.,-19.5));
#1941=CARTESIAN_POINT('Origin',(0.,0.,-11.65));
#1942=CARTESIAN_POINT('',(-3.,3.67394039744206E-16,-3.42426406871193));
#1943=CARTESIAN_POINT('',(-3.,3.67394039744206E-16,-11.65));
#1944=CARTESIAN_POINT('',(3.,7.34788079488412E-16,-3.42426406871193));
#1945=CARTESIAN_POINT('Origin',(0.,0.,-3.42426406871193));
#1946=CARTESIAN_POINT('Origin',(0.,0.,-3.42426406871193));
#1947=CARTESIAN_POINT('Origin',(1.5,0.,-20.));
#1948=CARTESIAN_POINT('Origin',(0.,0.,-3.42426406871193));
#1949=CARTESIAN_POINT('',(3.08786796564404,0.,-3.21213203435597));
#1950=CARTESIAN_POINT('',(-3.08786796564404,3.78154762031562E-16,-3.21213203435597));
#1951=CARTESIAN_POINT('Origin',(0.,3.78154762031562E-16,-3.21213203435597));
#1952=CARTESIAN_POINT('Origin',(0.,3.78154762031562E-16,-3.21213203435597));
#1953=CARTESIAN_POINT('Origin',(3.3,-4.04133443718627E-16,-3.42426406871193));
#1954=CARTESIAN_POINT('Origin',(0.,0.,-1.8));
#1955=CARTESIAN_POINT('',(-6.,7.34788079488412E-16,-0.300000000000001));
#1956=CARTESIAN_POINT('',(-4.5,5.51091059616309E-16,-1.8));
#1957=CARTESIAN_POINT('Origin',(0.,0.,-0.3));
#1958=CARTESIAN_POINT('Origin',(-2.,-1.15470053837925,-1.38777878078145E-16));
#1959=CARTESIAN_POINT('',(-2.,-1.15470053837925,-2.5));
#1960=CARTESIAN_POINT('',(8.32667268468867E-16,-2.3094010767585,-2.5));
#1961=CARTESIAN_POINT('',(-2.,-1.15470053837925,-2.5));
#1962=CARTESIAN_POINT('',(-2.,-1.15470053837925,-1.38777878078145E-16));
#1963=CARTESIAN_POINT('',(-2.,-1.15470053837925,-1.38777878078145E-16));
#1964=CARTESIAN_POINT('',(8.32667268468867E-16,-2.3094010767585,-1.38777878078145E-16));
#1965=CARTESIAN_POINT('',(-0.374999999999998,-2.09289472581239,-1.38777878078145E-16));
#1966=CARTESIAN_POINT('',(8.32667268468867E-16,-2.3094010767585,-1.38777878078145E-16));
#1967=CARTESIAN_POINT('Origin',(8.32667268468867E-16,-2.3094010767585,-1.38777878078145E-16));
#1968=CARTESIAN_POINT('',(2.,-1.15470053837925,-2.5));
#1969=CARTESIAN_POINT('',(8.32667268468867E-16,-2.3094010767585,-2.5));
#1970=CARTESIAN_POINT('',(2.,-1.15470053837925,-1.38777878078145E-16));
#1971=CARTESIAN_POINT('',(1.625,-1.37120688932536,-1.38777878078145E-16));
#1972=CARTESIAN_POINT('',(2.,-1.15470053837925,-1.38777878078145E-16));
#1973=CARTESIAN_POINT('Origin',(2.,-1.15470053837925,-1.38777878078145E-16));
#1974=CARTESIAN_POINT('',(2.,1.15470053837925,-2.5));
#1975=CARTESIAN_POINT('',(2.,-1.15470053837925,-2.5));
#1976=CARTESIAN_POINT('',(2.,1.15470053837925,-1.38777878078145E-16));
#1977=CARTESIAN_POINT('',(2.,-0.577350269189626,-1.38777878078145E-16));
#1978=CARTESIAN_POINT('',(2.,1.15470053837925,-1.38777878078145E-16));
#1979=CARTESIAN_POINT('Origin',(2.,1.15470053837925,-1.38777878078145E-16));
#1980=CARTESIAN_POINT('',(-6.93889390390723E-16,2.3094010767585,-2.5));
#1981=CARTESIAN_POINT('',(2.,1.15470053837925,-2.5));
#1982=CARTESIAN_POINT('',(-6.93889390390723E-16,2.3094010767585,-1.38777878078145E-16));
#1983=CARTESIAN_POINT('',(2.625,0.793856620135737,-1.38777878078145E-16));
#1984=CARTESIAN_POINT('',(-6.93889390390723E-16,2.3094010767585,-1.38777878078145E-16));
#1985=CARTESIAN_POINT('Origin',(-6.93889390390723E-16,2.3094010767585,-1.38777878078145E-16));
#1986=CARTESIAN_POINT('',(-2.,1.15470053837925,-2.5));
#1987=CARTESIAN_POINT('',(-6.93889390390723E-16,2.3094010767585,-2.5));
#1988=CARTESIAN_POINT('',(-2.,1.15470053837925,-1.38777878078145E-16));
#1989=CARTESIAN_POINT('',(0.625000000000001,2.67024499500202,-1.38777878078145E-16));
#1990=CARTESIAN_POINT('',(-2.,1.15470053837925,-1.38777878078145E-16));
#1991=CARTESIAN_POINT('Origin',(-2.,1.15470053837925,-1.38777878078145E-16));
#1992=CARTESIAN_POINT('',(-2.,1.15470053837925,-2.5));
#1993=CARTESIAN_POINT('',(-2.,0.577350269189626,-1.38777878078145E-16));
#1994=CARTESIAN_POINT('Origin',(0.,6.93889390390723E-17,-2.5));
#1995=CARTESIAN_POINT('Origin',(3.,0.,-1.38777878078145E-16));
#1996=CARTESIAN_POINT('',(-6.,7.34788079488412E-16,0.));
#1997=CARTESIAN_POINT('Origin',(0.,0.,0.));
#1998=CARTESIAN_POINT('Origin',(0.,0.,-0.150000000000001));
#1999=CARTESIAN_POINT('',(-6.,7.34788079488412E-16,-0.150000000000001));
#2000=CARTESIAN_POINT('',(36.040934211109,43.7346842206252,2.66453525910038E-14));
#2001=CARTESIAN_POINT('',(36.040934211109,53.7346842206252,1.42957653227265E-14));
#2002=CARTESIAN_POINT('',(-63.959065788891,28.7346842206252,2.66453525910038E-14));
#2003=CARTESIAN_POINT('',(136.040934211109,28.7346842206252,2.66453525910038E-14));
#2004=CARTESIAN_POINT('',(136.040934211109,51.1346842206252,7.68767215814286E-14));
#2005=CARTESIAN_POINT('',(-63.959065788891,51.1346842206252,2.66453525910038E-14));
#2006=CARTESIAN_POINT('',(21.040934211109,48.7346842206252,2.66453525910038E-14));
#2007=CARTESIAN_POINT('',(51.040934211109,48.7346842206252,2.66453525910038E-14));
#2008=UNCERTAINTY_MEASURE_WITH_UNIT(LENGTH_MEASURE(0.01),#2022,
'DISTANCE_ACCURACY_VALUE',
'Maximum model space distance between geometric entities at asserted c
onnectivities');
#2009=UNCERTAINTY_MEASURE_WITH_UNIT(LENGTH_MEASURE(0.01),#2022,
'DISTANCE_ACCURACY_VALUE',
'Maximum model space distance between geometric entities at asserted c
onnectivities');
#2010=UNCERTAINTY_MEASURE_WITH_UNIT(LENGTH_MEASURE(0.01),#2022,
'DISTANCE_ACCURACY_VALUE',
'Maximum model space distance between geometric entities at asserted c
onnectivities');
#2011=UNCERTAINTY_MEASURE_WITH_UNIT(LENGTH_MEASURE(0.01),#2022,
'DISTANCE_ACCURACY_VALUE',
'Maximum model space distance between geometric entities at asserted c
onnectivities');
#2012=UNCERTAINTY_MEASURE_WITH_UNIT(LENGTH_MEASURE(0.01),#2022,
'DISTANCE_ACCURACY_VALUE',
'Maximum model space distance between geometric entities at asserted c
onnectivities');
#2013=UNCERTAINTY_MEASURE_WITH_UNIT(LENGTH_MEASURE(0.01),#2022,
'DISTANCE_ACCURACY_VALUE',
'Maximum model space distance between geometric entities at asserted c
onnectivities');
#2014=UNCERTAINTY_MEASURE_WITH_UNIT(LENGTH_MEASURE(0.01),#2022,
'DISTANCE_ACCURACY_VALUE',
'Maximum model space distance between geometric entities at asserted c
onnectivities');
#2015=(
GEOMETRIC_REPRESENTATION_CONTEXT(3)
GLOBAL_UNCERTAINTY_ASSIGNED_CONTEXT((#2008))
GLOBAL_UNIT_ASSIGNED_CONTEXT((#2022,#2024,#2025))
REPRESENTATION_CONTEXT('','3D')
);
#2016=(
GEOMETRIC_REPRESENTATION_CONTEXT(3)
GLOBAL_UNCERTAINTY_ASSIGNED_CONTEXT((#2009))
GLOBAL_UNIT_ASSIGNED_CONTEXT((#2022,#2024,#2025))
REPRESENTATION_CONTEXT('','3D')
);
#2017=(
GEOMETRIC_REPRESENTATION_CONTEXT(3)
GLOBAL_UNCERTAINTY_ASSIGNED_CONTEXT((#2010))
GLOBAL_UNIT_ASSIGNED_CONTEXT((#2022,#2024,#2025))
REPRESENTATION_CONTEXT('','3D')
);
#2018=(
GEOMETRIC_REPRESENTATION_CONTEXT(3)
GLOBAL_UNCERTAINTY_ASSIGNED_CONTEXT((#2011))
GLOBAL_UNIT_ASSIGNED_CONTEXT((#2022,#2024,#2025))
REPRESENTATION_CONTEXT('','3D')
);
#2019=(
GEOMETRIC_REPRESENTATION_CONTEXT(3)
GLOBAL_UNCERTAINTY_ASSIGNED_CONTEXT((#2012))
GLOBAL_UNIT_ASSIGNED_CONTEXT((#2022,#2024,#2025))
REPRESENTATION_CONTEXT('','3D')
);
#2020=(
GEOMETRIC_REPRESENTATION_CONTEXT(3)
GLOBAL_UNCERTAINTY_ASSIGNED_CONTEXT((#2013))
GLOBAL_UNIT_ASSIGNED_CONTEXT((#2022,#2024,#2025))
REPRESENTATION_CONTEXT('','3D')
);
#2021=(
GEOMETRIC_REPRESENTATION_CONTEXT(3)
GLOBAL_UNCERTAINTY_ASSIGNED_CONTEXT((#2014))
GLOBAL_UNIT_ASSIGNED_CONTEXT((#2022,#2024,#2025))
REPRESENTATION_CONTEXT('','3D')
);
#2022=(
LENGTH_UNIT()
NAMED_UNIT(*)
SI_UNIT(.MILLI.,.METRE.)
);
#2023=(
LENGTH_UNIT()
NAMED_UNIT(*)
SI_UNIT(.CENTI.,.METRE.)
);
#2024=(
NAMED_UNIT(*)
PLANE_ANGLE_UNIT()
SI_UNIT($,.RADIAN.)
);
#2025=(
NAMED_UNIT(*)
SI_UNIT($,.STERADIAN.)
SOLID_ANGLE_UNIT()
);
#2026=SHAPE_DEFINITION_REPRESENTATION(#2032,#2046);
#2027=SHAPE_DEFINITION_REPRESENTATION(#2033,#2047);
#2028=SHAPE_DEFINITION_REPRESENTATION(#2034,#2048);
#2029=SHAPE_DEFINITION_REPRESENTATION(#2035,#2049);
#2030=SHAPE_DEFINITION_REPRESENTATION(#2036,#2050);
#2031=SHAPE_DEFINITION_REPRESENTATION(#2037,#2051);
#2032=PRODUCT_DEFINITION_SHAPE('',$,#2053);
#2033=PRODUCT_DEFINITION_SHAPE('',$,#2054);
#2034=PRODUCT_DEFINITION_SHAPE('',$,#2055);
#2035=PRODUCT_DEFINITION_SHAPE('',$,#2056);
#2036=PRODUCT_DEFINITION_SHAPE('',$,#2057);
#2037=PRODUCT_DEFINITION_SHAPE('',$,#2058);
#2038=PRODUCT_DEFINITION_SHAPE($,$,#35);
#2039=PRODUCT_DEFINITION_SHAPE($,$,#36);
#2040=PRODUCT_DEFINITION_SHAPE($,$,#37);
#2041=PRODUCT_DEFINITION_SHAPE($,$,#38);
#2042=PRODUCT_DEFINITION_SHAPE($,$,#39);
#2043=PRODUCT_DEFINITION_SHAPE($,$,#40);
#2044=PRODUCT_DEFINITION_SHAPE($,$,#41);
#2045=PRODUCT_DEFINITION_SHAPE($,$,#42);
#2046=SHAPE_REPRESENTATION('',(#1188,#1313,#1314,#1315,#1316,#1317,#1318,
#1319,#1320),#2015);
#2047=SHAPE_REPRESENTATION('',(#1189),#2016);
#2048=SHAPE_REPRESENTATION('',(#1231),#2017);
#2049=SHAPE_REPRESENTATION('',(#1259),#2018);
#2050=SHAPE_REPRESENTATION('',(#1267),#2019);
#2051=SHAPE_REPRESENTATION('',(#1288),#2020);
#2052=PRODUCT_DEFINITION_CONTEXT('part definition',#2072,'design');
#2053=PRODUCT_DEFINITION('Upper Static Arms','Upper Static Arms',#2059,
#2052);
#2054=PRODUCT_DEFINITION('Brass Plate','Brass Plate',#2060,#2052);
#2055=PRODUCT_DEFINITION('Bush','Bush',#2061,#2052);
#2056=PRODUCT_DEFINITION('Domed End Rod 40mm','Domed End Rod 40mm',#2062,
#2052);
#2057=PRODUCT_DEFINITION('Brass M3 Hex Nut','Brass M3 Hex Nut',#2063,#2052);
#2058=PRODUCT_DEFINITION('CSK Allen Key 6x20mm','CSK Allen Key 6x20mm',
#2064,#2052);
#2059=PRODUCT_DEFINITION_FORMATION('',$,#2074);
#2060=PRODUCT_DEFINITION_FORMATION('',$,#2075);
#2061=PRODUCT_DEFINITION_FORMATION('',$,#2076);
#2062=PRODUCT_DEFINITION_FORMATION('',$,#2077);
#2063=PRODUCT_DEFINITION_FORMATION('',$,#2078);
#2064=PRODUCT_DEFINITION_FORMATION('',$,#2079);
#2065=PRODUCT_RELATED_PRODUCT_CATEGORY('Upper Static Arms',
'Upper Static Arms',(#2074));
#2066=PRODUCT_RELATED_PRODUCT_CATEGORY('Brass Plate','Brass Plate',(#2075));
#2067=PRODUCT_RELATED_PRODUCT_CATEGORY('Bush','Bush',(#2076));
#2068=PRODUCT_RELATED_PRODUCT_CATEGORY('Domed End Rod 40mm',
'Domed End Rod 40mm',(#2077));
#2069=PRODUCT_RELATED_PRODUCT_CATEGORY('Brass M3 Hex Nut',
'Brass M3 Hex Nut',(#2078));
#2070=PRODUCT_RELATED_PRODUCT_CATEGORY('CSK Allen Key 6x20mm',
'CSK Allen Key 6x20mm',(#2079));
#2071=APPLICATION_PROTOCOL_DEFINITION('international standard',
'automotive_design',2009,#2072);
#2072=APPLICATION_CONTEXT(
'Core Data for Automotive Mechanical Design Process');
#2073=PRODUCT_CONTEXT('part definition',#2072,'mechanical');
#2074=PRODUCT('Upper Static Arms','Upper Static Arms',$,(#2073));
#2075=PRODUCT('Brass Plate','Brass Plate',$,(#2073));
#2076=PRODUCT('Bush','Bush',$,(#2073));
#2077=PRODUCT('Domed End Rod 40mm','Domed End Rod 40mm',$,(#2073));
#2078=PRODUCT('Brass M3 Hex Nut','Brass M3 Hex Nut',
'Hexagon nuts, style 1 - Product grades A and B',(#2073));
#2079=PRODUCT('CSK Allen Key 6x20mm','CSK Allen Key 6x20mm',
'Hexagon socket countersunk head cap screws',(#2073));
ENDSEC;
END-ISO-10303-21;
