ISO-10303-21;
HEADER;
/* Generated by software containing ST-Developer
 * from STEP Tools, Inc. (www.steptools.com) 
 */

FILE_DESCRIPTION(
/* description */ (''),
/* implementation_level */ '2;1');

FILE_NAME(
/* name */ 
'S:\\Future Scope 1\\WIP\\Client Category\\Tom\\02 Progressive Work\\L
ower Static Arms.stp',
/* time_stamp */ '2025-11-05T12:14:13+06:00',
/* author */ ('SD'),
/* organization */ (''),
/* preprocessor_version */ 'ST-DEVELOPER v18.1',
/* originating_system */ 'Autodesk Inventor 2021',
/* authorisation */ '');

FILE_SCHEMA (('AUTOMOTIVE_DESIGN { 1 0 10303 214 3 1 1 }'));
ENDSEC;

DATA;
#10=MECHANICAL_DESIGN_GEOMETRIC_PRESENTATION_REPRESENTATION('',(#113,#114,
#115,#116,#117,#118,#119,#120,#121),#3253);
#11=ITEM_DEFINED_TRANSFORMATION($,$,#1897,#2110);
#12=ITEM_DEFINED_TRANSFORMATION($,$,#1941,#2111);
#13=ITEM_DEFINED_TRANSFORMATION($,$,#1973,#2112);
#14=ITEM_DEFINED_TRANSFORMATION($,$,#1982,#2113);
#15=ITEM_DEFINED_TRANSFORMATION($,$,#1982,#2114);
#16=ITEM_DEFINED_TRANSFORMATION($,$,#1990,#2115);
#17=ITEM_DEFINED_TRANSFORMATION($,$,#2018,#2116);
#18=ITEM_DEFINED_TRANSFORMATION($,$,#2018,#2117);
#19=ITEM_DEFINED_TRANSFORMATION($,$,#2046,#2118);
#20=ITEM_DEFINED_TRANSFORMATION($,$,#2046,#2119);
#21=ITEM_DEFINED_TRANSFORMATION($,$,#2067,#2120);
#22=ITEM_DEFINED_TRANSFORMATION($,$,#2067,#2121);
#23=ITEM_DEFINED_TRANSFORMATION($,$,#2076,#2122);
#24=ITEM_DEFINED_TRANSFORMATION($,$,#2076,#2123);
#25=(
REPRESENTATION_RELATIONSHIP($,$,#3293,#3292)
REPRESENTATION_RELATIONSHIP_WITH_TRANSFORMATION(#11)
SHAPE_REPRESENTATION_RELATIONSHIP()
);
#26=(
REPRESENTATION_RELATIONSHIP($,$,#3294,#3292)
REPRESENTATION_RELATIONSHIP_WITH_TRANSFORMATION(#12)
SHAPE_REPRESENTATION_RELATIONSHIP()
);
#27=(
REPRESENTATION_RELATIONSHIP($,$,#3295,#3292)
REPRESENTATION_RELATIONSHIP_WITH_TRANSFORMATION(#13)
SHAPE_REPRESENTATION_RELATIONSHIP()
);
#28=(
REPRESENTATION_RELATIONSHIP($,$,#3296,#3292)
REPRESENTATION_RELATIONSHIP_WITH_TRANSFORMATION(#14)
SHAPE_REPRESENTATION_RELATIONSHIP()
);
#29=(
REPRESENTATION_RELATIONSHIP($,$,#3296,#3292)
REPRESENTATION_RELATIONSHIP_WITH_TRANSFORMATION(#15)
SHAPE_REPRESENTATION_RELATIONSHIP()
);
#30=(
REPRESENTATION_RELATIONSHIP($,$,#3297,#3292)
REPRESENTATION_RELATIONSHIP_WITH_TRANSFORMATION(#16)
SHAPE_REPRESENTATION_RELATIONSHIP()
);
#31=(
REPRESENTATION_RELATIONSHIP($,$,#3298,#3292)
REPRESENTATION_RELATIONSHIP_WITH_TRANSFORMATION(#17)
SHAPE_REPRESENTATION_RELATIONSHIP()
);
#32=(
REPRESENTATION_RELATIONSHIP($,$,#3298,#3292)
REPRESENTATION_RELATIONSHIP_WITH_TRANSFORMATION(#18)
SHAPE_REPRESENTATION_RELATIONSHIP()
);
#33=(
REPRESENTATION_RELATIONSHIP($,$,#3299,#3292)
REPRESENTATION_RELATIONSHIP_WITH_TRANSFORMATION(#19)
SHAPE_REPRESENTATION_RELATIONSHIP()
);
#34=(
REPRESENTATION_RELATIONSHIP($,$,#3299,#3292)
REPRESENTATION_RELATIONSHIP_WITH_TRANSFORMATION(#20)
SHAPE_REPRESENTATION_RELATIONSHIP()
);
#35=(
REPRESENTATION_RELATIONSHIP($,$,#3300,#3292)
REPRESENTATION_RELATIONSHIP_WITH_TRANSFORMATION(#21)
SHAPE_REPRESENTATION_RELATIONSHIP()
);
#36=(
REPRESENTATION_RELATIONSHIP($,$,#3300,#3292)
REPRESENTATION_RELATIONSHIP_WITH_TRANSFORMATION(#22)
SHAPE_REPRESENTATION_RELATIONSHIP()
);
#37=(
REPRESENTATION_RELATIONSHIP($,$,#3301,#3292)
REPRESENTATION_RELATIONSHIP_WITH_TRANSFORMATION(#23)
SHAPE_REPRESENTATION_RELATIONSHIP()
);
#38=(
REPRESENTATION_RELATIONSHIP($,$,#3301,#3292)
REPRESENTATION_RELATIONSHIP_WITH_TRANSFORMATION(#24)
SHAPE_REPRESENTATION_RELATIONSHIP()
);
#39=CONTEXT_DEPENDENT_SHAPE_REPRESENTATION(#25,#3278);
#40=CONTEXT_DEPENDENT_SHAPE_REPRESENTATION(#26,#3279);
#41=CONTEXT_DEPENDENT_SHAPE_REPRESENTATION(#27,#3280);
#42=CONTEXT_DEPENDENT_SHAPE_REPRESENTATION(#28,#3281);
#43=CONTEXT_DEPENDENT_SHAPE_REPRESENTATION(#29,#3282);
#44=CONTEXT_DEPENDENT_SHAPE_REPRESENTATION(#30,#3283);
#45=CONTEXT_DEPENDENT_SHAPE_REPRESENTATION(#31,#3284);
#46=CONTEXT_DEPENDENT_SHAPE_REPRESENTATION(#32,#3285);
#47=CONTEXT_DEPENDENT_SHAPE_REPRESENTATION(#33,#3286);
#48=CONTEXT_DEPENDENT_SHAPE_REPRESENTATION(#34,#3287);
#49=CONTEXT_DEPENDENT_SHAPE_REPRESENTATION(#35,#3288);
#50=CONTEXT_DEPENDENT_SHAPE_REPRESENTATION(#36,#3289);
#51=CONTEXT_DEPENDENT_SHAPE_REPRESENTATION(#37,#3290);
#52=CONTEXT_DEPENDENT_SHAPE_REPRESENTATION(#38,#3291);
#53=NEXT_ASSEMBLY_USAGE_OCCURRENCE('Lower Arm Brass Plate:1',
'Lower Arm Brass Plate:1','Lower Arm Brass Plate:1',#3303,#3304,
'Lower Arm Brass Plate:1');
#54=NEXT_ASSEMBLY_USAGE_OCCURRENCE('Lower Arm Brass Plate - 2:1',
'Lower Arm Brass Plate - 2:1','Lower Arm Brass Plate - 2:1',#3303,#3305,
'Lower Arm Brass Plate - 2:1');
#55=NEXT_ASSEMBLY_USAGE_OCCURRENCE('683ZZ Ball Bearing:1',
'683ZZ Ball Bearing:1','683ZZ Ball Bearing:1',#3303,#3306,
'683ZZ Ball Bearing:1');
#56=NEXT_ASSEMBLY_USAGE_OCCURRENCE('Domed End Rod 150mm:1',
'Domed End Rod 150mm:1','Domed End Rod 150mm:1',#3303,#3307,
'Domed End Rod 150mm:1');
#57=NEXT_ASSEMBLY_USAGE_OCCURRENCE('Domed End Rod 150mm:2',
'Domed End Rod 150mm:2','Domed End Rod 150mm:2',#3303,#3307,
'Domed End Rod 150mm:2');
#58=NEXT_ASSEMBLY_USAGE_OCCURRENCE('Bush:1','Bush:1','Bush:1',#3303,#3308,
'Bush:1');
#59=NEXT_ASSEMBLY_USAGE_OCCURRENCE('Allen Key 8x40mm:1',
'Allen Key 8x40mm:1','Allen Key 8x40mm:1',#3303,#3309,
'Allen Key 8x40mm:1');
#60=NEXT_ASSEMBLY_USAGE_OCCURRENCE('Allen Key 8x40mm:2',
'Allen Key 8x40mm:2','Allen Key 8x40mm:2',#3303,#3309,
'Allen Key 8x40mm:2');
#61=NEXT_ASSEMBLY_USAGE_OCCURRENCE('Brass M3 Hex Nut:1',
'Brass M3 Hex Nut:1','Brass M3 Hex Nut:1',#3303,#3310,
'Brass M3 Hex Nut:1');
#62=NEXT_ASSEMBLY_USAGE_OCCURRENCE('Brass M3 Hex Nut:2',
'Brass M3 Hex Nut:2','Brass M3 Hex Nut:2',#3303,#3310,
'Brass M3 Hex Nut:2');
#63=NEXT_ASSEMBLY_USAGE_OCCURRENCE('ISO 7089 8:1','ISO 7089 8:1',
'ISO 7089 8:1',#3303,#3311,'ISO 7089 8:1');
#64=NEXT_ASSEMBLY_USAGE_OCCURRENCE('ISO 7089 8:2','ISO 7089 8:2',
'ISO 7089 8:2',#3303,#3311,'ISO 7089 8:2');
#65=NEXT_ASSEMBLY_USAGE_OCCURRENCE('Lower Arm Support:1',
'Lower Arm Support:1','Lower Arm Support:1',#3303,#3312,
'Lower Arm Support:1');
#66=NEXT_ASSEMBLY_USAGE_OCCURRENCE('Lower Arm Support:2',
'Lower Arm Support:2','Lower Arm Support:2',#3303,#3312,
'Lower Arm Support:2');
#67=(
BOUNDED_CURVE()
B_SPLINE_CURVE(2,(#3021,#3022,#3023),.UNSPECIFIED.,.F.,.F.)
B_SPLINE_CURVE_WITH_KNOTS((3,3),(0.,0.350530841423371),.UNSPECIFIED.)
CURVE()
GEOMETRIC_REPRESENTATION_ITEM()
RATIONAL_B_SPLINE_CURVE((1.,1.15470053837924,1.))
REPRESENTATION_ITEM('')
);
#68=(
BOUNDED_CURVE()
B_SPLINE_CURVE(2,(#3028,#3029,#3030),.UNSPECIFIED.,.F.,.F.)
B_SPLINE_CURVE_WITH_KNOTS((3,3),(0.,0.350530841423371),.UNSPECIFIED.)
CURVE()
GEOMETRIC_REPRESENTATION_ITEM()
RATIONAL_B_SPLINE_CURVE((1.,1.15470053837925,1.))
REPRESENTATION_ITEM('')
);
#69=(
BOUNDED_CURVE()
B_SPLINE_CURVE(2,(#3034,#3035,#3036),.UNSPECIFIED.,.F.,.F.)
B_SPLINE_CURVE_WITH_KNOTS((3,3),(0.,0.350530841423371),.UNSPECIFIED.)
CURVE()
GEOMETRIC_REPRESENTATION_ITEM()
RATIONAL_B_SPLINE_CURVE((1.,1.15470053837924,1.))
REPRESENTATION_ITEM('')
);
#70=(
BOUNDED_CURVE()
B_SPLINE_CURVE(2,(#3040,#3041,#3042),.UNSPECIFIED.,.F.,.F.)
B_SPLINE_CURVE_WITH_KNOTS((3,3),(0.,0.350530841423371),.UNSPECIFIED.)
CURVE()
GEOMETRIC_REPRESENTATION_ITEM()
RATIONAL_B_SPLINE_CURVE((1.,1.15470053837924,1.))
REPRESENTATION_ITEM('')
);
#71=(
BOUNDED_CURVE()
B_SPLINE_CURVE(2,(#3046,#3047,#3048),.UNSPECIFIED.,.F.,.F.)
B_SPLINE_CURVE_WITH_KNOTS((3,3),(0.,0.175265420711685),.UNSPECIFIED.)
CURVE()
GEOMETRIC_REPRESENTATION_ITEM()
RATIONAL_B_SPLINE_CURVE((1.,1.07735026918962,1.07735026918962))
REPRESENTATION_ITEM('')
);
#72=(
BOUNDED_CURVE()
B_SPLINE_CURVE(2,(#3051,#3052,#3053),.UNSPECIFIED.,.F.,.F.)
B_SPLINE_CURVE_WITH_KNOTS((3,3),(0.175265420711685,0.350530841423371),
 .UNSPECIFIED.)
CURVE()
GEOMETRIC_REPRESENTATION_ITEM()
RATIONAL_B_SPLINE_CURVE((1.07735026918962,1.07735026918962,1.))
REPRESENTATION_ITEM('')
);
#73=(
BOUNDED_CURVE()
B_SPLINE_CURVE(2,(#3055,#3056,#3057),.UNSPECIFIED.,.F.,.F.)
B_SPLINE_CURVE_WITH_KNOTS((3,3),(0.,0.350530841423371),.UNSPECIFIED.)
CURVE()
GEOMETRIC_REPRESENTATION_ITEM()
RATIONAL_B_SPLINE_CURVE((1.,1.15470053837925,1.))
REPRESENTATION_ITEM('')
);
#74=(
BOUNDED_CURVE()
B_SPLINE_CURVE(2,(#3087,#3088,#3089),.UNSPECIFIED.,.F.,.F.)
B_SPLINE_CURVE_WITH_KNOTS((3,3),(0.,0.321319937971427),.UNSPECIFIED.)
CURVE()
GEOMETRIC_REPRESENTATION_ITEM()
RATIONAL_B_SPLINE_CURVE((1.,1.15470053837925,1.))
REPRESENTATION_ITEM('')
);
#75=(
BOUNDED_CURVE()
B_SPLINE_CURVE(2,(#3091,#3092,#3093),.UNSPECIFIED.,.F.,.F.)
B_SPLINE_CURVE_WITH_KNOTS((3,3),(0.,0.321319937971428),.UNSPECIFIED.)
CURVE()
GEOMETRIC_REPRESENTATION_ITEM()
RATIONAL_B_SPLINE_CURVE((1.,1.15470053837925,1.))
REPRESENTATION_ITEM('')
);
#76=(
BOUNDED_CURVE()
B_SPLINE_CURVE(2,(#3095,#3096,#3097),.UNSPECIFIED.,.F.,.F.)
B_SPLINE_CURVE_WITH_KNOTS((3,3),(0.,0.321319937971427),.UNSPECIFIED.)
CURVE()
GEOMETRIC_REPRESENTATION_ITEM()
RATIONAL_B_SPLINE_CURVE((1.,1.15470053837925,1.))
REPRESENTATION_ITEM('')
);
#77=(
BOUNDED_CURVE()
B_SPLINE_CURVE(2,(#3099,#3100,#3101),.UNSPECIFIED.,.F.,.F.)
B_SPLINE_CURVE_WITH_KNOTS((3,3),(0.,0.321319937971427),.UNSPECIFIED.)
CURVE()
GEOMETRIC_REPRESENTATION_ITEM()
RATIONAL_B_SPLINE_CURVE((1.,1.15470053837925,1.))
REPRESENTATION_ITEM('')
);
#78=(
BOUNDED_CURVE()
B_SPLINE_CURVE(2,(#3103,#3104,#3105),.UNSPECIFIED.,.F.,.F.)
B_SPLINE_CURVE_WITH_KNOTS((3,3),(0.,0.321319937971428),.UNSPECIFIED.)
CURVE()
GEOMETRIC_REPRESENTATION_ITEM()
RATIONAL_B_SPLINE_CURVE((1.,1.15470053837925,1.))
REPRESENTATION_ITEM('')
);
#79=(
BOUNDED_CURVE()
B_SPLINE_CURVE(2,(#3107,#3108,#3109),.UNSPECIFIED.,.F.,.F.)
B_SPLINE_CURVE_WITH_KNOTS((3,3),(0.,0.321319937971427),.UNSPECIFIED.)
CURVE()
GEOMETRIC_REPRESENTATION_ITEM()
RATIONAL_B_SPLINE_CURVE((1.,1.15470053837925,1.))
REPRESENTATION_ITEM('')
);
#80=(
BOUNDED_CURVE()
B_SPLINE_CURVE(2,(#3114,#3115,#3116),.UNSPECIFIED.,.F.,.F.)
B_SPLINE_CURVE_WITH_KNOTS((3,3),(0.,0.321319937971428),.UNSPECIFIED.)
CURVE()
GEOMETRIC_REPRESENTATION_ITEM()
RATIONAL_B_SPLINE_CURVE((1.,1.15470053837925,1.))
REPRESENTATION_ITEM('')
);
#81=(
BOUNDED_CURVE()
B_SPLINE_CURVE(2,(#3118,#3119,#3120),.UNSPECIFIED.,.F.,.F.)
B_SPLINE_CURVE_WITH_KNOTS((3,3),(0.,0.321319937971427),.UNSPECIFIED.)
CURVE()
GEOMETRIC_REPRESENTATION_ITEM()
RATIONAL_B_SPLINE_CURVE((1.,1.15470053837925,1.))
REPRESENTATION_ITEM('')
);
#82=(
BOUNDED_CURVE()
B_SPLINE_CURVE(2,(#3122,#3123,#3124),.UNSPECIFIED.,.F.,.F.)
B_SPLINE_CURVE_WITH_KNOTS((3,3),(0.,0.321319937971427),.UNSPECIFIED.)
CURVE()
GEOMETRIC_REPRESENTATION_ITEM()
RATIONAL_B_SPLINE_CURVE((1.,1.15470053837925,1.))
REPRESENTATION_ITEM('')
);
#83=(
BOUNDED_CURVE()
B_SPLINE_CURVE(2,(#3126,#3127,#3128),.UNSPECIFIED.,.F.,.F.)
B_SPLINE_CURVE_WITH_KNOTS((3,3),(0.,0.321319937971428),.UNSPECIFIED.)
CURVE()
GEOMETRIC_REPRESENTATION_ITEM()
RATIONAL_B_SPLINE_CURVE((1.,1.15470053837925,1.))
REPRESENTATION_ITEM('')
);
#84=(
BOUNDED_CURVE()
B_SPLINE_CURVE(2,(#3130,#3131,#3132),.UNSPECIFIED.,.F.,.F.)
B_SPLINE_CURVE_WITH_KNOTS((3,3),(0.,0.321319937971427),.UNSPECIFIED.)
CURVE()
GEOMETRIC_REPRESENTATION_ITEM()
RATIONAL_B_SPLINE_CURVE((1.,1.15470053837925,1.))
REPRESENTATION_ITEM('')
);
#85=(
BOUNDED_CURVE()
B_SPLINE_CURVE(2,(#3133,#3134,#3135),.UNSPECIFIED.,.F.,.F.)
B_SPLINE_CURVE_WITH_KNOTS((3,3),(0.,0.321319937971427),.UNSPECIFIED.)
CURVE()
GEOMETRIC_REPRESENTATION_ITEM()
RATIONAL_B_SPLINE_CURVE((1.,1.15470053837925,1.))
REPRESENTATION_ITEM('')
);
#86=TOROIDAL_SURFACE('',#2019,4.4,0.4);
#87=TOROIDAL_SURFACE('',#2032,5.7,0.8);
#88=TOROIDAL_SURFACE('',#2085,5.99999999999999,2.);
#89=TOROIDAL_SURFACE('',#2089,5.99999999999999,1.5);
#90=TOROIDAL_SURFACE('',#2092,5.99999999999999,1.5);
#91=TOROIDAL_SURFACE('',#2099,6.00000000000001,1.5);
#92=TOROIDAL_SURFACE('',#2102,6.00000000000001,1.5);
#93=TOROIDAL_SURFACE('',#2105,6.00000000000001,2.);
#94=(
BOUNDED_SURFACE()
B_SPLINE_SURFACE(2,2,((#2882,#2883,#2884,#2885,#2886,#2887,#2888,#2889,
#2890),(#2891,#2892,#2893,#2894,#2895,#2896,#2897,#2898,#2899),(#2900,#2901,
#2902,#2903,#2904,#2905,#2906,#2907,#2908)),.UNSPECIFIED.,.F.,.T.,.F.)
B_SPLINE_SURFACE_WITH_KNOTS((3,3),(3,2,2,2,3),(0.,1.5707963267949),(-3.14159265358979,
-1.5707963267949,0.,1.5707963267949,3.14159265358979),.UNSPECIFIED.)
GEOMETRIC_REPRESENTATION_ITEM()
RATIONAL_B_SPLINE_SURFACE(((1.,0.707106781186548,1.,0.707106781186548,1.,
0.707106781186548,1.,0.707106781186548,1.),(0.707106781186551,0.500000000000002,
0.707106781186551,0.500000000000002,0.707106781186551,0.500000000000002,
0.707106781186551,0.500000000000002,0.707106781186551),(1.,0.707106781186548,
1.,0.707106781186548,1.,0.707106781186548,1.,0.707106781186548,1.)))
REPRESENTATION_ITEM('')
SURFACE()
);
#95=SHAPE_REPRESENTATION_RELATIONSHIP('SRR','None',#3293,#104);
#96=SHAPE_REPRESENTATION_RELATIONSHIP('SRR','None',#3294,#105);
#97=SHAPE_REPRESENTATION_RELATIONSHIP('SRR','None',#3295,#106);
#98=SHAPE_REPRESENTATION_RELATIONSHIP('SRR','None',#3296,#107);
#99=SHAPE_REPRESENTATION_RELATIONSHIP('SRR','None',#3297,#108);
#100=SHAPE_REPRESENTATION_RELATIONSHIP('SRR','None',#3298,#109);
#101=SHAPE_REPRESENTATION_RELATIONSHIP('SRR','None',#3299,#110);
#102=SHAPE_REPRESENTATION_RELATIONSHIP('SRR','None',#3300,#111);
#103=SHAPE_REPRESENTATION_RELATIONSHIP('SRR','None',#3301,#112);
#104=ADVANCED_BREP_SHAPE_REPRESENTATION('',(#122),#3244);
#105=ADVANCED_BREP_SHAPE_REPRESENTATION('',(#123),#3245);
#106=ADVANCED_BREP_SHAPE_REPRESENTATION('',(#124),#3246);
#107=ADVANCED_BREP_SHAPE_REPRESENTATION('',(#125),#3247);
#108=ADVANCED_BREP_SHAPE_REPRESENTATION('',(#126),#3248);
#109=ADVANCED_BREP_SHAPE_REPRESENTATION('',(#127),#3249);
#110=ADVANCED_BREP_SHAPE_REPRESENTATION('',(#128),#3250);
#111=ADVANCED_BREP_SHAPE_REPRESENTATION('',(#129),#3251);
#112=ADVANCED_BREP_SHAPE_REPRESENTATION('',(#130),#3252);
#113=STYLED_ITEM('',(#1800),#122);
#114=STYLED_ITEM('',(#1800),#123);
#115=STYLED_ITEM('',(#1801),#124);
#116=STYLED_ITEM('',(#1802),#125);
#117=STYLED_ITEM('',(#1803),#126);
#118=STYLED_ITEM('',(#1801),#127);
#119=STYLED_ITEM('',(#1800),#128);
#120=STYLED_ITEM('',(#1801),#129);
#121=STYLED_ITEM('',(#1801),#130);
#122=MANIFOLD_SOLID_BREP('Solid1',#1691);
#123=MANIFOLD_SOLID_BREP('Solid1',#1692);
#124=MANIFOLD_SOLID_BREP('Solid1',#1693);
#125=MANIFOLD_SOLID_BREP('Solid1',#1694);
#126=MANIFOLD_SOLID_BREP('Solid1',#1695);
#127=MANIFOLD_SOLID_BREP('Solid1',#1696);
#128=MANIFOLD_SOLID_BREP('Solid1',#1697);
#129=MANIFOLD_SOLID_BREP('Solid1',#1698);
#130=MANIFOLD_SOLID_BREP('Solid1',#1699);
#131=FACE_BOUND('',#423,.T.);
#132=FACE_BOUND('',#424,.T.);
#133=FACE_BOUND('',#425,.T.);
#134=FACE_BOUND('',#427,.T.);
#135=FACE_BOUND('',#428,.T.);
#136=FACE_BOUND('',#429,.T.);
#137=FACE_BOUND('',#435,.T.);
#138=FACE_BOUND('',#447,.T.);
#139=FACE_BOUND('',#448,.T.);
#140=FACE_BOUND('',#449,.T.);
#141=FACE_BOUND('',#456,.T.);
#142=FACE_BOUND('',#457,.T.);
#143=FACE_BOUND('',#458,.T.);
#144=FACE_BOUND('',#464,.T.);
#145=FACE_BOUND('',#468,.T.);
#146=FACE_BOUND('',#476,.T.);
#147=FACE_BOUND('',#479,.T.);
#148=FACE_BOUND('',#485,.T.);
#149=FACE_BOUND('',#490,.T.);
#150=FACE_BOUND('',#495,.T.);
#151=FACE_BOUND('',#507,.T.);
#152=FACE_BOUND('',#510,.T.);
#153=FACE_BOUND('',#522,.T.);
#154=FACE_BOUND('',#524,.T.);
#155=FACE_BOUND('',#537,.T.);
#156=FACE_BOUND('',#539,.T.);
#157=CYLINDRICAL_SURFACE('',#1914,5.);
#158=CYLINDRICAL_SURFACE('',#1917,5.);
#159=CYLINDRICAL_SURFACE('',#1930,5.);
#160=CYLINDRICAL_SURFACE('',#1932,5.);
#161=CYLINDRICAL_SURFACE('',#1933,3.5);
#162=CYLINDRICAL_SURFACE('',#1937,4.5);
#163=CYLINDRICAL_SURFACE('',#1938,4.5);
#164=CYLINDRICAL_SURFACE('',#1939,2.);
#165=CYLINDRICAL_SURFACE('',#1950,10.);
#166=CYLINDRICAL_SURFACE('',#1964,10.);
#167=CYLINDRICAL_SURFACE('',#1969,1.5);
#168=CYLINDRICAL_SURFACE('',#1970,1.5);
#169=CYLINDRICAL_SURFACE('',#1971,3.5);
#170=CYLINDRICAL_SURFACE('',#1977,1.5);
#171=CYLINDRICAL_SURFACE('',#1979,3.5);
#172=CYLINDRICAL_SURFACE('',#1986,1.5);
#173=CYLINDRICAL_SURFACE('',#1995,1.5);
#174=CYLINDRICAL_SURFACE('',#2007,3.5);
#175=CYLINDRICAL_SURFACE('',#2013,7.5);
#176=CYLINDRICAL_SURFACE('',#2024,4.);
#177=CYLINDRICAL_SURFACE('',#2038,6.5);
#178=CYLINDRICAL_SURFACE('',#2050,1.2295);
#179=CYLINDRICAL_SURFACE('',#2068,4.2);
#180=CYLINDRICAL_SURFACE('',#2071,8.);
#181=CYLINDRICAL_SURFACE('',#2079,1.2295);
#182=CYLINDRICAL_SURFACE('',#2083,3.3235);
#183=CYLINDRICAL_SURFACE('',#2096,6.);
#184=CIRCLE('',#1900,5.);
#185=CIRCLE('',#1901,4.5);
#186=CIRCLE('',#1904,5.);
#187=CIRCLE('',#1905,4.5);
#188=CIRCLE('',#1908,5.);
#189=CIRCLE('',#1909,4.5);
#190=CIRCLE('',#1912,5.);
#191=CIRCLE('',#1913,4.5);
#192=CIRCLE('',#1915,5.);
#193=CIRCLE('',#1918,5.);
#194=CIRCLE('',#1921,4.5);
#195=CIRCLE('',#1922,4.5);
#196=CIRCLE('',#1923,3.5);
#197=CIRCLE('',#1925,5.);
#198=CIRCLE('',#1926,5.);
#199=CIRCLE('',#1927,4.5);
#200=CIRCLE('',#1928,4.5);
#201=CIRCLE('',#1929,2.);
#202=CIRCLE('',#1934,3.5);
#203=CIRCLE('',#1936,2.);
#204=CIRCLE('',#1944,10.);
#205=CIRCLE('',#1945,9.49999999999999);
#206=CIRCLE('',#1948,10.);
#207=CIRCLE('',#1949,9.49999999999999);
#208=CIRCLE('',#1951,10.);
#209=CIRCLE('',#1954,1.5);
#210=CIRCLE('',#1955,1.5);
#211=CIRCLE('',#1956,3.5);
#212=CIRCLE('',#1959,10.);
#213=CIRCLE('',#1960,9.49999999999999);
#214=CIRCLE('',#1963,9.49999999999999);
#215=CIRCLE('',#1966,1.5);
#216=CIRCLE('',#1967,1.5);
#217=CIRCLE('',#1968,3.5);
#218=CIRCLE('',#1975,3.5);
#219=CIRCLE('',#1976,1.5);
#220=CIRCLE('',#1978,1.5);
#221=CIRCLE('',#1980,3.5);
#222=CIRCLE('',#1983,0.5);
#223=CIRCLE('',#1984,1.);
#224=CIRCLE('',#1985,1.5);
#225=CIRCLE('',#1987,1.5);
#226=CIRCLE('',#1992,1.5);
#227=CIRCLE('',#1993,1.5);
#228=CIRCLE('',#1994,1.7);
#229=CIRCLE('',#1996,1.5);
#230=CIRCLE('',#1997,1.5);
#231=CIRCLE('',#1999,3.);
#232=CIRCLE('',#2001,1.7);
#233=CIRCLE('',#2003,7.);
#234=CIRCLE('',#2005,3.5);
#235=CIRCLE('',#2006,3.5);
#236=CIRCLE('',#2008,3.5);
#237=CIRCLE('',#2010,7.);
#238=CIRCLE('',#2011,7.5);
#239=CIRCLE('',#2012,7.5);
#240=CIRCLE('',#2014,7.5);
#241=CIRCLE('',#2015,7.5);
#242=CIRCLE('',#2020,4.4);
#243=CIRCLE('',#2021,0.4);
#244=CIRCLE('',#2022,4.);
#245=CIRCLE('',#2023,4.);
#246=CIRCLE('',#2025,4.);
#247=CIRCLE('',#2026,4.);
#248=CIRCLE('',#2028,6.5);
#249=CIRCLE('',#2030,3.2331875);
#250=CIRCLE('',#2033,6.5);
#251=CIRCLE('',#2034,6.5);
#252=CIRCLE('',#2035,0.8);
#253=CIRCLE('',#2036,5.7);
#254=CIRCLE('',#2048,1.50013293868264);
#255=CIRCLE('',#2049,1.2295);
#256=CIRCLE('',#2051,1.2295);
#257=CIRCLE('',#2052,1.2295);
#258=CIRCLE('',#2054,2.3);
#259=CIRCLE('',#2056,1.50013293868264);
#260=CIRCLE('',#2058,2.3);
#261=CIRCLE('',#2069,4.2);
#262=CIRCLE('',#2070,4.2);
#263=CIRCLE('',#2072,8.);
#264=CIRCLE('',#2073,8.);
#265=CIRCLE('',#2078,1.2295);
#266=CIRCLE('',#2080,1.2295);
#267=CIRCLE('',#2082,3.3235);
#268=CIRCLE('',#2084,3.3235);
#269=CIRCLE('',#2086,5.99999999999999);
#270=CIRCLE('',#2087,2.);
#271=CIRCLE('',#2088,5.99999999999999);
#272=CIRCLE('',#2090,1.5);
#273=CIRCLE('',#2091,5.99999999999999);
#274=CIRCLE('',#2093,6.);
#275=CIRCLE('',#2094,6.);
#276=CIRCLE('',#2095,1.5);
#277=CIRCLE('',#2097,6.);
#278=CIRCLE('',#2098,6.);
#279=CIRCLE('',#2100,6.00000000000001);
#280=CIRCLE('',#2101,1.5);
#281=CIRCLE('',#2103,1.5);
#282=CIRCLE('',#2104,6.00000000000001);
#283=CIRCLE('',#2106,6.00000000000001);
#284=CIRCLE('',#2107,2.);
#285=CONICAL_SURFACE('',#1899,4.75,0.78539816339745);
#286=CONICAL_SURFACE('',#1903,4.75,0.78539816339745);
#287=CONICAL_SURFACE('',#1907,4.75,0.78539816339745);
#288=CONICAL_SURFACE('',#1911,4.75,0.785398163397448);
#289=CONICAL_SURFACE('',#1943,9.75,0.785398163397455);
#290=CONICAL_SURFACE('',#1947,9.75,0.785398163397455);
#291=CONICAL_SURFACE('',#1958,9.75,0.785398163397455);
#292=CONICAL_SURFACE('',#1962,9.75,0.785398163397455);
#293=CONICAL_SURFACE('',#1991,1.6,0.785398163397454);
#294=CONICAL_SURFACE('',#2000,1.6,0.785398163397445);
#295=CONICAL_SURFACE('',#2004,3.25,0.785398163397447);
#296=CONICAL_SURFACE('',#2009,7.25,0.785398163397453);
#297=CONICAL_SURFACE('',#2017,7.25,0.785398163397449);
#298=CONICAL_SURFACE('',#2029,3.61659375,0.785398163397447);
#299=CONICAL_SURFACE('',#2045,1.73205080756888,1.0471975511966);
#300=CONICAL_SURFACE('',#2047,1.36481646934132,1.0471975511966);
#301=CONICAL_SURFACE('',#2055,1.36481646934132,1.0471975511966);
#302=CONICAL_SURFACE('',#2059,2.73771324027147,1.0471975511966);
#303=CONICAL_SURFACE('',#2060,2.73771324027147,1.0471975511966);
#304=CONICAL_SURFACE('',#2077,0.61475,1.02974425867665);
#305=CONICAL_SURFACE('',#2081,1.66175,1.02974425867665);
#306=FACE_OUTER_BOUND('',#410,.T.);
#307=FACE_OUTER_BOUND('',#411,.T.);
#308=FACE_OUTER_BOUND('',#412,.T.);
#309=FACE_OUTER_BOUND('',#413,.T.);
#310=FACE_OUTER_BOUND('',#414,.T.);
#311=FACE_OUTER_BOUND('',#415,.T.);
#312=FACE_OUTER_BOUND('',#416,.T.);
#313=FACE_OUTER_BOUND('',#417,.T.);
#314=FACE_OUTER_BOUND('',#418,.T.);
#315=FACE_OUTER_BOUND('',#419,.T.);
#316=FACE_OUTER_BOUND('',#420,.T.);
#317=FACE_OUTER_BOUND('',#421,.T.);
#318=FACE_OUTER_BOUND('',#422,.T.);
#319=FACE_OUTER_BOUND('',#426,.T.);
#320=FACE_OUTER_BOUND('',#430,.T.);
#321=FACE_OUTER_BOUND('',#431,.T.);
#322=FACE_OUTER_BOUND('',#432,.T.);
#323=FACE_OUTER_BOUND('',#433,.T.);
#324=FACE_OUTER_BOUND('',#434,.T.);
#325=FACE_OUTER_BOUND('',#436,.T.);
#326=FACE_OUTER_BOUND('',#437,.T.);
#327=FACE_OUTER_BOUND('',#438,.T.);
#328=FACE_OUTER_BOUND('',#439,.T.);
#329=FACE_OUTER_BOUND('',#440,.T.);
#330=FACE_OUTER_BOUND('',#441,.T.);
#331=FACE_OUTER_BOUND('',#442,.T.);
#332=FACE_OUTER_BOUND('',#443,.T.);
#333=FACE_OUTER_BOUND('',#444,.T.);
#334=FACE_OUTER_BOUND('',#445,.T.);
#335=FACE_OUTER_BOUND('',#446,.T.);
#336=FACE_OUTER_BOUND('',#450,.T.);
#337=FACE_OUTER_BOUND('',#451,.T.);
#338=FACE_OUTER_BOUND('',#452,.T.);
#339=FACE_OUTER_BOUND('',#453,.T.);
#340=FACE_OUTER_BOUND('',#454,.T.);
#341=FACE_OUTER_BOUND('',#455,.T.);
#342=FACE_OUTER_BOUND('',#459,.T.);
#343=FACE_OUTER_BOUND('',#460,.T.);
#344=FACE_OUTER_BOUND('',#461,.T.);
#345=FACE_OUTER_BOUND('',#462,.T.);
#346=FACE_OUTER_BOUND('',#463,.T.);
#347=FACE_OUTER_BOUND('',#465,.T.);
#348=FACE_OUTER_BOUND('',#466,.T.);
#349=FACE_OUTER_BOUND('',#467,.T.);
#350=FACE_OUTER_BOUND('',#469,.T.);
#351=FACE_OUTER_BOUND('',#470,.T.);
#352=FACE_OUTER_BOUND('',#471,.T.);
#353=FACE_OUTER_BOUND('',#472,.T.);
#354=FACE_OUTER_BOUND('',#473,.T.);
#355=FACE_OUTER_BOUND('',#474,.T.);
#356=FACE_OUTER_BOUND('',#475,.T.);
#357=FACE_OUTER_BOUND('',#477,.T.);
#358=FACE_OUTER_BOUND('',#478,.T.);
#359=FACE_OUTER_BOUND('',#480,.T.);
#360=FACE_OUTER_BOUND('',#481,.T.);
#361=FACE_OUTER_BOUND('',#482,.T.);
#362=FACE_OUTER_BOUND('',#483,.T.);
#363=FACE_OUTER_BOUND('',#484,.T.);
#364=FACE_OUTER_BOUND('',#486,.T.);
#365=FACE_OUTER_BOUND('',#487,.T.);
#366=FACE_OUTER_BOUND('',#488,.T.);
#367=FACE_OUTER_BOUND('',#489,.T.);
#368=FACE_OUTER_BOUND('',#491,.T.);
#369=FACE_OUTER_BOUND('',#492,.T.);
#370=FACE_OUTER_BOUND('',#493,.T.);
#371=FACE_OUTER_BOUND('',#494,.T.);
#372=FACE_OUTER_BOUND('',#496,.T.);
#373=FACE_OUTER_BOUND('',#497,.T.);
#374=FACE_OUTER_BOUND('',#498,.T.);
#375=FACE_OUTER_BOUND('',#499,.T.);
#376=FACE_OUTER_BOUND('',#500,.T.);
#377=FACE_OUTER_BOUND('',#501,.T.);
#378=FACE_OUTER_BOUND('',#502,.T.);
#379=FACE_OUTER_BOUND('',#503,.T.);
#380=FACE_OUTER_BOUND('',#504,.T.);
#381=FACE_OUTER_BOUND('',#505,.T.);
#382=FACE_OUTER_BOUND('',#506,.T.);
#383=FACE_OUTER_BOUND('',#508,.T.);
#384=FACE_OUTER_BOUND('',#509,.T.);
#385=FACE_OUTER_BOUND('',#511,.T.);
#386=FACE_OUTER_BOUND('',#512,.T.);
#387=FACE_OUTER_BOUND('',#513,.T.);
#388=FACE_OUTER_BOUND('',#514,.T.);
#389=FACE_OUTER_BOUND('',#515,.T.);
#390=FACE_OUTER_BOUND('',#516,.T.);
#391=FACE_OUTER_BOUND('',#517,.T.);
#392=FACE_OUTER_BOUND('',#518,.T.);
#393=FACE_OUTER_BOUND('',#519,.T.);
#394=FACE_OUTER_BOUND('',#520,.T.);
#395=FACE_OUTER_BOUND('',#521,.T.);
#396=FACE_OUTER_BOUND('',#523,.T.);
#397=FACE_OUTER_BOUND('',#525,.T.);
#398=FACE_OUTER_BOUND('',#526,.T.);
#399=FACE_OUTER_BOUND('',#527,.T.);
#400=FACE_OUTER_BOUND('',#528,.T.);
#401=FACE_OUTER_BOUND('',#529,.T.);
#402=FACE_OUTER_BOUND('',#530,.T.);
#403=FACE_OUTER_BOUND('',#531,.T.);
#404=FACE_OUTER_BOUND('',#532,.T.);
#405=FACE_OUTER_BOUND('',#533,.T.);
#406=FACE_OUTER_BOUND('',#534,.T.);
#407=FACE_OUTER_BOUND('',#535,.T.);
#408=FACE_OUTER_BOUND('',#536,.T.);
#409=FACE_OUTER_BOUND('',#538,.T.);
#410=EDGE_LOOP('',(#1100,#1101,#1102,#1103));
#411=EDGE_LOOP('',(#1104,#1105,#1106,#1107));
#412=EDGE_LOOP('',(#1108,#1109,#1110,#1111));
#413=EDGE_LOOP('',(#1112,#1113,#1114,#1115));
#414=EDGE_LOOP('',(#1116,#1117,#1118,#1119));
#415=EDGE_LOOP('',(#1120,#1121,#1122,#1123));
#416=EDGE_LOOP('',(#1124,#1125,#1126,#1127));
#417=EDGE_LOOP('',(#1128,#1129,#1130,#1131));
#418=EDGE_LOOP('',(#1132,#1133,#1134,#1135));
#419=EDGE_LOOP('',(#1136,#1137,#1138,#1139));
#420=EDGE_LOOP('',(#1140,#1141,#1142,#1143));
#421=EDGE_LOOP('',(#1144,#1145,#1146,#1147));
#422=EDGE_LOOP('',(#1148,#1149,#1150,#1151,#1152,#1153,#1154,#1155));
#423=EDGE_LOOP('',(#1156));
#424=EDGE_LOOP('',(#1157));
#425=EDGE_LOOP('',(#1158));
#426=EDGE_LOOP('',(#1159,#1160,#1161,#1162,#1163,#1164,#1165,#1166));
#427=EDGE_LOOP('',(#1167));
#428=EDGE_LOOP('',(#1168));
#429=EDGE_LOOP('',(#1169));
#430=EDGE_LOOP('',(#1170,#1171,#1172,#1173));
#431=EDGE_LOOP('',(#1174,#1175,#1176,#1177));
#432=EDGE_LOOP('',(#1178,#1179,#1180,#1181));
#433=EDGE_LOOP('',(#1182,#1183,#1184,#1185));
#434=EDGE_LOOP('',(#1186));
#435=EDGE_LOOP('',(#1187));
#436=EDGE_LOOP('',(#1188,#1189,#1190,#1191));
#437=EDGE_LOOP('',(#1192,#1193,#1194,#1195));
#438=EDGE_LOOP('',(#1196,#1197,#1198,#1199));
#439=EDGE_LOOP('',(#1200,#1201,#1202,#1203));
#440=EDGE_LOOP('',(#1204,#1205,#1206,#1207));
#441=EDGE_LOOP('',(#1208,#1209,#1210,#1211));
#442=EDGE_LOOP('',(#1212,#1213,#1214,#1215));
#443=EDGE_LOOP('',(#1216,#1217,#1218,#1219));
#444=EDGE_LOOP('',(#1220,#1221,#1222,#1223));
#445=EDGE_LOOP('',(#1224,#1225,#1226,#1227));
#446=EDGE_LOOP('',(#1228,#1229,#1230,#1231));
#447=EDGE_LOOP('',(#1232));
#448=EDGE_LOOP('',(#1233));
#449=EDGE_LOOP('',(#1234));
#450=EDGE_LOOP('',(#1235,#1236,#1237,#1238));
#451=EDGE_LOOP('',(#1239,#1240,#1241,#1242));
#452=EDGE_LOOP('',(#1243,#1244,#1245,#1246));
#453=EDGE_LOOP('',(#1247,#1248,#1249,#1250));
#454=EDGE_LOOP('',(#1251,#1252,#1253,#1254));
#455=EDGE_LOOP('',(#1255,#1256,#1257,#1258));
#456=EDGE_LOOP('',(#1259));
#457=EDGE_LOOP('',(#1260));
#458=EDGE_LOOP('',(#1261));
#459=EDGE_LOOP('',(#1262,#1263,#1264,#1265));
#460=EDGE_LOOP('',(#1266,#1267,#1268,#1269));
#461=EDGE_LOOP('',(#1270,#1271,#1272,#1273));
#462=EDGE_LOOP('',(#1274,#1275,#1276,#1277));
#463=EDGE_LOOP('',(#1278));
#464=EDGE_LOOP('',(#1279));
#465=EDGE_LOOP('',(#1280,#1281,#1282,#1283));
#466=EDGE_LOOP('',(#1284,#1285,#1286,#1287));
#467=EDGE_LOOP('',(#1288));
#468=EDGE_LOOP('',(#1289));
#469=EDGE_LOOP('',(#1290,#1291,#1292,#1293));
#470=EDGE_LOOP('',(#1294,#1295,#1296,#1297));
#471=EDGE_LOOP('',(#1298));
#472=EDGE_LOOP('',(#1299));
#473=EDGE_LOOP('',(#1300,#1301,#1302,#1303,#1304));
#474=EDGE_LOOP('',(#1305,#1306,#1307,#1308,#1309,#1310));
#475=EDGE_LOOP('',(#1311));
#476=EDGE_LOOP('',(#1312));
#477=EDGE_LOOP('',(#1313,#1314,#1315,#1316,#1317));
#478=EDGE_LOOP('',(#1318));
#479=EDGE_LOOP('',(#1319));
#480=EDGE_LOOP('',(#1320,#1321,#1322,#1323,#1324));
#481=EDGE_LOOP('',(#1325,#1326,#1327,#1328,#1329));
#482=EDGE_LOOP('',(#1330,#1331,#1332,#1333,#1334));
#483=EDGE_LOOP('',(#1335,#1336,#1337,#1338,#1339,#1340));
#484=EDGE_LOOP('',(#1341));
#485=EDGE_LOOP('',(#1342));
#486=EDGE_LOOP('',(#1343,#1344,#1345,#1346,#1347));
#487=EDGE_LOOP('',(#1348,#1349,#1350,#1351,#1352));
#488=EDGE_LOOP('',(#1353,#1354,#1355,#1356,#1357,#1358));
#489=EDGE_LOOP('',(#1359));
#490=EDGE_LOOP('',(#1360));
#491=EDGE_LOOP('',(#1361,#1362,#1363,#1364,#1365));
#492=EDGE_LOOP('',(#1366));
#493=EDGE_LOOP('',(#1367,#1368,#1369,#1370,#1371));
#494=EDGE_LOOP('',(#1372));
#495=EDGE_LOOP('',(#1373,#1374,#1375,#1376,#1377,#1378));
#496=EDGE_LOOP('',(#1379,#1380,#1381,#1382,#1383));
#497=EDGE_LOOP('',(#1384,#1385,#1386,#1387));
#498=EDGE_LOOP('',(#1388,#1389,#1390,#1391));
#499=EDGE_LOOP('',(#1392,#1393,#1394,#1395));
#500=EDGE_LOOP('',(#1396,#1397,#1398,#1399));
#501=EDGE_LOOP('',(#1400,#1401,#1402,#1403,#1404));
#502=EDGE_LOOP('',(#1405,#1406,#1407,#1408));
#503=EDGE_LOOP('',(#1409,#1410,#1411,#1412,#1413,#1414,#1415,#1416,#1417));
#504=EDGE_LOOP('',(#1418,#1419,#1420,#1421));
#505=EDGE_LOOP('',(#1422,#1423,#1424,#1425,#1426));
#506=EDGE_LOOP('',(#1427));
#507=EDGE_LOOP('',(#1428));
#508=EDGE_LOOP('',(#1429,#1430,#1431,#1432,#1433));
#509=EDGE_LOOP('',(#1434));
#510=EDGE_LOOP('',(#1435));
#511=EDGE_LOOP('',(#1436,#1437,#1438,#1439,#1440,#1441,#1442,#1443,#1444));
#512=EDGE_LOOP('',(#1445,#1446,#1447,#1448,#1449,#1450,#1451,#1452,#1453));
#513=EDGE_LOOP('',(#1454,#1455,#1456,#1457));
#514=EDGE_LOOP('',(#1458,#1459,#1460,#1461));
#515=EDGE_LOOP('',(#1462,#1463,#1464,#1465));
#516=EDGE_LOOP('',(#1466,#1467,#1468,#1469));
#517=EDGE_LOOP('',(#1470,#1471,#1472,#1473));
#518=EDGE_LOOP('',(#1474,#1475,#1476,#1477));
#519=EDGE_LOOP('',(#1478,#1479,#1480,#1481));
#520=EDGE_LOOP('',(#1482,#1483,#1484,#1485));
#521=EDGE_LOOP('',(#1486));
#522=EDGE_LOOP('',(#1487));
#523=EDGE_LOOP('',(#1488));
#524=EDGE_LOOP('',(#1489));
#525=EDGE_LOOP('',(#1490,#1491,#1492));
#526=EDGE_LOOP('',(#1493,#1494,#1495,#1496));
#527=EDGE_LOOP('',(#1497,#1498,#1499));
#528=EDGE_LOOP('',(#1500,#1501,#1502,#1503));
#529=EDGE_LOOP('',(#1504,#1505,#1506,#1507));
#530=EDGE_LOOP('',(#1508,#1509,#1510,#1511));
#531=EDGE_LOOP('',(#1512,#1513,#1514,#1515,#1516));
#532=EDGE_LOOP('',(#1517,#1518,#1519,#1520,#1521,#1522));
#533=EDGE_LOOP('',(#1523,#1524,#1525,#1526,#1527));
#534=EDGE_LOOP('',(#1528,#1529,#1530,#1531));
#535=EDGE_LOOP('',(#1532,#1533,#1534,#1535));
#536=EDGE_LOOP('',(#1536));
#537=EDGE_LOOP('',(#1537));
#538=EDGE_LOOP('',(#1538));
#539=EDGE_LOOP('',(#1539));
#540=LINE('',#2685,#640);
#541=LINE('',#2687,#641);
#542=LINE('',#2689,#642);
#543=LINE('',#2690,#643);
#544=LINE('',#2695,#644);
#545=LINE('',#2700,#645);
#546=LINE('',#2701,#646);
#547=LINE('',#2702,#647);
#548=LINE('',#2707,#648);
#549=LINE('',#2712,#649);
#550=LINE('',#2713,#650);
#551=LINE('',#2714,#651);
#552=LINE('',#2719,#652);
#553=LINE('',#2724,#653);
#554=LINE('',#2725,#654);
#555=LINE('',#2726,#655);
#556=LINE('',#2732,#656);
#557=LINE('',#2735,#657);
#558=LINE('',#2738,#658);
#559=LINE('',#2739,#659);
#560=LINE('',#2742,#660);
#561=LINE('',#2746,#661);
#562=LINE('',#2747,#662);
#563=LINE('',#2759,#663);
#564=LINE('',#2762,#664);
#565=LINE('',#2770,#665);
#566=LINE('',#2771,#666);
#567=LINE('',#2773,#667);
#568=LINE('',#2777,#668);
#569=LINE('',#2783,#669);
#570=LINE('',#2785,#670);
#571=LINE('',#2787,#671);
#572=LINE('',#2793,#672);
#573=LINE('',#2795,#673);
#574=LINE('',#2797,#674);
#575=LINE('',#2798,#675);
#576=LINE('',#2803,#676);
#577=LINE('',#2808,#677);
#578=LINE('',#2809,#678);
#579=LINE('',#2810,#679);
#580=LINE('',#2816,#680);
#581=LINE('',#2819,#681);
#582=LINE('',#2822,#682);
#583=LINE('',#2823,#683);
#584=LINE('',#2833,#684);
#585=LINE('',#2835,#685);
#586=LINE('',#2836,#686);
#587=LINE('',#2841,#687);
#588=LINE('',#2845,#688);
#589=LINE('',#2846,#689);
#590=LINE('',#2847,#690);
#591=LINE('',#2851,#691);
#592=LINE('',#2860,#692);
#593=LINE('',#2862,#693);
#594=LINE('',#2864,#694);
#595=LINE('',#2875,#695);
#596=LINE('',#2879,#696);
#597=LINE('',#2916,#697);
#598=LINE('',#2927,#698);
#599=LINE('',#2931,#699);
#600=LINE('',#2941,#700);
#601=LINE('',#2947,#701);
#602=LINE('',#2953,#702);
#603=LINE('',#2959,#703);
#604=LINE('',#2965,#704);
#605=LINE('',#2971,#705);
#606=LINE('',#2986,#706);
#607=LINE('',#2993,#707);
#608=LINE('',#3006,#708);
#609=LINE('',#3008,#709);
#610=LINE('',#3010,#710);
#611=LINE('',#3012,#711);
#612=LINE('',#3014,#712);
#613=LINE('',#3015,#713);
#614=LINE('',#3017,#714);
#615=LINE('',#3024,#715);
#616=LINE('',#3025,#716);
#617=LINE('',#3031,#717);
#618=LINE('',#3037,#718);
#619=LINE('',#3043,#719);
#620=LINE('',#3050,#720);
#621=LINE('',#3060,#721);
#622=LINE('',#3066,#722);
#623=LINE('',#3073,#723);
#624=LINE('',#3080,#724);
#625=LINE('',#3106,#725);
#626=LINE('',#3112,#726);
#627=LINE('',#3137,#727);
#628=LINE('',#3138,#728);
#629=LINE('',#3140,#729);
#630=LINE('',#3142,#730);
#631=LINE('',#3144,#731);
#632=LINE('',#3146,#732);
#633=LINE('',#3153,#733);
#634=LINE('',#3159,#734);
#635=LINE('',#3168,#735);
#636=LINE('',#3172,#736);
#637=LINE('',#3177,#737);
#638=LINE('',#3181,#738);
#639=LINE('',#3202,#739);
#640=VECTOR('',#2130,10.);
#641=VECTOR('',#2131,10.);
#642=VECTOR('',#2132,10.);
#643=VECTOR('',#2133,10.);
#644=VECTOR('',#2138,10.);
#645=VECTOR('',#2143,10.);
#646=VECTOR('',#2144,10.);
#647=VECTOR('',#2145,10.);
#648=VECTOR('',#2150,10.);
#649=VECTOR('',#2155,10.);
#650=VECTOR('',#2156,10.);
#651=VECTOR('',#2157,10.);
#652=VECTOR('',#2162,10.);
#653=VECTOR('',#2167,10.);
#654=VECTOR('',#2168,10.);
#655=VECTOR('',#2169,10.);
#656=VECTOR('',#2178,10.);
#657=VECTOR('',#2181,10.);
#658=VECTOR('',#2184,10.);
#659=VECTOR('',#2185,10.);
#660=VECTOR('',#2188,10.);
#661=VECTOR('',#2193,10.);
#662=VECTOR('',#2194,10.);
#663=VECTOR('',#2207,10.);
#664=VECTOR('',#2210,10.);
#665=VECTOR('',#2219,10.);
#666=VECTOR('',#2220,10.);
#667=VECTOR('',#2223,10.);
#668=VECTOR('',#2228,3.5);
#669=VECTOR('',#2237,4.5);
#670=VECTOR('',#2240,4.5);
#671=VECTOR('',#2243,2.);
#672=VECTOR('',#2250,10.);
#673=VECTOR('',#2251,10.);
#674=VECTOR('',#2252,10.);
#675=VECTOR('',#2253,10.);
#676=VECTOR('',#2258,10.);
#677=VECTOR('',#2263,10.);
#678=VECTOR('',#2264,10.);
#679=VECTOR('',#2265,10.);
#680=VECTOR('',#2274,10.);
#681=VECTOR('',#2277,10.);
#682=VECTOR('',#2280,10.);
#683=VECTOR('',#2281,10.);
#684=VECTOR('',#2292,10.);
#685=VECTOR('',#2293,10.);
#686=VECTOR('',#2294,10.);
#687=VECTOR('',#2299,10.);
#688=VECTOR('',#2304,10.);
#689=VECTOR('',#2305,10.);
#690=VECTOR('',#2306,10.);
#691=VECTOR('',#2313,10.);
#692=VECTOR('',#2324,1.5);
#693=VECTOR('',#2327,1.5);
#694=VECTOR('',#2330,3.5);
#695=VECTOR('',#2345,1.5);
#696=VECTOR('',#2350,3.5);
#697=VECTOR('',#2363,1.5);
#698=VECTOR('',#2378,1.6);
#699=VECTOR('',#2383,1.5);
#700=VECTOR('',#2396,1.6);
#701=VECTOR('',#2403,3.25);
#702=VECTOR('',#2410,3.5);
#703=VECTOR('',#2417,7.25);
#704=VECTOR('',#2424,7.5);
#705=VECTOR('',#2433,7.24999999999999);
#706=VECTOR('',#2452,4.);
#707=VECTOR('',#2461,3.61659375);
#708=VECTOR('',#2476,10.);
#709=VECTOR('',#2477,10.);
#710=VECTOR('',#2478,10.);
#711=VECTOR('',#2479,10.);
#712=VECTOR('',#2480,10.);
#713=VECTOR('',#2481,10.);
#714=VECTOR('',#2484,6.5);
#715=VECTOR('',#2487,10.);
#716=VECTOR('',#2488,10.);
#717=VECTOR('',#2491,10.);
#718=VECTOR('',#2494,10.);
#719=VECTOR('',#2497,10.);
#720=VECTOR('',#2500,10.);
#721=VECTOR('',#2505,1.73205080756888);
#722=VECTOR('',#2512,1.36481646934132);
#723=VECTOR('',#2521,1.2295);
#724=VECTOR('',#2530,1.36481646934132);
#725=VECTOR('',#2537,2.73771324027147);
#726=VECTOR('',#2540,2.73771324027147);
#727=VECTOR('',#2543,10.);
#728=VECTOR('',#2544,10.);
#729=VECTOR('',#2547,10.);
#730=VECTOR('',#2550,10.);
#731=VECTOR('',#2553,10.);
#732=VECTOR('',#2556,10.);
#733=VECTOR('',#2565,4.2);
#734=VECTOR('',#2572,8.);
#735=VECTOR('',#2585,0.61475);
#736=VECTOR('',#2590,1.2295);
#737=VECTOR('',#2595,1.66175);
#738=VECTOR('',#2600,3.3235);
#739=VECTOR('',#2627,6.);
#740=VERTEX_POINT('',#2683);
#741=VERTEX_POINT('',#2684);
#742=VERTEX_POINT('',#2686);
#743=VERTEX_POINT('',#2688);
#744=VERTEX_POINT('',#2692);
#745=VERTEX_POINT('',#2694);
#746=VERTEX_POINT('',#2698);
#747=VERTEX_POINT('',#2699);
#748=VERTEX_POINT('',#2704);
#749=VERTEX_POINT('',#2706);
#750=VERTEX_POINT('',#2710);
#751=VERTEX_POINT('',#2711);
#752=VERTEX_POINT('',#2716);
#753=VERTEX_POINT('',#2718);
#754=VERTEX_POINT('',#2722);
#755=VERTEX_POINT('',#2723);
#756=VERTEX_POINT('',#2731);
#757=VERTEX_POINT('',#2733);
#758=VERTEX_POINT('',#2737);
#759=VERTEX_POINT('',#2741);
#760=VERTEX_POINT('',#2745);
#761=VERTEX_POINT('',#2749);
#762=VERTEX_POINT('',#2751);
#763=VERTEX_POINT('',#2753);
#764=VERTEX_POINT('',#2756);
#765=VERTEX_POINT('',#2758);
#766=VERTEX_POINT('',#2760);
#767=VERTEX_POINT('',#2763);
#768=VERTEX_POINT('',#2765);
#769=VERTEX_POINT('',#2767);
#770=VERTEX_POINT('',#2776);
#771=VERTEX_POINT('',#2780);
#772=VERTEX_POINT('',#2791);
#773=VERTEX_POINT('',#2792);
#774=VERTEX_POINT('',#2794);
#775=VERTEX_POINT('',#2796);
#776=VERTEX_POINT('',#2800);
#777=VERTEX_POINT('',#2802);
#778=VERTEX_POINT('',#2806);
#779=VERTEX_POINT('',#2807);
#780=VERTEX_POINT('',#2815);
#781=VERTEX_POINT('',#2817);
#782=VERTEX_POINT('',#2821);
#783=VERTEX_POINT('',#2825);
#784=VERTEX_POINT('',#2827);
#785=VERTEX_POINT('',#2829);
#786=VERTEX_POINT('',#2832);
#787=VERTEX_POINT('',#2834);
#788=VERTEX_POINT('',#2838);
#789=VERTEX_POINT('',#2840);
#790=VERTEX_POINT('',#2844);
#791=VERTEX_POINT('',#2853);
#792=VERTEX_POINT('',#2855);
#793=VERTEX_POINT('',#2857);
#794=VERTEX_POINT('',#2868);
#795=VERTEX_POINT('',#2870);
#796=VERTEX_POINT('',#2873);
#797=VERTEX_POINT('',#2877);
#798=VERTEX_POINT('',#2909);
#799=VERTEX_POINT('',#2911);
#800=VERTEX_POINT('',#2915);
#801=VERTEX_POINT('',#2922);
#802=VERTEX_POINT('',#2923);
#803=VERTEX_POINT('',#2926);
#804=VERTEX_POINT('',#2930);
#805=VERTEX_POINT('',#2932);
#806=VERTEX_POINT('',#2936);
#807=VERTEX_POINT('',#2939);
#808=VERTEX_POINT('',#2943);
#809=VERTEX_POINT('',#2946);
#810=VERTEX_POINT('',#2948);
#811=VERTEX_POINT('',#2952);
#812=VERTEX_POINT('',#2956);
#813=VERTEX_POINT('',#2958);
#814=VERTEX_POINT('',#2960);
#815=VERTEX_POINT('',#2964);
#816=VERTEX_POINT('',#2966);
#817=VERTEX_POINT('',#2974);
#818=VERTEX_POINT('',#2976);
#819=VERTEX_POINT('',#2978);
#820=VERTEX_POINT('',#2982);
#821=VERTEX_POINT('',#2983);
#822=VERTEX_POINT('',#2988);
#823=VERTEX_POINT('',#2991);
#824=VERTEX_POINT('',#2996);
#825=VERTEX_POINT('',#2997);
#826=VERTEX_POINT('',#3000);
#827=VERTEX_POINT('',#3004);
#828=VERTEX_POINT('',#3005);
#829=VERTEX_POINT('',#3007);
#830=VERTEX_POINT('',#3009);
#831=VERTEX_POINT('',#3011);
#832=VERTEX_POINT('',#3013);
#833=VERTEX_POINT('',#3019);
#834=VERTEX_POINT('',#3020);
#835=VERTEX_POINT('',#3027);
#836=VERTEX_POINT('',#3033);
#837=VERTEX_POINT('',#3039);
#838=VERTEX_POINT('',#3045);
#839=VERTEX_POINT('',#3049);
#840=VERTEX_POINT('',#3059);
#841=VERTEX_POINT('',#3063);
#842=VERTEX_POINT('',#3065);
#843=VERTEX_POINT('',#3069);
#844=VERTEX_POINT('',#3070);
#845=VERTEX_POINT('',#3075);
#846=VERTEX_POINT('',#3078);
#847=VERTEX_POINT('',#3082);
#848=VERTEX_POINT('',#3085);
#849=VERTEX_POINT('',#3086);
#850=VERTEX_POINT('',#3090);
#851=VERTEX_POINT('',#3094);
#852=VERTEX_POINT('',#3098);
#853=VERTEX_POINT('',#3102);
#854=VERTEX_POINT('',#3111);
#855=VERTEX_POINT('',#3113);
#856=VERTEX_POINT('',#3117);
#857=VERTEX_POINT('',#3121);
#858=VERTEX_POINT('',#3125);
#859=VERTEX_POINT('',#3129);
#860=VERTEX_POINT('',#3150);
#861=VERTEX_POINT('',#3152);
#862=VERTEX_POINT('',#3156);
#863=VERTEX_POINT('',#3158);
#864=VERTEX_POINT('',#3165);
#865=VERTEX_POINT('',#3167);
#866=VERTEX_POINT('',#3170);
#867=VERTEX_POINT('',#3174);
#868=VERTEX_POINT('',#3176);
#869=VERTEX_POINT('',#3179);
#870=VERTEX_POINT('',#3183);
#871=VERTEX_POINT('',#3185);
#872=VERTEX_POINT('',#3189);
#873=VERTEX_POINT('',#3193);
#874=VERTEX_POINT('',#3194);
#875=VERTEX_POINT('',#3199);
#876=VERTEX_POINT('',#3200);
#877=VERTEX_POINT('',#3205);
#878=VERTEX_POINT('',#3209);
#879=VERTEX_POINT('',#3213);
#880=EDGE_CURVE('',#740,#741,#540,.T.);
#881=EDGE_CURVE('',#741,#742,#541,.T.);
#882=EDGE_CURVE('',#742,#743,#542,.T.);
#883=EDGE_CURVE('',#743,#740,#543,.T.);
#884=EDGE_CURVE('',#740,#744,#184,.T.);
#885=EDGE_CURVE('',#744,#745,#544,.T.);
#886=EDGE_CURVE('',#745,#741,#185,.T.);
#887=EDGE_CURVE('',#746,#747,#545,.T.);
#888=EDGE_CURVE('',#747,#745,#546,.T.);
#889=EDGE_CURVE('',#744,#746,#547,.T.);
#890=EDGE_CURVE('',#746,#748,#186,.T.);
#891=EDGE_CURVE('',#748,#749,#548,.T.);
#892=EDGE_CURVE('',#749,#747,#187,.T.);
#893=EDGE_CURVE('',#750,#751,#549,.T.);
#894=EDGE_CURVE('',#751,#749,#550,.T.);
#895=EDGE_CURVE('',#748,#750,#551,.T.);
#896=EDGE_CURVE('',#750,#752,#188,.T.);
#897=EDGE_CURVE('',#752,#753,#552,.T.);
#898=EDGE_CURVE('',#753,#751,#189,.T.);
#899=EDGE_CURVE('',#754,#755,#553,.T.);
#900=EDGE_CURVE('',#755,#753,#554,.T.);
#901=EDGE_CURVE('',#752,#754,#555,.T.);
#902=EDGE_CURVE('',#754,#743,#190,.T.);
#903=EDGE_CURVE('',#742,#755,#191,.T.);
#904=EDGE_CURVE('',#746,#756,#556,.T.);
#905=EDGE_CURVE('',#756,#757,#192,.T.);
#906=EDGE_CURVE('',#757,#748,#557,.T.);
#907=EDGE_CURVE('',#758,#744,#558,.T.);
#908=EDGE_CURVE('',#756,#758,#559,.T.);
#909=EDGE_CURVE('',#740,#759,#560,.T.);
#910=EDGE_CURVE('',#759,#758,#193,.T.);
#911=EDGE_CURVE('',#760,#743,#561,.T.);
#912=EDGE_CURVE('',#759,#760,#562,.T.);
#913=EDGE_CURVE('',#761,#761,#194,.T.);
#914=EDGE_CURVE('',#762,#762,#195,.T.);
#915=EDGE_CURVE('',#763,#763,#196,.T.);
#916=EDGE_CURVE('',#764,#760,#197,.T.);
#917=EDGE_CURVE('',#764,#765,#563,.T.);
#918=EDGE_CURVE('',#766,#765,#198,.T.);
#919=EDGE_CURVE('',#766,#757,#564,.T.);
#920=EDGE_CURVE('',#767,#767,#199,.T.);
#921=EDGE_CURVE('',#768,#768,#200,.T.);
#922=EDGE_CURVE('',#769,#769,#201,.T.);
#923=EDGE_CURVE('',#750,#766,#565,.T.);
#924=EDGE_CURVE('',#765,#752,#566,.T.);
#925=EDGE_CURVE('',#754,#764,#567,.T.);
#926=EDGE_CURVE('',#763,#770,#568,.T.);
#927=EDGE_CURVE('',#770,#770,#202,.T.);
#928=EDGE_CURVE('',#771,#771,#203,.T.);
#929=EDGE_CURVE('',#762,#767,#569,.T.);
#930=EDGE_CURVE('',#761,#768,#570,.T.);
#931=EDGE_CURVE('',#771,#769,#571,.T.);
#932=EDGE_CURVE('',#772,#773,#572,.T.);
#933=EDGE_CURVE('',#773,#774,#573,.T.);
#934=EDGE_CURVE('',#774,#775,#574,.T.);
#935=EDGE_CURVE('',#775,#772,#575,.T.);
#936=EDGE_CURVE('',#772,#776,#204,.T.);
#937=EDGE_CURVE('',#776,#777,#576,.T.);
#938=EDGE_CURVE('',#777,#773,#205,.T.);
#939=EDGE_CURVE('',#778,#779,#577,.T.);
#940=EDGE_CURVE('',#779,#777,#578,.T.);
#941=EDGE_CURVE('',#776,#778,#579,.T.);
#942=EDGE_CURVE('',#778,#775,#206,.T.);
#943=EDGE_CURVE('',#774,#779,#207,.T.);
#944=EDGE_CURVE('',#772,#780,#580,.T.);
#945=EDGE_CURVE('',#781,#780,#208,.T.);
#946=EDGE_CURVE('',#781,#776,#581,.T.);
#947=EDGE_CURVE('',#782,#775,#582,.T.);
#948=EDGE_CURVE('',#780,#782,#583,.T.);
#949=EDGE_CURVE('',#783,#783,#209,.T.);
#950=EDGE_CURVE('',#784,#784,#210,.T.);
#951=EDGE_CURVE('',#785,#785,#211,.T.);
#952=EDGE_CURVE('',#782,#786,#584,.T.);
#953=EDGE_CURVE('',#786,#787,#585,.T.);
#954=EDGE_CURVE('',#787,#780,#586,.T.);
#955=EDGE_CURVE('',#782,#788,#212,.T.);
#956=EDGE_CURVE('',#788,#789,#587,.T.);
#957=EDGE_CURVE('',#789,#786,#213,.T.);
#958=EDGE_CURVE('',#781,#790,#588,.T.);
#959=EDGE_CURVE('',#790,#789,#589,.T.);
#960=EDGE_CURVE('',#788,#781,#590,.T.);
#961=EDGE_CURVE('',#787,#790,#214,.T.);
#962=EDGE_CURVE('',#778,#788,#591,.T.);
#963=EDGE_CURVE('',#791,#791,#215,.T.);
#964=EDGE_CURVE('',#792,#792,#216,.T.);
#965=EDGE_CURVE('',#793,#793,#217,.T.);
#966=EDGE_CURVE('',#791,#783,#592,.T.);
#967=EDGE_CURVE('',#792,#784,#593,.T.);
#968=EDGE_CURVE('',#793,#785,#594,.T.);
#969=EDGE_CURVE('',#794,#794,#218,.T.);
#970=EDGE_CURVE('',#795,#795,#219,.T.);
#971=EDGE_CURVE('',#796,#796,#220,.T.);
#972=EDGE_CURVE('',#796,#795,#595,.T.);
#973=EDGE_CURVE('',#797,#797,#221,.T.);
#974=EDGE_CURVE('',#797,#794,#596,.T.);
#975=EDGE_CURVE('',#798,#798,#222,.T.);
#976=EDGE_CURVE('',#798,#799,#223,.T.);
#977=EDGE_CURVE('',#799,#799,#224,.T.);
#978=EDGE_CURVE('',#799,#800,#597,.T.);
#979=EDGE_CURVE('',#800,#800,#225,.T.);
#980=EDGE_CURVE('',#801,#802,#226,.T.);
#981=EDGE_CURVE('',#802,#801,#227,.T.);
#982=EDGE_CURVE('',#801,#803,#598,.T.);
#983=EDGE_CURVE('',#803,#803,#228,.T.);
#984=EDGE_CURVE('',#802,#804,#599,.T.);
#985=EDGE_CURVE('',#805,#804,#229,.T.);
#986=EDGE_CURVE('',#804,#805,#230,.T.);
#987=EDGE_CURVE('',#806,#806,#231,.T.);
#988=EDGE_CURVE('',#807,#807,#232,.T.);
#989=EDGE_CURVE('',#807,#805,#600,.T.);
#990=EDGE_CURVE('',#808,#808,#233,.T.);
#991=EDGE_CURVE('',#806,#809,#601,.T.);
#992=EDGE_CURVE('',#809,#810,#234,.T.);
#993=EDGE_CURVE('',#810,#809,#235,.T.);
#994=EDGE_CURVE('',#810,#811,#602,.T.);
#995=EDGE_CURVE('',#811,#811,#236,.T.);
#996=EDGE_CURVE('',#812,#812,#237,.T.);
#997=EDGE_CURVE('',#812,#813,#603,.T.);
#998=EDGE_CURVE('',#813,#814,#238,.T.);
#999=EDGE_CURVE('',#814,#813,#239,.T.);
#1000=EDGE_CURVE('',#814,#815,#604,.T.);
#1001=EDGE_CURVE('',#816,#815,#240,.T.);
#1002=EDGE_CURVE('',#815,#816,#241,.T.);
#1003=EDGE_CURVE('',#816,#808,#605,.T.);
#1004=EDGE_CURVE('',#817,#817,#242,.T.);
#1005=EDGE_CURVE('',#817,#818,#243,.T.);
#1006=EDGE_CURVE('',#818,#819,#244,.T.);
#1007=EDGE_CURVE('',#819,#818,#245,.T.);
#1008=EDGE_CURVE('',#820,#821,#246,.T.);
#1009=EDGE_CURVE('',#821,#820,#247,.T.);
#1010=EDGE_CURVE('',#821,#819,#606,.T.);
#1011=EDGE_CURVE('',#822,#822,#248,.T.);
#1012=EDGE_CURVE('',#823,#823,#249,.T.);
#1013=EDGE_CURVE('',#823,#820,#607,.T.);
#1014=EDGE_CURVE('',#824,#825,#250,.T.);
#1015=EDGE_CURVE('',#825,#824,#251,.T.);
#1016=EDGE_CURVE('',#824,#826,#252,.T.);
#1017=EDGE_CURVE('',#826,#826,#253,.T.);
#1018=EDGE_CURVE('',#827,#828,#608,.T.);
#1019=EDGE_CURVE('',#828,#829,#609,.T.);
#1020=EDGE_CURVE('',#829,#830,#610,.T.);
#1021=EDGE_CURVE('',#830,#831,#611,.T.);
#1022=EDGE_CURVE('',#831,#832,#612,.T.);
#1023=EDGE_CURVE('',#832,#827,#613,.T.);
#1024=EDGE_CURVE('',#822,#825,#614,.T.);
#1025=EDGE_CURVE('',#833,#834,#67,.T.);
#1026=EDGE_CURVE('',#833,#832,#615,.T.);
#1027=EDGE_CURVE('',#834,#831,#616,.T.);
#1028=EDGE_CURVE('',#835,#833,#68,.T.);
#1029=EDGE_CURVE('',#835,#827,#617,.T.);
#1030=EDGE_CURVE('',#836,#835,#69,.T.);
#1031=EDGE_CURVE('',#836,#828,#618,.T.);
#1032=EDGE_CURVE('',#837,#836,#70,.T.);
#1033=EDGE_CURVE('',#829,#837,#619,.T.);
#1034=EDGE_CURVE('',#834,#838,#71,.T.);
#1035=EDGE_CURVE('',#839,#830,#620,.T.);
#1036=EDGE_CURVE('',#838,#839,#72,.T.);
#1037=EDGE_CURVE('',#839,#837,#73,.T.);
#1038=EDGE_CURVE('',#840,#838,#621,.T.);
#1039=EDGE_CURVE('',#841,#841,#254,.T.);
#1040=EDGE_CURVE('',#841,#842,#622,.T.);
#1041=EDGE_CURVE('',#842,#842,#255,.T.);
#1042=EDGE_CURVE('',#843,#844,#256,.T.);
#1043=EDGE_CURVE('',#844,#843,#257,.T.);
#1044=EDGE_CURVE('',#844,#842,#623,.T.);
#1045=EDGE_CURVE('',#845,#845,#258,.T.);
#1046=EDGE_CURVE('',#846,#846,#259,.T.);
#1047=EDGE_CURVE('',#846,#843,#624,.T.);
#1048=EDGE_CURVE('',#847,#847,#260,.T.);
#1049=EDGE_CURVE('',#848,#849,#74,.T.);
#1050=EDGE_CURVE('',#850,#848,#75,.T.);
#1051=EDGE_CURVE('',#851,#850,#76,.T.);
#1052=EDGE_CURVE('',#852,#851,#77,.T.);
#1053=EDGE_CURVE('',#853,#852,#78,.T.);
#1054=EDGE_CURVE('',#853,#845,#625,.T.);
#1055=EDGE_CURVE('',#849,#853,#79,.T.);
#1056=EDGE_CURVE('',#847,#854,#626,.T.);
#1057=EDGE_CURVE('',#855,#854,#80,.T.);
#1058=EDGE_CURVE('',#856,#855,#81,.T.);
#1059=EDGE_CURVE('',#857,#856,#82,.T.);
#1060=EDGE_CURVE('',#858,#857,#83,.T.);
#1061=EDGE_CURVE('',#859,#858,#84,.T.);
#1062=EDGE_CURVE('',#854,#859,#85,.T.);
#1063=EDGE_CURVE('',#850,#857,#627,.T.);
#1064=EDGE_CURVE('',#851,#856,#628,.T.);
#1065=EDGE_CURVE('',#852,#855,#629,.T.);
#1066=EDGE_CURVE('',#848,#858,#630,.T.);
#1067=EDGE_CURVE('',#849,#859,#631,.T.);
#1068=EDGE_CURVE('',#853,#854,#632,.T.);
#1069=EDGE_CURVE('',#860,#860,#261,.T.);
#1070=EDGE_CURVE('',#860,#861,#633,.T.);
#1071=EDGE_CURVE('',#861,#861,#262,.T.);
#1072=EDGE_CURVE('',#862,#862,#263,.T.);
#1073=EDGE_CURVE('',#862,#863,#634,.T.);
#1074=EDGE_CURVE('',#863,#863,#264,.T.);
#1075=EDGE_CURVE('',#864,#864,#265,.T.);
#1076=EDGE_CURVE('',#864,#865,#635,.T.);
#1077=EDGE_CURVE('',#866,#866,#266,.T.);
#1078=EDGE_CURVE('',#866,#864,#636,.T.);
#1079=EDGE_CURVE('',#867,#867,#267,.T.);
#1080=EDGE_CURVE('',#867,#868,#637,.T.);
#1081=EDGE_CURVE('',#869,#869,#268,.T.);
#1082=EDGE_CURVE('',#869,#867,#638,.T.);
#1083=EDGE_CURVE('',#870,#870,#269,.T.);
#1084=EDGE_CURVE('',#870,#871,#270,.T.);
#1085=EDGE_CURVE('',#871,#871,#271,.T.);
#1086=EDGE_CURVE('',#870,#872,#272,.T.);
#1087=EDGE_CURVE('',#872,#872,#273,.T.);
#1088=EDGE_CURVE('',#873,#874,#274,.T.);
#1089=EDGE_CURVE('',#874,#873,#275,.T.);
#1090=EDGE_CURVE('',#874,#872,#276,.T.);
#1091=EDGE_CURVE('',#875,#876,#277,.T.);
#1092=EDGE_CURVE('',#875,#873,#639,.T.);
#1093=EDGE_CURVE('',#876,#875,#278,.T.);
#1094=EDGE_CURVE('',#877,#877,#279,.T.);
#1095=EDGE_CURVE('',#877,#876,#280,.T.);
#1096=EDGE_CURVE('',#877,#878,#281,.T.);
#1097=EDGE_CURVE('',#878,#878,#282,.T.);
#1098=EDGE_CURVE('',#879,#879,#283,.T.);
#1099=EDGE_CURVE('',#879,#878,#284,.T.);
#1100=ORIENTED_EDGE('',*,*,#880,.T.);
#1101=ORIENTED_EDGE('',*,*,#881,.T.);
#1102=ORIENTED_EDGE('',*,*,#882,.T.);
#1103=ORIENTED_EDGE('',*,*,#883,.T.);
#1104=ORIENTED_EDGE('',*,*,#880,.F.);
#1105=ORIENTED_EDGE('',*,*,#884,.T.);
#1106=ORIENTED_EDGE('',*,*,#885,.T.);
#1107=ORIENTED_EDGE('',*,*,#886,.T.);
#1108=ORIENTED_EDGE('',*,*,#887,.T.);
#1109=ORIENTED_EDGE('',*,*,#888,.T.);
#1110=ORIENTED_EDGE('',*,*,#885,.F.);
#1111=ORIENTED_EDGE('',*,*,#889,.T.);
#1112=ORIENTED_EDGE('',*,*,#887,.F.);
#1113=ORIENTED_EDGE('',*,*,#890,.T.);
#1114=ORIENTED_EDGE('',*,*,#891,.T.);
#1115=ORIENTED_EDGE('',*,*,#892,.T.);
#1116=ORIENTED_EDGE('',*,*,#893,.T.);
#1117=ORIENTED_EDGE('',*,*,#894,.T.);
#1118=ORIENTED_EDGE('',*,*,#891,.F.);
#1119=ORIENTED_EDGE('',*,*,#895,.T.);
#1120=ORIENTED_EDGE('',*,*,#893,.F.);
#1121=ORIENTED_EDGE('',*,*,#896,.T.);
#1122=ORIENTED_EDGE('',*,*,#897,.T.);
#1123=ORIENTED_EDGE('',*,*,#898,.T.);
#1124=ORIENTED_EDGE('',*,*,#899,.T.);
#1125=ORIENTED_EDGE('',*,*,#900,.T.);
#1126=ORIENTED_EDGE('',*,*,#897,.F.);
#1127=ORIENTED_EDGE('',*,*,#901,.T.);
#1128=ORIENTED_EDGE('',*,*,#899,.F.);
#1129=ORIENTED_EDGE('',*,*,#902,.T.);
#1130=ORIENTED_EDGE('',*,*,#882,.F.);
#1131=ORIENTED_EDGE('',*,*,#903,.T.);
#1132=ORIENTED_EDGE('',*,*,#890,.F.);
#1133=ORIENTED_EDGE('',*,*,#904,.T.);
#1134=ORIENTED_EDGE('',*,*,#905,.T.);
#1135=ORIENTED_EDGE('',*,*,#906,.T.);
#1136=ORIENTED_EDGE('',*,*,#889,.F.);
#1137=ORIENTED_EDGE('',*,*,#907,.F.);
#1138=ORIENTED_EDGE('',*,*,#908,.F.);
#1139=ORIENTED_EDGE('',*,*,#904,.F.);
#1140=ORIENTED_EDGE('',*,*,#884,.F.);
#1141=ORIENTED_EDGE('',*,*,#909,.T.);
#1142=ORIENTED_EDGE('',*,*,#910,.T.);
#1143=ORIENTED_EDGE('',*,*,#907,.T.);
#1144=ORIENTED_EDGE('',*,*,#883,.F.);
#1145=ORIENTED_EDGE('',*,*,#911,.F.);
#1146=ORIENTED_EDGE('',*,*,#912,.F.);
#1147=ORIENTED_EDGE('',*,*,#909,.F.);
#1148=ORIENTED_EDGE('',*,*,#881,.F.);
#1149=ORIENTED_EDGE('',*,*,#886,.F.);
#1150=ORIENTED_EDGE('',*,*,#888,.F.);
#1151=ORIENTED_EDGE('',*,*,#892,.F.);
#1152=ORIENTED_EDGE('',*,*,#894,.F.);
#1153=ORIENTED_EDGE('',*,*,#898,.F.);
#1154=ORIENTED_EDGE('',*,*,#900,.F.);
#1155=ORIENTED_EDGE('',*,*,#903,.F.);
#1156=ORIENTED_EDGE('',*,*,#913,.T.);
#1157=ORIENTED_EDGE('',*,*,#914,.T.);
#1158=ORIENTED_EDGE('',*,*,#915,.T.);
#1159=ORIENTED_EDGE('',*,*,#905,.F.);
#1160=ORIENTED_EDGE('',*,*,#908,.T.);
#1161=ORIENTED_EDGE('',*,*,#910,.F.);
#1162=ORIENTED_EDGE('',*,*,#912,.T.);
#1163=ORIENTED_EDGE('',*,*,#916,.F.);
#1164=ORIENTED_EDGE('',*,*,#917,.T.);
#1165=ORIENTED_EDGE('',*,*,#918,.F.);
#1166=ORIENTED_EDGE('',*,*,#919,.T.);
#1167=ORIENTED_EDGE('',*,*,#920,.T.);
#1168=ORIENTED_EDGE('',*,*,#921,.T.);
#1169=ORIENTED_EDGE('',*,*,#922,.T.);
#1170=ORIENTED_EDGE('',*,*,#896,.F.);
#1171=ORIENTED_EDGE('',*,*,#923,.T.);
#1172=ORIENTED_EDGE('',*,*,#918,.T.);
#1173=ORIENTED_EDGE('',*,*,#924,.T.);
#1174=ORIENTED_EDGE('',*,*,#901,.F.);
#1175=ORIENTED_EDGE('',*,*,#924,.F.);
#1176=ORIENTED_EDGE('',*,*,#917,.F.);
#1177=ORIENTED_EDGE('',*,*,#925,.F.);
#1178=ORIENTED_EDGE('',*,*,#902,.F.);
#1179=ORIENTED_EDGE('',*,*,#925,.T.);
#1180=ORIENTED_EDGE('',*,*,#916,.T.);
#1181=ORIENTED_EDGE('',*,*,#911,.T.);
#1182=ORIENTED_EDGE('',*,*,#915,.F.);
#1183=ORIENTED_EDGE('',*,*,#926,.T.);
#1184=ORIENTED_EDGE('',*,*,#927,.T.);
#1185=ORIENTED_EDGE('',*,*,#926,.F.);
#1186=ORIENTED_EDGE('',*,*,#927,.F.);
#1187=ORIENTED_EDGE('',*,*,#928,.F.);
#1188=ORIENTED_EDGE('',*,*,#914,.F.);
#1189=ORIENTED_EDGE('',*,*,#929,.T.);
#1190=ORIENTED_EDGE('',*,*,#920,.F.);
#1191=ORIENTED_EDGE('',*,*,#929,.F.);
#1192=ORIENTED_EDGE('',*,*,#913,.F.);
#1193=ORIENTED_EDGE('',*,*,#930,.T.);
#1194=ORIENTED_EDGE('',*,*,#921,.F.);
#1195=ORIENTED_EDGE('',*,*,#930,.F.);
#1196=ORIENTED_EDGE('',*,*,#928,.T.);
#1197=ORIENTED_EDGE('',*,*,#931,.T.);
#1198=ORIENTED_EDGE('',*,*,#922,.F.);
#1199=ORIENTED_EDGE('',*,*,#931,.F.);
#1200=ORIENTED_EDGE('',*,*,#895,.F.);
#1201=ORIENTED_EDGE('',*,*,#906,.F.);
#1202=ORIENTED_EDGE('',*,*,#919,.F.);
#1203=ORIENTED_EDGE('',*,*,#923,.F.);
#1204=ORIENTED_EDGE('',*,*,#932,.T.);
#1205=ORIENTED_EDGE('',*,*,#933,.T.);
#1206=ORIENTED_EDGE('',*,*,#934,.T.);
#1207=ORIENTED_EDGE('',*,*,#935,.T.);
#1208=ORIENTED_EDGE('',*,*,#932,.F.);
#1209=ORIENTED_EDGE('',*,*,#936,.T.);
#1210=ORIENTED_EDGE('',*,*,#937,.T.);
#1211=ORIENTED_EDGE('',*,*,#938,.T.);
#1212=ORIENTED_EDGE('',*,*,#939,.T.);
#1213=ORIENTED_EDGE('',*,*,#940,.T.);
#1214=ORIENTED_EDGE('',*,*,#937,.F.);
#1215=ORIENTED_EDGE('',*,*,#941,.T.);
#1216=ORIENTED_EDGE('',*,*,#939,.F.);
#1217=ORIENTED_EDGE('',*,*,#942,.T.);
#1218=ORIENTED_EDGE('',*,*,#934,.F.);
#1219=ORIENTED_EDGE('',*,*,#943,.T.);
#1220=ORIENTED_EDGE('',*,*,#936,.F.);
#1221=ORIENTED_EDGE('',*,*,#944,.T.);
#1222=ORIENTED_EDGE('',*,*,#945,.F.);
#1223=ORIENTED_EDGE('',*,*,#946,.T.);
#1224=ORIENTED_EDGE('',*,*,#935,.F.);
#1225=ORIENTED_EDGE('',*,*,#947,.F.);
#1226=ORIENTED_EDGE('',*,*,#948,.F.);
#1227=ORIENTED_EDGE('',*,*,#944,.F.);
#1228=ORIENTED_EDGE('',*,*,#933,.F.);
#1229=ORIENTED_EDGE('',*,*,#938,.F.);
#1230=ORIENTED_EDGE('',*,*,#940,.F.);
#1231=ORIENTED_EDGE('',*,*,#943,.F.);
#1232=ORIENTED_EDGE('',*,*,#949,.T.);
#1233=ORIENTED_EDGE('',*,*,#950,.T.);
#1234=ORIENTED_EDGE('',*,*,#951,.T.);
#1235=ORIENTED_EDGE('',*,*,#952,.T.);
#1236=ORIENTED_EDGE('',*,*,#953,.T.);
#1237=ORIENTED_EDGE('',*,*,#954,.T.);
#1238=ORIENTED_EDGE('',*,*,#948,.T.);
#1239=ORIENTED_EDGE('',*,*,#952,.F.);
#1240=ORIENTED_EDGE('',*,*,#955,.T.);
#1241=ORIENTED_EDGE('',*,*,#956,.T.);
#1242=ORIENTED_EDGE('',*,*,#957,.T.);
#1243=ORIENTED_EDGE('',*,*,#958,.T.);
#1244=ORIENTED_EDGE('',*,*,#959,.T.);
#1245=ORIENTED_EDGE('',*,*,#956,.F.);
#1246=ORIENTED_EDGE('',*,*,#960,.T.);
#1247=ORIENTED_EDGE('',*,*,#958,.F.);
#1248=ORIENTED_EDGE('',*,*,#945,.T.);
#1249=ORIENTED_EDGE('',*,*,#954,.F.);
#1250=ORIENTED_EDGE('',*,*,#961,.T.);
#1251=ORIENTED_EDGE('',*,*,#942,.F.);
#1252=ORIENTED_EDGE('',*,*,#962,.T.);
#1253=ORIENTED_EDGE('',*,*,#955,.F.);
#1254=ORIENTED_EDGE('',*,*,#947,.T.);
#1255=ORIENTED_EDGE('',*,*,#953,.F.);
#1256=ORIENTED_EDGE('',*,*,#957,.F.);
#1257=ORIENTED_EDGE('',*,*,#959,.F.);
#1258=ORIENTED_EDGE('',*,*,#961,.F.);
#1259=ORIENTED_EDGE('',*,*,#963,.T.);
#1260=ORIENTED_EDGE('',*,*,#964,.T.);
#1261=ORIENTED_EDGE('',*,*,#965,.T.);
#1262=ORIENTED_EDGE('',*,*,#963,.F.);
#1263=ORIENTED_EDGE('',*,*,#966,.T.);
#1264=ORIENTED_EDGE('',*,*,#949,.F.);
#1265=ORIENTED_EDGE('',*,*,#966,.F.);
#1266=ORIENTED_EDGE('',*,*,#964,.F.);
#1267=ORIENTED_EDGE('',*,*,#967,.T.);
#1268=ORIENTED_EDGE('',*,*,#950,.F.);
#1269=ORIENTED_EDGE('',*,*,#967,.F.);
#1270=ORIENTED_EDGE('',*,*,#965,.F.);
#1271=ORIENTED_EDGE('',*,*,#968,.T.);
#1272=ORIENTED_EDGE('',*,*,#951,.F.);
#1273=ORIENTED_EDGE('',*,*,#968,.F.);
#1274=ORIENTED_EDGE('',*,*,#941,.F.);
#1275=ORIENTED_EDGE('',*,*,#946,.F.);
#1276=ORIENTED_EDGE('',*,*,#960,.F.);
#1277=ORIENTED_EDGE('',*,*,#962,.F.);
#1278=ORIENTED_EDGE('',*,*,#969,.T.);
#1279=ORIENTED_EDGE('',*,*,#970,.T.);
#1280=ORIENTED_EDGE('',*,*,#971,.F.);
#1281=ORIENTED_EDGE('',*,*,#972,.T.);
#1282=ORIENTED_EDGE('',*,*,#970,.F.);
#1283=ORIENTED_EDGE('',*,*,#972,.F.);
#1284=ORIENTED_EDGE('',*,*,#973,.F.);
#1285=ORIENTED_EDGE('',*,*,#974,.T.);
#1286=ORIENTED_EDGE('',*,*,#969,.F.);
#1287=ORIENTED_EDGE('',*,*,#974,.F.);
#1288=ORIENTED_EDGE('',*,*,#973,.T.);
#1289=ORIENTED_EDGE('',*,*,#971,.T.);
#1290=ORIENTED_EDGE('',*,*,#975,.T.);
#1291=ORIENTED_EDGE('',*,*,#976,.T.);
#1292=ORIENTED_EDGE('',*,*,#977,.T.);
#1293=ORIENTED_EDGE('',*,*,#976,.F.);
#1294=ORIENTED_EDGE('',*,*,#977,.F.);
#1295=ORIENTED_EDGE('',*,*,#978,.T.);
#1296=ORIENTED_EDGE('',*,*,#979,.F.);
#1297=ORIENTED_EDGE('',*,*,#978,.F.);
#1298=ORIENTED_EDGE('',*,*,#975,.F.);
#1299=ORIENTED_EDGE('',*,*,#979,.T.);
#1300=ORIENTED_EDGE('',*,*,#980,.T.);
#1301=ORIENTED_EDGE('',*,*,#981,.T.);
#1302=ORIENTED_EDGE('',*,*,#982,.T.);
#1303=ORIENTED_EDGE('',*,*,#983,.T.);
#1304=ORIENTED_EDGE('',*,*,#982,.F.);
#1305=ORIENTED_EDGE('',*,*,#980,.F.);
#1306=ORIENTED_EDGE('',*,*,#981,.F.);
#1307=ORIENTED_EDGE('',*,*,#984,.T.);
#1308=ORIENTED_EDGE('',*,*,#985,.F.);
#1309=ORIENTED_EDGE('',*,*,#986,.F.);
#1310=ORIENTED_EDGE('',*,*,#984,.F.);
#1311=ORIENTED_EDGE('',*,*,#987,.F.);
#1312=ORIENTED_EDGE('',*,*,#983,.F.);
#1313=ORIENTED_EDGE('',*,*,#988,.T.);
#1314=ORIENTED_EDGE('',*,*,#989,.T.);
#1315=ORIENTED_EDGE('',*,*,#985,.T.);
#1316=ORIENTED_EDGE('',*,*,#986,.T.);
#1317=ORIENTED_EDGE('',*,*,#989,.F.);
#1318=ORIENTED_EDGE('',*,*,#990,.F.);
#1319=ORIENTED_EDGE('',*,*,#988,.F.);
#1320=ORIENTED_EDGE('',*,*,#987,.T.);
#1321=ORIENTED_EDGE('',*,*,#991,.T.);
#1322=ORIENTED_EDGE('',*,*,#992,.T.);
#1323=ORIENTED_EDGE('',*,*,#993,.T.);
#1324=ORIENTED_EDGE('',*,*,#991,.F.);
#1325=ORIENTED_EDGE('',*,*,#992,.F.);
#1326=ORIENTED_EDGE('',*,*,#993,.F.);
#1327=ORIENTED_EDGE('',*,*,#994,.T.);
#1328=ORIENTED_EDGE('',*,*,#995,.T.);
#1329=ORIENTED_EDGE('',*,*,#994,.F.);
#1330=ORIENTED_EDGE('',*,*,#996,.T.);
#1331=ORIENTED_EDGE('',*,*,#997,.T.);
#1332=ORIENTED_EDGE('',*,*,#998,.T.);
#1333=ORIENTED_EDGE('',*,*,#999,.T.);
#1334=ORIENTED_EDGE('',*,*,#997,.F.);
#1335=ORIENTED_EDGE('',*,*,#998,.F.);
#1336=ORIENTED_EDGE('',*,*,#999,.F.);
#1337=ORIENTED_EDGE('',*,*,#1000,.T.);
#1338=ORIENTED_EDGE('',*,*,#1001,.F.);
#1339=ORIENTED_EDGE('',*,*,#1002,.F.);
#1340=ORIENTED_EDGE('',*,*,#1000,.F.);
#1341=ORIENTED_EDGE('',*,*,#996,.F.);
#1342=ORIENTED_EDGE('',*,*,#995,.F.);
#1343=ORIENTED_EDGE('',*,*,#1001,.T.);
#1344=ORIENTED_EDGE('',*,*,#1002,.T.);
#1345=ORIENTED_EDGE('',*,*,#1003,.T.);
#1346=ORIENTED_EDGE('',*,*,#990,.T.);
#1347=ORIENTED_EDGE('',*,*,#1003,.F.);
#1348=ORIENTED_EDGE('',*,*,#1004,.T.);
#1349=ORIENTED_EDGE('',*,*,#1005,.T.);
#1350=ORIENTED_EDGE('',*,*,#1006,.T.);
#1351=ORIENTED_EDGE('',*,*,#1007,.T.);
#1352=ORIENTED_EDGE('',*,*,#1005,.F.);
#1353=ORIENTED_EDGE('',*,*,#1008,.F.);
#1354=ORIENTED_EDGE('',*,*,#1009,.F.);
#1355=ORIENTED_EDGE('',*,*,#1010,.T.);
#1356=ORIENTED_EDGE('',*,*,#1006,.F.);
#1357=ORIENTED_EDGE('',*,*,#1007,.F.);
#1358=ORIENTED_EDGE('',*,*,#1010,.F.);
#1359=ORIENTED_EDGE('',*,*,#1011,.T.);
#1360=ORIENTED_EDGE('',*,*,#1004,.F.);
#1361=ORIENTED_EDGE('',*,*,#1012,.T.);
#1362=ORIENTED_EDGE('',*,*,#1013,.T.);
#1363=ORIENTED_EDGE('',*,*,#1008,.T.);
#1364=ORIENTED_EDGE('',*,*,#1009,.T.);
#1365=ORIENTED_EDGE('',*,*,#1013,.F.);
#1366=ORIENTED_EDGE('',*,*,#1012,.F.);
#1367=ORIENTED_EDGE('',*,*,#1014,.T.);
#1368=ORIENTED_EDGE('',*,*,#1015,.T.);
#1369=ORIENTED_EDGE('',*,*,#1016,.T.);
#1370=ORIENTED_EDGE('',*,*,#1017,.T.);
#1371=ORIENTED_EDGE('',*,*,#1016,.F.);
#1372=ORIENTED_EDGE('',*,*,#1017,.F.);
#1373=ORIENTED_EDGE('',*,*,#1018,.T.);
#1374=ORIENTED_EDGE('',*,*,#1019,.T.);
#1375=ORIENTED_EDGE('',*,*,#1020,.T.);
#1376=ORIENTED_EDGE('',*,*,#1021,.T.);
#1377=ORIENTED_EDGE('',*,*,#1022,.T.);
#1378=ORIENTED_EDGE('',*,*,#1023,.T.);
#1379=ORIENTED_EDGE('',*,*,#1011,.F.);
#1380=ORIENTED_EDGE('',*,*,#1024,.T.);
#1381=ORIENTED_EDGE('',*,*,#1014,.F.);
#1382=ORIENTED_EDGE('',*,*,#1015,.F.);
#1383=ORIENTED_EDGE('',*,*,#1024,.F.);
#1384=ORIENTED_EDGE('',*,*,#1025,.F.);
#1385=ORIENTED_EDGE('',*,*,#1026,.T.);
#1386=ORIENTED_EDGE('',*,*,#1022,.F.);
#1387=ORIENTED_EDGE('',*,*,#1027,.F.);
#1388=ORIENTED_EDGE('',*,*,#1028,.F.);
#1389=ORIENTED_EDGE('',*,*,#1029,.T.);
#1390=ORIENTED_EDGE('',*,*,#1023,.F.);
#1391=ORIENTED_EDGE('',*,*,#1026,.F.);
#1392=ORIENTED_EDGE('',*,*,#1030,.F.);
#1393=ORIENTED_EDGE('',*,*,#1031,.T.);
#1394=ORIENTED_EDGE('',*,*,#1018,.F.);
#1395=ORIENTED_EDGE('',*,*,#1029,.F.);
#1396=ORIENTED_EDGE('',*,*,#1032,.F.);
#1397=ORIENTED_EDGE('',*,*,#1033,.F.);
#1398=ORIENTED_EDGE('',*,*,#1019,.F.);
#1399=ORIENTED_EDGE('',*,*,#1031,.F.);
#1400=ORIENTED_EDGE('',*,*,#1034,.F.);
#1401=ORIENTED_EDGE('',*,*,#1027,.T.);
#1402=ORIENTED_EDGE('',*,*,#1021,.F.);
#1403=ORIENTED_EDGE('',*,*,#1035,.F.);
#1404=ORIENTED_EDGE('',*,*,#1036,.F.);
#1405=ORIENTED_EDGE('',*,*,#1037,.F.);
#1406=ORIENTED_EDGE('',*,*,#1035,.T.);
#1407=ORIENTED_EDGE('',*,*,#1020,.F.);
#1408=ORIENTED_EDGE('',*,*,#1033,.T.);
#1409=ORIENTED_EDGE('',*,*,#1038,.T.);
#1410=ORIENTED_EDGE('',*,*,#1036,.T.);
#1411=ORIENTED_EDGE('',*,*,#1037,.T.);
#1412=ORIENTED_EDGE('',*,*,#1032,.T.);
#1413=ORIENTED_EDGE('',*,*,#1030,.T.);
#1414=ORIENTED_EDGE('',*,*,#1028,.T.);
#1415=ORIENTED_EDGE('',*,*,#1025,.T.);
#1416=ORIENTED_EDGE('',*,*,#1034,.T.);
#1417=ORIENTED_EDGE('',*,*,#1038,.F.);
#1418=ORIENTED_EDGE('',*,*,#1039,.T.);
#1419=ORIENTED_EDGE('',*,*,#1040,.T.);
#1420=ORIENTED_EDGE('',*,*,#1041,.T.);
#1421=ORIENTED_EDGE('',*,*,#1040,.F.);
#1422=ORIENTED_EDGE('',*,*,#1042,.F.);
#1423=ORIENTED_EDGE('',*,*,#1043,.F.);
#1424=ORIENTED_EDGE('',*,*,#1044,.T.);
#1425=ORIENTED_EDGE('',*,*,#1041,.F.);
#1426=ORIENTED_EDGE('',*,*,#1044,.F.);
#1427=ORIENTED_EDGE('',*,*,#1045,.T.);
#1428=ORIENTED_EDGE('',*,*,#1039,.F.);
#1429=ORIENTED_EDGE('',*,*,#1046,.T.);
#1430=ORIENTED_EDGE('',*,*,#1047,.T.);
#1431=ORIENTED_EDGE('',*,*,#1042,.T.);
#1432=ORIENTED_EDGE('',*,*,#1043,.T.);
#1433=ORIENTED_EDGE('',*,*,#1047,.F.);
#1434=ORIENTED_EDGE('',*,*,#1048,.T.);
#1435=ORIENTED_EDGE('',*,*,#1046,.F.);
#1436=ORIENTED_EDGE('',*,*,#1049,.F.);
#1437=ORIENTED_EDGE('',*,*,#1050,.F.);
#1438=ORIENTED_EDGE('',*,*,#1051,.F.);
#1439=ORIENTED_EDGE('',*,*,#1052,.F.);
#1440=ORIENTED_EDGE('',*,*,#1053,.F.);
#1441=ORIENTED_EDGE('',*,*,#1054,.T.);
#1442=ORIENTED_EDGE('',*,*,#1045,.F.);
#1443=ORIENTED_EDGE('',*,*,#1054,.F.);
#1444=ORIENTED_EDGE('',*,*,#1055,.F.);
#1445=ORIENTED_EDGE('',*,*,#1048,.F.);
#1446=ORIENTED_EDGE('',*,*,#1056,.T.);
#1447=ORIENTED_EDGE('',*,*,#1057,.F.);
#1448=ORIENTED_EDGE('',*,*,#1058,.F.);
#1449=ORIENTED_EDGE('',*,*,#1059,.F.);
#1450=ORIENTED_EDGE('',*,*,#1060,.F.);
#1451=ORIENTED_EDGE('',*,*,#1061,.F.);
#1452=ORIENTED_EDGE('',*,*,#1062,.F.);
#1453=ORIENTED_EDGE('',*,*,#1056,.F.);
#1454=ORIENTED_EDGE('',*,*,#1051,.T.);
#1455=ORIENTED_EDGE('',*,*,#1063,.T.);
#1456=ORIENTED_EDGE('',*,*,#1059,.T.);
#1457=ORIENTED_EDGE('',*,*,#1064,.F.);
#1458=ORIENTED_EDGE('',*,*,#1052,.T.);
#1459=ORIENTED_EDGE('',*,*,#1064,.T.);
#1460=ORIENTED_EDGE('',*,*,#1058,.T.);
#1461=ORIENTED_EDGE('',*,*,#1065,.F.);
#1462=ORIENTED_EDGE('',*,*,#1050,.T.);
#1463=ORIENTED_EDGE('',*,*,#1066,.T.);
#1464=ORIENTED_EDGE('',*,*,#1060,.T.);
#1465=ORIENTED_EDGE('',*,*,#1063,.F.);
#1466=ORIENTED_EDGE('',*,*,#1049,.T.);
#1467=ORIENTED_EDGE('',*,*,#1067,.T.);
#1468=ORIENTED_EDGE('',*,*,#1061,.T.);
#1469=ORIENTED_EDGE('',*,*,#1066,.F.);
#1470=ORIENTED_EDGE('',*,*,#1053,.T.);
#1471=ORIENTED_EDGE('',*,*,#1065,.T.);
#1472=ORIENTED_EDGE('',*,*,#1057,.T.);
#1473=ORIENTED_EDGE('',*,*,#1068,.F.);
#1474=ORIENTED_EDGE('',*,*,#1055,.T.);
#1475=ORIENTED_EDGE('',*,*,#1068,.T.);
#1476=ORIENTED_EDGE('',*,*,#1062,.T.);
#1477=ORIENTED_EDGE('',*,*,#1067,.F.);
#1478=ORIENTED_EDGE('',*,*,#1069,.F.);
#1479=ORIENTED_EDGE('',*,*,#1070,.T.);
#1480=ORIENTED_EDGE('',*,*,#1071,.F.);
#1481=ORIENTED_EDGE('',*,*,#1070,.F.);
#1482=ORIENTED_EDGE('',*,*,#1072,.T.);
#1483=ORIENTED_EDGE('',*,*,#1073,.T.);
#1484=ORIENTED_EDGE('',*,*,#1074,.F.);
#1485=ORIENTED_EDGE('',*,*,#1073,.F.);
#1486=ORIENTED_EDGE('',*,*,#1072,.F.);
#1487=ORIENTED_EDGE('',*,*,#1071,.T.);
#1488=ORIENTED_EDGE('',*,*,#1074,.T.);
#1489=ORIENTED_EDGE('',*,*,#1069,.T.);
#1490=ORIENTED_EDGE('',*,*,#1075,.T.);
#1491=ORIENTED_EDGE('',*,*,#1076,.T.);
#1492=ORIENTED_EDGE('',*,*,#1076,.F.);
#1493=ORIENTED_EDGE('',*,*,#1077,.F.);
#1494=ORIENTED_EDGE('',*,*,#1078,.T.);
#1495=ORIENTED_EDGE('',*,*,#1075,.F.);
#1496=ORIENTED_EDGE('',*,*,#1078,.F.);
#1497=ORIENTED_EDGE('',*,*,#1079,.T.);
#1498=ORIENTED_EDGE('',*,*,#1080,.T.);
#1499=ORIENTED_EDGE('',*,*,#1080,.F.);
#1500=ORIENTED_EDGE('',*,*,#1081,.F.);
#1501=ORIENTED_EDGE('',*,*,#1082,.T.);
#1502=ORIENTED_EDGE('',*,*,#1079,.F.);
#1503=ORIENTED_EDGE('',*,*,#1082,.F.);
#1504=ORIENTED_EDGE('',*,*,#1083,.F.);
#1505=ORIENTED_EDGE('',*,*,#1084,.T.);
#1506=ORIENTED_EDGE('',*,*,#1085,.T.);
#1507=ORIENTED_EDGE('',*,*,#1084,.F.);
#1508=ORIENTED_EDGE('',*,*,#1083,.T.);
#1509=ORIENTED_EDGE('',*,*,#1086,.T.);
#1510=ORIENTED_EDGE('',*,*,#1087,.F.);
#1511=ORIENTED_EDGE('',*,*,#1086,.F.);
#1512=ORIENTED_EDGE('',*,*,#1088,.F.);
#1513=ORIENTED_EDGE('',*,*,#1089,.F.);
#1514=ORIENTED_EDGE('',*,*,#1090,.T.);
#1515=ORIENTED_EDGE('',*,*,#1087,.T.);
#1516=ORIENTED_EDGE('',*,*,#1090,.F.);
#1517=ORIENTED_EDGE('',*,*,#1091,.F.);
#1518=ORIENTED_EDGE('',*,*,#1092,.T.);
#1519=ORIENTED_EDGE('',*,*,#1088,.T.);
#1520=ORIENTED_EDGE('',*,*,#1089,.T.);
#1521=ORIENTED_EDGE('',*,*,#1092,.F.);
#1522=ORIENTED_EDGE('',*,*,#1093,.F.);
#1523=ORIENTED_EDGE('',*,*,#1094,.F.);
#1524=ORIENTED_EDGE('',*,*,#1095,.T.);
#1525=ORIENTED_EDGE('',*,*,#1093,.T.);
#1526=ORIENTED_EDGE('',*,*,#1091,.T.);
#1527=ORIENTED_EDGE('',*,*,#1095,.F.);
#1528=ORIENTED_EDGE('',*,*,#1094,.T.);
#1529=ORIENTED_EDGE('',*,*,#1096,.T.);
#1530=ORIENTED_EDGE('',*,*,#1097,.F.);
#1531=ORIENTED_EDGE('',*,*,#1096,.F.);
#1532=ORIENTED_EDGE('',*,*,#1098,.F.);
#1533=ORIENTED_EDGE('',*,*,#1099,.T.);
#1534=ORIENTED_EDGE('',*,*,#1097,.T.);
#1535=ORIENTED_EDGE('',*,*,#1099,.F.);
#1536=ORIENTED_EDGE('',*,*,#1098,.T.);
#1537=ORIENTED_EDGE('',*,*,#1081,.T.);
#1538=ORIENTED_EDGE('',*,*,#1085,.F.);
#1539=ORIENTED_EDGE('',*,*,#1077,.T.);
#1540=PLANE('',#1898);
#1541=PLANE('',#1902);
#1542=PLANE('',#1906);
#1543=PLANE('',#1910);
#1544=PLANE('',#1916);
#1545=PLANE('',#1919);
#1546=PLANE('',#1920);
#1547=PLANE('',#1924);
#1548=PLANE('',#1931);
#1549=PLANE('',#1935);
#1550=PLANE('',#1940);
#1551=PLANE('',#1942);
#1552=PLANE('',#1946);
#1553=PLANE('',#1952);
#1554=PLANE('',#1953);
#1555=PLANE('',#1957);
#1556=PLANE('',#1961);
#1557=PLANE('',#1965);
#1558=PLANE('',#1972);
#1559=PLANE('',#1974);
#1560=PLANE('',#1981);
#1561=PLANE('',#1988);
#1562=PLANE('',#1989);
#1563=PLANE('',#1998);
#1564=PLANE('',#2002);
#1565=PLANE('',#2016);
#1566=PLANE('',#2027);
#1567=PLANE('',#2031);
#1568=PLANE('',#2037);
#1569=PLANE('',#2039);
#1570=PLANE('',#2040);
#1571=PLANE('',#2041);
#1572=PLANE('',#2042);
#1573=PLANE('',#2043);
#1574=PLANE('',#2044);
#1575=PLANE('',#2053);
#1576=PLANE('',#2057);
#1577=PLANE('',#2061);
#1578=PLANE('',#2062);
#1579=PLANE('',#2063);
#1580=PLANE('',#2064);
#1581=PLANE('',#2065);
#1582=PLANE('',#2066);
#1583=PLANE('',#2074);
#1584=PLANE('',#2075);
#1585=PLANE('',#2108);
#1586=PLANE('',#2109);
#1587=ADVANCED_FACE('',(#306),#1540,.T.);
#1588=ADVANCED_FACE('',(#307),#285,.T.);
#1589=ADVANCED_FACE('',(#308),#1541,.T.);
#1590=ADVANCED_FACE('',(#309),#286,.T.);
#1591=ADVANCED_FACE('',(#310),#1542,.T.);
#1592=ADVANCED_FACE('',(#311),#287,.T.);
#1593=ADVANCED_FACE('',(#312),#1543,.T.);
#1594=ADVANCED_FACE('',(#313),#288,.T.);
#1595=ADVANCED_FACE('',(#314),#157,.T.);
#1596=ADVANCED_FACE('',(#315),#1544,.T.);
#1597=ADVANCED_FACE('',(#316),#158,.T.);
#1598=ADVANCED_FACE('',(#317),#1545,.T.);
#1599=ADVANCED_FACE('',(#318,#131,#132,#133),#1546,.T.);
#1600=ADVANCED_FACE('',(#319,#134,#135,#136),#1547,.T.);
#1601=ADVANCED_FACE('',(#320),#159,.T.);
#1602=ADVANCED_FACE('',(#321),#1548,.T.);
#1603=ADVANCED_FACE('',(#322),#160,.T.);
#1604=ADVANCED_FACE('',(#323),#161,.F.);
#1605=ADVANCED_FACE('',(#324,#137),#1549,.T.);
#1606=ADVANCED_FACE('',(#325),#162,.F.);
#1607=ADVANCED_FACE('',(#326),#163,.F.);
#1608=ADVANCED_FACE('',(#327),#164,.F.);
#1609=ADVANCED_FACE('',(#328),#1550,.T.);
#1610=ADVANCED_FACE('',(#329),#1551,.T.);
#1611=ADVANCED_FACE('',(#330),#289,.T.);
#1612=ADVANCED_FACE('',(#331),#1552,.T.);
#1613=ADVANCED_FACE('',(#332),#290,.T.);
#1614=ADVANCED_FACE('',(#333),#165,.T.);
#1615=ADVANCED_FACE('',(#334),#1553,.T.);
#1616=ADVANCED_FACE('',(#335,#138,#139,#140),#1554,.T.);
#1617=ADVANCED_FACE('',(#336),#1555,.T.);
#1618=ADVANCED_FACE('',(#337),#291,.T.);
#1619=ADVANCED_FACE('',(#338),#1556,.T.);
#1620=ADVANCED_FACE('',(#339),#292,.T.);
#1621=ADVANCED_FACE('',(#340),#166,.T.);
#1622=ADVANCED_FACE('',(#341,#141,#142,#143),#1557,.T.);
#1623=ADVANCED_FACE('',(#342),#167,.F.);
#1624=ADVANCED_FACE('',(#343),#168,.F.);
#1625=ADVANCED_FACE('',(#344),#169,.F.);
#1626=ADVANCED_FACE('',(#345),#1558,.T.);
#1627=ADVANCED_FACE('',(#346,#144),#1559,.F.);
#1628=ADVANCED_FACE('',(#347),#170,.F.);
#1629=ADVANCED_FACE('',(#348),#171,.T.);
#1630=ADVANCED_FACE('',(#349,#145),#1560,.T.);
#1631=ADVANCED_FACE('',(#350),#94,.F.);
#1632=ADVANCED_FACE('',(#351),#172,.T.);
#1633=ADVANCED_FACE('',(#352),#1561,.T.);
#1634=ADVANCED_FACE('',(#353),#1562,.F.);
#1635=ADVANCED_FACE('',(#354),#293,.F.);
#1636=ADVANCED_FACE('',(#355),#173,.F.);
#1637=ADVANCED_FACE('',(#356,#146),#1563,.T.);
#1638=ADVANCED_FACE('',(#357),#294,.F.);
#1639=ADVANCED_FACE('',(#358,#147),#1564,.T.);
#1640=ADVANCED_FACE('',(#359),#295,.T.);
#1641=ADVANCED_FACE('',(#360),#174,.T.);
#1642=ADVANCED_FACE('',(#361),#296,.T.);
#1643=ADVANCED_FACE('',(#362),#175,.T.);
#1644=ADVANCED_FACE('',(#363,#148),#1565,.T.);
#1645=ADVANCED_FACE('',(#364),#297,.T.);
#1646=ADVANCED_FACE('',(#365),#86,.F.);
#1647=ADVANCED_FACE('',(#366),#176,.T.);
#1648=ADVANCED_FACE('',(#367,#149),#1566,.T.);
#1649=ADVANCED_FACE('',(#368),#298,.T.);
#1650=ADVANCED_FACE('',(#369),#1567,.T.);
#1651=ADVANCED_FACE('',(#370),#87,.T.);
#1652=ADVANCED_FACE('',(#371,#150),#1568,.T.);
#1653=ADVANCED_FACE('',(#372),#177,.T.);
#1654=ADVANCED_FACE('',(#373),#1569,.F.);
#1655=ADVANCED_FACE('',(#374),#1570,.F.);
#1656=ADVANCED_FACE('',(#375),#1571,.F.);
#1657=ADVANCED_FACE('',(#376),#1572,.F.);
#1658=ADVANCED_FACE('',(#377),#1573,.F.);
#1659=ADVANCED_FACE('',(#378),#1574,.F.);
#1660=ADVANCED_FACE('',(#379),#299,.F.);
#1661=ADVANCED_FACE('',(#380),#300,.F.);
#1662=ADVANCED_FACE('',(#381),#178,.F.);
#1663=ADVANCED_FACE('',(#382,#151),#1575,.F.);
#1664=ADVANCED_FACE('',(#383),#301,.F.);
#1665=ADVANCED_FACE('',(#384,#152),#1576,.T.);
#1666=ADVANCED_FACE('',(#385),#302,.T.);
#1667=ADVANCED_FACE('',(#386),#303,.T.);
#1668=ADVANCED_FACE('',(#387),#1577,.T.);
#1669=ADVANCED_FACE('',(#388),#1578,.T.);
#1670=ADVANCED_FACE('',(#389),#1579,.T.);
#1671=ADVANCED_FACE('',(#390),#1580,.T.);
#1672=ADVANCED_FACE('',(#391),#1581,.T.);
#1673=ADVANCED_FACE('',(#392),#1582,.T.);
#1674=ADVANCED_FACE('',(#393),#179,.F.);
#1675=ADVANCED_FACE('',(#394),#180,.T.);
#1676=ADVANCED_FACE('',(#395,#153),#1583,.F.);
#1677=ADVANCED_FACE('',(#396,#154),#1584,.T.);
#1678=ADVANCED_FACE('',(#397),#304,.F.);
#1679=ADVANCED_FACE('',(#398),#181,.F.);
#1680=ADVANCED_FACE('',(#399),#305,.F.);
#1681=ADVANCED_FACE('',(#400),#182,.F.);
#1682=ADVANCED_FACE('',(#401),#88,.T.);
#1683=ADVANCED_FACE('',(#402),#89,.F.);
#1684=ADVANCED_FACE('',(#403),#90,.T.);
#1685=ADVANCED_FACE('',(#404),#183,.T.);
#1686=ADVANCED_FACE('',(#405),#91,.T.);
#1687=ADVANCED_FACE('',(#406),#92,.F.);
#1688=ADVANCED_FACE('',(#407),#93,.T.);
#1689=ADVANCED_FACE('',(#408,#155),#1585,.T.);
#1690=ADVANCED_FACE('',(#409,#156),#1586,.T.);
#1691=CLOSED_SHELL('',(#1587,#1588,#1589,#1590,#1591,#1592,#1593,#1594,
#1595,#1596,#1597,#1598,#1599,#1600,#1601,#1602,#1603,#1604,#1605,#1606,
#1607,#1608,#1609));
#1692=CLOSED_SHELL('',(#1610,#1611,#1612,#1613,#1614,#1615,#1616,#1617,
#1618,#1619,#1620,#1621,#1622,#1623,#1624,#1625,#1626));
#1693=CLOSED_SHELL('',(#1627,#1628,#1629,#1630));
#1694=CLOSED_SHELL('',(#1631,#1632,#1633,#1634));
#1695=CLOSED_SHELL('',(#1635,#1636,#1637,#1638,#1639,#1640,#1641,#1642,
#1643,#1644,#1645));
#1696=CLOSED_SHELL('',(#1646,#1647,#1648,#1649,#1650,#1651,#1652,#1653,
#1654,#1655,#1656,#1657,#1658,#1659,#1660));
#1697=CLOSED_SHELL('',(#1661,#1662,#1663,#1664,#1665,#1666,#1667,#1668,
#1669,#1670,#1671,#1672,#1673));
#1698=CLOSED_SHELL('',(#1674,#1675,#1676,#1677));
#1699=CLOSED_SHELL('',(#1678,#1679,#1680,#1681,#1682,#1683,#1684,#1685,
#1686,#1687,#1688,#1689,#1690));
#1700=DERIVED_UNIT_ELEMENT(#1718,1.);
#1701=DERIVED_UNIT_ELEMENT(#3255,3.);
#1702=DERIVED_UNIT_ELEMENT(#1718,1.);
#1703=DERIVED_UNIT_ELEMENT(#3255,3.);
#1704=DERIVED_UNIT_ELEMENT(#1718,1.);
#1705=DERIVED_UNIT_ELEMENT(#3255,3.);
#1706=DERIVED_UNIT_ELEMENT(#1718,1.);
#1707=DERIVED_UNIT_ELEMENT(#3255,3.);
#1708=DERIVED_UNIT_ELEMENT(#1718,1.);
#1709=DERIVED_UNIT_ELEMENT(#3255,3.);
#1710=DERIVED_UNIT_ELEMENT(#1718,1.);
#1711=DERIVED_UNIT_ELEMENT(#3255,3.);
#1712=DERIVED_UNIT_ELEMENT(#1718,1.);
#1713=DERIVED_UNIT_ELEMENT(#3255,3.);
#1714=DERIVED_UNIT_ELEMENT(#1718,1.);
#1715=DERIVED_UNIT_ELEMENT(#3255,3.);
#1716=DERIVED_UNIT_ELEMENT(#1718,1.);
#1717=DERIVED_UNIT_ELEMENT(#3255,3.);
#1718=(
MASS_UNIT()
NAMED_UNIT(*)
SI_UNIT($,.GRAM.)
);
#1719=DERIVED_UNIT((#1700,#1701));
#1720=DERIVED_UNIT((#1702,#1703));
#1721=DERIVED_UNIT((#1704,#1705));
#1722=DERIVED_UNIT((#1706,#1707));
#1723=DERIVED_UNIT((#1708,#1709));
#1724=DERIVED_UNIT((#1710,#1711));
#1725=DERIVED_UNIT((#1712,#1713));
#1726=DERIVED_UNIT((#1714,#1715));
#1727=DERIVED_UNIT((#1716,#1717));
#1728=MEASURE_REPRESENTATION_ITEM('density measure',
POSITIVE_RATIO_MEASURE(8.47),#1719);
#1729=MEASURE_REPRESENTATION_ITEM('density measure',
POSITIVE_RATIO_MEASURE(8.47),#1720);
#1730=MEASURE_REPRESENTATION_ITEM('density measure',
POSITIVE_RATIO_MEASURE(7.73),#1721);
#1731=MEASURE_REPRESENTATION_ITEM('density measure',
POSITIVE_RATIO_MEASURE(8.874),#1722);
#1732=MEASURE_REPRESENTATION_ITEM('density measure',
POSITIVE_RATIO_MEASURE(8.874),#1723);
#1733=MEASURE_REPRESENTATION_ITEM('density measure',
POSITIVE_RATIO_MEASURE(7.85),#1724);
#1734=MEASURE_REPRESENTATION_ITEM('density measure',
POSITIVE_RATIO_MEASURE(8.47),#1725);
#1735=MEASURE_REPRESENTATION_ITEM('density measure',
POSITIVE_RATIO_MEASURE(8.),#1726);
#1736=MEASURE_REPRESENTATION_ITEM('density measure',
POSITIVE_RATIO_MEASURE(8.),#1727);
#1737=PROPERTY_DEFINITION_REPRESENTATION(#1782,#1755);
#1738=PROPERTY_DEFINITION_REPRESENTATION(#1783,#1756);
#1739=PROPERTY_DEFINITION_REPRESENTATION(#1784,#1757);
#1740=PROPERTY_DEFINITION_REPRESENTATION(#1785,#1758);
#1741=PROPERTY_DEFINITION_REPRESENTATION(#1786,#1759);
#1742=PROPERTY_DEFINITION_REPRESENTATION(#1787,#1760);
#1743=PROPERTY_DEFINITION_REPRESENTATION(#1788,#1761);
#1744=PROPERTY_DEFINITION_REPRESENTATION(#1789,#1762);
#1745=PROPERTY_DEFINITION_REPRESENTATION(#1790,#1763);
#1746=PROPERTY_DEFINITION_REPRESENTATION(#1791,#1764);
#1747=PROPERTY_DEFINITION_REPRESENTATION(#1792,#1765);
#1748=PROPERTY_DEFINITION_REPRESENTATION(#1793,#1766);
#1749=PROPERTY_DEFINITION_REPRESENTATION(#1794,#1767);
#1750=PROPERTY_DEFINITION_REPRESENTATION(#1795,#1768);
#1751=PROPERTY_DEFINITION_REPRESENTATION(#1796,#1769);
#1752=PROPERTY_DEFINITION_REPRESENTATION(#1797,#1770);
#1753=PROPERTY_DEFINITION_REPRESENTATION(#1798,#1771);
#1754=PROPERTY_DEFINITION_REPRESENTATION(#1799,#1772);
#1755=REPRESENTATION('material name',(#1773),#3244);
#1756=REPRESENTATION('density',(#1728),#3244);
#1757=REPRESENTATION('material name',(#1774),#3245);
#1758=REPRESENTATION('density',(#1729),#3245);
#1759=REPRESENTATION('material name',(#1775),#3246);
#1760=REPRESENTATION('density',(#1730),#3246);
#1761=REPRESENTATION('material name',(#1776),#3247);
#1762=REPRESENTATION('density',(#1731),#3247);
#1763=REPRESENTATION('material name',(#1777),#3248);
#1764=REPRESENTATION('density',(#1732),#3248);
#1765=REPRESENTATION('material name',(#1778),#3249);
#1766=REPRESENTATION('density',(#1733),#3249);
#1767=REPRESENTATION('material name',(#1779),#3250);
#1768=REPRESENTATION('density',(#1734),#3250);
#1769=REPRESENTATION('material name',(#1780),#3251);
#1770=REPRESENTATION('density',(#1735),#3251);
#1771=REPRESENTATION('material name',(#1781),#3252);
#1772=REPRESENTATION('density',(#1736),#3252);
#1773=DESCRIPTIVE_REPRESENTATION_ITEM('Brass, Soft Yellow',
'Brass, Soft Yellow');
#1774=DESCRIPTIVE_REPRESENTATION_ITEM('Brass, Soft Yellow',
'Brass, Soft Yellow');
#1775=DESCRIPTIVE_REPRESENTATION_ITEM('Steel, Alloy','Steel, Alloy');
#1776=DESCRIPTIVE_REPRESENTATION_ITEM('Bronze, Soft Tin',
'Bronze, Soft Tin');
#1777=DESCRIPTIVE_REPRESENTATION_ITEM('Bronze, Soft Tin',
'Bronze, Soft Tin');
#1778=DESCRIPTIVE_REPRESENTATION_ITEM('Steel, Mild','Steel, Mild');
#1779=DESCRIPTIVE_REPRESENTATION_ITEM('Brass, Soft Yellow',
'Brass, Soft Yellow');
#1780=DESCRIPTIVE_REPRESENTATION_ITEM('Stainless Steel',
'Stainless Steel');
#1781=DESCRIPTIVE_REPRESENTATION_ITEM('Stainless Steel',
'Stainless Steel');
#1782=PROPERTY_DEFINITION('material property','material name',#3304);
#1783=PROPERTY_DEFINITION('material property','density of part',#3304);
#1784=PROPERTY_DEFINITION('material property','material name',#3305);
#1785=PROPERTY_DEFINITION('material property','density of part',#3305);
#1786=PROPERTY_DEFINITION('material property','material name',#3306);
#1787=PROPERTY_DEFINITION('material property','density of part',#3306);
#1788=PROPERTY_DEFINITION('material property','material name',#3307);
#1789=PROPERTY_DEFINITION('material property','density of part',#3307);
#1790=PROPERTY_DEFINITION('material property','material name',#3308);
#1791=PROPERTY_DEFINITION('material property','density of part',#3308);
#1792=PROPERTY_DEFINITION('material property','material name',#3309);
#1793=PROPERTY_DEFINITION('material property','density of part',#3309);
#1794=PROPERTY_DEFINITION('material property','material name',#3310);
#1795=PROPERTY_DEFINITION('material property','density of part',#3310);
#1796=PROPERTY_DEFINITION('material property','material name',#3311);
#1797=PROPERTY_DEFINITION('material property','density of part',#3311);
#1798=PROPERTY_DEFINITION('material property','material name',#3312);
#1799=PROPERTY_DEFINITION('material property','density of part',#3312);
#1800=PRESENTATION_STYLE_ASSIGNMENT((#1804));
#1801=PRESENTATION_STYLE_ASSIGNMENT((#1805));
#1802=PRESENTATION_STYLE_ASSIGNMENT((#1806));
#1803=PRESENTATION_STYLE_ASSIGNMENT((#1807));
#1804=SURFACE_STYLE_USAGE(.BOTH.,#1816);
#1805=SURFACE_STYLE_USAGE(.BOTH.,#1817);
#1806=SURFACE_STYLE_USAGE(.BOTH.,#1818);
#1807=SURFACE_STYLE_USAGE(.BOTH.,#1819);
#1808=SURFACE_STYLE_RENDERING_WITH_PROPERTIES($,#1832,(#1812));
#1809=SURFACE_STYLE_RENDERING_WITH_PROPERTIES($,#1833,(#1813));
#1810=SURFACE_STYLE_RENDERING_WITH_PROPERTIES($,#1834,(#1814));
#1811=SURFACE_STYLE_RENDERING_WITH_PROPERTIES($,#1835,(#1815));
#1812=SURFACE_STYLE_TRANSPARENT(0.);
#1813=SURFACE_STYLE_TRANSPARENT(0.);
#1814=SURFACE_STYLE_TRANSPARENT(0.);
#1815=SURFACE_STYLE_TRANSPARENT(0.);
#1816=SURFACE_SIDE_STYLE('',(#1820,#1808));
#1817=SURFACE_SIDE_STYLE('',(#1821,#1809));
#1818=SURFACE_SIDE_STYLE('',(#1822,#1810));
#1819=SURFACE_SIDE_STYLE('',(#1823,#1811));
#1820=SURFACE_STYLE_FILL_AREA(#1824);
#1821=SURFACE_STYLE_FILL_AREA(#1825);
#1822=SURFACE_STYLE_FILL_AREA(#1826);
#1823=SURFACE_STYLE_FILL_AREA(#1827);
#1824=FILL_AREA_STYLE('',(#1828));
#1825=FILL_AREA_STYLE('',(#1829));
#1826=FILL_AREA_STYLE('',(#1830));
#1827=FILL_AREA_STYLE('',(#1831));
#1828=FILL_AREA_STYLE_COLOUR('',#1832);
#1829=FILL_AREA_STYLE_COLOUR('',#1833);
#1830=FILL_AREA_STYLE_COLOUR('',#1834);
#1831=FILL_AREA_STYLE_COLOUR('',#1835);
#1832=COLOUR_RGB('',0.796078431372549,0.603921568627451,0.231372549019608);
#1833=COLOUR_RGB('',0.745098039215686,0.737254901960784,0.729411764705882);
#1834=COLOUR_RGB('',0.643137254901961,0.52156862745098,0.384313725490196);
#1835=COLOUR_RGB('',0.411764705882353,0.301960784313725,0.231372549019608);
#1836=DATE_TIME_ROLE('creation_date');
#1837=DATE_TIME_ROLE('creation_date');
#1838=DATE_TIME_ROLE('creation_date');
#1839=DATE_TIME_ROLE('creation_date');
#1840=DATE_TIME_ROLE('creation_date');
#1841=DATE_TIME_ROLE('creation_date');
#1842=DATE_TIME_ROLE('creation_date');
#1843=DATE_TIME_ROLE('creation_date');
#1844=DATE_TIME_ROLE('creation_date');
#1845=DATE_TIME_ROLE('creation_date');
#1846=APPLIED_DATE_AND_TIME_ASSIGNMENT(#1856,#1836,(#3303));
#1847=APPLIED_DATE_AND_TIME_ASSIGNMENT(#1857,#1837,(#3304));
#1848=APPLIED_DATE_AND_TIME_ASSIGNMENT(#1858,#1838,(#3305));
#1849=APPLIED_DATE_AND_TIME_ASSIGNMENT(#1859,#1839,(#3306));
#1850=APPLIED_DATE_AND_TIME_ASSIGNMENT(#1860,#1840,(#3307));
#1851=APPLIED_DATE_AND_TIME_ASSIGNMENT(#1861,#1841,(#3308));
#1852=APPLIED_DATE_AND_TIME_ASSIGNMENT(#1862,#1842,(#3309));
#1853=APPLIED_DATE_AND_TIME_ASSIGNMENT(#1863,#1843,(#3310));
#1854=APPLIED_DATE_AND_TIME_ASSIGNMENT(#1864,#1844,(#3311));
#1855=APPLIED_DATE_AND_TIME_ASSIGNMENT(#1865,#1845,(#3312));
#1856=DATE_AND_TIME(#1866,#1876);
#1857=DATE_AND_TIME(#1867,#1877);
#1858=DATE_AND_TIME(#1868,#1878);
#1859=DATE_AND_TIME(#1869,#1879);
#1860=DATE_AND_TIME(#1870,#1880);
#1861=DATE_AND_TIME(#1871,#1881);
#1862=DATE_AND_TIME(#1872,#1882);
#1863=DATE_AND_TIME(#1873,#1883);
#1864=DATE_AND_TIME(#1874,#1884);
#1865=DATE_AND_TIME(#1875,#1885);
#1866=CALENDAR_DATE(2025,16,9);
#1867=CALENDAR_DATE(2025,16,9);
#1868=CALENDAR_DATE(2025,16,9);
#1869=CALENDAR_DATE(2025,16,9);
#1870=CALENDAR_DATE(2025,16,9);
#1871=CALENDAR_DATE(2025,16,9);
#1872=CALENDAR_DATE(2020,21,1);
#1873=CALENDAR_DATE(2020,21,1);
#1874=CALENDAR_DATE(2020,21,1);
#1875=CALENDAR_DATE(2025,17,9);
#1876=LOCAL_TIME(0,0,0.,#1886);
#1877=LOCAL_TIME(0,0,0.,#1887);
#1878=LOCAL_TIME(0,0,0.,#1888);
#1879=LOCAL_TIME(0,0,0.,#1889);
#1880=LOCAL_TIME(0,0,0.,#1890);
#1881=LOCAL_TIME(0,0,0.,#1891);
#1882=LOCAL_TIME(0,0,0.,#1892);
#1883=LOCAL_TIME(0,0,0.,#1893);
#1884=LOCAL_TIME(0,0,0.,#1894);
#1885=LOCAL_TIME(0,0,0.,#1895);
#1886=COORDINATED_UNIVERSAL_TIME_OFFSET(0,0,.BEHIND.);
#1887=COORDINATED_UNIVERSAL_TIME_OFFSET(0,0,.BEHIND.);
#1888=COORDINATED_UNIVERSAL_TIME_OFFSET(0,0,.BEHIND.);
#1889=COORDINATED_UNIVERSAL_TIME_OFFSET(0,0,.BEHIND.);
#1890=COORDINATED_UNIVERSAL_TIME_OFFSET(0,0,.BEHIND.);
#1891=COORDINATED_UNIVERSAL_TIME_OFFSET(0,0,.BEHIND.);
#1892=COORDINATED_UNIVERSAL_TIME_OFFSET(0,0,.BEHIND.);
#1893=COORDINATED_UNIVERSAL_TIME_OFFSET(0,0,.BEHIND.);
#1894=COORDINATED_UNIVERSAL_TIME_OFFSET(0,0,.BEHIND.);
#1895=COORDINATED_UNIVERSAL_TIME_OFFSET(0,0,.BEHIND.);
#1896=AXIS2_PLACEMENT_3D('placement',#2680,#2124,#2125);
#1897=AXIS2_PLACEMENT_3D('placement',#2681,#2126,#2127);
#1898=AXIS2_PLACEMENT_3D('',#2682,#2128,#2129);
#1899=AXIS2_PLACEMENT_3D('',#2691,#2134,#2135);
#1900=AXIS2_PLACEMENT_3D('',#2693,#2136,#2137);
#1901=AXIS2_PLACEMENT_3D('',#2696,#2139,#2140);
#1902=AXIS2_PLACEMENT_3D('',#2697,#2141,#2142);
#1903=AXIS2_PLACEMENT_3D('',#2703,#2146,#2147);
#1904=AXIS2_PLACEMENT_3D('',#2705,#2148,#2149);
#1905=AXIS2_PLACEMENT_3D('',#2708,#2151,#2152);
#1906=AXIS2_PLACEMENT_3D('',#2709,#2153,#2154);
#1907=AXIS2_PLACEMENT_3D('',#2715,#2158,#2159);
#1908=AXIS2_PLACEMENT_3D('',#2717,#2160,#2161);
#1909=AXIS2_PLACEMENT_3D('',#2720,#2163,#2164);
#1910=AXIS2_PLACEMENT_3D('',#2721,#2165,#2166);
#1911=AXIS2_PLACEMENT_3D('',#2727,#2170,#2171);
#1912=AXIS2_PLACEMENT_3D('',#2728,#2172,#2173);
#1913=AXIS2_PLACEMENT_3D('',#2729,#2174,#2175);
#1914=AXIS2_PLACEMENT_3D('',#2730,#2176,#2177);
#1915=AXIS2_PLACEMENT_3D('',#2734,#2179,#2180);
#1916=AXIS2_PLACEMENT_3D('',#2736,#2182,#2183);
#1917=AXIS2_PLACEMENT_3D('',#2740,#2186,#2187);
#1918=AXIS2_PLACEMENT_3D('',#2743,#2189,#2190);
#1919=AXIS2_PLACEMENT_3D('',#2744,#2191,#2192);
#1920=AXIS2_PLACEMENT_3D('',#2748,#2195,#2196);
#1921=AXIS2_PLACEMENT_3D('',#2750,#2197,#2198);
#1922=AXIS2_PLACEMENT_3D('',#2752,#2199,#2200);
#1923=AXIS2_PLACEMENT_3D('',#2754,#2201,#2202);
#1924=AXIS2_PLACEMENT_3D('',#2755,#2203,#2204);
#1925=AXIS2_PLACEMENT_3D('',#2757,#2205,#2206);
#1926=AXIS2_PLACEMENT_3D('',#2761,#2208,#2209);
#1927=AXIS2_PLACEMENT_3D('',#2764,#2211,#2212);
#1928=AXIS2_PLACEMENT_3D('',#2766,#2213,#2214);
#1929=AXIS2_PLACEMENT_3D('',#2768,#2215,#2216);
#1930=AXIS2_PLACEMENT_3D('',#2769,#2217,#2218);
#1931=AXIS2_PLACEMENT_3D('',#2772,#2221,#2222);
#1932=AXIS2_PLACEMENT_3D('',#2774,#2224,#2225);
#1933=AXIS2_PLACEMENT_3D('',#2775,#2226,#2227);
#1934=AXIS2_PLACEMENT_3D('',#2778,#2229,#2230);
#1935=AXIS2_PLACEMENT_3D('',#2779,#2231,#2232);
#1936=AXIS2_PLACEMENT_3D('',#2781,#2233,#2234);
#1937=AXIS2_PLACEMENT_3D('',#2782,#2235,#2236);
#1938=AXIS2_PLACEMENT_3D('',#2784,#2238,#2239);
#1939=AXIS2_PLACEMENT_3D('',#2786,#2241,#2242);
#1940=AXIS2_PLACEMENT_3D('',#2788,#2244,#2245);
#1941=AXIS2_PLACEMENT_3D('placement',#2789,#2246,#2247);
#1942=AXIS2_PLACEMENT_3D('',#2790,#2248,#2249);
#1943=AXIS2_PLACEMENT_3D('',#2799,#2254,#2255);
#1944=AXIS2_PLACEMENT_3D('',#2801,#2256,#2257);
#1945=AXIS2_PLACEMENT_3D('',#2804,#2259,#2260);
#1946=AXIS2_PLACEMENT_3D('',#2805,#2261,#2262);
#1947=AXIS2_PLACEMENT_3D('',#2811,#2266,#2267);
#1948=AXIS2_PLACEMENT_3D('',#2812,#2268,#2269);
#1949=AXIS2_PLACEMENT_3D('',#2813,#2270,#2271);
#1950=AXIS2_PLACEMENT_3D('',#2814,#2272,#2273);
#1951=AXIS2_PLACEMENT_3D('',#2818,#2275,#2276);
#1952=AXIS2_PLACEMENT_3D('',#2820,#2278,#2279);
#1953=AXIS2_PLACEMENT_3D('',#2824,#2282,#2283);
#1954=AXIS2_PLACEMENT_3D('',#2826,#2284,#2285);
#1955=AXIS2_PLACEMENT_3D('',#2828,#2286,#2287);
#1956=AXIS2_PLACEMENT_3D('',#2830,#2288,#2289);
#1957=AXIS2_PLACEMENT_3D('',#2831,#2290,#2291);
#1958=AXIS2_PLACEMENT_3D('',#2837,#2295,#2296);
#1959=AXIS2_PLACEMENT_3D('',#2839,#2297,#2298);
#1960=AXIS2_PLACEMENT_3D('',#2842,#2300,#2301);
#1961=AXIS2_PLACEMENT_3D('',#2843,#2302,#2303);
#1962=AXIS2_PLACEMENT_3D('',#2848,#2307,#2308);
#1963=AXIS2_PLACEMENT_3D('',#2849,#2309,#2310);
#1964=AXIS2_PLACEMENT_3D('',#2850,#2311,#2312);
#1965=AXIS2_PLACEMENT_3D('',#2852,#2314,#2315);
#1966=AXIS2_PLACEMENT_3D('',#2854,#2316,#2317);
#1967=AXIS2_PLACEMENT_3D('',#2856,#2318,#2319);
#1968=AXIS2_PLACEMENT_3D('',#2858,#2320,#2321);
#1969=AXIS2_PLACEMENT_3D('',#2859,#2322,#2323);
#1970=AXIS2_PLACEMENT_3D('',#2861,#2325,#2326);
#1971=AXIS2_PLACEMENT_3D('',#2863,#2328,#2329);
#1972=AXIS2_PLACEMENT_3D('',#2865,#2331,#2332);
#1973=AXIS2_PLACEMENT_3D('placement',#2866,#2333,#2334);
#1974=AXIS2_PLACEMENT_3D('',#2867,#2335,#2336);
#1975=AXIS2_PLACEMENT_3D('',#2869,#2337,#2338);
#1976=AXIS2_PLACEMENT_3D('',#2871,#2339,#2340);
#1977=AXIS2_PLACEMENT_3D('',#2872,#2341,#2342);
#1978=AXIS2_PLACEMENT_3D('',#2874,#2343,#2344);
#1979=AXIS2_PLACEMENT_3D('',#2876,#2346,#2347);
#1980=AXIS2_PLACEMENT_3D('',#2878,#2348,#2349);
#1981=AXIS2_PLACEMENT_3D('',#2880,#2351,#2352);
#1982=AXIS2_PLACEMENT_3D('placement',#2881,#2353,#2354);
#1983=AXIS2_PLACEMENT_3D('',#2910,#2355,#2356);
#1984=AXIS2_PLACEMENT_3D('',#2912,#2357,#2358);
#1985=AXIS2_PLACEMENT_3D('',#2913,#2359,#2360);
#1986=AXIS2_PLACEMENT_3D('',#2914,#2361,#2362);
#1987=AXIS2_PLACEMENT_3D('',#2917,#2364,#2365);
#1988=AXIS2_PLACEMENT_3D('',#2918,#2366,#2367);
#1989=AXIS2_PLACEMENT_3D('',#2919,#2368,#2369);
#1990=AXIS2_PLACEMENT_3D('placement',#2920,#2370,#2371);
#1991=AXIS2_PLACEMENT_3D('',#2921,#2372,#2373);
#1992=AXIS2_PLACEMENT_3D('',#2924,#2374,#2375);
#1993=AXIS2_PLACEMENT_3D('',#2925,#2376,#2377);
#1994=AXIS2_PLACEMENT_3D('',#2928,#2379,#2380);
#1995=AXIS2_PLACEMENT_3D('',#2929,#2381,#2382);
#1996=AXIS2_PLACEMENT_3D('',#2933,#2384,#2385);
#1997=AXIS2_PLACEMENT_3D('',#2934,#2386,#2387);
#1998=AXIS2_PLACEMENT_3D('',#2935,#2388,#2389);
#1999=AXIS2_PLACEMENT_3D('',#2937,#2390,#2391);
#2000=AXIS2_PLACEMENT_3D('',#2938,#2392,#2393);
#2001=AXIS2_PLACEMENT_3D('',#2940,#2394,#2395);
#2002=AXIS2_PLACEMENT_3D('',#2942,#2397,#2398);
#2003=AXIS2_PLACEMENT_3D('',#2944,#2399,#2400);
#2004=AXIS2_PLACEMENT_3D('',#2945,#2401,#2402);
#2005=AXIS2_PLACEMENT_3D('',#2949,#2404,#2405);
#2006=AXIS2_PLACEMENT_3D('',#2950,#2406,#2407);
#2007=AXIS2_PLACEMENT_3D('',#2951,#2408,#2409);
#2008=AXIS2_PLACEMENT_3D('',#2954,#2411,#2412);
#2009=AXIS2_PLACEMENT_3D('',#2955,#2413,#2414);
#2010=AXIS2_PLACEMENT_3D('',#2957,#2415,#2416);
#2011=AXIS2_PLACEMENT_3D('',#2961,#2418,#2419);
#2012=AXIS2_PLACEMENT_3D('',#2962,#2420,#2421);
#2013=AXIS2_PLACEMENT_3D('',#2963,#2422,#2423);
#2014=AXIS2_PLACEMENT_3D('',#2967,#2425,#2426);
#2015=AXIS2_PLACEMENT_3D('',#2968,#2427,#2428);
#2016=AXIS2_PLACEMENT_3D('',#2969,#2429,#2430);
#2017=AXIS2_PLACEMENT_3D('',#2970,#2431,#2432);
#2018=AXIS2_PLACEMENT_3D('placement',#2972,#2434,#2435);
#2019=AXIS2_PLACEMENT_3D('',#2973,#2436,#2437);
#2020=AXIS2_PLACEMENT_3D('',#2975,#2438,#2439);
#2021=AXIS2_PLACEMENT_3D('',#2977,#2440,#2441);
#2022=AXIS2_PLACEMENT_3D('',#2979,#2442,#2443);
#2023=AXIS2_PLACEMENT_3D('',#2980,#2444,#2445);
#2024=AXIS2_PLACEMENT_3D('',#2981,#2446,#2447);
#2025=AXIS2_PLACEMENT_3D('',#2984,#2448,#2449);
#2026=AXIS2_PLACEMENT_3D('',#2985,#2450,#2451);
#2027=AXIS2_PLACEMENT_3D('',#2987,#2453,#2454);
#2028=AXIS2_PLACEMENT_3D('',#2989,#2455,#2456);
#2029=AXIS2_PLACEMENT_3D('',#2990,#2457,#2458);
#2030=AXIS2_PLACEMENT_3D('',#2992,#2459,#2460);
#2031=AXIS2_PLACEMENT_3D('',#2994,#2462,#2463);
#2032=AXIS2_PLACEMENT_3D('',#2995,#2464,#2465);
#2033=AXIS2_PLACEMENT_3D('',#2998,#2466,#2467);
#2034=AXIS2_PLACEMENT_3D('',#2999,#2468,#2469);
#2035=AXIS2_PLACEMENT_3D('',#3001,#2470,#2471);
#2036=AXIS2_PLACEMENT_3D('',#3002,#2472,#2473);
#2037=AXIS2_PLACEMENT_3D('',#3003,#2474,#2475);
#2038=AXIS2_PLACEMENT_3D('',#3016,#2482,#2483);
#2039=AXIS2_PLACEMENT_3D('',#3018,#2485,#2486);
#2040=AXIS2_PLACEMENT_3D('',#3026,#2489,#2490);
#2041=AXIS2_PLACEMENT_3D('',#3032,#2492,#2493);
#2042=AXIS2_PLACEMENT_3D('',#3038,#2495,#2496);
#2043=AXIS2_PLACEMENT_3D('',#3044,#2498,#2499);
#2044=AXIS2_PLACEMENT_3D('',#3054,#2501,#2502);
#2045=AXIS2_PLACEMENT_3D('',#3058,#2503,#2504);
#2046=AXIS2_PLACEMENT_3D('placement',#3061,#2506,#2507);
#2047=AXIS2_PLACEMENT_3D('',#3062,#2508,#2509);
#2048=AXIS2_PLACEMENT_3D('',#3064,#2510,#2511);
#2049=AXIS2_PLACEMENT_3D('',#3067,#2513,#2514);
#2050=AXIS2_PLACEMENT_3D('',#3068,#2515,#2516);
#2051=AXIS2_PLACEMENT_3D('',#3071,#2517,#2518);
#2052=AXIS2_PLACEMENT_3D('',#3072,#2519,#2520);
#2053=AXIS2_PLACEMENT_3D('',#3074,#2522,#2523);
#2054=AXIS2_PLACEMENT_3D('',#3076,#2524,#2525);
#2055=AXIS2_PLACEMENT_3D('',#3077,#2526,#2527);
#2056=AXIS2_PLACEMENT_3D('',#3079,#2528,#2529);
#2057=AXIS2_PLACEMENT_3D('',#3081,#2531,#2532);
#2058=AXIS2_PLACEMENT_3D('',#3083,#2533,#2534);
#2059=AXIS2_PLACEMENT_3D('',#3084,#2535,#2536);
#2060=AXIS2_PLACEMENT_3D('',#3110,#2538,#2539);
#2061=AXIS2_PLACEMENT_3D('',#3136,#2541,#2542);
#2062=AXIS2_PLACEMENT_3D('',#3139,#2545,#2546);
#2063=AXIS2_PLACEMENT_3D('',#3141,#2548,#2549);
#2064=AXIS2_PLACEMENT_3D('',#3143,#2551,#2552);
#2065=AXIS2_PLACEMENT_3D('',#3145,#2554,#2555);
#2066=AXIS2_PLACEMENT_3D('',#3147,#2557,#2558);
#2067=AXIS2_PLACEMENT_3D('placement',#3148,#2559,#2560);
#2068=AXIS2_PLACEMENT_3D('',#3149,#2561,#2562);
#2069=AXIS2_PLACEMENT_3D('',#3151,#2563,#2564);
#2070=AXIS2_PLACEMENT_3D('',#3154,#2566,#2567);
#2071=AXIS2_PLACEMENT_3D('',#3155,#2568,#2569);
#2072=AXIS2_PLACEMENT_3D('',#3157,#2570,#2571);
#2073=AXIS2_PLACEMENT_3D('',#3160,#2573,#2574);
#2074=AXIS2_PLACEMENT_3D('',#3161,#2575,#2576);
#2075=AXIS2_PLACEMENT_3D('',#3162,#2577,#2578);
#2076=AXIS2_PLACEMENT_3D('placement',#3163,#2579,#2580);
#2077=AXIS2_PLACEMENT_3D('',#3164,#2581,#2582);
#2078=AXIS2_PLACEMENT_3D('',#3166,#2583,#2584);
#2079=AXIS2_PLACEMENT_3D('',#3169,#2586,#2587);
#2080=AXIS2_PLACEMENT_3D('',#3171,#2588,#2589);
#2081=AXIS2_PLACEMENT_3D('',#3173,#2591,#2592);
#2082=AXIS2_PLACEMENT_3D('',#3175,#2593,#2594);
#2083=AXIS2_PLACEMENT_3D('',#3178,#2596,#2597);
#2084=AXIS2_PLACEMENT_3D('',#3180,#2598,#2599);
#2085=AXIS2_PLACEMENT_3D('',#3182,#2601,#2602);
#2086=AXIS2_PLACEMENT_3D('',#3184,#2603,#2604);
#2087=AXIS2_PLACEMENT_3D('',#3186,#2605,#2606);
#2088=AXIS2_PLACEMENT_3D('',#3187,#2607,#2608);
#2089=AXIS2_PLACEMENT_3D('',#3188,#2609,#2610);
#2090=AXIS2_PLACEMENT_3D('',#3190,#2611,#2612);
#2091=AXIS2_PLACEMENT_3D('',#3191,#2613,#2614);
#2092=AXIS2_PLACEMENT_3D('',#3192,#2615,#2616);
#2093=AXIS2_PLACEMENT_3D('',#3195,#2617,#2618);
#2094=AXIS2_PLACEMENT_3D('',#3196,#2619,#2620);
#2095=AXIS2_PLACEMENT_3D('',#3197,#2621,#2622);
#2096=AXIS2_PLACEMENT_3D('',#3198,#2623,#2624);
#2097=AXIS2_PLACEMENT_3D('',#3201,#2625,#2626);
#2098=AXIS2_PLACEMENT_3D('',#3203,#2628,#2629);
#2099=AXIS2_PLACEMENT_3D('',#3204,#2630,#2631);
#2100=AXIS2_PLACEMENT_3D('',#3206,#2632,#2633);
#2101=AXIS2_PLACEMENT_3D('',#3207,#2634,#2635);
#2102=AXIS2_PLACEMENT_3D('',#3208,#2636,#2637);
#2103=AXIS2_PLACEMENT_3D('',#3210,#2638,#2639);
#2104=AXIS2_PLACEMENT_3D('',#3211,#2640,#2641);
#2105=AXIS2_PLACEMENT_3D('',#3212,#2642,#2643);
#2106=AXIS2_PLACEMENT_3D('',#3214,#2644,#2645);
#2107=AXIS2_PLACEMENT_3D('',#3215,#2646,#2647);
#2108=AXIS2_PLACEMENT_3D('',#3216,#2648,#2649);
#2109=AXIS2_PLACEMENT_3D('',#3217,#2650,#2651);
#2110=AXIS2_PLACEMENT_3D('',#3218,#2652,#2653);
#2111=AXIS2_PLACEMENT_3D('',#3219,#2654,#2655);
#2112=AXIS2_PLACEMENT_3D('',#3220,#2656,#2657);
#2113=AXIS2_PLACEMENT_3D('',#3221,#2658,#2659);
#2114=AXIS2_PLACEMENT_3D('',#3222,#2660,#2661);
#2115=AXIS2_PLACEMENT_3D('',#3223,#2662,#2663);
#2116=AXIS2_PLACEMENT_3D('',#3224,#2664,#2665);
#2117=AXIS2_PLACEMENT_3D('',#3225,#2666,#2667);
#2118=AXIS2_PLACEMENT_3D('',#3226,#2668,#2669);
#2119=AXIS2_PLACEMENT_3D('',#3227,#2670,#2671);
#2120=AXIS2_PLACEMENT_3D('',#3228,#2672,#2673);
#2121=AXIS2_PLACEMENT_3D('',#3229,#2674,#2675);
#2122=AXIS2_PLACEMENT_3D('',#3230,#2676,#2677);
#2123=AXIS2_PLACEMENT_3D('',#3231,#2678,#2679);
#2124=DIRECTION('axis',(0.,0.,1.));
#2125=DIRECTION('refdir',(1.,0.,0.));
#2126=DIRECTION('axis',(0.,0.,1.));
#2127=DIRECTION('refdir',(1.,0.,0.));
#2128=DIRECTION('center_axis',(0.,0.707106781186548,0.707106781186547));
#2129=DIRECTION('ref_axis',(1.,0.,0.));
#2130=DIRECTION('',(0.,0.707106781186547,-0.707106781186548));
#2131=DIRECTION('',(-1.,0.,0.));
#2132=DIRECTION('',(0.,-0.707106781186547,0.707106781186548));
#2133=DIRECTION('',(1.,0.,0.));
#2134=DIRECTION('center_axis',(0.,-1.,0.));
#2135=DIRECTION('ref_axis',(0.707106781186548,0.,0.707106781186547));
#2136=DIRECTION('center_axis',(0.,1.,0.));
#2137=DIRECTION('ref_axis',(0.707106781186548,0.,0.707106781186547));
#2138=DIRECTION('',(-0.707106781186565,0.70710678118653,-7.85046229341868E-16));
#2139=DIRECTION('center_axis',(0.,-1.,0.));
#2140=DIRECTION('ref_axis',(0.707106781186548,0.,0.707106781186547));
#2141=DIRECTION('center_axis',(0.70710678118653,0.707106781186565,-6.28036983473495E-16));
#2142=DIRECTION('ref_axis',(-8.88178419700126E-16,0.,-1.));
#2143=DIRECTION('',(-0.707106781186553,0.707106781186542,7.85046229341882E-16));
#2144=DIRECTION('',(8.88178419700126E-16,0.,1.));
#2145=DIRECTION('',(-8.88178419700126E-16,0.,-1.));
#2146=DIRECTION('center_axis',(0.,-1.,0.));
#2147=DIRECTION('ref_axis',(0.707106781186547,0.,-0.707106781186548));
#2148=DIRECTION('center_axis',(0.,1.,0.));
#2149=DIRECTION('ref_axis',(0.707106781186547,0.,-0.707106781186548));
#2150=DIRECTION('',(0.,0.707106781186546,0.707106781186549));
#2151=DIRECTION('center_axis',(0.,-1.,0.));
#2152=DIRECTION('ref_axis',(0.707106781186547,0.,-0.707106781186548));
#2153=DIRECTION('center_axis',(9.0280316374317E-17,0.707106781186548,-0.707106781186547));
#2154=DIRECTION('ref_axis',(-1.,0.,-1.27675647831893E-16));
#2155=DIRECTION('',(0.,0.707106781186547,0.707106781186548));
#2156=DIRECTION('',(1.,0.,1.27675647831893E-16));
#2157=DIRECTION('',(-1.,0.,-1.27675647831893E-16));
#2158=DIRECTION('center_axis',(0.,-1.,0.));
#2159=DIRECTION('ref_axis',(-0.707106781186547,0.,-0.707106781186548));
#2160=DIRECTION('center_axis',(0.,1.,0.));
#2161=DIRECTION('ref_axis',(-0.707106781186547,0.,-0.707106781186548));
#2162=DIRECTION('',(0.707106781186553,0.707106781186542,-1.57009245868376E-15));
#2163=DIRECTION('center_axis',(0.,-1.,0.));
#2164=DIRECTION('ref_axis',(-0.707106781186547,0.,-0.707106781186548));
#2165=DIRECTION('center_axis',(-0.707106781186542,0.707106781186553,0.));
#2166=DIRECTION('ref_axis',(0.,0.,1.));
#2167=DIRECTION('',(0.707106781186553,0.707106781186542,0.));
#2168=DIRECTION('',(0.,0.,-1.));
#2169=DIRECTION('',(0.,0.,1.));
#2170=DIRECTION('center_axis',(0.,-1.,0.));
#2171=DIRECTION('ref_axis',(-0.707106781186548,0.,0.707106781186548));
#2172=DIRECTION('center_axis',(0.,1.,0.));
#2173=DIRECTION('ref_axis',(-0.707106781186547,0.,0.707106781186547));
#2174=DIRECTION('center_axis',(0.,-1.,0.));
#2175=DIRECTION('ref_axis',(-0.707106781186547,0.,0.707106781186547));
#2176=DIRECTION('center_axis',(0.,-1.,0.));
#2177=DIRECTION('ref_axis',(0.707106781186547,0.,-0.707106781186548));
#2178=DIRECTION('',(0.,-1.,0.));
#2179=DIRECTION('center_axis',(0.,1.,0.));
#2180=DIRECTION('ref_axis',(0.707106781186547,0.,-0.707106781186548));
#2181=DIRECTION('',(0.,1.,0.));
#2182=DIRECTION('center_axis',(1.,0.,-8.88178419700126E-16));
#2183=DIRECTION('ref_axis',(-8.88178419700126E-16,0.,-1.));
#2184=DIRECTION('',(0.,1.,0.));
#2185=DIRECTION('',(8.88178419700126E-16,0.,1.));
#2186=DIRECTION('center_axis',(0.,1.,0.));
#2187=DIRECTION('ref_axis',(0.707106781186548,0.,0.707106781186547));
#2188=DIRECTION('',(0.,-1.,0.));
#2189=DIRECTION('center_axis',(0.,1.,0.));
#2190=DIRECTION('ref_axis',(0.707106781186548,0.,0.707106781186547));
#2191=DIRECTION('center_axis',(0.,0.,1.));
#2192=DIRECTION('ref_axis',(1.,0.,0.));
#2193=DIRECTION('',(0.,1.,0.));
#2194=DIRECTION('',(-1.,0.,0.));
#2195=DIRECTION('center_axis',(0.,1.,0.));
#2196=DIRECTION('ref_axis',(0.,0.,1.));
#2197=DIRECTION('center_axis',(0.,-1.,0.));
#2198=DIRECTION('ref_axis',(1.,0.,0.));
#2199=DIRECTION('center_axis',(0.,-1.,0.));
#2200=DIRECTION('ref_axis',(1.,0.,0.));
#2201=DIRECTION('center_axis',(0.,-1.,0.));
#2202=DIRECTION('ref_axis',(1.,0.,0.));
#2203=DIRECTION('center_axis',(0.,-1.,0.));
#2204=DIRECTION('ref_axis',(0.,0.,-1.));
#2205=DIRECTION('center_axis',(0.,1.,0.));
#2206=DIRECTION('ref_axis',(-0.707106781186547,0.,0.707106781186547));
#2207=DIRECTION('',(0.,0.,-1.));
#2208=DIRECTION('center_axis',(0.,1.,0.));
#2209=DIRECTION('ref_axis',(-0.707106781186547,0.,-0.707106781186548));
#2210=DIRECTION('',(1.,0.,1.27675647831893E-16));
#2211=DIRECTION('center_axis',(0.,1.,0.));
#2212=DIRECTION('ref_axis',(1.,0.,0.));
#2213=DIRECTION('center_axis',(0.,1.,0.));
#2214=DIRECTION('ref_axis',(1.,0.,0.));
#2215=DIRECTION('center_axis',(0.,1.,0.));
#2216=DIRECTION('ref_axis',(1.,0.,0.));
#2217=DIRECTION('center_axis',(0.,1.,0.));
#2218=DIRECTION('ref_axis',(-0.707106781186547,0.,-0.707106781186548));
#2219=DIRECTION('',(0.,-1.,0.));
#2220=DIRECTION('',(0.,1.,0.));
#2221=DIRECTION('center_axis',(-1.,0.,0.));
#2222=DIRECTION('ref_axis',(0.,0.,1.));
#2223=DIRECTION('',(0.,-1.,0.));
#2224=DIRECTION('center_axis',(0.,1.,0.));
#2225=DIRECTION('ref_axis',(-0.707106781186547,0.,0.707106781186547));
#2226=DIRECTION('center_axis',(0.,-1.,0.));
#2227=DIRECTION('ref_axis',(1.,0.,0.));
#2228=DIRECTION('',(0.,-1.,0.));
#2229=DIRECTION('center_axis',(0.,-1.,0.));
#2230=DIRECTION('ref_axis',(1.,0.,0.));
#2231=DIRECTION('center_axis',(0.,1.,0.));
#2232=DIRECTION('ref_axis',(0.,0.,1.));
#2233=DIRECTION('center_axis',(0.,1.,0.));
#2234=DIRECTION('ref_axis',(1.,0.,0.));
#2235=DIRECTION('center_axis',(0.,1.,0.));
#2236=DIRECTION('ref_axis',(1.,0.,0.));
#2237=DIRECTION('',(0.,-1.,0.));
#2238=DIRECTION('center_axis',(0.,1.,0.));
#2239=DIRECTION('ref_axis',(1.,0.,0.));
#2240=DIRECTION('',(0.,-1.,0.));
#2241=DIRECTION('center_axis',(0.,-1.,0.));
#2242=DIRECTION('ref_axis',(1.,0.,0.));
#2243=DIRECTION('',(0.,-1.,0.));
#2244=DIRECTION('center_axis',(1.27675647831893E-16,0.,-1.));
#2245=DIRECTION('ref_axis',(-1.,0.,-1.27675647831893E-16));
#2246=DIRECTION('axis',(0.,0.,1.));
#2247=DIRECTION('refdir',(1.,0.,0.));
#2248=DIRECTION('center_axis',(0.,-0.707106781186548,0.707106781186547));
#2249=DIRECTION('ref_axis',(1.,0.,0.));
#2250=DIRECTION('',(0.,-0.707106781186547,-0.707106781186548));
#2251=DIRECTION('',(1.,0.,0.));
#2252=DIRECTION('',(0.,0.707106781186547,0.707106781186548));
#2253=DIRECTION('',(-1.,0.,0.));
#2254=DIRECTION('center_axis',(0.,1.,0.));
#2255=DIRECTION('ref_axis',(-0.707106781186547,0.,0.707106781186547));
#2256=DIRECTION('center_axis',(0.,-1.,0.));
#2257=DIRECTION('ref_axis',(-0.707106781186547,0.,0.707106781186547));
#2258=DIRECTION('',(0.,-0.707106781186546,0.707106781186549));
#2259=DIRECTION('center_axis',(0.,1.,0.));
#2260=DIRECTION('ref_axis',(-0.707106781186547,0.,0.707106781186547));
#2261=DIRECTION('center_axis',(9.09000897132712E-17,-0.707106781186548,
-0.707106781186547));
#2262=DIRECTION('ref_axis',(-1.,0.,-1.28552139693439E-16));
#2263=DIRECTION('',(0.,-0.707106781186548,0.707106781186547));
#2264=DIRECTION('',(-1.,0.,-1.28552139693439E-16));
#2265=DIRECTION('',(1.,0.,1.28552139693439E-16));
#2266=DIRECTION('center_axis',(0.,1.,0.));
#2267=DIRECTION('ref_axis',(0.707106781186547,0.,0.707106781186547));
#2268=DIRECTION('center_axis',(0.,-1.,0.));
#2269=DIRECTION('ref_axis',(0.707106781186547,0.,0.707106781186547));
#2270=DIRECTION('center_axis',(0.,1.,0.));
#2271=DIRECTION('ref_axis',(0.707106781186547,0.,0.707106781186547));
#2272=DIRECTION('center_axis',(0.,1.,0.));
#2273=DIRECTION('ref_axis',(-0.707106781186547,0.,0.707106781186547));
#2274=DIRECTION('',(0.,1.,0.));
#2275=DIRECTION('center_axis',(0.,1.,0.));
#2276=DIRECTION('ref_axis',(-0.707106781186547,0.,0.707106781186547));
#2277=DIRECTION('',(0.,-1.,0.));
#2278=DIRECTION('center_axis',(0.,0.,1.));
#2279=DIRECTION('ref_axis',(1.,0.,0.));
#2280=DIRECTION('',(0.,-1.,0.));
#2281=DIRECTION('',(1.,0.,0.));
#2282=DIRECTION('center_axis',(0.,-1.,0.));
#2283=DIRECTION('ref_axis',(0.,0.,-1.));
#2284=DIRECTION('center_axis',(0.,1.,0.));
#2285=DIRECTION('ref_axis',(1.,0.,0.));
#2286=DIRECTION('center_axis',(0.,1.,0.));
#2287=DIRECTION('ref_axis',(1.,0.,0.));
#2288=DIRECTION('center_axis',(0.,1.,0.));
#2289=DIRECTION('ref_axis',(1.,0.,0.));
#2290=DIRECTION('center_axis',(0.,0.707106781186548,0.707106781186547));
#2291=DIRECTION('ref_axis',(1.,0.,0.));
#2292=DIRECTION('',(0.,0.707106781186547,-0.707106781186548));
#2293=DIRECTION('',(-1.,0.,0.));
#2294=DIRECTION('',(0.,-0.707106781186547,0.707106781186548));
#2295=DIRECTION('center_axis',(0.,-1.,0.));
#2296=DIRECTION('ref_axis',(0.707106781186547,0.,0.707106781186547));
#2297=DIRECTION('center_axis',(0.,1.,0.));
#2298=DIRECTION('ref_axis',(0.707106781186547,0.,0.707106781186547));
#2299=DIRECTION('',(0.,0.70710678118656,0.707106781186534));
#2300=DIRECTION('center_axis',(0.,-1.,0.));
#2301=DIRECTION('ref_axis',(0.707106781186547,0.,0.707106781186547));
#2302=DIRECTION('center_axis',(9.09000897132712E-17,0.707106781186548,-0.707106781186547));
#2303=DIRECTION('ref_axis',(-1.,0.,-1.28552139693439E-16));
#2304=DIRECTION('',(0.,0.707106781186548,0.707106781186547));
#2305=DIRECTION('',(1.,0.,1.28552139693439E-16));
#2306=DIRECTION('',(-1.,0.,-1.28552139693439E-16));
#2307=DIRECTION('center_axis',(0.,-1.,0.));
#2308=DIRECTION('ref_axis',(-0.707106781186547,0.,0.707106781186547));
#2309=DIRECTION('center_axis',(0.,-1.,0.));
#2310=DIRECTION('ref_axis',(-0.707106781186547,0.,0.707106781186547));
#2311=DIRECTION('center_axis',(0.,1.,0.));
#2312=DIRECTION('ref_axis',(0.707106781186547,0.,0.707106781186547));
#2313=DIRECTION('',(0.,1.,0.));
#2314=DIRECTION('center_axis',(0.,1.,0.));
#2315=DIRECTION('ref_axis',(0.,0.,1.));
#2316=DIRECTION('center_axis',(0.,-1.,0.));
#2317=DIRECTION('ref_axis',(1.,0.,0.));
#2318=DIRECTION('center_axis',(0.,-1.,0.));
#2319=DIRECTION('ref_axis',(1.,0.,0.));
#2320=DIRECTION('center_axis',(0.,-1.,0.));
#2321=DIRECTION('ref_axis',(1.,0.,0.));
#2322=DIRECTION('center_axis',(0.,1.,0.));
#2323=DIRECTION('ref_axis',(1.,0.,0.));
#2324=DIRECTION('',(0.,-1.,0.));
#2325=DIRECTION('center_axis',(0.,1.,0.));
#2326=DIRECTION('ref_axis',(1.,0.,0.));
#2327=DIRECTION('',(0.,-1.,0.));
#2328=DIRECTION('center_axis',(0.,-1.,0.));
#2329=DIRECTION('ref_axis',(1.,0.,0.));
#2330=DIRECTION('',(0.,-1.,0.));
#2331=DIRECTION('center_axis',(1.28552139693439E-16,0.,-1.));
#2332=DIRECTION('ref_axis',(-1.,0.,-1.28552139693439E-16));
#2333=DIRECTION('axis',(0.,0.,1.));
#2334=DIRECTION('refdir',(1.,0.,0.));
#2335=DIRECTION('center_axis',(0.,0.,1.));
#2336=DIRECTION('ref_axis',(1.,0.,0.));
#2337=DIRECTION('center_axis',(0.,0.,-1.));
#2338=DIRECTION('ref_axis',(1.,0.,0.));
#2339=DIRECTION('center_axis',(0.,0.,1.));
#2340=DIRECTION('ref_axis',(-1.,0.,0.));
#2341=DIRECTION('center_axis',(0.,0.,1.));
#2342=DIRECTION('ref_axis',(-1.,0.,0.));
#2343=DIRECTION('center_axis',(0.,0.,-1.));
#2344=DIRECTION('ref_axis',(-1.,0.,0.));
#2345=DIRECTION('',(0.,0.,-1.));
#2346=DIRECTION('center_axis',(0.,0.,1.));
#2347=DIRECTION('ref_axis',(1.,0.,0.));
#2348=DIRECTION('center_axis',(0.,0.,1.));
#2349=DIRECTION('ref_axis',(1.,0.,0.));
#2350=DIRECTION('',(0.,0.,-1.));
#2351=DIRECTION('center_axis',(0.,0.,1.));
#2352=DIRECTION('ref_axis',(1.,0.,0.));
#2353=DIRECTION('axis',(0.,0.,1.));
#2354=DIRECTION('refdir',(1.,0.,0.));
#2355=DIRECTION('center_axis',(0.,0.,-1.));
#2356=DIRECTION('ref_axis',(-1.,1.22464679914735E-16,0.));
#2357=DIRECTION('center_axis',(1.22464679914735E-16,-1.,0.));
#2358=DIRECTION('ref_axis',(-1.,-1.22464679914735E-16,0.));
#2359=DIRECTION('center_axis',(0.,0.,1.));
#2360=DIRECTION('ref_axis',(-1.,1.22464679914735E-16,0.));
#2361=DIRECTION('center_axis',(0.,0.,1.));
#2362=DIRECTION('ref_axis',(1.,0.,0.));
#2363=DIRECTION('',(0.,0.,-1.));
#2364=DIRECTION('center_axis',(0.,0.,-1.));
#2365=DIRECTION('ref_axis',(1.,0.,0.));
#2366=DIRECTION('center_axis',(0.,0.,1.));
#2367=DIRECTION('ref_axis',(1.,0.,0.));
#2368=DIRECTION('center_axis',(0.,0.,1.));
#2369=DIRECTION('ref_axis',(1.,0.,0.));
#2370=DIRECTION('axis',(0.,0.,1.));
#2371=DIRECTION('refdir',(1.,0.,0.));
#2372=DIRECTION('center_axis',(1.22464679914735E-16,-1.,0.));
#2373=DIRECTION('ref_axis',(-1.,-6.50593612047032E-17,0.));
#2374=DIRECTION('center_axis',(-1.22464679914735E-16,1.,0.));
#2375=DIRECTION('ref_axis',(-1.,0.,0.));
#2376=DIRECTION('center_axis',(-1.22464679914735E-16,1.,0.));
#2377=DIRECTION('ref_axis',(-1.,0.,0.));
#2378=DIRECTION('',(0.707106781186552,-0.707106781186543,-8.65956056235498E-17));
#2379=DIRECTION('center_axis',(1.22464679914735E-16,-1.,0.));
#2380=DIRECTION('ref_axis',(-1.,-1.22464679914735E-16,0.));
#2381=DIRECTION('center_axis',(1.22464679914735E-16,-1.,0.));
#2382=DIRECTION('ref_axis',(1.,0.,0.));
#2383=DIRECTION('',(-1.22464679914735E-16,1.,0.));
#2384=DIRECTION('center_axis',(1.22464679914735E-16,-1.,0.));
#2385=DIRECTION('ref_axis',(-1.,0.,0.));
#2386=DIRECTION('center_axis',(1.22464679914735E-16,-1.,0.));
#2387=DIRECTION('ref_axis',(-1.,0.,0.));
#2388=DIRECTION('center_axis',(1.22464679914735E-16,-1.,0.));
#2389=DIRECTION('ref_axis',(0.,0.,-1.));
#2390=DIRECTION('center_axis',(-1.22464679914735E-16,1.,0.));
#2391=DIRECTION('ref_axis',(-1.,-1.22464679914735E-16,0.));
#2392=DIRECTION('center_axis',(-1.22464679914735E-16,1.,0.));
#2393=DIRECTION('ref_axis',(-1.,-6.50593612047031E-17,0.));
#2394=DIRECTION('center_axis',(-1.22464679914735E-16,1.,0.));
#2395=DIRECTION('ref_axis',(-1.,-1.22464679914735E-16,0.));
#2396=DIRECTION('',(-0.707106781186545,-0.70710678118655,8.6595605623549E-17));
#2397=DIRECTION('center_axis',(-1.22464679914735E-16,1.,0.));
#2398=DIRECTION('ref_axis',(0.,0.,1.));
#2399=DIRECTION('center_axis',(1.22464679914735E-16,-1.,0.));
#2400=DIRECTION('ref_axis',(-1.,-1.22464679914735E-16,0.));
#2401=DIRECTION('center_axis',(-1.22464679914735E-16,1.,0.));
#2402=DIRECTION('ref_axis',(-1.,-5.65221599606471E-17,0.));
#2403=DIRECTION('',(0.707106781186546,0.707106781186549,8.65956056235492E-17));
#2404=DIRECTION('center_axis',(1.22464679914735E-16,-1.,0.));
#2405=DIRECTION('ref_axis',(-1.,0.,0.));
#2406=DIRECTION('center_axis',(1.22464679914735E-16,-1.,0.));
#2407=DIRECTION('ref_axis',(-1.,0.,0.));
#2408=DIRECTION('center_axis',(1.22464679914735E-16,-1.,0.));
#2409=DIRECTION('ref_axis',(1.,0.,0.));
#2410=DIRECTION('',(-1.22464679914735E-16,1.,0.));
#2411=DIRECTION('center_axis',(1.22464679914735E-16,-1.,0.));
#2412=DIRECTION('ref_axis',(1.,1.22464679914735E-16,0.));
#2413=DIRECTION('center_axis',(-1.22464679914735E-16,1.,0.));
#2414=DIRECTION('ref_axis',(-1.,-5.91208799588377E-17,0.));
#2415=DIRECTION('center_axis',(-1.22464679914735E-16,1.,0.));
#2416=DIRECTION('ref_axis',(-1.,-1.22464679914735E-16,0.));
#2417=DIRECTION('',(0.70710678118655,0.707106781186545,8.65956056235497E-17));
#2418=DIRECTION('center_axis',(1.22464679914735E-16,-1.,0.));
#2419=DIRECTION('ref_axis',(-1.,0.,0.));
#2420=DIRECTION('center_axis',(1.22464679914735E-16,-1.,0.));
#2421=DIRECTION('ref_axis',(-1.,0.,0.));
#2422=DIRECTION('center_axis',(1.22464679914735E-16,-1.,0.));
#2423=DIRECTION('ref_axis',(1.,0.,0.));
#2424=DIRECTION('',(-1.22464679914735E-16,1.,0.));
#2425=DIRECTION('center_axis',(-1.22464679914735E-16,1.,0.));
#2426=DIRECTION('ref_axis',(-1.,0.,0.));
#2427=DIRECTION('center_axis',(-1.22464679914735E-16,1.,0.));
#2428=DIRECTION('ref_axis',(-1.,0.,0.));
#2429=DIRECTION('center_axis',(1.22464679914735E-16,-1.,0.));
#2430=DIRECTION('ref_axis',(0.,0.,-1.));
#2431=DIRECTION('center_axis',(1.22464679914735E-16,-1.,0.));
#2432=DIRECTION('ref_axis',(-1.,-5.91208799588377E-17,0.));
#2433=DIRECTION('',(-0.707106781186549,0.707106781186547,-8.65956056235494E-17));
#2434=DIRECTION('axis',(0.,0.,1.));
#2435=DIRECTION('refdir',(1.,0.,0.));
#2436=DIRECTION('center_axis',(1.,-4.35982819511539E-19,0.));
#2437=DIRECTION('ref_axis',(0.,0.,-1.));
#2438=DIRECTION('center_axis',(1.,-4.35982819511539E-19,0.));
#2439=DIRECTION('ref_axis',(-4.35982819511539E-19,-1.,1.22464679914735E-16));
#2440=DIRECTION('center_axis',(-4.35982819511539E-19,-1.,-1.22464679914735E-16));
#2441=DIRECTION('ref_axis',(0.,-1.22464679914735E-16,1.));
#2442=DIRECTION('center_axis',(-1.,4.35982819511539E-19,0.));
#2443=DIRECTION('ref_axis',(0.,-1.,1.22464679914735E-16));
#2444=DIRECTION('center_axis',(-1.,4.35982819511539E-19,0.));
#2445=DIRECTION('ref_axis',(0.,-1.,1.22464679914735E-16));
#2446=DIRECTION('center_axis',(1.,-4.35982819511539E-19,0.));
#2447=DIRECTION('ref_axis',(0.,1.,0.));
#2448=DIRECTION('center_axis',(1.,-4.35982819511539E-19,0.));
#2449=DIRECTION('ref_axis',(0.,-1.,0.));
#2450=DIRECTION('center_axis',(1.,-4.35982819511539E-19,0.));
#2451=DIRECTION('ref_axis',(0.,-1.,0.));
#2452=DIRECTION('',(-1.,4.35982819511539E-19,0.));
#2453=DIRECTION('center_axis',(1.,-4.35982819511539E-19,0.));
#2454=DIRECTION('ref_axis',(0.,0.,-1.));
#2455=DIRECTION('center_axis',(1.,-4.35982819511539E-19,0.));
#2456=DIRECTION('ref_axis',(0.,1.,0.));
#2457=DIRECTION('center_axis',(-1.,4.35982819511539E-19,0.));
#2458=DIRECTION('ref_axis',(-1.94881468544741E-19,-1.,0.));
#2459=DIRECTION('center_axis',(-1.,4.35982819511539E-19,0.));
#2460=DIRECTION('ref_axis',(-4.35982819511539E-19,-1.,0.));
#2461=DIRECTION('',(-0.707106781186549,0.707106781186547,8.65956056235492E-17));
#2462=DIRECTION('center_axis',(1.,-4.35982819511539E-19,0.));
#2463=DIRECTION('ref_axis',(0.,0.,-1.));
#2464=DIRECTION('center_axis',(1.,-4.35982819511539E-19,0.));
#2465=DIRECTION('ref_axis',(0.,0.,-1.));
#2466=DIRECTION('center_axis',(-1.,4.35982819511539E-19,0.));
#2467=DIRECTION('ref_axis',(0.,-1.,1.22464679914735E-16));
#2468=DIRECTION('center_axis',(-1.,4.35982819511539E-19,0.));
#2469=DIRECTION('ref_axis',(0.,-1.,1.22464679914735E-16));
#2470=DIRECTION('center_axis',(-4.35982819511539E-19,-1.,-1.22464679914735E-16));
#2471=DIRECTION('ref_axis',(0.,-1.22464679914735E-16,1.));
#2472=DIRECTION('center_axis',(1.,-4.35982819511539E-19,0.));
#2473=DIRECTION('ref_axis',(-4.35982819511539E-19,-1.,1.22464679914735E-16));
#2474=DIRECTION('center_axis',(-1.,4.35982819511539E-19,0.));
#2475=DIRECTION('ref_axis',(0.,0.,1.));
#2476=DIRECTION('',(2.09594673456248E-34,4.80740671595891E-16,1.));
#2477=DIRECTION('',(-3.77572197310559E-19,-0.866025403784438,0.5));
#2478=DIRECTION('',(-3.77572197310559E-19,-0.866025403784439,-0.5));
#2479=DIRECTION('',(-6.98648911520825E-35,-1.60246890531964E-16,-1.));
#2480=DIRECTION('',(3.77572197310559E-19,0.866025403784438,-0.5));
#2481=DIRECTION('',(3.77572197310559E-19,0.866025403784439,0.5));
#2482=DIRECTION('center_axis',(1.,-4.35982819511539E-19,0.));
#2483=DIRECTION('ref_axis',(0.,1.,0.));
#2484=DIRECTION('',(-1.,4.35982819511539E-19,0.));
#2485=DIRECTION('center_axis',(-2.1799140975577E-19,-0.5,-0.866025403784439));
#2486=DIRECTION('ref_axis',(-1.,0.,2.51714798207039E-19));
#2487=DIRECTION('',(-1.,4.35982819511539E-19,0.));
#2488=DIRECTION('',(-1.,4.35982819511539E-19,0.));
#2489=DIRECTION('center_axis',(2.1799140975577E-19,0.5,-0.866025403784439));
#2490=DIRECTION('ref_axis',(-1.,0.,-2.51714798207039E-19));
#2491=DIRECTION('',(-1.,4.35982819511539E-19,0.));
#2492=DIRECTION('center_axis',(4.35982819511539E-19,1.,-4.80740671595891E-16));
#2493=DIRECTION('ref_axis',(0.,4.80740671595891E-16,1.));
#2494=DIRECTION('',(-1.,4.35982819511539E-19,0.));
#2495=DIRECTION('center_axis',(2.1799140975577E-19,0.5,0.866025403784439));
#2496=DIRECTION('ref_axis',(1.,0.,-2.51714798207039E-19));
#2497=DIRECTION('',(1.,-4.35982819511539E-19,0.));
#2498=DIRECTION('center_axis',(-4.35982819511539E-19,-1.,1.60246890531964E-16));
#2499=DIRECTION('ref_axis',(0.,-1.60246890531964E-16,-1.));
#2500=DIRECTION('',(-1.,4.35982819511539E-19,0.));
#2501=DIRECTION('center_axis',(-2.1799140975577E-19,-0.5,0.866025403784439));
#2502=DIRECTION('ref_axis',(1.,0.,2.51714798207039E-19));
#2503=DIRECTION('center_axis',(-1.,4.35982819511539E-19,0.));
#2504=DIRECTION('ref_axis',(0.,1.,0.));
#2505=DIRECTION('',(-0.500000000000001,-0.866025403784438,-1.06057523872491E-16));
#2506=DIRECTION('axis',(0.,0.,1.));
#2507=DIRECTION('refdir',(1.,0.,0.));
#2508=DIRECTION('center_axis',(-1.,0.,0.));
#2509=DIRECTION('ref_axis',(0.,0.,-1.));
#2510=DIRECTION('center_axis',(-1.,0.,0.));
#2511=DIRECTION('ref_axis',(0.,0.,-1.));
#2512=DIRECTION('',(0.5,-1.06057523872491E-16,-0.866025403784439));
#2513=DIRECTION('center_axis',(1.,0.,0.));
#2514=DIRECTION('ref_axis',(0.,0.,-1.));
#2515=DIRECTION('center_axis',(1.,0.,0.));
#2516=DIRECTION('ref_axis',(0.,0.,-1.));
#2517=DIRECTION('center_axis',(-1.,0.,0.));
#2518=DIRECTION('ref_axis',(0.,0.,1.));
#2519=DIRECTION('center_axis',(-1.,0.,0.));
#2520=DIRECTION('ref_axis',(0.,0.,1.));
#2521=DIRECTION('',(-1.,0.,0.));
#2522=DIRECTION('center_axis',(1.,0.,0.));
#2523=DIRECTION('ref_axis',(0.,0.,-1.));
#2524=DIRECTION('center_axis',(-1.,0.,0.));
#2525=DIRECTION('ref_axis',(0.,1.,0.));
#2526=DIRECTION('center_axis',(1.,0.,0.));
#2527=DIRECTION('ref_axis',(0.,0.,1.));
#2528=DIRECTION('center_axis',(1.,0.,0.));
#2529=DIRECTION('ref_axis',(0.,0.,1.));
#2530=DIRECTION('',(-0.5,-1.06057523872491E-16,0.866025403784439));
#2531=DIRECTION('center_axis',(1.,0.,0.));
#2532=DIRECTION('ref_axis',(0.,0.,-1.));
#2533=DIRECTION('center_axis',(1.,0.,0.));
#2534=DIRECTION('ref_axis',(0.,1.,0.));
#2535=DIRECTION('center_axis',(1.,0.,0.));
#2536=DIRECTION('ref_axis',(0.,1.,0.));
#2537=DIRECTION('',(-0.5,0.866025403784439,-1.06057523872491E-16));
#2538=DIRECTION('center_axis',(-1.,0.,0.));
#2539=DIRECTION('ref_axis',(0.,1.,0.));
#2540=DIRECTION('',(-0.5,-0.866025403784439,1.06057523872491E-16));
#2541=DIRECTION('center_axis',(0.,0.866025403784439,-0.499999999999999));
#2542=DIRECTION('ref_axis',(0.,0.499999999999999,0.866025403784439));
#2543=DIRECTION('',(1.,0.,0.));
#2544=DIRECTION('',(1.,0.,0.));
#2545=DIRECTION('center_axis',(0.,1.74814789671233E-15,-1.));
#2546=DIRECTION('ref_axis',(-1.,0.,0.));
#2547=DIRECTION('',(1.,0.,0.));
#2548=DIRECTION('center_axis',(0.,0.866025403784438,0.5));
#2549=DIRECTION('ref_axis',(1.,0.,0.));
#2550=DIRECTION('',(1.,0.,0.));
#2551=DIRECTION('center_axis',(0.,0.,1.));
#2552=DIRECTION('ref_axis',(1.,0.,0.));
#2553=DIRECTION('',(1.,0.,0.));
#2554=DIRECTION('center_axis',(0.,-0.866025403784438,-0.5));
#2555=DIRECTION('ref_axis',(-1.,0.,0.));
#2556=DIRECTION('',(1.,0.,0.));
#2557=DIRECTION('center_axis',(0.,-0.866025403784439,0.5));
#2558=DIRECTION('ref_axis',(0.,-0.5,-0.866025403784439));
#2559=DIRECTION('axis',(0.,0.,1.));
#2560=DIRECTION('refdir',(1.,0.,0.));
#2561=DIRECTION('center_axis',(1.,0.,0.));
#2562=DIRECTION('ref_axis',(0.,-1.,0.));
#2563=DIRECTION('center_axis',(1.,0.,0.));
#2564=DIRECTION('ref_axis',(0.,-1.,0.));
#2565=DIRECTION('',(1.,0.,0.));
#2566=DIRECTION('center_axis',(-1.,0.,0.));
#2567=DIRECTION('ref_axis',(0.,-1.,0.));
#2568=DIRECTION('center_axis',(1.,0.,0.));
#2569=DIRECTION('ref_axis',(0.,-1.,0.));
#2570=DIRECTION('center_axis',(-1.,0.,0.));
#2571=DIRECTION('ref_axis',(0.,-1.,0.));
#2572=DIRECTION('',(-1.,0.,0.));
#2573=DIRECTION('center_axis',(-1.,0.,0.));
#2574=DIRECTION('ref_axis',(0.,-1.,0.));
#2575=DIRECTION('center_axis',(-1.,0.,0.));
#2576=DIRECTION('ref_axis',(0.,0.,1.));
#2577=DIRECTION('center_axis',(-1.,0.,0.));
#2578=DIRECTION('ref_axis',(0.,0.,1.));
#2579=DIRECTION('axis',(0.,0.,1.));
#2580=DIRECTION('refdir',(1.,0.,0.));
#2581=DIRECTION('center_axis',(-1.22464679914735E-16,1.,0.));
#2582=DIRECTION('ref_axis',(1.,1.22464679914735E-16,0.));
#2583=DIRECTION('center_axis',(-1.22464679914735E-16,1.,0.));
#2584=DIRECTION('ref_axis',(1.,1.22464679914735E-16,0.));
#2585=DIRECTION('',(0.857167300702112,-0.515038074910054,-1.04972719113862E-16));
#2586=DIRECTION('center_axis',(-1.22464679914735E-16,1.,0.));
#2587=DIRECTION('ref_axis',(1.,1.22464679914735E-16,0.));
#2588=DIRECTION('center_axis',(1.22464679914735E-16,-1.,0.));
#2589=DIRECTION('ref_axis',(1.,1.22464679914735E-16,0.));
#2590=DIRECTION('',(1.22464679914735E-16,-1.,0.));
#2591=DIRECTION('center_axis',(1.22464679914735E-16,-1.,0.));
#2592=DIRECTION('ref_axis',(1.,1.22464679914735E-16,0.));
#2593=DIRECTION('center_axis',(1.22464679914735E-16,-1.,0.));
#2594=DIRECTION('ref_axis',(1.,1.22464679914735E-16,0.));
#2595=DIRECTION('',(0.857167300702112,0.515038074910054,1.04972719113862E-16));
#2596=DIRECTION('center_axis',(1.22464679914735E-16,-1.,0.));
#2597=DIRECTION('ref_axis',(1.,1.22464679914735E-16,0.));
#2598=DIRECTION('center_axis',(-1.22464679914735E-16,1.,0.));
#2599=DIRECTION('ref_axis',(1.,1.22464679914735E-16,0.));
#2600=DIRECTION('',(-1.22464679914735E-16,1.,0.));
#2601=DIRECTION('center_axis',(1.22464679914735E-16,-1.,0.));
#2602=DIRECTION('ref_axis',(0.,0.,-1.));
#2603=DIRECTION('center_axis',(1.22464679914735E-16,-1.,0.));
#2604=DIRECTION('ref_axis',(1.,1.22464679914735E-16,0.));
#2605=DIRECTION('center_axis',(-1.,-1.22464679914735E-16,-1.22464679914735E-16));
#2606=DIRECTION('ref_axis',(-1.22464679914735E-16,0.,1.));
#2607=DIRECTION('center_axis',(1.22464679914735E-16,-1.,0.));
#2608=DIRECTION('ref_axis',(1.,1.22464679914735E-16,0.));
#2609=DIRECTION('center_axis',(1.22464679914735E-16,-1.,0.));
#2610=DIRECTION('ref_axis',(0.,0.,-1.));
#2611=DIRECTION('center_axis',(-1.,-1.22464679914735E-16,-1.22464679914735E-16));
#2612=DIRECTION('ref_axis',(-1.22464679914735E-16,0.,1.));
#2613=DIRECTION('center_axis',(1.22464679914735E-16,-1.,0.));
#2614=DIRECTION('ref_axis',(1.,1.22464679914735E-16,0.));
#2615=DIRECTION('center_axis',(1.22464679914735E-16,-1.,0.));
#2616=DIRECTION('ref_axis',(0.,0.,-1.));
#2617=DIRECTION('center_axis',(1.22464679914735E-16,-1.,0.));
#2618=DIRECTION('ref_axis',(1.,1.22464679914735E-16,0.));
#2619=DIRECTION('center_axis',(1.22464679914735E-16,-1.,0.));
#2620=DIRECTION('ref_axis',(1.,1.22464679914735E-16,0.));
#2621=DIRECTION('center_axis',(-1.,-1.22464679914735E-16,-1.22464679914735E-16));
#2622=DIRECTION('ref_axis',(-1.22464679914735E-16,0.,1.));
#2623=DIRECTION('center_axis',(1.22464679914735E-16,-1.,0.));
#2624=DIRECTION('ref_axis',(1.,1.22464679914735E-16,0.));
#2625=DIRECTION('center_axis',(1.22464679914735E-16,-1.,0.));
#2626=DIRECTION('ref_axis',(1.,1.22464679914735E-16,0.));
#2627=DIRECTION('',(-1.22464679914735E-16,1.,0.));
#2628=DIRECTION('center_axis',(1.22464679914735E-16,-1.,0.));
#2629=DIRECTION('ref_axis',(1.,1.22464679914735E-16,0.));
#2630=DIRECTION('center_axis',(1.22464679914735E-16,-1.,0.));
#2631=DIRECTION('ref_axis',(0.,0.,-1.));
#2632=DIRECTION('center_axis',(1.22464679914735E-16,-1.,0.));
#2633=DIRECTION('ref_axis',(1.,1.22464679914735E-16,0.));
#2634=DIRECTION('center_axis',(-1.,-1.22464679914735E-16,-1.22464679914736E-16));
#2635=DIRECTION('ref_axis',(-1.22464679914736E-16,0.,1.));
#2636=DIRECTION('center_axis',(1.22464679914735E-16,-1.,0.));
#2637=DIRECTION('ref_axis',(0.,0.,-1.));
#2638=DIRECTION('center_axis',(-1.,-1.22464679914735E-16,-1.22464679914736E-16));
#2639=DIRECTION('ref_axis',(-1.22464679914736E-16,0.,1.));
#2640=DIRECTION('center_axis',(1.22464679914735E-16,-1.,0.));
#2641=DIRECTION('ref_axis',(1.,1.22464679914735E-16,0.));
#2642=DIRECTION('center_axis',(1.22464679914735E-16,-1.,0.));
#2643=DIRECTION('ref_axis',(0.,0.,-1.));
#2644=DIRECTION('center_axis',(1.22464679914735E-16,-1.,0.));
#2645=DIRECTION('ref_axis',(1.,1.22464679914735E-16,0.));
#2646=DIRECTION('center_axis',(-1.,-1.22464679914735E-16,-1.22464679914735E-16));
#2647=DIRECTION('ref_axis',(-1.22464679914735E-16,0.,1.));
#2648=DIRECTION('center_axis',(1.22464679914735E-16,-1.,0.));
#2649=DIRECTION('ref_axis',(0.,0.,-1.));
#2650=DIRECTION('center_axis',(-1.22464679914735E-16,1.,0.));
#2651=DIRECTION('ref_axis',(0.,0.,1.));
#2652=DIRECTION('',(0.,0.,1.));
#2653=DIRECTION('',(1.,0.,0.));
#2654=DIRECTION('',(-6.4250539104182E-47,-1.01418708178365E-31,1.));
#2655=DIRECTION('',(1.,-6.33517624688974E-16,0.));
#2656=DIRECTION('',(0.,-1.,0.));
#2657=DIRECTION('',(1.,0.,0.));
#2658=DIRECTION('',(5.4223391367706E-16,1.,4.66811389566425E-16));
#2659=DIRECTION('',(0.235566339474053,-5.81406568321823E-16,0.971858271409363));
#2660=DIRECTION('',(1.99093537885824E-16,1.,1.11973307009547E-16));
#2661=DIRECTION('',(-0.90271651382195,2.2789995654074E-16,-0.430235860515072));
#2662=DIRECTION('',(0.293473728653856,9.34310388296335E-17,-0.955967138865141));
#2663=DIRECTION('',(0.955967138865141,-2.71353246974302E-16,0.293473728653856));
#2664=DIRECTION('',(-0.861952007652294,2.16667118743564E-34,0.506989878108212));
#2665=DIRECTION('',(-2.2103887652143E-19,1.,-3.7579626657988E-19));
#2666=DIRECTION('',(-0.1481122868599,-6.16297582203915E-33,-0.988970550866471));
#2667=DIRECTION('',(4.31174169180644E-19,1.,-6.45744124294873E-20));
#2668=DIRECTION('',(-9.45656976937048E-17,-2.49481542568805E-31,1.));
#2669=DIRECTION('',(1.56251165772635E-15,1.,3.97241547636244E-31));
#2670=DIRECTION('',(-6.53211975069693E-32,-8.54805896050935E-31,1.));
#2671=DIRECTION('',(2.19097161306508E-16,1.,8.54805896050935E-31));
#2672=DIRECTION('',(1.40537417940118E-35,1.40537417940118E-35,1.));
#2673=DIRECTION('',(-2.3996399042595E-35,1.,-1.40537417940118E-35));
#2674=DIRECTION('',(-0.959848319785121,5.74287196665934E-33,0.280519523394863));
#2675=DIRECTION('',(5.98305153907522E-33,1.,-1.78239609152642E-37));
#2676=DIRECTION('',(-0.481728378050406,-2.09549242470053E-17,-0.876320586190308));
#2677=DIRECTION('',(-0.876320586190308,1.67821107293114E-16,0.481728378050406));
#2678=DIRECTION('',(0.436656516034104,-1.93231380604255E-17,-0.899628304915401));
#2679=DIRECTION('',(-0.899628304915401,2.10294169743557E-16,-0.436656516034104));
#2680=CARTESIAN_POINT('',(0.,0.,0.));
#2681=CARTESIAN_POINT('',(0.,0.,0.));
#2682=CARTESIAN_POINT('Origin',(-50.0000000000001,4.75,9.74999999999999));
#2683=CARTESIAN_POINT('',(94.9999999999999,4.5,9.99999999999999));
#2684=CARTESIAN_POINT('',(94.9999999999999,5.,9.49999999999999));
#2685=CARTESIAN_POINT('',(94.9999999999999,4.5,9.99999999999999));
#2686=CARTESIAN_POINT('',(-95.0000000000001,5.,9.49999999999999));
#2687=CARTESIAN_POINT('',(-50.0000000000001,5.,9.49999999999999));
#2688=CARTESIAN_POINT('',(-95.0000000000001,4.5,9.99999999999999));
#2689=CARTESIAN_POINT('',(-95.0000000000001,5.,9.49999999999999));
#2690=CARTESIAN_POINT('',(-50.0000000000001,4.5,9.99999999999999));
#2691=CARTESIAN_POINT('Origin',(94.9999999999999,4.75,4.99999999999999));
#2692=CARTESIAN_POINT('',(99.9999999999999,4.5,4.99999999999999));
#2693=CARTESIAN_POINT('Origin',(94.9999999999999,4.5,4.99999999999999));
#2694=CARTESIAN_POINT('',(99.4999999999999,5.,4.99999999999999));
#2695=CARTESIAN_POINT('',(99.9999999999999,4.5,4.99999999999999));
#2696=CARTESIAN_POINT('Origin',(94.9999999999999,5.,4.99999999999999));
#2697=CARTESIAN_POINT('Origin',(99.7499999999999,4.75,4.99999999999995));
#2698=CARTESIAN_POINT('',(99.9999999999999,4.5,-4.99999999999998));
#2699=CARTESIAN_POINT('',(99.4999999999999,5.,-4.99999999999998));
#2700=CARTESIAN_POINT('',(99.9999999999999,4.5,-4.99999999999998));
#2701=CARTESIAN_POINT('',(99.4999999999999,5.,4.99999999999995));
#2702=CARTESIAN_POINT('',(99.9999999999999,4.5,4.99999999999995));
#2703=CARTESIAN_POINT('Origin',(94.9999999999999,4.75,-4.99999999999998));
#2704=CARTESIAN_POINT('',(94.9999999999999,4.5,-9.99999999999998));
#2705=CARTESIAN_POINT('Origin',(94.9999999999999,4.5,-4.99999999999998));
#2706=CARTESIAN_POINT('',(94.9999999999999,5.,-9.49999999999998));
#2707=CARTESIAN_POINT('',(94.9999999999999,4.5,-9.99999999999998));
#2708=CARTESIAN_POINT('Origin',(94.9999999999999,5.,-4.99999999999998));
#2709=CARTESIAN_POINT('Origin',(49.9999999999999,4.75,-9.74999999999999));
#2710=CARTESIAN_POINT('',(-95.0000000000001,4.5,-10.));
#2711=CARTESIAN_POINT('',(-95.0000000000001,5.,-9.5));
#2712=CARTESIAN_POINT('',(-95.0000000000001,4.5,-10.));
#2713=CARTESIAN_POINT('',(49.9999999999999,5.,-9.49999999999999));
#2714=CARTESIAN_POINT('',(49.9999999999999,4.5,-9.99999999999999));
#2715=CARTESIAN_POINT('Origin',(-95.0000000000001,4.75,-5.));
#2716=CARTESIAN_POINT('',(-100.,4.5,-5.));
#2717=CARTESIAN_POINT('Origin',(-95.0000000000001,4.5,-5.));
#2718=CARTESIAN_POINT('',(-99.5000000000001,5.,-5.));
#2719=CARTESIAN_POINT('',(-100.,4.5,-5.));
#2720=CARTESIAN_POINT('Origin',(-95.0000000000001,5.,-5.));
#2721=CARTESIAN_POINT('Origin',(-99.7500000000001,4.75,-5.));
#2722=CARTESIAN_POINT('',(-100.,4.5,4.99999999999999));
#2723=CARTESIAN_POINT('',(-99.5000000000001,5.,4.99999999999999));
#2724=CARTESIAN_POINT('',(-100.,4.5,4.99999999999999));
#2725=CARTESIAN_POINT('',(-99.5000000000001,5.,-5.));
#2726=CARTESIAN_POINT('',(-100.,4.5,-5.));
#2727=CARTESIAN_POINT('Origin',(-95.0000000000001,4.75,4.99999999999999));
#2728=CARTESIAN_POINT('Origin',(-95.0000000000001,4.5,4.99999999999999));
#2729=CARTESIAN_POINT('Origin',(-95.0000000000001,5.,4.99999999999999));
#2730=CARTESIAN_POINT('Origin',(94.9999999999999,0.,-4.99999999999998));
#2731=CARTESIAN_POINT('',(99.9999999999999,-5.,-4.99999999999998));
#2732=CARTESIAN_POINT('',(99.9999999999999,0.,-4.99999999999998));
#2733=CARTESIAN_POINT('',(94.9999999999999,-5.,-9.99999999999998));
#2734=CARTESIAN_POINT('Origin',(94.9999999999999,-5.,-4.99999999999998));
#2735=CARTESIAN_POINT('',(94.9999999999999,0.,-9.99999999999998));
#2736=CARTESIAN_POINT('Origin',(99.9999999999999,0.,9.99999999999999));
#2737=CARTESIAN_POINT('',(99.9999999999999,-5.,4.99999999999999));
#2738=CARTESIAN_POINT('',(99.9999999999999,0.,4.99999999999999));
#2739=CARTESIAN_POINT('',(99.9999999999999,-5.,9.99999999999999));
#2740=CARTESIAN_POINT('Origin',(94.9999999999999,0.,4.99999999999999));
#2741=CARTESIAN_POINT('',(94.9999999999999,-5.,9.99999999999999));
#2742=CARTESIAN_POINT('',(94.9999999999999,0.,9.99999999999999));
#2743=CARTESIAN_POINT('Origin',(94.9999999999999,-5.,4.99999999999999));
#2744=CARTESIAN_POINT('Origin',(-100.,0.,9.99999999999999));
#2745=CARTESIAN_POINT('',(-95.0000000000001,-5.,9.99999999999999));
#2746=CARTESIAN_POINT('',(-95.0000000000001,0.,9.99999999999999));
#2747=CARTESIAN_POINT('',(-100.,-5.,9.99999999999999));
#2748=CARTESIAN_POINT('Origin',(-7.105427357601E-14,5.,-5.55111512312578E-15));
#2749=CARTESIAN_POINT('',(80.5,5.,5.51091059616309E-16));
#2750=CARTESIAN_POINT('Origin',(85.,5.,0.));
#2751=CARTESIAN_POINT('',(-89.5,5.,5.51091059616309E-16));
#2752=CARTESIAN_POINT('Origin',(-85.,5.,0.));
#2753=CARTESIAN_POINT('',(-3.5,5.,-4.28626379701574E-16));
#2754=CARTESIAN_POINT('Origin',(0.,5.,0.));
#2755=CARTESIAN_POINT('Origin',(-7.105427357601E-14,-5.,-5.55111512312578E-15));
#2756=CARTESIAN_POINT('',(-100.,-5.,4.99999999999999));
#2757=CARTESIAN_POINT('Origin',(-95.0000000000001,-5.,4.99999999999999));
#2758=CARTESIAN_POINT('',(-100.,-5.,-5.));
#2759=CARTESIAN_POINT('',(-100.,-5.,-10.));
#2760=CARTESIAN_POINT('',(-95.0000000000001,-5.,-10.));
#2761=CARTESIAN_POINT('Origin',(-95.0000000000001,-5.,-5.));
#2762=CARTESIAN_POINT('',(99.9999999999999,-5.,-9.99999999999998));
#2763=CARTESIAN_POINT('',(-89.5,-5.,5.51091059616309E-16));
#2764=CARTESIAN_POINT('Origin',(-85.,-5.,0.));
#2765=CARTESIAN_POINT('',(80.5,-5.,5.51091059616309E-16));
#2766=CARTESIAN_POINT('Origin',(85.,-5.,0.));
#2767=CARTESIAN_POINT('',(-2.,-5.,2.44929359829471E-16));
#2768=CARTESIAN_POINT('Origin',(0.,-5.,0.));
#2769=CARTESIAN_POINT('Origin',(-95.0000000000001,0.,-5.));
#2770=CARTESIAN_POINT('',(-95.0000000000001,0.,-10.));
#2771=CARTESIAN_POINT('',(-100.,0.,-5.));
#2772=CARTESIAN_POINT('Origin',(-100.,0.,-10.));
#2773=CARTESIAN_POINT('',(-100.,0.,4.99999999999999));
#2774=CARTESIAN_POINT('Origin',(-95.0000000000001,0.,4.99999999999999));
#2775=CARTESIAN_POINT('Origin',(0.,5.,0.));
#2776=CARTESIAN_POINT('',(-3.5,3.,-4.28626379701574E-16));
#2777=CARTESIAN_POINT('',(-3.5,5.,-4.28626379701574E-16));
#2778=CARTESIAN_POINT('Origin',(0.,3.,0.));
#2779=CARTESIAN_POINT('Origin',(0.,3.,0.));
#2780=CARTESIAN_POINT('',(-2.,3.,-2.44929359829471E-16));
#2781=CARTESIAN_POINT('Origin',(0.,3.,0.));
#2782=CARTESIAN_POINT('Origin',(-85.,-196.246117974981,0.));
#2783=CARTESIAN_POINT('',(-89.5,-196.246117974981,5.51091059616309E-16));
#2784=CARTESIAN_POINT('Origin',(85.,-196.246117974981,0.));
#2785=CARTESIAN_POINT('',(80.5,-196.246117974981,5.51091059616309E-16));
#2786=CARTESIAN_POINT('Origin',(0.,5.,0.));
#2787=CARTESIAN_POINT('',(-2.,5.,-2.44929359829471E-16));
#2788=CARTESIAN_POINT('Origin',(99.9999999999999,0.,-9.99999999999998));
#2789=CARTESIAN_POINT('',(0.,0.,0.));
#2790=CARTESIAN_POINT('Origin',(-47.5000000000001,-4.75,9.74999999999999));
#2791=CARTESIAN_POINT('',(-85.0000000000001,-4.5,9.99999999999999));
#2792=CARTESIAN_POINT('',(-85.0000000000001,-5.,9.49999999999999));
#2793=CARTESIAN_POINT('',(-85.0000000000001,-4.5,9.99999999999999));
#2794=CARTESIAN_POINT('',(84.9999999999999,-5.,9.49999999999999));
#2795=CARTESIAN_POINT('',(-47.5000000000001,-5.,9.49999999999999));
#2796=CARTESIAN_POINT('',(84.9999999999999,-4.5,9.99999999999999));
#2797=CARTESIAN_POINT('',(84.9999999999999,-5.,9.49999999999999));
#2798=CARTESIAN_POINT('',(-47.5000000000001,-4.5,9.99999999999999));
#2799=CARTESIAN_POINT('Origin',(-85.0000000000001,-4.75,-6.66133814775094E-15));
#2800=CARTESIAN_POINT('',(-85.0000000000001,-4.5,-10.));
#2801=CARTESIAN_POINT('Origin',(-85.0000000000001,-4.5,-6.66133814775094E-15));
#2802=CARTESIAN_POINT('',(-85.0000000000001,-5.,-9.5));
#2803=CARTESIAN_POINT('',(-85.0000000000001,-4.5,-10.));
#2804=CARTESIAN_POINT('Origin',(-85.0000000000001,-5.,-6.66133814775094E-15));
#2805=CARTESIAN_POINT('Origin',(47.4999999999999,-4.75,-9.74999999999999));
#2806=CARTESIAN_POINT('',(84.9999999999999,-4.5,-9.99999999999998));
#2807=CARTESIAN_POINT('',(84.9999999999999,-5.,-9.49999999999998));
#2808=CARTESIAN_POINT('',(84.9999999999999,-4.5,-9.99999999999998));
#2809=CARTESIAN_POINT('',(47.4999999999999,-5.,-9.49999999999999));
#2810=CARTESIAN_POINT('',(47.4999999999999,-4.5,-9.99999999999999));
#2811=CARTESIAN_POINT('Origin',(84.9999999999999,-4.75,-6.66133814775094E-15));
#2812=CARTESIAN_POINT('Origin',(84.9999999999999,-4.5,-6.66133814775094E-15));
#2813=CARTESIAN_POINT('Origin',(84.9999999999999,-5.,-6.66133814775094E-15));
#2814=CARTESIAN_POINT('Origin',(-85.0000000000001,0.,-6.66133814775094E-15));
#2815=CARTESIAN_POINT('',(-85.0000000000001,4.5,9.99999999999999));
#2816=CARTESIAN_POINT('',(-85.0000000000001,0.,9.99999999999999));
#2817=CARTESIAN_POINT('',(-85.0000000000001,4.5,-10.));
#2818=CARTESIAN_POINT('Origin',(-85.0000000000001,4.5,-6.66133814775094E-15));
#2819=CARTESIAN_POINT('',(-85.0000000000001,0.,-10.));
#2820=CARTESIAN_POINT('Origin',(-95.0000000000001,0.,9.99999999999999));
#2821=CARTESIAN_POINT('',(84.9999999999999,4.5,9.99999999999999));
#2822=CARTESIAN_POINT('',(84.9999999999999,0.,9.99999999999999));
#2823=CARTESIAN_POINT('',(-47.5000000000001,4.5,9.99999999999999));
#2824=CARTESIAN_POINT('Origin',(-5.32907051820075E-14,-5.,-5.55111512312578E-15));
#2825=CARTESIAN_POINT('',(-86.5,-5.,1.83697019872103E-16));
#2826=CARTESIAN_POINT('Origin',(-85.,-5.,0.));
#2827=CARTESIAN_POINT('',(83.5,-5.,1.83697019872103E-16));
#2828=CARTESIAN_POINT('Origin',(85.,-5.,0.));
#2829=CARTESIAN_POINT('',(-3.5,-5.,4.28626379701574E-16));
#2830=CARTESIAN_POINT('Origin',(0.,-5.,0.));
#2831=CARTESIAN_POINT('Origin',(-47.5000000000001,4.75,9.74999999999999));
#2832=CARTESIAN_POINT('',(84.9999999999999,5.,9.49999999999999));
#2833=CARTESIAN_POINT('',(84.9999999999999,4.5,9.99999999999999));
#2834=CARTESIAN_POINT('',(-85.0000000000001,5.,9.49999999999999));
#2835=CARTESIAN_POINT('',(-47.5000000000001,5.,9.49999999999999));
#2836=CARTESIAN_POINT('',(-85.0000000000001,5.,9.49999999999999));
#2837=CARTESIAN_POINT('Origin',(84.9999999999999,4.75,-6.66133814775094E-15));
#2838=CARTESIAN_POINT('',(84.9999999999999,4.5,-9.99999999999998));
#2839=CARTESIAN_POINT('Origin',(84.9999999999999,4.5,-6.66133814775094E-15));
#2840=CARTESIAN_POINT('',(84.9999999999999,5.,-9.5));
#2841=CARTESIAN_POINT('',(84.9999999999999,4.5,-9.99999999999998));
#2842=CARTESIAN_POINT('Origin',(84.9999999999999,5.,-6.66133814775094E-15));
#2843=CARTESIAN_POINT('Origin',(47.4999999999999,4.75,-9.74999999999999));
#2844=CARTESIAN_POINT('',(-85.0000000000001,5.,-9.5));
#2845=CARTESIAN_POINT('',(-85.0000000000001,4.5,-10.));
#2846=CARTESIAN_POINT('',(47.4999999999999,5.,-9.49999999999999));
#2847=CARTESIAN_POINT('',(47.4999999999999,4.5,-9.99999999999999));
#2848=CARTESIAN_POINT('Origin',(-85.0000000000001,4.75,-6.66133814775094E-15));
#2849=CARTESIAN_POINT('Origin',(-85.0000000000001,5.,-6.66133814775094E-15));
#2850=CARTESIAN_POINT('Origin',(84.9999999999999,0.,-6.66133814775094E-15));
#2851=CARTESIAN_POINT('',(84.9999999999999,0.,-9.99999999999998));
#2852=CARTESIAN_POINT('Origin',(-5.32907051820075E-14,5.,-5.55111512312578E-15));
#2853=CARTESIAN_POINT('',(-86.5,5.,1.83697019872103E-16));
#2854=CARTESIAN_POINT('Origin',(-85.,5.,0.));
#2855=CARTESIAN_POINT('',(83.5,5.,1.83697019872103E-16));
#2856=CARTESIAN_POINT('Origin',(85.,5.,0.));
#2857=CARTESIAN_POINT('',(-3.5,5.,-4.28626379701574E-16));
#2858=CARTESIAN_POINT('Origin',(0.,5.,0.));
#2859=CARTESIAN_POINT('Origin',(-85.,-186.31126469709,0.));
#2860=CARTESIAN_POINT('',(-86.5,-186.31126469709,1.83697019872103E-16));
#2861=CARTESIAN_POINT('Origin',(85.,-186.31126469709,0.));
#2862=CARTESIAN_POINT('',(83.5,-186.31126469709,1.83697019872103E-16));
#2863=CARTESIAN_POINT('Origin',(0.,5.,0.));
#2864=CARTESIAN_POINT('',(-3.5,5.,-4.28626379701574E-16));
#2865=CARTESIAN_POINT('Origin',(94.9999999999999,0.,-9.99999999999998));
#2866=CARTESIAN_POINT('',(0.,0.,0.));
#2867=CARTESIAN_POINT('Origin',(0.,0.,-1.));
#2868=CARTESIAN_POINT('',(-3.5,-4.28626379701574E-16,-1.));
#2869=CARTESIAN_POINT('Origin',(0.,0.,-1.));
#2870=CARTESIAN_POINT('',(1.5,1.83697019872103E-16,-1.));
#2871=CARTESIAN_POINT('Origin',(0.,0.,-1.));
#2872=CARTESIAN_POINT('Origin',(0.,0.,0.));
#2873=CARTESIAN_POINT('',(1.5,1.83697019872103E-16,1.));
#2874=CARTESIAN_POINT('Origin',(0.,0.,1.));
#2875=CARTESIAN_POINT('',(1.5,1.83697019872103E-16,0.));
#2876=CARTESIAN_POINT('Origin',(0.,0.,0.));
#2877=CARTESIAN_POINT('',(-3.5,-4.28626379701574E-16,1.));
#2878=CARTESIAN_POINT('Origin',(0.,0.,1.));
#2879=CARTESIAN_POINT('',(-3.5,-4.28626379701574E-16,0.));
#2880=CARTESIAN_POINT('Origin',(0.,0.,1.));
#2881=CARTESIAN_POINT('',(0.,0.,0.));
#2882=CARTESIAN_POINT('Ctrl Pts',(-1.5,0.,69.));
#2883=CARTESIAN_POINT('Ctrl Pts',(-1.5,-1.5,69.));
#2884=CARTESIAN_POINT('Ctrl Pts',(0.,-1.5,69.));
#2885=CARTESIAN_POINT('Ctrl Pts',(1.5,-1.5,69.));
#2886=CARTESIAN_POINT('Ctrl Pts',(1.5,0.,69.));
#2887=CARTESIAN_POINT('Ctrl Pts',(1.5,1.5,69.));
#2888=CARTESIAN_POINT('Ctrl Pts',(0.,1.5,69.));
#2889=CARTESIAN_POINT('Ctrl Pts',(-1.5,1.5,69.));
#2890=CARTESIAN_POINT('Ctrl Pts',(-1.5,0.,69.));
#2891=CARTESIAN_POINT('Ctrl Pts',(-1.5,0.,70.));
#2892=CARTESIAN_POINT('Ctrl Pts',(-1.5,-1.5,70.));
#2893=CARTESIAN_POINT('Ctrl Pts',(0.,-1.5,70.));
#2894=CARTESIAN_POINT('Ctrl Pts',(1.5,-1.5,70.));
#2895=CARTESIAN_POINT('Ctrl Pts',(1.5,0.,70.));
#2896=CARTESIAN_POINT('Ctrl Pts',(1.5,1.5,70.));
#2897=CARTESIAN_POINT('Ctrl Pts',(0.,1.5,70.));
#2898=CARTESIAN_POINT('Ctrl Pts',(-1.5,1.5,70.));
#2899=CARTESIAN_POINT('Ctrl Pts',(-1.5,0.,70.));
#2900=CARTESIAN_POINT('Ctrl Pts',(-0.5,0.,70.));
#2901=CARTESIAN_POINT('Ctrl Pts',(-0.5,-0.5,70.));
#2902=CARTESIAN_POINT('Ctrl Pts',(0.,-0.5,70.));
#2903=CARTESIAN_POINT('Ctrl Pts',(0.5,-0.5,70.));
#2904=CARTESIAN_POINT('Ctrl Pts',(0.5,0.,70.));
#2905=CARTESIAN_POINT('Ctrl Pts',(0.5,0.5,70.));
#2906=CARTESIAN_POINT('Ctrl Pts',(0.,0.5,70.));
#2907=CARTESIAN_POINT('Ctrl Pts',(-0.5,0.5,70.));
#2908=CARTESIAN_POINT('Ctrl Pts',(-0.5,0.,70.));
#2909=CARTESIAN_POINT('',(-0.5,-6.12323399573677E-17,70.));
#2910=CARTESIAN_POINT('Origin',(0.,0.,70.));
#2911=CARTESIAN_POINT('',(-1.5,-1.83697019872103E-16,69.));
#2912=CARTESIAN_POINT('Origin',(-0.5,-6.12323399573677E-17,69.));
#2913=CARTESIAN_POINT('Origin',(0.,0.,69.));
#2914=CARTESIAN_POINT('Origin',(0.,0.,0.));
#2915=CARTESIAN_POINT('',(-1.5,-1.83697019872103E-16,-70.));
#2916=CARTESIAN_POINT('',(-1.5,-1.83697019872103E-16,0.));
#2917=CARTESIAN_POINT('Origin',(0.,0.,-70.));
#2918=CARTESIAN_POINT('Origin',(0.,0.,70.));
#2919=CARTESIAN_POINT('Origin',(0.,0.,-70.));
#2920=CARTESIAN_POINT('',(0.,0.,0.));
#2921=CARTESIAN_POINT('Origin',(1.82472373072956E-15,-14.9,0.));
#2922=CARTESIAN_POINT('',(1.5,-14.8,-1.83697019872103E-16));
#2923=CARTESIAN_POINT('',(-1.5,-14.8,-1.83697019872103E-16));
#2924=CARTESIAN_POINT('Origin',(1.81247726273808E-15,-14.8,0.));
#2925=CARTESIAN_POINT('Origin',(1.81247726273808E-15,-14.8,0.));
#2926=CARTESIAN_POINT('',(1.70000000000001,-15.,2.08189955855051E-16));
#2927=CARTESIAN_POINT('',(1.6,-14.9,-1.95943487863577E-16));
#2928=CARTESIAN_POINT('Origin',(1.83697019872103E-15,-15.,0.));
#2929=CARTESIAN_POINT('Origin',(9.18485099360515E-16,-7.5,0.));
#2930=CARTESIAN_POINT('',(-1.5,-0.200000000000001,-1.83697019872103E-16));
#2931=CARTESIAN_POINT('',(-1.5,-7.5,-1.83697019872103E-16));
#2932=CARTESIAN_POINT('',(1.5,-0.2,1.83697019872103E-16));
#2933=CARTESIAN_POINT('Origin',(2.44929359829471E-17,-0.2,0.));
#2934=CARTESIAN_POINT('Origin',(2.44929359829471E-17,-0.2,0.));
#2935=CARTESIAN_POINT('Origin',(1.50000000000001,-15.,0.));
#2936=CARTESIAN_POINT('',(3.,-15.,-3.67394039744206E-16));
#2937=CARTESIAN_POINT('Origin',(1.83697019872103E-15,-15.,0.));
#2938=CARTESIAN_POINT('Origin',(1.22464679914736E-17,-0.100000000000001,
0.));
#2939=CARTESIAN_POINT('',(1.7,-6.9386625165289E-16,-2.0818995585505E-16));
#2940=CARTESIAN_POINT('Origin',(1.61778115328528E-31,-9.0205620750794E-16,
0.));
#2941=CARTESIAN_POINT('',(1.6,-0.1,-1.95943487863577E-16));
#2942=CARTESIAN_POINT('Origin',(7.5,0.,0.));
#2943=CARTESIAN_POINT('',(7.,-4.48034481047926E-17,8.57252759403147E-16));
#2944=CARTESIAN_POINT('Origin',(0.,-9.0205620750794E-16,0.));
#2945=CARTESIAN_POINT('Origin',(1.80635402874235E-15,-14.75,0.));
#2946=CARTESIAN_POINT('',(3.5,-14.5,4.28626379701574E-16));
#2947=CARTESIAN_POINT('',(3.25,-14.75,3.9801020972289E-16));
#2948=CARTESIAN_POINT('',(-3.5,-14.5,-4.28626379701574E-16));
#2949=CARTESIAN_POINT('Origin',(1.77573785876366E-15,-14.5,0.));
#2950=CARTESIAN_POINT('Origin',(1.77573785876366E-15,-14.5,0.));
#2951=CARTESIAN_POINT('Origin',(1.22464679914735E-15,-10.,0.));
#2952=CARTESIAN_POINT('',(-3.5,-5.,-4.28626379701574E-16));
#2953=CARTESIAN_POINT('',(-3.5,-10.,-4.28626379701574E-16));
#2954=CARTESIAN_POINT('Origin',(6.12323399573677E-16,-5.,0.));
#2955=CARTESIAN_POINT('Origin',(5.81707229594993E-16,-4.75,0.));
#2956=CARTESIAN_POINT('',(7.,-5.,-8.57252759403147E-16));
#2957=CARTESIAN_POINT('Origin',(6.12323399573676E-16,-5.,0.));
#2958=CARTESIAN_POINT('',(7.5,-4.5,9.18485099360515E-16));
#2959=CARTESIAN_POINT('',(7.25,-4.75,8.87868929381831E-16));
#2960=CARTESIAN_POINT('',(-7.5,-4.5,-9.18485099360515E-16));
#2961=CARTESIAN_POINT('Origin',(5.51091059616309E-16,-4.5,0.));
#2962=CARTESIAN_POINT('Origin',(5.51091059616309E-16,-4.5,0.));
#2963=CARTESIAN_POINT('Origin',(3.06161699786838E-16,-2.5,0.));
#2964=CARTESIAN_POINT('',(-7.5,-0.499999999999999,-9.18485099360515E-16));
#2965=CARTESIAN_POINT('',(-7.5,-2.5,-9.18485099360515E-16));
#2966=CARTESIAN_POINT('',(7.5,-0.5,-9.18485099360515E-16));
#2967=CARTESIAN_POINT('Origin',(6.12323399573675E-17,-0.5,0.));
#2968=CARTESIAN_POINT('Origin',(6.12323399573675E-17,-0.5,0.));
#2969=CARTESIAN_POINT('Origin',(3.5,-5.,0.));
#2970=CARTESIAN_POINT('Origin',(3.06161699786838E-17,-0.250000000000001,
0.));
#2971=CARTESIAN_POINT('',(7.25,-0.25,8.87868929381831E-16));
#2972=CARTESIAN_POINT('',(0.,0.,0.));
#2973=CARTESIAN_POINT('Origin',(0.4,1.7264919652657E-17,0.));
#2974=CARTESIAN_POINT('',(2.22044604925031E-15,-5.21405278844374E-16,4.4));
#2975=CARTESIAN_POINT('Origin',(2.22044604925031E-15,1.74393127804616E-17,
0.));
#2976=CARTESIAN_POINT('',(0.4,-4.72593800006284E-16,4.));
#2977=CARTESIAN_POINT('Origin',(0.4,-5.21579671972178E-16,4.4));
#2978=CARTESIAN_POINT('',(0.4,-4.,-4.89858719658941E-16));
#2979=CARTESIAN_POINT('Origin',(0.4,1.7264919652657E-17,0.));
#2980=CARTESIAN_POINT('Origin',(0.4,1.7264919652657E-17,0.));
#2981=CARTESIAN_POINT('Origin',(21.5625,8.03843323474401E-18,0.));
#2982=CARTESIAN_POINT('',(39.2331875,4.,4.89858719658941E-16));
#2983=CARTESIAN_POINT('',(39.2331875,-4.,-4.89858719658941E-16));
#2984=CARTESIAN_POINT('Origin',(39.2331875,3.34317075786693E-19,0.));
#2985=CARTESIAN_POINT('Origin',(39.2331875,3.34317075786693E-19,0.));
#2986=CARTESIAN_POINT('',(21.5625,-4.,-4.89858719658941E-16));
#2987=CARTESIAN_POINT('Origin',(2.22044604925031E-15,5.25,0.));
#2988=CARTESIAN_POINT('',(0.,-6.5,-7.9602041944578E-16));
#2989=CARTESIAN_POINT('Origin',(0.,1.74393127804616E-17,0.));
#2990=CARTESIAN_POINT('Origin',(39.61659375,1.67158537893347E-19,0.));
#2991=CARTESIAN_POINT('',(40.,3.2331875,-3.95951272291824E-16));
#2992=CARTESIAN_POINT('Origin',(40.,4.21297175334708E-34,0.));
#2993=CARTESIAN_POINT('',(39.61659375,3.61659375,4.42904995975382E-16));
#2994=CARTESIAN_POINT('Origin',(40.,2.,0.));
#2995=CARTESIAN_POINT('Origin',(-7.2,2.05783890809447E-17,0.));
#2996=CARTESIAN_POINT('',(-7.2,-7.75442030364835E-16,6.5));
#2997=CARTESIAN_POINT('',(-7.2,-6.5,-7.9602041944578E-16));
#2998=CARTESIAN_POINT('Origin',(-7.2,2.05783890809447E-17,0.));
#2999=CARTESIAN_POINT('Origin',(-7.2,2.05783890809447E-17,0.));
#3000=CARTESIAN_POINT('',(-8.,-6.77121500177437E-16,5.7));
#3001=CARTESIAN_POINT('Origin',(-7.2,-6.77470286433047E-16,5.7));
#3002=CARTESIAN_POINT('Origin',(-8.,2.09271753365539E-17,0.));
#3003=CARTESIAN_POINT('Origin',(-8.,4.98205080756888,0.));
#3004=CARTESIAN_POINT('',(-8.,3.,-1.73205080756888));
#3005=CARTESIAN_POINT('',(-8.,3.,1.73205080756888));
#3006=CARTESIAN_POINT('',(-8.,3.,0.866025403784437));
#3007=CARTESIAN_POINT('',(-8.,4.45157270826517E-16,3.46410161513775));
#3008=CARTESIAN_POINT('',(-8.,0.750000000000001,3.03108891324554));
#3009=CARTESIAN_POINT('',(-8.,-3.,1.73205080756888));
#3010=CARTESIAN_POINT('',(-8.,-2.25,2.1650635094611));
#3011=CARTESIAN_POINT('',(-8.,-3.,-1.73205080756888));
#3012=CARTESIAN_POINT('',(-8.,-3.,-0.866025403784438));
#3013=CARTESIAN_POINT('',(-8.,-3.96846655344293E-16,-3.46410161513775));
#3014=CARTESIAN_POINT('',(-8.,-0.750000000000001,-3.03108891324554));
#3015=CARTESIAN_POINT('',(-8.,2.25,-2.1650635094611));
#3016=CARTESIAN_POINT('Origin',(-3.99999999999999,1.91832440585077E-17,
0.));
#3017=CARTESIAN_POINT('',(-3.99999999999999,-6.5,-7.9602041944578E-16));
#3018=CARTESIAN_POINT('Origin',(-8.,-3.96846655344293E-16,-3.46410161513775));
#3019=CARTESIAN_POINT('',(-4.,2.75811824878243E-16,-3.46410161513775));
#3020=CARTESIAN_POINT('',(-4.,-3.,-1.73205080756888));
#3021=CARTESIAN_POINT('Ctrl Pts',(-4.,-1.91696584532034E-14,-3.46410161513774));
#3022=CARTESIAN_POINT('Ctrl Pts',(-3.5,-1.5,-2.59807621135332));
#3023=CARTESIAN_POINT('Ctrl Pts',(-4.,-2.99999999999998,-1.73205080756889));
#3024=CARTESIAN_POINT('',(-6.,2.77555756156289E-16,-3.46410161513775));
#3025=CARTESIAN_POINT('',(-6.,-3.,-1.73205080756888));
#3026=CARTESIAN_POINT('Origin',(-8.,3.,-1.73205080756888));
#3027=CARTESIAN_POINT('',(-4.,3.,-1.73205080756888));
#3028=CARTESIAN_POINT('Ctrl Pts',(-4.,2.99999999999998,-1.73205080756889));
#3029=CARTESIAN_POINT('Ctrl Pts',(-3.50000000000001,1.5,-2.59807621135332));
#3030=CARTESIAN_POINT('Ctrl Pts',(-4.,1.91330358963644E-14,-3.46410161513774));
#3031=CARTESIAN_POINT('',(-6.,3.,-1.73205080756888));
#3032=CARTESIAN_POINT('Origin',(-8.,3.,1.73205080756888));
#3033=CARTESIAN_POINT('',(-4.,3.,1.73205080756888));
#3034=CARTESIAN_POINT('Ctrl Pts',(-4.,3.,1.73205080756886));
#3035=CARTESIAN_POINT('Ctrl Pts',(-3.5,3.,-1.38777878078145E-15));
#3036=CARTESIAN_POINT('Ctrl Pts',(-4.,3.,-1.73205080756886));
#3037=CARTESIAN_POINT('',(-6.,3.,1.73205080756888));
#3038=CARTESIAN_POINT('Origin',(-8.,3.97228791110513E-18,3.46410161513775));
#3039=CARTESIAN_POINT('',(-4.,8.30923337190821E-16,3.46410161513775));
#3040=CARTESIAN_POINT('Ctrl Pts',(-4.,1.88554801402081E-14,3.46410161513774));
#3041=CARTESIAN_POINT('Ctrl Pts',(-3.5,1.5,2.59807621135332));
#3042=CARTESIAN_POINT('Ctrl Pts',(-4.,2.99999999999998,1.73205080756889));
#3043=CARTESIAN_POINT('',(-6.,8.32667268468867E-16,3.46410161513775));
#3044=CARTESIAN_POINT('Origin',(-8.,-3.,-1.73205080756888));
#3045=CARTESIAN_POINT('',(-3.73205080756888,-3.,-4.41325169317933E-16));
#3046=CARTESIAN_POINT('Ctrl Pts',(-4.,-3.,-1.73205080756885));
#3047=CARTESIAN_POINT('Ctrl Pts',(-3.73205080756888,-3.,-0.80384757729336));
#3048=CARTESIAN_POINT('Ctrl Pts',(-3.73205080756888,-3.,-5.1525629889166E-16));
#3049=CARTESIAN_POINT('',(-4.,-3.,1.73205080756888));
#3050=CARTESIAN_POINT('',(-6.,-3.,1.73205080756888));
#3051=CARTESIAN_POINT('Ctrl Pts',(-3.73205080756888,-3.,-5.1525629889166E-16));
#3052=CARTESIAN_POINT('Ctrl Pts',(-3.73205080756888,-3.,0.80384757729336));
#3053=CARTESIAN_POINT('Ctrl Pts',(-4.,-3.,1.73205080756886));
#3054=CARTESIAN_POINT('Origin',(-8.,-3.,1.73205080756888));
#3055=CARTESIAN_POINT('Ctrl Pts',(-4.,-2.99999999999998,1.73205080756889));
#3056=CARTESIAN_POINT('Ctrl Pts',(-3.50000000000001,-1.5,2.59807621135332));
#3057=CARTESIAN_POINT('Ctrl Pts',(-4.,-1.91696584532034E-14,3.46410161513774));
#3058=CARTESIAN_POINT('Origin',(-3.,1.87472612389962E-17,0.));
#3059=CARTESIAN_POINT('',(-1.99999999999999,1.83112784194846E-17,0.));
#3060=CARTESIAN_POINT('',(-3.,-1.73205080756888,-2.12115047744981E-16));
#3061=CARTESIAN_POINT('',(0.,0.,0.));
#3062=CARTESIAN_POINT('Origin',(0.078125,0.,0.));
#3063=CARTESIAN_POINT('',(0.,1.8371330016532E-16,1.50013293868264));
#3064=CARTESIAN_POINT('Origin',(0.,0.,0.));
#3065=CARTESIAN_POINT('',(0.15625,-1.50570323955167E-16,1.2295));
#3066=CARTESIAN_POINT('',(0.078125,1.67141812060244E-16,1.36481646934132));
#3067=CARTESIAN_POINT('Origin',(0.15625,0.,0.));
#3068=CARTESIAN_POINT('Origin',(-6.33746721500764,0.,0.));
#3069=CARTESIAN_POINT('',(2.24375,-1.50570323955167E-16,-1.2295));
#3070=CARTESIAN_POINT('',(2.24375,-1.50570323955167E-16,1.2295));
#3071=CARTESIAN_POINT('Origin',(2.24375,0.,0.));
#3072=CARTESIAN_POINT('Origin',(2.24375,0.,0.));
#3073=CARTESIAN_POINT('',(-6.33746721500764,-1.50570323955167E-16,1.2295));
#3074=CARTESIAN_POINT('Origin',(0.,1.38777878078145E-16,-3.46944695195361E-16));
#3075=CARTESIAN_POINT('',(-3.46944695195361E-17,-2.3,2.81668763803891E-16));
#3076=CARTESIAN_POINT('Origin',(0.,0.,0.));
#3077=CARTESIAN_POINT('Origin',(2.321875,0.,0.));
#3078=CARTESIAN_POINT('',(2.4,1.8371330016532E-16,-1.50013293868264));
#3079=CARTESIAN_POINT('Origin',(2.4,0.,0.));
#3080=CARTESIAN_POINT('',(2.321875,1.67141812060244E-16,-1.36481646934132));
#3081=CARTESIAN_POINT('Origin',(2.4,-2.10269512239613E-17,-3.46944695195361E-16));
#3082=CARTESIAN_POINT('',(2.4,-2.3,2.81668763803891E-16));
#3083=CARTESIAN_POINT('Origin',(2.4,0.,0.));
#3084=CARTESIAN_POINT('Origin',(0.252713857098597,0.,0.));
#3085=CARTESIAN_POINT('',(0.505427714197194,1.58771324027147,2.75));
#3086=CARTESIAN_POINT('',(0.505427714197194,-1.58771324027147,2.75));
#3087=CARTESIAN_POINT('Ctrl Pts',(0.505427714197194,1.58771324027147,2.75));
#3088=CARTESIAN_POINT('Ctrl Pts',(0.0470943808638613,0.,2.75));
#3089=CARTESIAN_POINT('Ctrl Pts',(0.505427714197194,-1.58771324027147,2.75));
#3090=CARTESIAN_POINT('',(0.505427714197194,3.17542648054294,0.));
#3091=CARTESIAN_POINT('Ctrl Pts',(0.505427714197194,3.17542648054294,1.93159287458113E-15));
#3092=CARTESIAN_POINT('Ctrl Pts',(0.0470943808638611,2.38156986040721,1.375));
#3093=CARTESIAN_POINT('Ctrl Pts',(0.505427714197194,1.58771324027147,2.75));
#3094=CARTESIAN_POINT('',(0.505427714197194,1.58771324027148,-2.75));
#3095=CARTESIAN_POINT('Ctrl Pts',(0.505427714197194,1.58771324027148,-2.75));
#3096=CARTESIAN_POINT('Ctrl Pts',(0.0470943808638618,2.38156986040721,-1.375));
#3097=CARTESIAN_POINT('Ctrl Pts',(0.505427714197194,3.17542648054294,2.8973893118717E-15));
#3098=CARTESIAN_POINT('',(0.505427714197194,-1.58771324027146,-2.75000000000001));
#3099=CARTESIAN_POINT('Ctrl Pts',(0.505427714197194,-1.58771324027146,-2.75000000000001));
#3100=CARTESIAN_POINT('Ctrl Pts',(0.0470943808638631,4.63688625825361E-15,
-2.75));
#3101=CARTESIAN_POINT('Ctrl Pts',(0.505427714197194,1.58771324027147,-2.75));
#3102=CARTESIAN_POINT('',(0.505427714197194,-3.17542648054294,1.11022302462516E-15));
#3103=CARTESIAN_POINT('Ctrl Pts',(0.505427714197194,-3.17542648054294,1.44869465593585E-15));
#3104=CARTESIAN_POINT('Ctrl Pts',(0.0470943808638597,-2.3815698604072,-1.375));
#3105=CARTESIAN_POINT('Ctrl Pts',(0.505427714197194,-1.58771324027147,-2.75));
#3106=CARTESIAN_POINT('',(0.252713857098597,-2.73771324027147,3.35273175668179E-16));
#3107=CARTESIAN_POINT('Ctrl Pts',(0.505427714197194,-1.58771324027147,2.75));
#3108=CARTESIAN_POINT('Ctrl Pts',(0.0470943808638614,-2.38156986040721,
1.375));
#3109=CARTESIAN_POINT('Ctrl Pts',(0.505427714197194,-3.17542648054294,-1.60966072881761E-16));
#3110=CARTESIAN_POINT('Origin',(2.1472861429014,0.,0.));
#3111=CARTESIAN_POINT('',(1.89457228580281,-3.17542648054294,5.55111512312578E-16));
#3112=CARTESIAN_POINT('',(2.1472861429014,-2.73771324027147,3.35273175668179E-16));
#3113=CARTESIAN_POINT('',(1.89457228580281,-1.58771324027146,-2.75000000000001));
#3114=CARTESIAN_POINT('Ctrl Pts',(1.89457228580281,-1.58771324027147,-2.75));
#3115=CARTESIAN_POINT('Ctrl Pts',(2.35290561913614,-2.3815698604072,-1.375));
#3116=CARTESIAN_POINT('Ctrl Pts',(1.89457228580281,-3.17542648054294,9.65796437290567E-16));
#3117=CARTESIAN_POINT('',(1.89457228580281,1.58771324027148,-2.75));
#3118=CARTESIAN_POINT('Ctrl Pts',(1.89457228580281,1.58771324027147,-2.75));
#3119=CARTESIAN_POINT('Ctrl Pts',(2.35290561913614,4.5553246618503E-15,
-2.75));
#3120=CARTESIAN_POINT('Ctrl Pts',(1.89457228580281,-1.58771324027146,-2.75000000000001));
#3121=CARTESIAN_POINT('',(1.89457228580281,3.17542648054294,0.));
#3122=CARTESIAN_POINT('Ctrl Pts',(1.89457228580281,3.17542648054294,3.05835538475346E-15));
#3123=CARTESIAN_POINT('Ctrl Pts',(2.35290561913614,2.38156986040721,-1.375));
#3124=CARTESIAN_POINT('Ctrl Pts',(1.89457228580281,1.58771324027148,-2.75));
#3125=CARTESIAN_POINT('',(1.89457228580281,1.58771324027147,2.75));
#3126=CARTESIAN_POINT('Ctrl Pts',(1.89457228580281,1.58771324027147,2.75));
#3127=CARTESIAN_POINT('Ctrl Pts',(2.35290561913614,2.38156986040721,1.375));
#3128=CARTESIAN_POINT('Ctrl Pts',(1.89457228580281,3.17542648054294,1.93159287458113E-15));
#3129=CARTESIAN_POINT('',(1.89457228580281,-1.58771324027147,2.75));
#3130=CARTESIAN_POINT('Ctrl Pts',(1.89457228580281,-1.58771324027147,2.75));
#3131=CARTESIAN_POINT('Ctrl Pts',(2.35290561913614,0.,2.75));
#3132=CARTESIAN_POINT('Ctrl Pts',(1.89457228580281,1.58771324027147,2.75));
#3133=CARTESIAN_POINT('Ctrl Pts',(1.89457228580281,-3.17542648054294,3.21932145763522E-16));
#3134=CARTESIAN_POINT('Ctrl Pts',(2.35290561913614,-2.38156986040721,1.375));
#3135=CARTESIAN_POINT('Ctrl Pts',(1.89457228580281,-1.58771324027147,2.75));
#3136=CARTESIAN_POINT('Origin',(0.,3.17542648054294,2.00031939987529E-15));
#3137=CARTESIAN_POINT('',(0.,3.17542648054294,2.00031939987529E-15));
#3138=CARTESIAN_POINT('',(0.,1.58771324027148,-2.75));
#3139=CARTESIAN_POINT('Origin',(0.,1.58771324027148,-2.75));
#3140=CARTESIAN_POINT('',(0.,-1.58771324027147,-2.75000000000001));
#3141=CARTESIAN_POINT('Origin',(0.,1.58771324027147,2.75));
#3142=CARTESIAN_POINT('',(0.,1.58771324027147,2.75));
#3143=CARTESIAN_POINT('Origin',(0.,-1.58771324027147,2.75));
#3144=CARTESIAN_POINT('',(0.,-1.58771324027147,2.75));
#3145=CARTESIAN_POINT('Origin',(0.,-1.58771324027147,-2.75000000000001));
#3146=CARTESIAN_POINT('',(0.,-3.17542648054294,1.29523308153465E-15));
#3147=CARTESIAN_POINT('Origin',(0.,-3.17542648054294,1.29523308153465E-15));
#3148=CARTESIAN_POINT('',(0.,0.,0.));
#3149=CARTESIAN_POINT('Origin',(0.,0.,0.));
#3150=CARTESIAN_POINT('',(0.,4.2,5.14351655641888E-16));
#3151=CARTESIAN_POINT('Origin',(0.,0.,0.));
#3152=CARTESIAN_POINT('',(1.6,4.2,5.14351655641888E-16));
#3153=CARTESIAN_POINT('',(0.,4.2,5.14351655641888E-16));
#3154=CARTESIAN_POINT('Origin',(1.6,0.,0.));
#3155=CARTESIAN_POINT('Origin',(0.,0.,0.));
#3156=CARTESIAN_POINT('',(1.6,8.,9.79717439317883E-16));
#3157=CARTESIAN_POINT('Origin',(1.6,0.,0.));
#3158=CARTESIAN_POINT('',(0.,8.,9.79717439317883E-16));
#3159=CARTESIAN_POINT('',(0.,8.,9.79717439317883E-16));
#3160=CARTESIAN_POINT('Origin',(0.,0.,0.));
#3161=CARTESIAN_POINT('Origin',(1.6,0.,0.));
#3162=CARTESIAN_POINT('Origin',(0.,0.,0.));
#3163=CARTESIAN_POINT('',(0.,0.,0.));
#3164=CARTESIAN_POINT('Origin',(2.49452948732415E-15,-20.3693790655472,
0.));
#3165=CARTESIAN_POINT('',(-1.2295,-20.,1.50570323955167E-16));
#3166=CARTESIAN_POINT('Origin',(2.44929359829471E-15,-20.,0.));
#3167=CARTESIAN_POINT('',(2.53976537635359E-15,-20.7387581310944,0.));
#3168=CARTESIAN_POINT('',(-0.614749999999997,-20.3693790655472,7.52851619775835E-17));
#3169=CARTESIAN_POINT('Origin',(1.22464679914735E-15,-10.,0.));
#3170=CARTESIAN_POINT('',(-1.2295,-4.44089209850063E-15,1.50570323955167E-16));
#3171=CARTESIAN_POINT('Origin',(4.93038065763132E-31,-3.33066907387547E-15,
0.));
#3172=CARTESIAN_POINT('',(-1.2295,-10.,1.50570323955167E-16));
#3173=CARTESIAN_POINT('Origin',(2.00843936359603E-14,-164.001519866331,
0.));
#3174=CARTESIAN_POINT('',(-3.32349999999998,-165.,-4.07011363696623E-16));
#3175=CARTESIAN_POINT('Origin',(2.02066721859313E-14,-165.,0.));
#3176=CARTESIAN_POINT('',(1.99621150859893E-14,-163.003039732662,0.));
#3177=CARTESIAN_POINT('',(-1.66174999999998,-164.001519866331,-2.03505681848311E-16));
#3178=CARTESIAN_POINT('Origin',(2.17374806848655E-14,-177.5,0.));
#3179=CARTESIAN_POINT('',(-3.32349999999998,-190.,-4.07011363696623E-16));
#3180=CARTESIAN_POINT('Origin',(2.32682891837997E-14,-190.,0.));
#3181=CARTESIAN_POINT('',(-3.32349999999998,-177.5,-4.07011363696623E-16));
#3182=CARTESIAN_POINT('Origin',(2.44929359829471E-16,-2.,0.));
#3183=CARTESIAN_POINT('',(-2.4492935982947E-16,-4.,5.99999999999999));
#3184=CARTESIAN_POINT('Origin',(4.89858719658942E-16,-4.,0.));
#3185=CARTESIAN_POINT('',(-7.3478807948841E-16,-2.4980018054066E-15,5.99999999999999));
#3186=CARTESIAN_POINT('Origin',(-4.8985871965894E-16,-2.,5.99999999999999));
#3187=CARTESIAN_POINT('Origin',(2.93930247976745E-31,-2.40012261642615E-15,
0.));
#3188=CARTESIAN_POINT('Origin',(6.73555739531044E-16,-5.5,0.));
#3189=CARTESIAN_POINT('',(1.22464679914736E-16,-7.,5.99999999999999));
#3190=CARTESIAN_POINT('Origin',(-6.12323399573664E-17,-5.5,5.99999999999999));
#3191=CARTESIAN_POINT('Origin',(8.57252759403147E-16,-7.,0.));
#3192=CARTESIAN_POINT('Origin',(1.04094977927525E-15,-8.5,0.));
#3193=CARTESIAN_POINT('',(-6.,-10.,-7.34788079488412E-16));
#3194=CARTESIAN_POINT('',(4.89858719658941E-16,-10.,6.));
#3195=CARTESIAN_POINT('Origin',(1.22464679914735E-15,-10.,0.));
#3196=CARTESIAN_POINT('Origin',(1.22464679914735E-15,-10.,0.));
#3197=CARTESIAN_POINT('Origin',(3.06161699786839E-16,-8.5,5.99999999999999));
#3198=CARTESIAN_POINT('Origin',(1.16341445918999E-14,-95.,0.));
#3199=CARTESIAN_POINT('',(-5.99999999999998,-180.,-7.34788079488412E-16));
#3200=CARTESIAN_POINT('',(2.13088543051639E-14,-180.,6.));
#3201=CARTESIAN_POINT('Origin',(2.20436423846524E-14,-180.,0.));
#3202=CARTESIAN_POINT('',(-5.99999999999999,-95.,-7.34788079488412E-16));
#3203=CARTESIAN_POINT('Origin',(2.20436423846524E-14,-180.,0.));
#3204=CARTESIAN_POINT('Origin',(2.22273394045245E-14,-181.5,0.));
#3205=CARTESIAN_POINT('',(2.16762483449082E-14,-183.,6.00000000000001));
#3206=CARTESIAN_POINT('Origin',(2.24110364243966E-14,-183.,0.));
#3207=CARTESIAN_POINT('Origin',(2.1492551325036E-14,-181.5,6.00000000000001));
#3208=CARTESIAN_POINT('Origin',(2.25947334442687E-14,-184.5,0.));
#3209=CARTESIAN_POINT('',(2.20436423846524E-14,-186.,6.00000000000001));
#3210=CARTESIAN_POINT('Origin',(2.18599453647803E-14,-184.5,6.00000000000001));
#3211=CARTESIAN_POINT('Origin',(2.27784304641408E-14,-186.,0.));
#3212=CARTESIAN_POINT('Origin',(2.30233598239702E-14,-188.,0.));
#3213=CARTESIAN_POINT('',(2.25335011043113E-14,-190.,6.00000000000001));
#3214=CARTESIAN_POINT('Origin',(2.32682891837997E-14,-190.,0.));
#3215=CARTESIAN_POINT('Origin',(2.22885717444818E-14,-188.,6.00000000000001));
#3216=CARTESIAN_POINT('Origin',(2.32682891837997E-14,-190.,0.));
#3217=CARTESIAN_POINT('Origin',(5.99999999999999,-1.66533453693773E-15,
0.));
#3218=CARTESIAN_POINT('',(-5.03970670559885,0.549786166072149,1.38777878078145E-14));
#3219=CARTESIAN_POINT('',(-5.03970670559889,200.549786166072,1.38777878078145E-14));
#3220=CARTESIAN_POINT('',(-5.03970670559885,4.54978616607215,1.33226762955019E-14));
#3221=CARTESIAN_POINT('',(79.9602932944012,255.549786166072,5.49560397189452E-14));
#3222=CARTESIAN_POINT('',(-90.0397067055987,255.549786166072,5.96744875736022E-15));
#3223=CARTESIAN_POINT('',(-5.0397067055989,190.549786166072,1.33471194436379E-14));
#3224=CARTESIAN_POINT('',(79.9602932944012,-15.9502138339279,1.33226762955019E-14));
#3225=CARTESIAN_POINT('',(-90.0397067055989,-15.9502138339278,1.77635683940025E-14));
#3226=CARTESIAN_POINT('',(-90.0397067055988,205.549786166072,1.38777878078144E-14));
#3227=CARTESIAN_POINT('',(79.9602932944011,205.549786166072,1.33226762955019E-14));
#3228=CARTESIAN_POINT('',(79.9602932944012,-15.9502138339279,1.38777878078145E-14));
#3229=CARTESIAN_POINT('',(-90.0397067055988,-15.9502138339279,-4.61343330972649E-15));
#3230=CARTESIAN_POINT('',(-90.0397067055989,195.549786166072,1.77635683940025E-14));
#3231=CARTESIAN_POINT('',(79.9602932944012,195.549786166072,1.33226762955019E-14));
#3232=UNCERTAINTY_MEASURE_WITH_UNIT(LENGTH_MEASURE(0.01),#3254,
'DISTANCE_ACCURACY_VALUE',
'Maximum model space distance between geometric entities at asserted c
onnectivities');
#3233=UNCERTAINTY_MEASURE_WITH_UNIT(LENGTH_MEASURE(0.01),#3254,
'DISTANCE_ACCURACY_VALUE',
'Maximum model space distance between geometric entities at asserted c
onnectivities');
#3234=UNCERTAINTY_MEASURE_WITH_UNIT(LENGTH_MEASURE(0.01),#3254,
'DISTANCE_ACCURACY_VALUE',
'Maximum model space distance between geometric entities at asserted c
onnectivities');
#3235=UNCERTAINTY_MEASURE_WITH_UNIT(LENGTH_MEASURE(0.01),#3254,
'DISTANCE_ACCURACY_VALUE',
'Maximum model space distance between geometric entities at asserted c
onnectivities');
#3236=UNCERTAINTY_MEASURE_WITH_UNIT(LENGTH_MEASURE(0.01),#3254,
'DISTANCE_ACCURACY_VALUE',
'Maximum model space distance between geometric entities at asserted c
onnectivities');
#3237=UNCERTAINTY_MEASURE_WITH_UNIT(LENGTH_MEASURE(0.01),#3254,
'DISTANCE_ACCURACY_VALUE',
'Maximum model space distance between geometric entities at asserted c
onnectivities');
#3238=UNCERTAINTY_MEASURE_WITH_UNIT(LENGTH_MEASURE(0.01),#3254,
'DISTANCE_ACCURACY_VALUE',
'Maximum model space distance between geometric entities at asserted c
onnectivities');
#3239=UNCERTAINTY_MEASURE_WITH_UNIT(LENGTH_MEASURE(0.01),#3254,
'DISTANCE_ACCURACY_VALUE',
'Maximum model space distance between geometric entities at asserted c
onnectivities');
#3240=UNCERTAINTY_MEASURE_WITH_UNIT(LENGTH_MEASURE(0.01),#3254,
'DISTANCE_ACCURACY_VALUE',
'Maximum model space distance between geometric entities at asserted c
onnectivities');
#3241=UNCERTAINTY_MEASURE_WITH_UNIT(LENGTH_MEASURE(0.01),#3254,
'DISTANCE_ACCURACY_VALUE',
'Maximum model space distance between geometric entities at asserted c
onnectivities');
#3242=UNCERTAINTY_MEASURE_WITH_UNIT(LENGTH_MEASURE(0.01),#3254,
'DISTANCE_ACCURACY_VALUE',
'Maximum model space distance between geometric entities at asserted c
onnectivities');
#3243=(
GEOMETRIC_REPRESENTATION_CONTEXT(3)
GLOBAL_UNCERTAINTY_ASSIGNED_CONTEXT((#3232))
GLOBAL_UNIT_ASSIGNED_CONTEXT((#3254,#3256,#3257))
REPRESENTATION_CONTEXT('','3D')
);
#3244=(
GEOMETRIC_REPRESENTATION_CONTEXT(3)
GLOBAL_UNCERTAINTY_ASSIGNED_CONTEXT((#3233))
GLOBAL_UNIT_ASSIGNED_CONTEXT((#3254,#3256,#3257))
REPRESENTATION_CONTEXT('','3D')
);
#3245=(
GEOMETRIC_REPRESENTATION_CONTEXT(3)
GLOBAL_UNCERTAINTY_ASSIGNED_CONTEXT((#3234))
GLOBAL_UNIT_ASSIGNED_CONTEXT((#3254,#3256,#3257))
REPRESENTATION_CONTEXT('','3D')
);
#3246=(
GEOMETRIC_REPRESENTATION_CONTEXT(3)
GLOBAL_UNCERTAINTY_ASSIGNED_CONTEXT((#3235))
GLOBAL_UNIT_ASSIGNED_CONTEXT((#3254,#3256,#3257))
REPRESENTATION_CONTEXT('','3D')
);
#3247=(
GEOMETRIC_REPRESENTATION_CONTEXT(3)
GLOBAL_UNCERTAINTY_ASSIGNED_CONTEXT((#3236))
GLOBAL_UNIT_ASSIGNED_CONTEXT((#3254,#3256,#3257))
REPRESENTATION_CONTEXT('','3D')
);
#3248=(
GEOMETRIC_REPRESENTATION_CONTEXT(3)
GLOBAL_UNCERTAINTY_ASSIGNED_CONTEXT((#3237))
GLOBAL_UNIT_ASSIGNED_CONTEXT((#3254,#3256,#3257))
REPRESENTATION_CONTEXT('','3D')
);
#3249=(
GEOMETRIC_REPRESENTATION_CONTEXT(3)
GLOBAL_UNCERTAINTY_ASSIGNED_CONTEXT((#3238))
GLOBAL_UNIT_ASSIGNED_CONTEXT((#3254,#3256,#3257))
REPRESENTATION_CONTEXT('','3D')
);
#3250=(
GEOMETRIC_REPRESENTATION_CONTEXT(3)
GLOBAL_UNCERTAINTY_ASSIGNED_CONTEXT((#3239))
GLOBAL_UNIT_ASSIGNED_CONTEXT((#3254,#3256,#3257))
REPRESENTATION_CONTEXT('','3D')
);
#3251=(
GEOMETRIC_REPRESENTATION_CONTEXT(3)
GLOBAL_UNCERTAINTY_ASSIGNED_CONTEXT((#3240))
GLOBAL_UNIT_ASSIGNED_CONTEXT((#3254,#3256,#3257))
REPRESENTATION_CONTEXT('','3D')
);
#3252=(
GEOMETRIC_REPRESENTATION_CONTEXT(3)
GLOBAL_UNCERTAINTY_ASSIGNED_CONTEXT((#3241))
GLOBAL_UNIT_ASSIGNED_CONTEXT((#3254,#3256,#3257))
REPRESENTATION_CONTEXT('','3D')
);
#3253=(
GEOMETRIC_REPRESENTATION_CONTEXT(3)
GLOBAL_UNCERTAINTY_ASSIGNED_CONTEXT((#3242))
GLOBAL_UNIT_ASSIGNED_CONTEXT((#3254,#3256,#3257))
REPRESENTATION_CONTEXT('','3D')
);
#3254=(
LENGTH_UNIT()
NAMED_UNIT(*)
SI_UNIT(.MILLI.,.METRE.)
);
#3255=(
LENGTH_UNIT()
NAMED_UNIT(*)
SI_UNIT(.CENTI.,.METRE.)
);
#3256=(
NAMED_UNIT(*)
PLANE_ANGLE_UNIT()
SI_UNIT($,.RADIAN.)
);
#3257=(
NAMED_UNIT(*)
SI_UNIT($,.STERADIAN.)
SOLID_ANGLE_UNIT()
);
#3258=SHAPE_DEFINITION_REPRESENTATION(#3268,#3292);
#3259=SHAPE_DEFINITION_REPRESENTATION(#3269,#3293);
#3260=SHAPE_DEFINITION_REPRESENTATION(#3270,#3294);
#3261=SHAPE_DEFINITION_REPRESENTATION(#3271,#3295);
#3262=SHAPE_DEFINITION_REPRESENTATION(#3272,#3296);
#3263=SHAPE_DEFINITION_REPRESENTATION(#3273,#3297);
#3264=SHAPE_DEFINITION_REPRESENTATION(#3274,#3298);
#3265=SHAPE_DEFINITION_REPRESENTATION(#3275,#3299);
#3266=SHAPE_DEFINITION_REPRESENTATION(#3276,#3300);
#3267=SHAPE_DEFINITION_REPRESENTATION(#3277,#3301);
#3268=PRODUCT_DEFINITION_SHAPE('',$,#3303);
#3269=PRODUCT_DEFINITION_SHAPE('',$,#3304);
#3270=PRODUCT_DEFINITION_SHAPE('',$,#3305);
#3271=PRODUCT_DEFINITION_SHAPE('',$,#3306);
#3272=PRODUCT_DEFINITION_SHAPE('',$,#3307);
#3273=PRODUCT_DEFINITION_SHAPE('',$,#3308);
#3274=PRODUCT_DEFINITION_SHAPE('',$,#3309);
#3275=PRODUCT_DEFINITION_SHAPE('',$,#3310);
#3276=PRODUCT_DEFINITION_SHAPE('',$,#3311);
#3277=PRODUCT_DEFINITION_SHAPE('',$,#3312);
#3278=PRODUCT_DEFINITION_SHAPE($,$,#53);
#3279=PRODUCT_DEFINITION_SHAPE($,$,#54);
#3280=PRODUCT_DEFINITION_SHAPE($,$,#55);
#3281=PRODUCT_DEFINITION_SHAPE($,$,#56);
#3282=PRODUCT_DEFINITION_SHAPE($,$,#57);
#3283=PRODUCT_DEFINITION_SHAPE($,$,#58);
#3284=PRODUCT_DEFINITION_SHAPE($,$,#59);
#3285=PRODUCT_DEFINITION_SHAPE($,$,#60);
#3286=PRODUCT_DEFINITION_SHAPE($,$,#61);
#3287=PRODUCT_DEFINITION_SHAPE($,$,#62);
#3288=PRODUCT_DEFINITION_SHAPE($,$,#63);
#3289=PRODUCT_DEFINITION_SHAPE($,$,#64);
#3290=PRODUCT_DEFINITION_SHAPE($,$,#65);
#3291=PRODUCT_DEFINITION_SHAPE($,$,#66);
#3292=SHAPE_REPRESENTATION('',(#1896,#2110,#2111,#2112,#2113,#2114,#2115,
#2116,#2117,#2118,#2119,#2120,#2121,#2122,#2123),#3243);
#3293=SHAPE_REPRESENTATION('',(#1897),#3244);
#3294=SHAPE_REPRESENTATION('',(#1941),#3245);
#3295=SHAPE_REPRESENTATION('',(#1973),#3246);
#3296=SHAPE_REPRESENTATION('',(#1982),#3247);
#3297=SHAPE_REPRESENTATION('',(#1990),#3248);
#3298=SHAPE_REPRESENTATION('',(#2018),#3249);
#3299=SHAPE_REPRESENTATION('',(#2046),#3250);
#3300=SHAPE_REPRESENTATION('',(#2067),#3251);
#3301=SHAPE_REPRESENTATION('',(#2076),#3252);
#3302=PRODUCT_DEFINITION_CONTEXT('part definition',#3334,'design');
#3303=PRODUCT_DEFINITION('Lower Static Arms','Lower Static Arms',#3313,
#3302);
#3304=PRODUCT_DEFINITION('Lower Arm Brass Plate',
'Lower Arm Brass Plate',#3314,#3302);
#3305=PRODUCT_DEFINITION('Lower Arm Brass Plate - 2',
'Lower Arm Brass Plate - 2',#3315,#3302);
#3306=PRODUCT_DEFINITION('Ball Bearing-1','Ball Bearing-1',#3316,#3302);
#3307=PRODUCT_DEFINITION('Domed End Rod 150mm','Domed End Rod 150mm',#3317,
#3302);
#3308=PRODUCT_DEFINITION('Bush','Bush',#3318,#3302);
#3309=PRODUCT_DEFINITION('Allen Key 8x40mm','Allen Key 8x40mm',#3319,#3302);
#3310=PRODUCT_DEFINITION('Brass M3 Hex Nut','Brass M3 Hex Nut',#3320,#3302);
#3311=PRODUCT_DEFINITION('8mm Washer','8mm Washer',#3321,#3302);
#3312=PRODUCT_DEFINITION('Lower Arm Support','Lower Arm Support',#3322,
#3302);
#3313=PRODUCT_DEFINITION_FORMATION('',$,#3336);
#3314=PRODUCT_DEFINITION_FORMATION('',$,#3337);
#3315=PRODUCT_DEFINITION_FORMATION('',$,#3338);
#3316=PRODUCT_DEFINITION_FORMATION('',$,#3339);
#3317=PRODUCT_DEFINITION_FORMATION('',$,#3340);
#3318=PRODUCT_DEFINITION_FORMATION('',$,#3341);
#3319=PRODUCT_DEFINITION_FORMATION('',$,#3342);
#3320=PRODUCT_DEFINITION_FORMATION('',$,#3343);
#3321=PRODUCT_DEFINITION_FORMATION('',$,#3344);
#3322=PRODUCT_DEFINITION_FORMATION('',$,#3345);
#3323=PRODUCT_RELATED_PRODUCT_CATEGORY('Lower Static Arms',
'Lower Static Arms',(#3336));
#3324=PRODUCT_RELATED_PRODUCT_CATEGORY('Lower Arm Brass Plate',
'Lower Arm Brass Plate',(#3337));
#3325=PRODUCT_RELATED_PRODUCT_CATEGORY('Lower Arm Brass Plate - 2',
'Lower Arm Brass Plate - 2',(#3338));
#3326=PRODUCT_RELATED_PRODUCT_CATEGORY('Ball Bearing-1',
'Ball Bearing-1',(#3339));
#3327=PRODUCT_RELATED_PRODUCT_CATEGORY('Domed End Rod 150mm',
'Domed End Rod 150mm',(#3340));
#3328=PRODUCT_RELATED_PRODUCT_CATEGORY('Bush','Bush',(#3341));
#3329=PRODUCT_RELATED_PRODUCT_CATEGORY('Allen Key 8x40mm',
'Allen Key 8x40mm',(#3342));
#3330=PRODUCT_RELATED_PRODUCT_CATEGORY('Brass M3 Hex Nut',
'Brass M3 Hex Nut',(#3343));
#3331=PRODUCT_RELATED_PRODUCT_CATEGORY('8mm Washer','8mm Washer',(#3344));
#3332=PRODUCT_RELATED_PRODUCT_CATEGORY('Lower Arm Support',
'Lower Arm Support',(#3345));
#3333=APPLICATION_PROTOCOL_DEFINITION('international standard',
'automotive_design',2009,#3334);
#3334=APPLICATION_CONTEXT(
'Core Data for Automotive Mechanical Design Process');
#3335=PRODUCT_CONTEXT('part definition',#3334,'mechanical');
#3336=PRODUCT('Lower Static Arms','Lower Static Arms',$,(#3335));
#3337=PRODUCT('Lower Arm Brass Plate','Lower Arm Brass Plate',$,(#3335));
#3338=PRODUCT('Lower Arm Brass Plate - 2','Lower Arm Brass Plate - 2',$,
(#3335));
#3339=PRODUCT('Ball Bearing-1','Ball Bearing-1',$,(#3335));
#3340=PRODUCT('Domed End Rod 150mm','Domed End Rod 150mm',$,(#3335));
#3341=PRODUCT('Bush','Bush',$,(#3335));
#3342=PRODUCT('Allen Key 8x40mm','Allen Key 8x40mm',
'Cylinder Head Cap Screw',(#3335));
#3343=PRODUCT('Brass M3 Hex Nut','Brass M3 Hex Nut',
'Hexagon nuts, style 1 - Product grades A and B',(#3335));
#3344=PRODUCT('8mm Washer','8mm Washer',
'Plain washers - Normal series - Product grade A',(#3335));
#3345=PRODUCT('Lower Arm Support','Lower Arm Support',$,(#3335));
ENDSEC;
END-ISO-10303-21;
